utt_id,wav,speaker,text
XSPK_C_001_T0000,wavs_synthetic_crossspeaker/XSPK_C_001_T0000.wav,C_001,A konyhába nyisd ki a ala ablakot
XSPK_C_001_T0001,wavs_synthetic_crossspeaker/XSPK_C_001_T0001.wav,C_001,A folyosón tedd át a másik csatornára a tévét
XSPK_C_001_T0002,wavs_synthetic_crossspeaker/XSPK_C_001_T0002.wav,C_001,Fürdőszobában engedd le a redőnyt
XSPK_C_001_T0003,wavs_synthetic_crossspeaker/XSPK_C_001_T0003.wav,C_001,Csendesítsd a tévét a ko a konyhában
XSPK_C_001_T0004,wavs_synthetic_crossspeaker/XSPK_C_001_T0004.wav,C_001,A szobábá húzd fell a redőnyt.
XSPK_C_001_T0005,wavs_synthetic_crossspeaker/XSPK_C_001_T0005.wav,C_001,A konyhában nyissák nyissa meg az ablakot
XSPK_C_001_T0006,wavs_synthetic_crossspeaker/XSPK_C_001_T0006.wav,C_001,A konyhába húzd fel a redőnyt
XSPK_C_001_T0007,wavs_synthetic_crossspeaker/XSPK_C_001_T0007.wav,C_001,Nyissa az ajtót a kisszobában.
XSPK_C_001_T0008,wavs_synthetic_crossspeaker/XSPK_C_001_T0008.wav,C_001,A kisszobában kapcsold be a uhh raditárot
XSPK_C_001_T0009,wavs_synthetic_crossspeaker/XSPK_C_001_T0009.wav,C_001,Válts csatornát a tévét a konyhában
XSPK_C_001_T0010,wavs_synthetic_crossspeaker/XSPK_C_001_T0010.wav,C_001,Kapcsold ki a kisszobai ventilátort
XSPK_C_001_T0011,wavs_synthetic_crossspeaker/XSPK_C_001_T0011.wav,C_001,A fürdőszobai rádión váltsál csatornát
XSPK_C_001_T0012,wavs_synthetic_crossspeaker/XSPK_C_001_T0012.wav,C_001,A fürdúszobában a fűtést kapcsold be
XSPK_C_001_T0013,wavs_synthetic_crossspeaker/XSPK_C_001_T0013.wav,C_001,A kisszobában sendesíd a tévét
XSPK_C_001_T0014,wavs_synthetic_crossspeaker/XSPK_C_001_T0014.wav,C_001,A szobában nyiss ki az ablakot.
XSPK_C_001_T0015,wavs_synthetic_crossspeaker/XSPK_C_001_T0015.wav,C_001,A vízforralót kapcsold be a konyhában
XSPK_C_001_T0016,wavs_synthetic_crossspeaker/XSPK_C_001_T0016.wav,C_001,Konyhában kapcsold ki a sütőt
XSPK_C_001_T0017,wavs_synthetic_crossspeaker/XSPK_C_001_T0017.wav,C_001,Zárd be az ablakto a szobában
XSPK_C_001_T0018,wavs_synthetic_crossspeaker/XSPK_C_001_T0018.wav,C_001,A folyosón zárd az ablakot
XSPK_C_001_T0019,wavs_synthetic_crossspeaker/XSPK_C_001_T0019.wav,C_001,Szobában csendesítsd a tévét.
XSPK_C_001_T0020,wavs_synthetic_crossspeaker/XSPK_C_001_T0020.wav,C_001,A szobába nyisd ki az ablakot.
XSPK_C_001_T0021,wavs_synthetic_crossspeaker/XSPK_C_001_T0021.wav,C_001,Nyiss ki az ajtót a kisszobábán.
XSPK_C_001_T0022,wavs_synthetic_crossspeaker/XSPK_C_001_T0022.wav,C_001,Kapcsold ki a fűtést a szobaban.
XSPK_C_001_T0023,wavs_synthetic_crossspeaker/XSPK_C_001_T0023.wav,C_001,A szobában válcs tatornát a rádión.
XSPK_C_001_T0024,wavs_synthetic_crossspeaker/XSPK_C_001_T0024.wav,C_001,Kapcsold ki á számítógépet a szobában.
XSPK_C_001_T0025,wavs_synthetic_crossspeaker/XSPK_C_001_T0025.wav,C_001,Válts csatornát a szobában a tévén
XSPK_C_001_T0026,wavs_synthetic_crossspeaker/XSPK_C_001_T0026.wav,C_001,Fürdőszobában kapcsold ki a porszívót.
XSPK_C_001_T0027,wavs_synthetic_crossspeaker/XSPK_C_001_T0027.wav,C_001,A fojjosón zárd be az ajtót.
XSPK_C_001_T0028,wavs_synthetic_crossspeaker/XSPK_C_001_T0028.wav,C_001,A nagyszobába kapcsold ki a porszívót.
XSPK_C_001_T0029,wavs_synthetic_crossspeaker/XSPK_C_001_T0029.wav,C_001,Kapcsold ki a kámítógépet a kisszobában
XSPK_C_001_T0030,wavs_synthetic_crossspeaker/XSPK_C_001_T0030.wav,C_001,Húzd le húzd be a redőnyt a szobába
XSPK_C_001_T0031,wavs_synthetic_crossspeaker/XSPK_C_001_T0031.wav,C_001,Fürdőszobában kapcsold ki a fűtést.
XSPK_C_001_T0032,wavs_synthetic_crossspeaker/XSPK_C_001_T0032.wav,C_001,A nagyszobába húzd be a függönyt
XSPK_C_001_T0033,wavs_synthetic_crossspeaker/XSPK_C_001_T0033.wav,C_001,A szobában kapcsold ki a rádiót
XSPK_C_001_T0034,wavs_synthetic_crossspeaker/XSPK_C_001_T0034.wav,C_001,Húzd le a redőnyt a kisszobában
XSPK_C_001_T0035,wavs_synthetic_crossspeaker/XSPK_C_001_T0035.wav,C_001,A konyhába húzd fel a fűtést.
XSPK_C_001_T0036,wavs_synthetic_crossspeaker/XSPK_C_001_T0036.wav,C_001,A kisszobában kápcsold be a ventillátort.
XSPK_C_001_T0037,wavs_synthetic_crossspeaker/XSPK_C_001_T0037.wav,C_001,Kapcsold be a rádolót a konyhában.
XSPK_C_001_T0038,wavs_synthetic_crossspeaker/XSPK_C_001_T0038.wav,C_001,A kisszobámban kikapcsolom a számítógépem
XSPK_C_001_T0039,wavs_synthetic_crossspeaker/XSPK_C_001_T0039.wav,C_001,Kapcsold be a gáztűzhelyt a konyhába.
XSPK_C_001_T0040,wavs_synthetic_crossspeaker/XSPK_C_001_T0040.wav,C_001,Húzd szét a függönyt a nagy nagyszobába
XSPK_C_001_T0041,wavs_synthetic_crossspeaker/XSPK_C_001_T0041.wav,C_001,Zárd be az ajtót a kisszobámban.
XSPK_C_001_T0042,wavs_synthetic_crossspeaker/XSPK_C_001_T0042.wav,C_001,Folyotón kapcsold be a porszívót
XSPK_C_001_T0043,wavs_synthetic_crossspeaker/XSPK_C_001_T0043.wav,C_001,A fürdőszobában felerősítjük a fűtést
XSPK_C_001_T0044,wavs_synthetic_crossspeaker/XSPK_C_001_T0044.wav,C_001,Kapcsold át a televíziót a kisszobában
XSPK_C_001_T0045,wavs_synthetic_crossspeaker/XSPK_C_001_T0045.wav,C_001,Nyisd ki az ablakot a fürdőszobában
XSPK_C_001_T0046,wavs_synthetic_crossspeaker/XSPK_C_001_T0046.wav,C_001,A konyhában kapcsold be a fűtést.
XSPK_C_001_T0047,wavs_synthetic_crossspeaker/XSPK_C_001_T0047.wav,C_001,Kapcsold be a rádiót a nagycobában.
XSPK_C_001_T0048,wavs_synthetic_crossspeaker/XSPK_C_001_T0048.wav,C_001,A kisszobában csendesícsd a tévé.
XSPK_C_001_T0049,wavs_synthetic_crossspeaker/XSPK_C_001_T0049.wav,C_001,Szoba ajtót csukd be légy szíves
XSPK_C_001_T0050,wavs_synthetic_crossspeaker/XSPK_C_001_T0050.wav,C_001,Hangosítsd fel a nagyszobában a tévén
XSPK_C_001_T0051,wavs_synthetic_crossspeaker/XSPK_C_001_T0051.wav,C_001,Kapcsold be a konyhában a mosást harminc fokon
XSPK_C_001_T0052,wavs_synthetic_crossspeaker/XSPK_C_001_T0052.wav,C_001,Vál csatornát a rádión a fürdőszobában.
XSPK_C_001_T0053,wavs_synthetic_crossspeaker/XSPK_C_001_T0053.wav,C_001,A szobába csatornát váltunk a televízión
XSPK_C_001_T0054,wavs_synthetic_crossspeaker/XSPK_C_001_T0054.wav,C_001,A kisszobába húzd le a fűtést.
XSPK_C_001_T0055,wavs_synthetic_crossspeaker/XSPK_C_001_T0055.wav,C_001,A fürdőszobában húzd föl a redőnyt.
XSPK_C_001_T0056,wavs_synthetic_crossspeaker/XSPK_C_001_T0056.wav,C_001,A ventillátorokat kapcsold be a fürdőszobába
XSPK_C_001_T0057,wavs_synthetic_crossspeaker/XSPK_C_001_T0057.wav,C_001,Hangosícsd fel a sz tévét a kisszobába.
XSPK_C_001_T0058,wavs_synthetic_crossspeaker/XSPK_C_001_T0058.wav,C_001,A kisszobában csendesítsd a tévét.
XSPK_C_001_T0059,wavs_synthetic_crossspeaker/XSPK_C_001_T0059.wav,C_001,Aa konyhábn kapcsold ki a ventillátort
XSPK_C_001_T0060,wavs_synthetic_crossspeaker/XSPK_C_001_T0060.wav,C_001,A konyhába a vízforralót kapcsold be
XSPK_C_001_T0061,wavs_synthetic_crossspeaker/XSPK_C_001_T0061.wav,C_001,Kapcsold be a rágiót a szobában.
XSPK_C_001_T0062,wavs_synthetic_crossspeaker/XSPK_C_001_T0062.wav,C_001,Fürdőszobában kapcsold ki a porszívót
XSPK_C_001_T0063,wavs_synthetic_crossspeaker/XSPK_C_001_T0063.wav,C_001,Kapcsold le a villant a szobában.
XSPK_C_001_T0064,wavs_synthetic_crossspeaker/XSPK_C_001_T0064.wav,C_001,Kapcsold be a mosógépet a konyhában.
XSPK_C_001_T0065,wavs_synthetic_crossspeaker/XSPK_C_001_T0065.wav,C_001,A nagyszobába válts csatornát a tévén
XSPK_C_001_T0066,wavs_synthetic_crossspeaker/XSPK_C_001_T0066.wav,C_001,Kapcsold be a porszivót a kisszobában.
XSPK_C_001_T0067,wavs_synthetic_crossspeaker/XSPK_C_001_T0067.wav,C_001,Kapcsold be a fütés a nagyszobában.
XSPK_C_001_T0068,wavs_synthetic_crossspeaker/XSPK_C_001_T0068.wav,C_001,A szobában kapcsold be  számítógépet
XSPK_C_001_T0069,wavs_synthetic_crossspeaker/XSPK_C_001_T0069.wav,C_001,Fürdőszoban le lámpam
XSPK_C_001_T0070,wavs_synthetic_crossspeaker/XSPK_C_001_T0070.wav,C_001,A kisszobába kapcsold be a ventillátorokat
XSPK_C_001_T0071,wavs_synthetic_crossspeaker/XSPK_C_001_T0071.wav,C_001,Zárjuk be az ablakot a szobában
XSPK_C_001_T0072,wavs_synthetic_crossspeaker/XSPK_C_001_T0072.wav,C_001,A nagyszobában kapcsold be a rádiont
XSPK_C_001_T0073,wavs_synthetic_crossspeaker/XSPK_C_001_T0073.wav,C_001,Nyisd ki a nagyszoba ajtót légy szíves
XSPK_C_001_T0074,wavs_synthetic_crossspeaker/XSPK_C_001_T0074.wav,C_001,Csendesítsd a tévét a kisszobában.
XSPK_C_001_T0075,wavs_synthetic_crossspeaker/XSPK_C_001_T0075.wav,C_001,A nagyszobába zárd be az ajtót
XSPK_C_001_T0076,wavs_synthetic_crossspeaker/XSPK_C_001_T0076.wav,C_001,Kapcsszolt ki a ventillátort a nagyszobában
XSPK_C_001_T0077,wavs_synthetic_crossspeaker/XSPK_C_001_T0077.wav,C_001,Kapcsold be a rádjót a fürdőszobában.
XSPK_C_001_T0078,wavs_synthetic_crossspeaker/XSPK_C_001_T0078.wav,C_001,Fürdőszobába kapcsold be légy szíves a porszívót
XSPK_C_001_T0079,wavs_synthetic_crossspeaker/XSPK_C_001_T0079.wav,C_001,Szobába kapcsold ki a fűtést
XSPK_C_001_T0080,wavs_synthetic_crossspeaker/XSPK_C_001_T0080.wav,C_001,A szobában vedd lejjebb a televíziót
XSPK_C_001_T0081,wavs_synthetic_crossspeaker/XSPK_C_001_T0081.wav,C_001,Húzd feljebb a radiátort a folyosón
XSPK_C_001_T0082,wavs_synthetic_crossspeaker/XSPK_C_001_T0082.wav,C_001,A fürdőszobában nyisd ki az ablakot
XSPK_C_001_T0083,wavs_synthetic_crossspeaker/XSPK_C_001_T0083.wav,C_001,A ventillátort kapcsold be a kisszobában
XSPK_C_001_T0084,wavs_synthetic_crossspeaker/XSPK_C_001_T0084.wav,C_001,A fürdőszobába a fűtést nyomd fel
XSPK_C_001_T0085,wavs_synthetic_crossspeaker/XSPK_C_001_T0085.wav,C_001,Húzd fel a fűtést a nagy nagyszobában
XSPK_C_001_T0086,wavs_synthetic_crossspeaker/XSPK_C_001_T0086.wav,C_001,Kapcsold be ventillátort a konyhában.
XSPK_C_001_T0087,wavs_synthetic_crossspeaker/XSPK_C_001_T0087.wav,C_001,Fürdőszobába halkítsd le a tévét
XSPK_C_001_T0088,wavs_synthetic_crossspeaker/XSPK_C_001_T0088.wav,C_001,A kisszobai radiátor fűtését vedd már föl légy szíves
XSPK_C_001_T0089,wavs_synthetic_crossspeaker/XSPK_C_001_T0089.wav,C_001,A szobában kapcsold be a rádió.
XSPK_C_001_T0090,wavs_synthetic_crossspeaker/XSPK_C_001_T0090.wav,C_001,Számítógép kapcsold be a konyhába
XSPK_C_001_T0091,wavs_synthetic_crossspeaker/XSPK_C_001_T0091.wav,C_001,Húzd fel a fűtést a kisszobaban
XSPK_C_001_T0092,wavs_synthetic_crossspeaker/XSPK_C_001_T0092.wav,C_001,A szobában kapcsold be a ventillátort
XSPK_C_001_T0093,wavs_synthetic_crossspeaker/XSPK_C_001_T0093.wav,C_001,Konyhában húzd föl a redőnyt
XSPK_C_001_T0094,wavs_synthetic_crossspeaker/XSPK_C_001_T0094.wav,C_001,Kapcsold be a vízforralót a konyhában.
XSPK_C_001_T0095,wavs_synthetic_crossspeaker/XSPK_C_001_T0095.wav,C_001,Kapcsold lejjebb a fűtést a szobában
XSPK_C_001_T0096,wavs_synthetic_crossspeaker/XSPK_C_001_T0096.wav,C_001,A konyhában zárjuk be az ajtón
XSPK_C_001_T0097,wavs_synthetic_crossspeaker/XSPK_C_001_T0097.wav,C_001,Függönyt a kisszobában ö húzd szét
XSPK_C_001_T0098,wavs_synthetic_crossspeaker/XSPK_C_001_T0098.wav,C_001,Csukd be az ablakot a konyhában.
XSPK_C_001_T0099,wavs_synthetic_crossspeaker/XSPK_C_001_T0099.wav,C_001,Szobában engedd le a redőnt.
XSPK_C_001_T0100,wavs_synthetic_crossspeaker/XSPK_C_001_T0100.wav,C_001,Nyisd ki az abrakot a konyhában
XSPK_C_001_T0101,wavs_synthetic_crossspeaker/XSPK_C_001_T0101.wav,C_001,Folyosón kapcsold le a lámpát.
XSPK_C_001_T0102,wavs_synthetic_crossspeaker/XSPK_C_001_T0102.wav,C_001,Válcsál csatornát a konyhában.
XSPK_C_001_T0103,wavs_synthetic_crossspeaker/XSPK_C_001_T0103.wav,C_001,Kapcsold ki a radirátor a kisszobában
XSPK_C_001_T0104,wavs_synthetic_crossspeaker/XSPK_C_001_T0104.wav,C_001,Válcs csatornát a tévén a szobában.
XSPK_C_001_T0105,wavs_synthetic_crossspeaker/XSPK_C_001_T0105.wav,C_001,Kapcsold be légy szíves a kisszobai rádiót
XSPK_C_001_T0106,wavs_synthetic_crossspeaker/XSPK_C_001_T0106.wav,C_001,Kapcsold be a konyhában a tűzhelyet.
XSPK_C_001_T0107,wavs_synthetic_crossspeaker/XSPK_C_001_T0107.wav,C_001,A szobában tedd hangosabbra a tévét.
XSPK_C_001_T0108,wavs_synthetic_crossspeaker/XSPK_C_001_T0108.wav,C_001,A konyhában kápcsold ki á számítógépet.
XSPK_C_001_T0109,wavs_synthetic_crossspeaker/XSPK_C_001_T0109.wav,C_001,Kész van a két pirítós a konyhába
XSPK_C_001_T0110,wavs_synthetic_crossspeaker/XSPK_C_001_T0110.wav,C_001,Konyhába kapcsold ki a radio
XSPK_C_001_T0111,wavs_synthetic_crossspeaker/XSPK_C_001_T0111.wav,C_001,A kisszobában kapcsold ki a ventillátor
XSPK_C_001_T0112,wavs_synthetic_crossspeaker/XSPK_C_001_T0112.wav,C_001,A fürdőszobában kapcsodl ki porszív
XSPK_C_001_T0113,wavs_synthetic_crossspeaker/XSPK_C_001_T0113.wav,C_001,A konyhába kapcsold ki a rádiót
XSPK_C_001_T0114,wavs_synthetic_crossspeaker/XSPK_C_001_T0114.wav,C_001,A nagyszobaban kapcsold ki a porszvót
XSPK_C_001_T0115,wavs_synthetic_crossspeaker/XSPK_C_001_T0115.wav,C_001,A nagyszobába kapcsold ki a számítógépet
XSPK_C_001_T0116,wavs_synthetic_crossspeaker/XSPK_C_001_T0116.wav,C_001,Kapcsold ki a konyhába a kenyérpirítót
XSPK_C_001_T0117,wavs_synthetic_crossspeaker/XSPK_C_001_T0117.wav,C_001,Zárd be a zablakot a nagyszobába
XSPK_C_001_T0118,wavs_synthetic_crossspeaker/XSPK_C_001_T0118.wav,C_001,A kis kisszobába zárd be az ablakot
XSPK_C_001_T0119,wavs_synthetic_crossspeaker/XSPK_C_001_T0119.wav,C_001,Kapcsold be a számítógépet a nagyszobában.
XSPK_C_001_T0120,wavs_synthetic_crossspeaker/XSPK_C_001_T0120.wav,C_001,Kapcsold be a szobában a számítógépet.
XSPK_C_001_T0121,wavs_synthetic_crossspeaker/XSPK_C_001_T0121.wav,C_001,Zárd be a fürdőszobában az ablakot
XSPK_C_001_T0122,wavs_synthetic_crossspeaker/XSPK_C_001_T0122.wav,C_001,Kisszobaajtót zárd be
XSPK_C_001_T0123,wavs_synthetic_crossspeaker/XSPK_C_001_T0123.wav,C_001,Nagyszobában kapcsold lejjebb a fűtést
XSPK_C_001_T0124,wavs_synthetic_crossspeaker/XSPK_C_001_T0124.wav,C_001,Engedd le a redőnyt a nagycobában
XSPK_C_001_T0125,wavs_synthetic_crossspeaker/XSPK_C_001_T0125.wav,C_001,Szobai rádiót kapcsold be légy szíves
XSPK_C_001_T0126,wavs_synthetic_crossspeaker/XSPK_C_001_T0126.wav,C_001,A folyosón csatornát váltson a tévén
XSPK_C_001_T0127,wavs_synthetic_crossspeaker/XSPK_C_001_T0127.wav,C_001,A konyhában a fűtést kapcsold be
XSPK_C_001_T0128,wavs_synthetic_crossspeaker/XSPK_C_001_T0128.wav,C_001,Nyisd ki az ablakot a konyában
XSPK_C_001_T0129,wavs_synthetic_crossspeaker/XSPK_C_001_T0129.wav,C_001,Fürdőszoban csatorna válni
XSPK_C_001_T0130,wavs_synthetic_crossspeaker/XSPK_C_001_T0130.wav,C_001,Húzd le a szoba redőnyét kérlek
XSPK_C_001_T0131,wavs_synthetic_crossspeaker/XSPK_C_001_T0131.wav,C_001,A konyhába nyisd ki az ablakot
XSPK_C_001_T0132,wavs_synthetic_crossspeaker/XSPK_C_001_T0132.wav,C_001,Hangosítsd fel a tévét a folyosón
XSPK_C_001_T0133,wavs_synthetic_crossspeaker/XSPK_C_001_T0133.wav,C_001,Kapcsold ki a rádjót a fürdő szhobában.
XSPK_C_001_T0134,wavs_synthetic_crossspeaker/XSPK_C_001_T0134.wav,C_001,A nagyszobába kapcsold be a ventilátorokat
XSPK_C_001_T0135,wavs_synthetic_crossspeaker/XSPK_C_001_T0135.wav,C_001,Kapcsold le a villany a szobáb a kisszobában
XSPK_C_001_T0136,wavs_synthetic_crossspeaker/XSPK_C_001_T0136.wav,C_001,A fojjosón kapcsold be a fűtést.
XSPK_C_001_T0137,wavs_synthetic_crossspeaker/XSPK_C_001_T0137.wav,C_001,Folyosón kapcsoljuk ki a porszívót
XSPK_C_001_T0138,wavs_synthetic_crossspeaker/XSPK_C_001_T0138.wav,C_001,Konyhában kapcsold be a kennyérpirítót.
XSPK_C_001_T0139,wavs_synthetic_crossspeaker/XSPK_C_001_T0139.wav,C_001,A nagyszobában vedd feljebb a televíziót
XSPK_C_001_T0140,wavs_synthetic_crossspeaker/XSPK_C_001_T0140.wav,C_001,Konyhában nyisd kí az ablakot.
XSPK_C_001_T0141,wavs_synthetic_crossspeaker/XSPK_C_001_T0141.wav,C_001,A konyhába kapcsold be a számítógépet.
XSPK_C_001_T0142,wavs_synthetic_crossspeaker/XSPK_C_001_T0142.wav,C_001,Huzd fel a redönyt a szobaba
XSPK_C_001_T0143,wavs_synthetic_crossspeaker/XSPK_C_001_T0143.wav,C_001,Zárjuk be az ablakot a nagyszobában
XSPK_C_001_T0144,wavs_synthetic_crossspeaker/XSPK_C_001_T0144.wav,C_001,A szobába nyisd ki az ajtót.
XSPK_C_001_T0145,wavs_synthetic_crossspeaker/XSPK_C_001_T0145.wav,C_001,Kapcsold be a radiátort a fürdőszobában
XSPK_C_001_T0146,wavs_synthetic_crossspeaker/XSPK_C_001_T0146.wav,C_001,A nagyszobába nyissa ki az ablakot
XSPK_C_001_T0147,wavs_synthetic_crossspeaker/XSPK_C_001_T0147.wav,C_001,Nyisd ki az ajtot a szobába
XSPK_C_001_T0148,wavs_synthetic_crossspeaker/XSPK_C_001_T0148.wav,C_001,Nagyszobában zárd be az ablakot
XSPK_C_001_T0149,wavs_synthetic_crossspeaker/XSPK_C_001_T0149.wav,C_001,A cobában húzd fel a redőnt.
XSPK_C_001_T0150,wavs_synthetic_crossspeaker/XSPK_C_001_T0150.wav,C_001,Zárd be az ablakot a kisszobaban
XSPK_C_001_T0151,wavs_synthetic_crossspeaker/XSPK_C_001_T0151.wav,C_001,Húzd feljebb a radirátort a fürdőszobában
XSPK_C_001_T0152,wavs_synthetic_crossspeaker/XSPK_C_001_T0152.wav,C_001,Konyhába húzd föl a redőnyt
XSPK_C_001_T0153,wavs_synthetic_crossspeaker/XSPK_C_001_T0153.wav,C_001,A folyosón kapcsold föl a villanyt.
XSPK_C_001_T0154,wavs_synthetic_crossspeaker/XSPK_C_001_T0154.wav,C_001,A konyhába nyisd ki az ajtót
XSPK_C_001_T0155,wavs_synthetic_crossspeaker/XSPK_C_001_T0155.wav,C_001,Kapcsold be a mosogepet hatvan fokon a fürdőszobaban
XSPK_C_001_T0156,wavs_synthetic_crossspeaker/XSPK_C_001_T0156.wav,C_001,Húzd be a függönt a szobában.
XSPK_C_001_T0157,wavs_synthetic_crossspeaker/XSPK_C_001_T0157.wav,C_001,Csatornát válts a tévében a folyosón
XSPK_C_001_T0158,wavs_synthetic_crossspeaker/XSPK_C_001_T0158.wav,C_001,A fürdőszobában válts csatornát a tévén
XSPK_C_001_T0159,wavs_synthetic_crossspeaker/XSPK_C_001_T0159.wav,C_001,Csendesícsd a tévét a szobába.
XSPK_C_001_T0160,wavs_synthetic_crossspeaker/XSPK_C_001_T0160.wav,C_001,Számítógép kis szobában be
XSPK_C_001_T0161,wavs_synthetic_crossspeaker/XSPK_C_001_T0161.wav,C_001,A kisszobában kapcsold be a radiátor
XSPK_C_001_T0162,wavs_synthetic_crossspeaker/XSPK_C_001_T0162.wav,C_001,Konyha hőmérsékletét kapcsold be
XSPK_C_001_T0163,wavs_synthetic_crossspeaker/XSPK_C_001_T0163.wav,C_001,A kisszobába húzd fel a redőnyt
XSPK_C_001_T0164,wavs_synthetic_crossspeaker/XSPK_C_001_T0164.wav,C_001,Nyisd ki a ajtót a konyhába
XSPK_C_001_T0165,wavs_synthetic_crossspeaker/XSPK_C_001_T0165.wav,C_001,A konyhában kapcsold be a mosást harminc fokon
XSPK_C_001_T0166,wavs_synthetic_crossspeaker/XSPK_C_001_T0166.wav,C_001,A konyhában kapcsold be a rádió.
XSPK_C_001_T0167,wavs_synthetic_crossspeaker/XSPK_C_001_T0167.wav,C_001,Kisszobába nyisd ki az ablakot.
XSPK_C_001_T0168,wavs_synthetic_crossspeaker/XSPK_C_001_T0168.wav,C_001,Nyísd ki az ablakot a fürdőszobában
XSPK_C_001_T0169,wavs_synthetic_crossspeaker/XSPK_C_001_T0169.wav,C_001,A nagyszobában hangosicsd a tévé.
XSPK_C_001_T0170,wavs_synthetic_crossspeaker/XSPK_C_001_T0170.wav,C_001,Für konyhában hatvan fokra állítsd be a mosógépet
XSPK_C_001_T0171,wavs_synthetic_crossspeaker/XSPK_C_001_T0171.wav,C_001,Nagyszobában kapcsold be a számítógépet.
XSPK_C_001_T0172,wavs_synthetic_crossspeaker/XSPK_C_001_T0172.wav,C_001,Zárd be az atót a kisszobában
XSPK_C_001_T0173,wavs_synthetic_crossspeaker/XSPK_C_001_T0173.wav,C_001,Kapcsold ki a mosogatógépet a konyhába.
XSPK_C_001_T0174,wavs_synthetic_crossspeaker/XSPK_C_001_T0174.wav,C_001,A szobában kapcsold be a számítógépet
XSPK_C_001_T0175,wavs_synthetic_crossspeaker/XSPK_C_001_T0175.wav,C_001,Nyisd ki az ajtot a nagyszobában
XSPK_C_001_T0176,wavs_synthetic_crossspeaker/XSPK_C_001_T0176.wav,C_001,A szobába válts csatornát a tévén
XSPK_C_001_T0177,wavs_synthetic_crossspeaker/XSPK_C_001_T0177.wav,C_001,Húzd be a konyhába a függönyt
XSPK_C_001_T0178,wavs_synthetic_crossspeaker/XSPK_C_001_T0178.wav,C_001,Kapcsold be légy szíves a fürdőszobai ventilátort
XSPK_C_001_T0179,wavs_synthetic_crossspeaker/XSPK_C_001_T0179.wav,C_001,Kapcsold be a radiáort a szobában
XSPK_C_001_T0180,wavs_synthetic_crossspeaker/XSPK_C_001_T0180.wav,C_001,Kapcsold ki a sütút a konhába
XSPK_C_001_T0181,wavs_synthetic_crossspeaker/XSPK_C_001_T0181.wav,C_001,Nagyszobába húzd szét a függönyt.
XSPK_C_001_T0182,wavs_synthetic_crossspeaker/XSPK_C_001_T0182.wav,C_001,Kapcsold le a lámpát a folyosón.
XSPK_C_001_T0183,wavs_synthetic_crossspeaker/XSPK_C_001_T0183.wav,C_001,A konyhában húzd fel a törlőt.
XSPK_C_001_T0184,wavs_synthetic_crossspeaker/XSPK_C_001_T0184.wav,C_001,Csúkd be az ablakot a fürdőszobában
XSPK_C_001_T0185,wavs_synthetic_crossspeaker/XSPK_C_001_T0185.wav,C_001,A számítógépet kapcsold be a nagyszobába
XSPK_C_001_T0186,wavs_synthetic_crossspeaker/XSPK_C_001_T0186.wav,C_001,A kiso szobában kapcsold ki a számítógépet.
XSPK_C_001_T0187,wavs_synthetic_crossspeaker/XSPK_C_001_T0187.wav,C_001,Húzd le a redőnyt a nagyszobábán.
XSPK_C_001_T0188,wavs_synthetic_crossspeaker/XSPK_C_001_T0188.wav,C_001,A folyosón kapcsold ki a rádjót.
XSPK_C_001_T0189,wavs_synthetic_crossspeaker/XSPK_C_001_T0189.wav,C_001,Válts csatornát a rádión a ki szobában
XSPK_C_001_T0190,wavs_synthetic_crossspeaker/XSPK_C_001_T0190.wav,C_001,Szobába hangosícsd fel a tévét.
XSPK_C_001_T0191,wavs_synthetic_crossspeaker/XSPK_C_001_T0191.wav,C_001,A ventilátorokat kapcsold ki a fürdőszobába
XSPK_C_001_T0192,wavs_synthetic_crossspeaker/XSPK_C_001_T0192.wav,C_001,Válts csatornát a rádión a kisszobába
XSPK_C_001_T0193,wavs_synthetic_crossspeaker/XSPK_C_001_T0193.wav,C_001,A szobában válcs csatornát a rádjón.
XSPK_C_001_T0194,wavs_synthetic_crossspeaker/XSPK_C_001_T0194.wav,C_001,A folyoson húzd be a függöny
XSPK_C_001_T0195,wavs_synthetic_crossspeaker/XSPK_C_001_T0195.wav,C_001,A kisszobába kapcsold be a radiátort
XSPK_C_001_T0196,wavs_synthetic_crossspeaker/XSPK_C_001_T0196.wav,C_001,A fürdőszobában zárjuk be az ajtón
XSPK_C_001_T0197,wavs_synthetic_crossspeaker/XSPK_C_001_T0197.wav,C_001,A ventillátorokat kapcsold ki a szobába
XSPK_C_001_T0198,wavs_synthetic_crossspeaker/XSPK_C_001_T0198.wav,C_001,A kisszobába a számítógépet kapcsold be.
XSPK_C_001_T0199,wavs_synthetic_crossspeaker/XSPK_C_001_T0199.wav,C_001,A fürdőszobaban nyisd ki az ablakot
XSPK_C_001_T0200,wavs_synthetic_crossspeaker/XSPK_C_001_T0200.wav,C_001,Húzd le a fűtést a nagyszobában
XSPK_C_001_T0201,wavs_synthetic_crossspeaker/XSPK_C_001_T0201.wav,C_001,A kisszobába kapcsold be a porszívót.
XSPK_C_001_T0202,wavs_synthetic_crossspeaker/XSPK_C_001_T0202.wav,C_001,Nagyszobal húz be függöny
XSPK_C_001_T0203,wavs_synthetic_crossspeaker/XSPK_C_001_T0203.wav,C_001,Bezárjuk a ablakot a nagyszobában
XSPK_C_001_T0204,wavs_synthetic_crossspeaker/XSPK_C_001_T0204.wav,C_001,Fürdőszobában kapcsold ki a ventillátor.
XSPK_C_001_T0205,wavs_synthetic_crossspeaker/XSPK_C_001_T0205.wav,C_001,Kiszobában nyisd ki az ajtó.
XSPK_C_001_T0206,wavs_synthetic_crossspeaker/XSPK_C_001_T0206.wav,C_001,A szobában kapcsold ki a fűtést
XSPK_C_001_T0207,wavs_synthetic_crossspeaker/XSPK_C_001_T0207.wav,C_001,A konyhában kapcsold ki a a kenyérpirso
XSPK_C_001_T0208,wavs_synthetic_crossspeaker/XSPK_C_001_T0208.wav,C_001,Vedd föl a fűtést a folyosón
XSPK_C_001_T0209,wavs_synthetic_crossspeaker/XSPK_C_001_T0209.wav,C_001,Ventilátort a fürdőszobában ö kapcsold be
XSPK_C_002_T0000,wavs_synthetic_crossspeaker/XSPK_C_002_T0000.wav,C_002,Kisszobába vedd feljebb a radiátort
XSPK_C_002_T0001,wavs_synthetic_crossspeaker/XSPK_C_002_T0001.wav,C_002,Csendesíts tévét a szobában.
XSPK_C_002_T0002,wavs_synthetic_crossspeaker/XSPK_C_002_T0002.wav,C_002,Kisszobába vedd lejjebb a fűtést
XSPK_C_002_T0003,wavs_synthetic_crossspeaker/XSPK_C_002_T0003.wav,C_002,Kapcsold fel a villanyt a szobában
XSPK_C_002_T0004,wavs_synthetic_crossspeaker/XSPK_C_002_T0004.wav,C_002,A szobai függönyt húzd szét
XSPK_C_002_T0005,wavs_synthetic_crossspeaker/XSPK_C_002_T0005.wav,C_002,A kisszobában válcs csatornát a tévén.
XSPK_C_002_T0006,wavs_synthetic_crossspeaker/XSPK_C_002_T0006.wav,C_002,A kisszubában nyisd ki az ablakot
XSPK_C_002_T0007,wavs_synthetic_crossspeaker/XSPK_C_002_T0007.wav,C_002,Kapcsold ki a rádiót a kisszobaban.
XSPK_C_002_T0008,wavs_synthetic_crossspeaker/XSPK_C_002_T0008.wav,C_002,Kapcsold be a fűtést a fojjosón.
XSPK_C_002_T0009,wavs_synthetic_crossspeaker/XSPK_C_002_T0009.wav,C_002,Kapcsold ki a porszivót a fojjosón.
XSPK_C_002_T0010,wavs_synthetic_crossspeaker/XSPK_C_002_T0010.wav,C_002,Kapcsold föl a konyhába a villanyt
XSPK_C_002_T0011,wavs_synthetic_crossspeaker/XSPK_C_002_T0011.wav,C_002,Kisszobába húsz szét a függönyt
XSPK_C_002_T0012,wavs_synthetic_crossspeaker/XSPK_C_002_T0012.wav,C_002,A fürdőszobában kapcsold ki a villanyt
XSPK_C_002_T0013,wavs_synthetic_crossspeaker/XSPK_C_002_T0013.wav,C_002,A kiszobábá kapcsold be a rádiót.
XSPK_C_002_T0014,wavs_synthetic_crossspeaker/XSPK_C_002_T0014.wav,C_002,A fürdőszán kapcsold ki a rádió
XSPK_C_002_T0015,wavs_synthetic_crossspeaker/XSPK_C_002_T0015.wav,C_002,Kapcsold fel a szobába a villant
XSPK_C_002_T0016,wavs_synthetic_crossspeaker/XSPK_C_002_T0016.wav,C_002,Húzd szép a függönyt a fürdőszobában
XSPK_C_002_T0017,wavs_synthetic_crossspeaker/XSPK_C_002_T0017.wav,C_002,A konyhába kapcsold ki a radiátor
XSPK_C_002_T0018,wavs_synthetic_crossspeaker/XSPK_C_002_T0018.wav,C_002,Emeld meg a hangerőt a tévén a nagyszobába.
XSPK_C_002_T0019,wavs_synthetic_crossspeaker/XSPK_C_002_T0019.wav,C_002,A szobába csatorna váltás a rádión csinál
XSPK_C_002_T0020,wavs_synthetic_crossspeaker/XSPK_C_002_T0020.wav,C_002,A szobai függönyt húzd be
XSPK_C_002_T0021,wavs_synthetic_crossspeaker/XSPK_C_002_T0021.wav,C_002,Nyisd ki az ajtót a nagyszobában
XSPK_C_002_T0022,wavs_synthetic_crossspeaker/XSPK_C_002_T0022.wav,C_002,Kapcsold kia radiátiort a konyhában
XSPK_C_002_T0023,wavs_synthetic_crossspeaker/XSPK_C_002_T0023.wav,C_002,A konyhában vál csatornát a tévén.
XSPK_C_002_T0024,wavs_synthetic_crossspeaker/XSPK_C_002_T0024.wav,C_002,Kapcsold ki a mosogatógépet a konyhában.
XSPK_C_002_T0025,wavs_synthetic_crossspeaker/XSPK_C_002_T0025.wav,C_002,A radiátort kapcsold be a fürdőszobába
XSPK_C_002_T0026,wavs_synthetic_crossspeaker/XSPK_C_002_T0026.wav,C_002,Fürdőszobában zárd be az ajtót
XSPK_C_002_T0027,wavs_synthetic_crossspeaker/XSPK_C_002_T0027.wav,C_002,Khapcsold ki a ventillátort a nagyszobában.
XSPK_C_002_T0028,wavs_synthetic_crossspeaker/XSPK_C_002_T0028.wav,C_002,Engedd le a redőnt a szobában.
XSPK_C_002_T0029,wavs_synthetic_crossspeaker/XSPK_C_002_T0029.wav,C_002,A kisszobába nyissuk ki az ablakot
XSPK_C_002_T0030,wavs_synthetic_crossspeaker/XSPK_C_002_T0030.wav,C_002,Kapcsold ki a ventilátorokat a konyhába
XSPK_C_002_T0031,wavs_synthetic_crossspeaker/XSPK_C_002_T0031.wav,C_002,Szobába kapcsold fel a fűtést
XSPK_C_002_T0032,wavs_synthetic_crossspeaker/XSPK_C_002_T0032.wav,C_002,A kiszobában kapcsold ki a porszivó.
XSPK_C_002_T0033,wavs_synthetic_crossspeaker/XSPK_C_002_T0033.wav,C_002,A fürdőszobában kapcsold be hatvan fokon a mosógépet
XSPK_C_002_T0034,wavs_synthetic_crossspeaker/XSPK_C_002_T0034.wav,C_002,Nyissuk ki az ablakot a kisszobában
XSPK_C_002_T0035,wavs_synthetic_crossspeaker/XSPK_C_002_T0035.wav,C_002,A folyosón húzd föl a redőnyt
XSPK_C_002_T0036,wavs_synthetic_crossspeaker/XSPK_C_002_T0036.wav,C_002,A kisszobában nyiss ki az ablakot.
XSPK_C_002_T0037,wavs_synthetic_crossspeaker/XSPK_C_002_T0037.wav,C_002,Bekapcsolnád a nagyszobai rádiót
XSPK_C_002_T0038,wavs_synthetic_crossspeaker/XSPK_C_002_T0038.wav,C_002,A nagyszobában húzd el a ledőnyt
XSPK_C_002_T0039,wavs_synthetic_crossspeaker/XSPK_C_002_T0039.wav,C_002,Kapcsold fel a villanyt a nagyszobába.
XSPK_C_002_T0040,wavs_synthetic_crossspeaker/XSPK_C_002_T0040.wav,C_002,Konyhába húzd szét a függöny.
XSPK_C_002_T0041,wavs_synthetic_crossspeaker/XSPK_C_002_T0041.wav,C_002,Kiszobában engedd le a redőnt.
XSPK_C_002_T0042,wavs_synthetic_crossspeaker/XSPK_C_002_T0042.wav,C_002,A szobában kapcsold ki a fűtést.
XSPK_C_002_T0043,wavs_synthetic_crossspeaker/XSPK_C_002_T0043.wav,C_002,Kapcsold fel a fűtést a folyosón
XSPK_C_002_T0044,wavs_synthetic_crossspeaker/XSPK_C_002_T0044.wav,C_002,A fürdőszobában zárd beg az ajtót
XSPK_C_002_T0045,wavs_synthetic_crossspeaker/XSPK_C_002_T0045.wav,C_002,A nagyszobában halkítsd le a tévét.
XSPK_C_002_T0046,wavs_synthetic_crossspeaker/XSPK_C_002_T0046.wav,C_002,Kapcsold be a szoba hőmérsékletét folyosón
XSPK_C_002_T0047,wavs_synthetic_crossspeaker/XSPK_C_002_T0047.wav,C_002,A fojjosón húzd fel a fűtés.
XSPK_C_002_T0048,wavs_synthetic_crossspeaker/XSPK_C_002_T0048.wav,C_002,Kapcsold be a ventilátort a folyosón
XSPK_C_002_T0049,wavs_synthetic_crossspeaker/XSPK_C_002_T0049.wav,C_002,Fürdőszobaban kapcsold be a ventillátort.
XSPK_C_002_T0050,wavs_synthetic_crossspeaker/XSPK_C_002_T0050.wav,C_002,Kapcsold le a villanyt a nagyszobában.
XSPK_C_002_T0051,wavs_synthetic_crossspeaker/XSPK_C_002_T0051.wav,C_002,Halkítsuk a tévét a nagyszobába
XSPK_C_002_T0052,wavs_synthetic_crossspeaker/XSPK_C_002_T0052.wav,C_002,Kapcsold ki a pirítót a konyhába
XSPK_C_002_T0053,wavs_synthetic_crossspeaker/XSPK_C_002_T0053.wav,C_002,Szobában húzd föl a fűtést.
XSPK_C_002_T0054,wavs_synthetic_crossspeaker/XSPK_C_002_T0054.wav,C_002,Konyhába kapcsold be a porszívót
XSPK_C_002_T0055,wavs_synthetic_crossspeaker/XSPK_C_002_T0055.wav,C_002,A nagyszobába hangosítsd fel a tévét
XSPK_C_002_T0056,wavs_synthetic_crossspeaker/XSPK_C_002_T0056.wav,C_002,A szobaban kapcsold ki a rádiót
XSPK_C_002_T0057,wavs_synthetic_crossspeaker/XSPK_C_002_T0057.wav,C_002,Huzd ki szék a függönyt a kisszübába
XSPK_C_002_T0058,wavs_synthetic_crossspeaker/XSPK_C_002_T0058.wav,C_002,A szobában nyisd ki az ablakot
XSPK_C_002_T0059,wavs_synthetic_crossspeaker/XSPK_C_002_T0059.wav,C_002,A fürdőszobában zárd be az ajtót.
XSPK_C_002_T0060,wavs_synthetic_crossspeaker/XSPK_C_002_T0060.wav,C_002,Válts csatornát a kisszobában a zá na a rádión
XSPK_C_002_T0061,wavs_synthetic_crossspeaker/XSPK_C_002_T0061.wav,C_002,Nyiszd ki az ajtot a kisszobában
XSPK_C_002_T0062,wavs_synthetic_crossspeaker/XSPK_C_002_T0062.wav,C_002,A fűjőszobában kapcsold ki a porszivó.
XSPK_C_002_T0063,wavs_synthetic_crossspeaker/XSPK_C_002_T0063.wav,C_002,Húzd fel a fűtést a nagyszobába.
XSPK_C_002_T0064,wavs_synthetic_crossspeaker/XSPK_C_002_T0064.wav,C_002,A fürdőszobában vál csatornát a tévén.
XSPK_C_002_T0065,wavs_synthetic_crossspeaker/XSPK_C_002_T0065.wav,C_002,A fürdőszobában kapcsold be a ventilátort.
XSPK_C_002_T0066,wavs_synthetic_crossspeaker/XSPK_C_002_T0066.wav,C_002,Váltsd csatornát a tévén a konyhába
XSPK_C_002_T0067,wavs_synthetic_crossspeaker/XSPK_C_002_T0067.wav,C_002,Kisszobában kapcsold be a porszívót
XSPK_C_002_T0068,wavs_synthetic_crossspeaker/XSPK_C_002_T0068.wav,C_002,Konyhában mosógépen harminc fokon
XSPK_C_002_T0069,wavs_synthetic_crossspeaker/XSPK_C_002_T0069.wav,C_002,Nyisd ki az ablakot a naccobában.
XSPK_C_002_T0070,wavs_synthetic_crossspeaker/XSPK_C_002_T0070.wav,C_002,A nagyszobába kapcsold be a számítógépet
XSPK_C_002_T0071,wavs_synthetic_crossspeaker/XSPK_C_002_T0071.wav,C_002,A fürdőszobában nyissuk ki az ajtón
XSPK_C_002_T0072,wavs_synthetic_crossspeaker/XSPK_C_002_T0072.wav,C_002,Nagycobában zárd be az ajtót
XSPK_C_002_T0073,wavs_synthetic_crossspeaker/XSPK_C_002_T0073.wav,C_002,A kisszobában halkítsd a tévét
XSPK_C_002_T0074,wavs_synthetic_crossspeaker/XSPK_C_002_T0074.wav,C_002,A redőnyt húzd fel a szobá a konyhába
XSPK_C_002_T0075,wavs_synthetic_crossspeaker/XSPK_C_002_T0075.wav,C_002,A kisszobába húzd be a függönyt
XSPK_C_002_T0076,wavs_synthetic_crossspeaker/XSPK_C_002_T0076.wav,C_002,Zárd be az ablakto a szobában
XSPK_C_002_T0077,wavs_synthetic_crossspeaker/XSPK_C_002_T0077.wav,C_002,A kisszobába halkítsd le a tévét
XSPK_C_002_T0078,wavs_synthetic_crossspeaker/XSPK_C_002_T0078.wav,C_002,Az nagyszobába kapcsold le a radiátort
XSPK_C_002_T0079,wavs_synthetic_crossspeaker/XSPK_C_002_T0079.wav,C_002,Kapcsold fel a villant a konyhaban
XSPK_C_002_T0080,wavs_synthetic_crossspeaker/XSPK_C_002_T0080.wav,C_002,A konyhában húzd fel a fűtést.
XSPK_C_002_T0081,wavs_synthetic_crossspeaker/XSPK_C_002_T0081.wav,C_002,Vál csatornát a folyosón.
XSPK_C_002_T0082,wavs_synthetic_crossspeaker/XSPK_C_002_T0082.wav,C_002,Csukd be az ablakot a konyhában.
XSPK_C_002_T0083,wavs_synthetic_crossspeaker/XSPK_C_002_T0083.wav,C_002,Válts csatornát a kisszobában a rádión
XSPK_C_002_T0084,wavs_synthetic_crossspeaker/XSPK_C_002_T0084.wav,C_002,Zárd be az ablakot konyhán
XSPK_C_002_T0085,wavs_synthetic_crossspeaker/XSPK_C_002_T0085.wav,C_002,A fürdőszobába nyisd ki az ajtót.
XSPK_C_002_T0086,wavs_synthetic_crossspeaker/XSPK_C_002_T0086.wav,C_002,A kisszobában húzd fel a fütés.
XSPK_C_002_T0087,wavs_synthetic_crossspeaker/XSPK_C_002_T0087.wav,C_002,Kapcsold ki a gáztűzhelyet a konyhában.
XSPK_C_002_T0088,wavs_synthetic_crossspeaker/XSPK_C_002_T0088.wav,C_002,Válts csatornát tévéd a nagyszobábac
XSPK_C_002_T0089,wavs_synthetic_crossspeaker/XSPK_C_002_T0089.wav,C_002,Vedd le a lejjebb a hangot televízióban a nagyszobában
XSPK_C_002_T0090,wavs_synthetic_crossspeaker/XSPK_C_002_T0090.wav,C_002,Nagyszobában kapcsold ki a radiátort
XSPK_C_002_T0091,wavs_synthetic_crossspeaker/XSPK_C_002_T0091.wav,C_002,Húzd fel a redőnt a kisszobában.
XSPK_C_002_T0092,wavs_synthetic_crossspeaker/XSPK_C_002_T0092.wav,C_002,Folyosón kapcsold föl a villanyfölkapcsolót
XSPK_C_002_T0093,wavs_synthetic_crossspeaker/XSPK_C_002_T0093.wav,C_002,A szobában hangosítsd ki a tévét
XSPK_C_002_T0094,wavs_synthetic_crossspeaker/XSPK_C_002_T0094.wav,C_002,Húzd fel a konyhai redőnyt
XSPK_C_002_T0095,wavs_synthetic_crossspeaker/XSPK_C_002_T0095.wav,C_002,Csapcsold le a villanyt a nagyszobában
XSPK_C_002_T0096,wavs_synthetic_crossspeaker/XSPK_C_002_T0096.wav,C_002,Fürdőszoban csatorna válni
XSPK_C_002_T0097,wavs_synthetic_crossspeaker/XSPK_C_002_T0097.wav,C_002,Kapcsold be harminc fokon a mosógépet a fürdőszobában.
XSPK_C_002_T0098,wavs_synthetic_crossspeaker/XSPK_C_002_T0098.wav,C_002,A konyhában kapcsold be hatvan fokon a szmosógépet.
XSPK_C_002_T0099,wavs_synthetic_crossspeaker/XSPK_C_002_T0099.wav,C_002,Hívd fel a lányomat telefonon.
XSPK_C_002_T0100,wavs_synthetic_crossspeaker/XSPK_C_002_T0100.wav,C_002,Kapcsold lejjebb a fűtést a fürdőszobában
XSPK_C_002_T0101,wavs_synthetic_crossspeaker/XSPK_C_002_T0101.wav,C_002,Húzd fel a redőnt a kisszobában
XSPK_C_002_T0102,wavs_synthetic_crossspeaker/XSPK_C_002_T0102.wav,C_002,A kisszobába kapcsold ki a fűtés
XSPK_C_002_T0103,wavs_synthetic_crossspeaker/XSPK_C_002_T0103.wav,C_002,A folyosó húzd le a redőnyt
XSPK_C_002_T0104,wavs_synthetic_crossspeaker/XSPK_C_002_T0104.wav,C_002,Kapcsold át a televíziót a nagyzobában
XSPK_C_002_T0105,wavs_synthetic_crossspeaker/XSPK_C_002_T0105.wav,C_002,Vedd feljebb a radiátort a fürdőszobába
XSPK_C_002_T0106,wavs_synthetic_crossspeaker/XSPK_C_002_T0106.wav,C_002,A konyhai fűtést vedd már föl legyszíves
XSPK_C_002_T0107,wavs_synthetic_crossspeaker/XSPK_C_002_T0107.wav,C_002,A kisszobába kapcsold ki a rádiót.
XSPK_C_002_T0108,wavs_synthetic_crossspeaker/XSPK_C_002_T0108.wav,C_002,Nyisd kí az ablakot a nagyszobában.
XSPK_C_002_T0109,wavs_synthetic_crossspeaker/XSPK_C_002_T0109.wav,C_002,A szobában kapcsold ki a forszívót
XSPK_C_002_T0110,wavs_synthetic_crossspeaker/XSPK_C_002_T0110.wav,C_002,Lehúzzuk a redőnyt a kisszobában
XSPK_C_002_T0111,wavs_synthetic_crossspeaker/XSPK_C_002_T0111.wav,C_002,A konyhában kapcsold ki a fűtést
XSPK_C_002_T0112,wavs_synthetic_crossspeaker/XSPK_C_002_T0112.wav,C_002,Kapcold ki a sütőt a konyhába
XSPK_C_002_T0113,wavs_synthetic_crossspeaker/XSPK_C_002_T0113.wav,C_002,A kisszobába húzd fel a függönyt
XSPK_C_002_T0114,wavs_synthetic_crossspeaker/XSPK_C_002_T0114.wav,C_002,Csendesítsd a tévét a kisszobában.
XSPK_C_002_T0115,wavs_synthetic_crossspeaker/XSPK_C_002_T0115.wav,C_002,Kapcsold be a porszívót a fürdőszobába
XSPK_C_002_T0116,wavs_synthetic_crossspeaker/XSPK_C_002_T0116.wav,C_002,Halkítsuk a tévét a folyosón
XSPK_C_002_T0117,wavs_synthetic_crossspeaker/XSPK_C_002_T0117.wav,C_002,A nagyszobába kapcsold be a ventilátorokat
XSPK_C_002_T0118,wavs_synthetic_crossspeaker/XSPK_C_002_T0118.wav,C_002,Kapcsold ki a tévét a kisszobában
XSPK_C_002_T0119,wavs_synthetic_crossspeaker/XSPK_C_002_T0119.wav,C_002,Nyomd fel a fűtést a nagyszobába
XSPK_C_002_T0120,wavs_synthetic_crossspeaker/XSPK_C_002_T0120.wav,C_002,Húz be a függönyty a konyhában
XSPK_C_002_T0121,wavs_synthetic_crossspeaker/XSPK_C_002_T0121.wav,C_002,Nyisd ki arrablakot a fürdőszobámban.
XSPK_C_002_T0122,wavs_synthetic_crossspeaker/XSPK_C_002_T0122.wav,C_002,A folyoson kapcsold ki a fűtés
XSPK_C_002_T0123,wavs_synthetic_crossspeaker/XSPK_C_002_T0123.wav,C_002,Szobában csendesítsd a tévét.
XSPK_C_002_T0124,wavs_synthetic_crossspeaker/XSPK_C_002_T0124.wav,C_002,Hívd fel a lányom
XSPK_C_002_T0125,wavs_synthetic_crossspeaker/XSPK_C_002_T0125.wav,C_002,A konyhába kapcold ki a rádiot
XSPK_C_002_T0126,wavs_synthetic_crossspeaker/XSPK_C_002_T0126.wav,C_002,A konyhában kapcsold ki a porszivót.
XSPK_C_002_T0127,wavs_synthetic_crossspeaker/XSPK_C_002_T0127.wav,C_002,Fürdőszoba ablakát nyisd ki légy szíves
XSPK_C_002_T0128,wavs_synthetic_crossspeaker/XSPK_C_002_T0128.wav,C_002,A konyhában a ventillátort kapcsold be
XSPK_C_002_T0129,wavs_synthetic_crossspeaker/XSPK_C_002_T0129.wav,C_002,A konyhába kapcsold be a ventilátorokat
XSPK_C_002_T0130,wavs_synthetic_crossspeaker/XSPK_C_002_T0130.wav,C_002,Szobába válts csatornát
XSPK_C_002_T0131,wavs_synthetic_crossspeaker/XSPK_C_002_T0131.wav,C_002,A nagyszobába húzd fel a redőnyt.
XSPK_C_002_T0132,wavs_synthetic_crossspeaker/XSPK_C_002_T0132.wav,C_002,Fürdőszobába válts csatornát a tévén
XSPK_C_002_T0133,wavs_synthetic_crossspeaker/XSPK_C_002_T0133.wav,C_002,Halkídd le a hangot a tévén a szobában
XSPK_C_002_T0134,wavs_synthetic_crossspeaker/XSPK_C_002_T0134.wav,C_002,És a kisszobában kapcsold be a ventilátor
XSPK_C_002_T0135,wavs_synthetic_crossspeaker/XSPK_C_002_T0135.wav,C_002,A szobában kapcsold be a rádiót
XSPK_C_002_T0136,wavs_synthetic_crossspeaker/XSPK_C_002_T0136.wav,C_002,Húzd szét a függönyt a nah a szobában
XSPK_C_002_T0137,wavs_synthetic_crossspeaker/XSPK_C_002_T0137.wav,C_002,A szobában hangosíts a tévét.
XSPK_C_002_T0138,wavs_synthetic_crossspeaker/XSPK_C_002_T0138.wav,C_002,Fürdőcobában kapcsold be a ventillátort
XSPK_C_002_T0139,wavs_synthetic_crossspeaker/XSPK_C_002_T0139.wav,C_002,Kész van a két pirítós a konyhába
XSPK_C_002_T0140,wavs_synthetic_crossspeaker/XSPK_C_002_T0140.wav,C_002,Konyhába kapcsold fel a villanyt
XSPK_C_002_T0141,wavs_synthetic_crossspeaker/XSPK_C_002_T0141.wav,C_002,Engedd le a redőnyt a szobában
XSPK_C_002_T0142,wavs_synthetic_crossspeaker/XSPK_C_002_T0142.wav,C_002,A fürdőszobában kapcsold be ventilátor
XSPK_C_002_T0143,wavs_synthetic_crossspeaker/XSPK_C_002_T0143.wav,C_002,A kisszobában kapcsold át a televíziót
XSPK_C_002_T0144,wavs_synthetic_crossspeaker/XSPK_C_002_T0144.wav,C_002,Fürdőszobában kapcsold le a villanyt
XSPK_C_002_T0145,wavs_synthetic_crossspeaker/XSPK_C_002_T0145.wav,C_002,A fürdőszobában huzzunk szét a függöny
XSPK_C_002_T0146,wavs_synthetic_crossspeaker/XSPK_C_002_T0146.wav,C_002,A fojjosón kapcsold be a rádió.
XSPK_C_002_T0147,wavs_synthetic_crossspeaker/XSPK_C_002_T0147.wav,C_002,Húzd le a redőnyt a folyosóban
XSPK_C_002_T0148,wavs_synthetic_crossspeaker/XSPK_C_002_T0148.wav,C_002,A konyhában kapcsold be hatvan fokon a mosógépet
XSPK_C_002_T0149,wavs_synthetic_crossspeaker/XSPK_C_002_T0149.wav,C_002,Folyosón kapcsold ki a ventilátort
XSPK_C_002_T0150,wavs_synthetic_crossspeaker/XSPK_C_002_T0150.wav,C_002,A nagyszobába vedd feljebb a tévét
XSPK_C_002_T0151,wavs_synthetic_crossspeaker/XSPK_C_002_T0151.wav,C_002,Kapcsold ki a ventillátort a nagyszobában.
XSPK_C_002_T0152,wavs_synthetic_crossspeaker/XSPK_C_002_T0152.wav,C_002,Szobába kapcsold ki a számítógépet.
XSPK_C_002_T0153,wavs_synthetic_crossspeaker/XSPK_C_002_T0153.wav,C_002,Kapcsold ki a radiátort a fühldőszobába
XSPK_C_002_T0154,wavs_synthetic_crossspeaker/XSPK_C_002_T0154.wav,C_002,Számítógépet a kisszobába
XSPK_C_002_T0155,wavs_synthetic_crossspeaker/XSPK_C_002_T0155.wav,C_002,A folyosó porszív porszívózását befejeznéd
XSPK_C_002_T0156,wavs_synthetic_crossspeaker/XSPK_C_002_T0156.wav,C_002,A konyhába nyisd ki az ajtót.
XSPK_C_002_T0157,wavs_synthetic_crossspeaker/XSPK_C_002_T0157.wav,C_002,A kisszobába nyissa ki az a ablakot
XSPK_C_002_T0158,wavs_synthetic_crossspeaker/XSPK_C_002_T0158.wav,C_002,A nagycobában felkapcsoljuk a fűtés
XSPK_C_002_T0159,wavs_synthetic_crossspeaker/XSPK_C_002_T0159.wav,C_002,S kapcsold ki a ventilátort a nagyszobába
XSPK_C_002_T0160,wavs_synthetic_crossspeaker/XSPK_C_002_T0160.wav,C_002,A fürdőszobába kapcsold be a radiátor
XSPK_C_002_T0161,wavs_synthetic_crossspeaker/XSPK_C_002_T0161.wav,C_002,Kapcsold be a porszívót a folyosó.
XSPK_C_002_T0162,wavs_synthetic_crossspeaker/XSPK_C_002_T0162.wav,C_002,Válts csatornát a tévén a folyosón
XSPK_C_002_T0163,wavs_synthetic_crossspeaker/XSPK_C_002_T0163.wav,C_002,Szobába nyisd ki az ajtót
XSPK_C_002_T0164,wavs_synthetic_crossspeaker/XSPK_C_002_T0164.wav,C_002,A nagycobába kapcsold ki a számítógépet
XSPK_C_002_T0165,wavs_synthetic_crossspeaker/XSPK_C_002_T0165.wav,C_002,Kapcsold ki a rádiot a kisszobában
XSPK_C_002_T0166,wavs_synthetic_crossspeaker/XSPK_C_002_T0166.wav,C_002,A konyhában kapcsold be a porszivót.
XSPK_C_002_T0167,wavs_synthetic_crossspeaker/XSPK_C_002_T0167.wav,C_002,A fürdőszobában a mosógépet harminc fokra kapcsold be
XSPK_C_002_T0168,wavs_synthetic_crossspeaker/XSPK_C_002_T0168.wav,C_002,Húzd be a függönyt a nagyszobákba.
XSPK_C_002_T0169,wavs_synthetic_crossspeaker/XSPK_C_002_T0169.wav,C_002,Kapcsold be a mosógépet hatvan fokon a fürdőszobában.
XSPK_C_002_T0170,wavs_synthetic_crossspeaker/XSPK_C_002_T0170.wav,C_002,A fürdőszobába nyissuk ki az ablakot
XSPK_C_002_T0171,wavs_synthetic_crossspeaker/XSPK_C_002_T0171.wav,C_002,Kapcsold be a kenyépirítót a konyhában.
XSPK_C_002_T0172,wavs_synthetic_crossspeaker/XSPK_C_002_T0172.wav,C_002,A szobában kapcsold be a radiátort
XSPK_C_002_T0173,wavs_synthetic_crossspeaker/XSPK_C_002_T0173.wav,C_002,Engedd le a redőnt a kisszobában.
XSPK_C_002_T0174,wavs_synthetic_crossspeaker/XSPK_C_002_T0174.wav,C_002,A konyhába húzd le a re
XSPK_C_002_T0175,wavs_synthetic_crossspeaker/XSPK_C_002_T0175.wav,C_002,Kapcsold be a fütést a kisszobába.
XSPK_C_002_T0176,wavs_synthetic_crossspeaker/XSPK_C_002_T0176.wav,C_002,Szobában zárd be az ajtót
XSPK_C_002_T0177,wavs_synthetic_crossspeaker/XSPK_C_002_T0177.wav,C_002,A nagyszobába hangosítsd a tévét
XSPK_C_002_T0178,wavs_synthetic_crossspeaker/XSPK_C_002_T0178.wav,C_002,Bekapcsoltad a tévét
XSPK_C_002_T0179,wavs_synthetic_crossspeaker/XSPK_C_002_T0179.wav,C_002,A nagyszobába váltsál csatornát a rádión
XSPK_C_002_T0180,wavs_synthetic_crossspeaker/XSPK_C_002_T0180.wav,C_002,A nagyszobában kápcsold be a számítógépet.
XSPK_C_002_T0181,wavs_synthetic_crossspeaker/XSPK_C_002_T0181.wav,C_002,Kapcsold föl a villanyt a konyhába
XSPK_C_002_T0182,wavs_synthetic_crossspeaker/XSPK_C_002_T0182.wav,C_002,A folyosón tedd följebb a fűtést légy szíves
XSPK_C_002_T0183,wavs_synthetic_crossspeaker/XSPK_C_002_T0183.wav,C_002,A nagyszobában válts csatornát a tévé
XSPK_C_002_T0184,wavs_synthetic_crossspeaker/XSPK_C_002_T0184.wav,C_002,Húzd le a re redőnyt a folyosón
XSPK_C_002_T0185,wavs_synthetic_crossspeaker/XSPK_C_002_T0185.wav,C_002,Kapcsold föl a villanyt a folyosón
XSPK_C_002_T0186,wavs_synthetic_crossspeaker/XSPK_C_002_T0186.wav,C_002,Egedd le a redőnt a nagycobában.
XSPK_C_002_T0187,wavs_synthetic_crossspeaker/XSPK_C_002_T0187.wav,C_002,Fürdőszobába húzd fel a fűtést
XSPK_C_002_T0188,wavs_synthetic_crossspeaker/XSPK_C_002_T0188.wav,C_002,A nagyszobába kapcsold ki a porszívót.
XSPK_C_002_T0189,wavs_synthetic_crossspeaker/XSPK_C_002_T0189.wav,C_002,A konyhába kapcsold föl a villanyfölkapcsolót
XSPK_C_002_T0190,wavs_synthetic_crossspeaker/XSPK_C_002_T0190.wav,C_002,Kapcsold be a számítógépet a konyhába.
XSPK_C_002_T0191,wavs_synthetic_crossspeaker/XSPK_C_002_T0191.wav,C_002,A fürdőszobába kapcsold ki a ventillátorokat
XSPK_C_002_T0192,wavs_synthetic_crossspeaker/XSPK_C_002_T0192.wav,C_002,Kisszobába kapcsold ki a hűtést
XSPK_C_002_T0193,wavs_synthetic_crossspeaker/XSPK_C_002_T0193.wav,C_002,A szobábá húzd fel a fütés.
XSPK_C_002_T0194,wavs_synthetic_crossspeaker/XSPK_C_002_T0194.wav,C_002,A szobába vegyük már lejjebb a fűtést
XSPK_C_002_T0195,wavs_synthetic_crossspeaker/XSPK_C_002_T0195.wav,C_002,Kapcsuld le a villanyt a kiszobában
XSPK_C_002_T0196,wavs_synthetic_crossspeaker/XSPK_C_002_T0196.wav,C_002,Kapcsol be a számítógépet a kiszszu kisszobában
XSPK_C_002_T0197,wavs_synthetic_crossspeaker/XSPK_C_002_T0197.wav,C_002,Húzd be a függönt a konyhában.
XSPK_C_002_T0198,wavs_synthetic_crossspeaker/XSPK_C_002_T0198.wav,C_002,A ventillátorokat kapcsold ki a folyosón
XSPK_C_002_T0199,wavs_synthetic_crossspeaker/XSPK_C_002_T0199.wav,C_002,A szobábán kápcsold fell a villanyt.
XSPK_C_002_T0200,wavs_synthetic_crossspeaker/XSPK_C_002_T0200.wav,C_002,A folyosón magasabb fokra kapcsoldjuk a fűté
XSPK_C_002_T0201,wavs_synthetic_crossspeaker/XSPK_C_002_T0201.wav,C_002,A szobába húzd fel a redőnyt.
XSPK_C_002_T0202,wavs_synthetic_crossspeaker/XSPK_C_002_T0202.wav,C_002,Kapcsold be légy szíves a ventilátort a konyhában
XSPK_C_002_T0203,wavs_synthetic_crossspeaker/XSPK_C_002_T0203.wav,C_002,Húzd le a fűtést a nagycobában.
XSPK_C_002_T0204,wavs_synthetic_crossspeaker/XSPK_C_002_T0204.wav,C_002,Fürdőszobában zárd be az ajtót.
XSPK_C_002_T0205,wavs_synthetic_crossspeaker/XSPK_C_002_T0205.wav,C_002,A kisszobába húzd le a fűtést
XSPK_C_002_T0206,wavs_synthetic_crossspeaker/XSPK_C_002_T0206.wav,C_002,Fürdőszobán harminc fokon kapcsold mosógépet.
XSPK_C_002_T0207,wavs_synthetic_crossspeaker/XSPK_C_002_T0207.wav,C_002,Kapcsold be a a kámítógépet a nagycobában
XSPK_C_002_T0208,wavs_synthetic_crossspeaker/XSPK_C_002_T0208.wav,C_002,Nagyszobal húz be függöny
XSPK_C_002_T0209,wavs_synthetic_crossspeaker/XSPK_C_002_T0209.wav,C_002,Kapcsold be ventillátort a konyhában.
XSPK_C_003_T0000,wavs_synthetic_crossspeaker/XSPK_C_003_T0000.wav,C_003,Nyiss ki az ablakot a fürdőszobában.
XSPK_C_003_T0001,wavs_synthetic_crossspeaker/XSPK_C_003_T0001.wav,C_003,Húzd le a redőnt a nagyszobában.
XSPK_C_003_T0002,wavs_synthetic_crossspeaker/XSPK_C_003_T0002.wav,C_003,A fördőszobában húzd fel a redőnyt
XSPK_C_003_T0003,wavs_synthetic_crossspeaker/XSPK_C_003_T0003.wav,C_003,A konyhában csendesícsd a tévét.
XSPK_C_003_T0004,wavs_synthetic_crossspeaker/XSPK_C_003_T0004.wav,C_003,Folyosón vál csatornát a tévén.
XSPK_C_003_T0005,wavs_synthetic_crossspeaker/XSPK_C_003_T0005.wav,C_003,A nagyszobában váltsál csatornát a rádióban
XSPK_C_003_T0006,wavs_synthetic_crossspeaker/XSPK_C_003_T0006.wav,C_003,Válts csatornát a rádión a szobába
XSPK_C_003_T0007,wavs_synthetic_crossspeaker/XSPK_C_003_T0007.wav,C_003,Fürdőszobába húzd fel a fűtést.
XSPK_C_003_T0008,wavs_synthetic_crossspeaker/XSPK_C_003_T0008.wav,C_003,A fürdőszobába kapcsold ki a rádiót.
XSPK_C_003_T0009,wavs_synthetic_crossspeaker/XSPK_C_003_T0009.wav,C_003,A konyhába kapcsold ki a pirítót
XSPK_C_003_T0010,wavs_synthetic_crossspeaker/XSPK_C_003_T0010.wav,C_003,Zárd be az ajtót a noában.
XSPK_C_003_T0011,wavs_synthetic_crossspeaker/XSPK_C_003_T0011.wav,C_003,Kapcsold ki a tévét a kisszobában.
XSPK_C_003_T0012,wavs_synthetic_crossspeaker/XSPK_C_003_T0012.wav,C_003,Kacspold be a ventilátor a nagyszobában
XSPK_C_003_T0013,wavs_synthetic_crossspeaker/XSPK_C_003_T0013.wav,C_003,Húzd fel a radiátort a konyhában
XSPK_C_003_T0014,wavs_synthetic_crossspeaker/XSPK_C_003_T0014.wav,C_003,Kapcsold ki a ventillátor a szobában
XSPK_C_003_T0015,wavs_synthetic_crossspeaker/XSPK_C_003_T0015.wav,C_003,Üsd ki az ajtót a folyosón.
XSPK_C_003_T0016,wavs_synthetic_crossspeaker/XSPK_C_003_T0016.wav,C_003,Nagyszobába kapcsold be számítógépet.
XSPK_C_003_T0017,wavs_synthetic_crossspeaker/XSPK_C_003_T0017.wav,C_003,A konyhában csendesítsd a tévét
XSPK_C_003_T0018,wavs_synthetic_crossspeaker/XSPK_C_003_T0018.wav,C_003,Kapcsold be a ventillátort a folyoson
XSPK_C_003_T0019,wavs_synthetic_crossspeaker/XSPK_C_003_T0019.wav,C_003,Vált csatotornát a szobában.
XSPK_C_003_T0020,wavs_synthetic_crossspeaker/XSPK_C_003_T0020.wav,C_003,A szobába csatornát váltunk a televízión
XSPK_C_003_T0021,wavs_synthetic_crossspeaker/XSPK_C_003_T0021.wav,C_003,Folyosóban kapcsold be a radiátort
XSPK_C_003_T0022,wavs_synthetic_crossspeaker/XSPK_C_003_T0022.wav,C_003,A fürdőszobában húzd elre a redőnyt
XSPK_C_003_T0023,wavs_synthetic_crossspeaker/XSPK_C_003_T0023.wav,C_003,Kapcsold ki a ventillátor a konyhában.
XSPK_C_003_T0024,wavs_synthetic_crossspeaker/XSPK_C_003_T0024.wav,C_003,A fojjosón  kapcsold be a ventillátor.
XSPK_C_003_T0025,wavs_synthetic_crossspeaker/XSPK_C_003_T0025.wav,C_003,Nagyszobában kapcsold be a ventillátort.
XSPK_C_003_T0026,wavs_synthetic_crossspeaker/XSPK_C_003_T0026.wav,C_003,Nyissuk ki az ablakot a fürdőszobába
XSPK_C_003_T0027,wavs_synthetic_crossspeaker/XSPK_C_003_T0027.wav,C_003,A szobába vedd feljebb a radiátort
XSPK_C_003_T0028,wavs_synthetic_crossspeaker/XSPK_C_003_T0028.wav,C_003,Kapcsold be a nagyszobába a ventillátort
XSPK_C_003_T0029,wavs_synthetic_crossspeaker/XSPK_C_003_T0029.wav,C_003,Kapcsold ki a számítógépet a kis szobában.
XSPK_C_003_T0030,wavs_synthetic_crossspeaker/XSPK_C_003_T0030.wav,C_003,A kisszobába kapcsold be a fűtést
XSPK_C_003_T0031,wavs_synthetic_crossspeaker/XSPK_C_003_T0031.wav,C_003,Húzd le a radiátort a nagyszobában
XSPK_C_003_T0032,wavs_synthetic_crossspeaker/XSPK_C_003_T0032.wav,C_003,Húzd fel a radiátort a szobába
XSPK_C_003_T0033,wavs_synthetic_crossspeaker/XSPK_C_003_T0033.wav,C_003,A konyhában kapcsold be a kenyérpiritót.
XSPK_C_003_T0034,wavs_synthetic_crossspeaker/XSPK_C_003_T0034.wav,C_003,Hút fel a fűtést a fürdőszobában.
XSPK_C_003_T0035,wavs_synthetic_crossspeaker/XSPK_C_003_T0035.wav,C_003,Nagyszoban csatornát válni
XSPK_C_003_T0036,wavs_synthetic_crossspeaker/XSPK_C_003_T0036.wav,C_003,Húzd fel a folyosón a redőnyt
XSPK_C_003_T0037,wavs_synthetic_crossspeaker/XSPK_C_003_T0037.wav,C_003,Kapcsold föl a villanyt a fürdőszobában.
XSPK_C_003_T0038,wavs_synthetic_crossspeaker/XSPK_C_003_T0038.wav,C_003,Húzd le a fűtést a kisszobában.
XSPK_C_003_T0039,wavs_synthetic_crossspeaker/XSPK_C_003_T0039.wav,C_003,Kapcsold fel a villanyt a kiszobába
XSPK_C_003_T0040,wavs_synthetic_crossspeaker/XSPK_C_003_T0040.wav,C_003,Huzd le a redönyt a nagyszobaban
XSPK_C_003_T0041,wavs_synthetic_crossspeaker/XSPK_C_003_T0041.wav,C_003,Szobában húzd szét a függönyt.
XSPK_C_003_T0042,wavs_synthetic_crossspeaker/XSPK_C_003_T0042.wav,C_003,A konyhában kapcsold be a rádijót.
XSPK_C_003_T0043,wavs_synthetic_crossspeaker/XSPK_C_003_T0043.wav,C_003,A szobába húzd le a fűtést
XSPK_C_003_T0044,wavs_synthetic_crossspeaker/XSPK_C_003_T0044.wav,C_003,Kapcsold ki a porszivót a konyhán.
XSPK_C_003_T0045,wavs_synthetic_crossspeaker/XSPK_C_003_T0045.wav,C_003,Kapcsold be a számítógépet a folyosón
XSPK_C_003_T0046,wavs_synthetic_crossspeaker/XSPK_C_003_T0046.wav,C_003,A nagyszobában kapcsold ki a rádjót.
XSPK_C_003_T0047,wavs_synthetic_crossspeaker/XSPK_C_003_T0047.wav,C_003,Vál csatornát a rádión a kisszobába.
XSPK_C_003_T0048,wavs_synthetic_crossspeaker/XSPK_C_003_T0048.wav,C_003,Húz be a függönyty a konyhában
XSPK_C_003_T0049,wavs_synthetic_crossspeaker/XSPK_C_003_T0049.wav,C_003,Kapcsold feljebb a fűtést a kisszobába
XSPK_C_003_T0050,wavs_synthetic_crossspeaker/XSPK_C_003_T0050.wav,C_003,Szobába kapcsold be a fűtést
XSPK_C_003_T0051,wavs_synthetic_crossspeaker/XSPK_C_003_T0051.wav,C_003,A cobába válts csatrnát a rádión
XSPK_C_003_T0052,wavs_synthetic_crossspeaker/XSPK_C_003_T0052.wav,C_003,Húzd be a függönt a szobában.
XSPK_C_003_T0053,wavs_synthetic_crossspeaker/XSPK_C_003_T0053.wav,C_003,Hangosítcs fel a tévét a nagyszobában.
XSPK_C_003_T0054,wavs_synthetic_crossspeaker/XSPK_C_003_T0054.wav,C_003,A szobában kapcsold be a ventillátort
XSPK_C_003_T0055,wavs_synthetic_crossspeaker/XSPK_C_003_T0055.wav,C_003,Kapcsold ki a rádjót a nagyszobában.
XSPK_C_003_T0056,wavs_synthetic_crossspeaker/XSPK_C_003_T0056.wav,C_003,Válts csatornát a rádión a ki szobában
XSPK_C_003_T0057,wavs_synthetic_crossspeaker/XSPK_C_003_T0057.wav,C_003,Húzd föl a redőnyt a folyosón.
XSPK_C_003_T0058,wavs_synthetic_crossspeaker/XSPK_C_003_T0058.wav,C_003,Kisszobába kapcsold be a fűtést.
XSPK_C_003_T0059,wavs_synthetic_crossspeaker/XSPK_C_003_T0059.wav,C_003,Kapcsold ki légy szíves a konyhába a kenyérpirítót
XSPK_C_003_T0060,wavs_synthetic_crossspeaker/XSPK_C_003_T0060.wav,C_003,Kapcsold ki ne felejtsd el a szobába a ventillátort
XSPK_C_003_T0061,wavs_synthetic_crossspeaker/XSPK_C_003_T0061.wav,C_003,A szobában kapcsold ki a ventillátort
XSPK_C_003_T0062,wavs_synthetic_crossspeaker/XSPK_C_003_T0062.wav,C_003,Nagyszobába kapcsold be a számítógépet
XSPK_C_003_T0063,wavs_synthetic_crossspeaker/XSPK_C_003_T0063.wav,C_003,Kisszobában kapcsold be a fűtés.
XSPK_C_003_T0064,wavs_synthetic_crossspeaker/XSPK_C_003_T0064.wav,C_003,A nagyszobában kapcsold be a rádiot
XSPK_C_003_T0065,wavs_synthetic_crossspeaker/XSPK_C_003_T0065.wav,C_003,A kisszobában kapcsold be a porszívó
XSPK_C_003_T0066,wavs_synthetic_crossspeaker/XSPK_C_003_T0066.wav,C_003,Halkítsuk a tévét a nagyszobába
XSPK_C_003_T0067,wavs_synthetic_crossspeaker/XSPK_C_003_T0067.wav,C_003,Nagyszobába válcsatornát a rádión.
XSPK_C_003_T0068,wavs_synthetic_crossspeaker/XSPK_C_003_T0068.wav,C_003,Húzd le a redőnyt konyhában.
XSPK_C_003_T0069,wavs_synthetic_crossspeaker/XSPK_C_003_T0069.wav,C_003,A kisszobában vál csatornát a rádión.
XSPK_C_003_T0070,wavs_synthetic_crossspeaker/XSPK_C_003_T0070.wav,C_003,Bekapcsoltad a tévét
XSPK_C_003_T0071,wavs_synthetic_crossspeaker/XSPK_C_003_T0071.wav,C_003,Húzd fel a fűtés a nagyszobában.
XSPK_C_003_T0072,wavs_synthetic_crossspeaker/XSPK_C_003_T0072.wav,C_003,A tévét hangosítsd fel a folyosón
XSPK_C_003_T0073,wavs_synthetic_crossspeaker/XSPK_C_003_T0073.wav,C_003,A szobába zárd be az ablakot.
XSPK_C_003_T0074,wavs_synthetic_crossspeaker/XSPK_C_003_T0074.wav,C_003,A nagycobába nyisd ki az ajtót
XSPK_C_003_T0075,wavs_synthetic_crossspeaker/XSPK_C_003_T0075.wav,C_003,A folyosón nyüen a ümé.
XSPK_C_003_T0076,wavs_synthetic_crossspeaker/XSPK_C_003_T0076.wav,C_003,A fürdőszobában húzd le a redőnyt.
XSPK_C_003_T0077,wavs_synthetic_crossspeaker/XSPK_C_003_T0077.wav,C_003,Csukd be az ajtót a kisszobába
XSPK_C_003_T0078,wavs_synthetic_crossspeaker/XSPK_C_003_T0078.wav,C_003,Kisszobában kapcsold ki a porszívót
XSPK_C_003_T0079,wavs_synthetic_crossspeaker/XSPK_C_003_T0079.wav,C_003,A kisszobába kapcsold ki a számítógépe
XSPK_C_003_T0080,wavs_synthetic_crossspeaker/XSPK_C_003_T0080.wav,C_003,Kapcsoljuk le a szobában a villanyt
XSPK_C_003_T0081,wavs_synthetic_crossspeaker/XSPK_C_003_T0081.wav,C_003,Kapcsold ki a fűtést a szobába
XSPK_C_003_T0082,wavs_synthetic_crossspeaker/XSPK_C_003_T0082.wav,C_003,Válcs latornát a rádijón a kisszobába.
XSPK_C_003_T0083,wavs_synthetic_crossspeaker/XSPK_C_003_T0083.wav,C_003,A szobába kapcsold be a ventilátort.
XSPK_C_003_T0084,wavs_synthetic_crossspeaker/XSPK_C_003_T0084.wav,C_003,Kapcsold be a ventillatort a szobaban
XSPK_C_003_T0085,wavs_synthetic_crossspeaker/XSPK_C_003_T0085.wav,C_003,Konyhában kapcsold be a porszívót.
XSPK_C_003_T0086,wavs_synthetic_crossspeaker/XSPK_C_003_T0086.wav,C_003,Kapcsold fel a szobában a villanyt
XSPK_C_003_T0087,wavs_synthetic_crossspeaker/XSPK_C_003_T0087.wav,C_003,Csukd be a kisszoba ablakot
XSPK_C_003_T0088,wavs_synthetic_crossspeaker/XSPK_C_003_T0088.wav,C_003,A nagycobába válcs csatornát a rádión.
XSPK_C_003_T0089,wavs_synthetic_crossspeaker/XSPK_C_003_T0089.wav,C_003,A fojjosón kapcsold le a villanyt.
XSPK_C_003_T0090,wavs_synthetic_crossspeaker/XSPK_C_003_T0090.wav,C_003,A konyhába kapcsold be a ventilátort.
XSPK_C_003_T0091,wavs_synthetic_crossspeaker/XSPK_C_003_T0091.wav,C_003,Kapcsold ki a rádi nagyszobába
XSPK_C_003_T0092,wavs_synthetic_crossspeaker/XSPK_C_003_T0092.wav,C_003,A szobában válts csatornát a tévén
XSPK_C_003_T0093,wavs_synthetic_crossspeaker/XSPK_C_003_T0093.wav,C_003,A nagyszobában koptolt ki a számítógépe.
XSPK_C_003_T0094,wavs_synthetic_crossspeaker/XSPK_C_003_T0094.wav,C_003,Nagyszobában húzd fel a radiátort
XSPK_C_003_T0095,wavs_synthetic_crossspeaker/XSPK_C_003_T0095.wav,C_003,Kisszobába hőzd be a függöny
XSPK_C_003_T0096,wavs_synthetic_crossspeaker/XSPK_C_003_T0096.wav,C_003,A fürdőszobában kapcsold be hatvan fokon a mosógépet
XSPK_C_003_T0097,wavs_synthetic_crossspeaker/XSPK_C_003_T0097.wav,C_003,Szobában vedd lejjebb a radiátort
XSPK_C_003_T0098,wavs_synthetic_crossspeaker/XSPK_C_003_T0098.wav,C_003,Engedd le a redőnyt a nagycobában
XSPK_C_003_T0099,wavs_synthetic_crossspeaker/XSPK_C_003_T0099.wav,C_003,A konyhában húzd le a fűtést.
XSPK_C_003_T0100,wavs_synthetic_crossspeaker/XSPK_C_003_T0100.wav,C_003,Kapkapnyold ki a porszivót a szobába.
XSPK_C_003_T0101,wavs_synthetic_crossspeaker/XSPK_C_003_T0101.wav,C_003,A konyhában kapcsold ki a pirítót
XSPK_C_003_T0102,wavs_synthetic_crossspeaker/XSPK_C_003_T0102.wav,C_003,Kisszobába is kapcsold be a ventillátort
XSPK_C_003_T0103,wavs_synthetic_crossspeaker/XSPK_C_003_T0103.wav,C_003,Nyisd ki az abrakot a kisszobában
XSPK_C_003_T0104,wavs_synthetic_crossspeaker/XSPK_C_003_T0104.wav,C_003,Számítógép kis szobában be
XSPK_C_003_T0105,wavs_synthetic_crossspeaker/XSPK_C_003_T0105.wav,C_003,Zárd be az ajtót a konyha kisszobába
XSPK_C_003_T0106,wavs_synthetic_crossspeaker/XSPK_C_003_T0106.wav,C_003,Húzd fel a redőnyt a konyhában
XSPK_C_003_T0107,wavs_synthetic_crossspeaker/XSPK_C_003_T0107.wav,C_003,Kapcsold ki á fűtést a szobában.
XSPK_C_003_T0108,wavs_synthetic_crossspeaker/XSPK_C_003_T0108.wav,C_003,Müerszobában hu húzd be a függönyt
XSPK_C_003_T0109,wavs_synthetic_crossspeaker/XSPK_C_003_T0109.wav,C_003,Kapcsold ki a rádiót a fühldőszobába
XSPK_C_003_T0110,wavs_synthetic_crossspeaker/XSPK_C_003_T0110.wav,C_003,Kapcsold le a lámpát a szobába.
XSPK_C_003_T0111,wavs_synthetic_crossspeaker/XSPK_C_003_T0111.wav,C_003,A nagyszobába kapcsold ki a vnetilátort
XSPK_C_003_T0112,wavs_synthetic_crossspeaker/XSPK_C_003_T0112.wav,C_003,Kisszobában kapcsold feljebb a fűtést
XSPK_C_003_T0113,wavs_synthetic_crossspeaker/XSPK_C_003_T0113.wav,C_003,Kapcsold le a villanyt a szobába.
XSPK_C_003_T0114,wavs_synthetic_crossspeaker/XSPK_C_003_T0114.wav,C_003,Folyosón kapcsold ki a fűtést
XSPK_C_003_T0115,wavs_synthetic_crossspeaker/XSPK_C_003_T0115.wav,C_003,Engedd le a fürdőszobai redőnyt
XSPK_C_003_T0116,wavs_synthetic_crossspeaker/XSPK_C_003_T0116.wav,C_003,Fürdőszobában zárd be az ajtót.
XSPK_C_003_T0117,wavs_synthetic_crossspeaker/XSPK_C_003_T0117.wav,C_003,Nagyszobában kapcsold lejjebb a fűtést
XSPK_C_003_T0118,wavs_synthetic_crossspeaker/XSPK_C_003_T0118.wav,C_003,Konyhába kapcsold be a sütőt
XSPK_C_003_T0119,wavs_synthetic_crossspeaker/XSPK_C_003_T0119.wav,C_003,Csendesícsd le a tévét a konyhában.
XSPK_C_003_T0120,wavs_synthetic_crossspeaker/XSPK_C_003_T0120.wav,C_003,Fürdőszobában kapcsold ki a porszívót
XSPK_C_003_T0121,wavs_synthetic_crossspeaker/XSPK_C_003_T0121.wav,C_003,Kapcsold ki a ventilátort a fürdőszobában
XSPK_C_003_T0122,wavs_synthetic_crossspeaker/XSPK_C_003_T0122.wav,C_003,A kisszobában a tévén válts csatornát
XSPK_C_003_T0123,wavs_synthetic_crossspeaker/XSPK_C_003_T0123.wav,C_003,Hangosícsd fel a sz tévét a kisszobába.
XSPK_C_003_T0124,wavs_synthetic_crossspeaker/XSPK_C_003_T0124.wav,C_003,Bekapcsoljuk a pirítógépet a konyhába
XSPK_C_003_T0125,wavs_synthetic_crossspeaker/XSPK_C_003_T0125.wav,C_003,Fürdőszobában engedd le a redőnyt
XSPK_C_003_T0126,wavs_synthetic_crossspeaker/XSPK_C_003_T0126.wav,C_003,Húzd le a redőnyöket a naccobában
XSPK_C_003_T0127,wavs_synthetic_crossspeaker/XSPK_C_003_T0127.wav,C_003,Húzd fel a szobai redőnyt
XSPK_C_003_T0128,wavs_synthetic_crossspeaker/XSPK_C_003_T0128.wav,C_003,Nyissák meg az ablakot a kisszobába
XSPK_C_003_T0129,wavs_synthetic_crossspeaker/XSPK_C_003_T0129.wav,C_003,A kisszobában hangosítsd a tévét.
XSPK_C_003_T0130,wavs_synthetic_crossspeaker/XSPK_C_003_T0130.wav,C_003,A konyhában nyiss ki az ablakot.
XSPK_C_003_T0131,wavs_synthetic_crossspeaker/XSPK_C_003_T0131.wav,C_003,A nagyszobaba kapcsold be a redőt
XSPK_C_003_T0132,wavs_synthetic_crossspeaker/XSPK_C_003_T0132.wav,C_003,Angosítsd fel a szobában a tévét
XSPK_C_003_T0133,wavs_synthetic_crossspeaker/XSPK_C_003_T0133.wav,C_003,Kapcsold be a tévét a nagyszobában
XSPK_C_003_T0134,wavs_synthetic_crossspeaker/XSPK_C_003_T0134.wav,C_003,A nagyszobai számítógépet kapcsold be kérlek
XSPK_C_003_T0135,wavs_synthetic_crossspeaker/XSPK_C_003_T0135.wav,C_003,A szobában kapcsold ki a ventilátort
XSPK_C_003_T0136,wavs_synthetic_crossspeaker/XSPK_C_003_T0136.wav,C_003,A kisszobaban huzd le a redöny
XSPK_C_003_T0137,wavs_synthetic_crossspeaker/XSPK_C_003_T0137.wav,C_003,Kapcsold ki a fűtést folyosón
XSPK_C_003_T0138,wavs_synthetic_crossspeaker/XSPK_C_003_T0138.wav,C_003,Kapcsold föl a fűtést a konyhában
XSPK_C_003_T0139,wavs_synthetic_crossspeaker/XSPK_C_003_T0139.wav,C_003,Húzd le a redőnt a kisszobában.
XSPK_C_003_T0140,wavs_synthetic_crossspeaker/XSPK_C_003_T0140.wav,C_003,Porszivó kisz kiszoban
XSPK_C_003_T0141,wavs_synthetic_crossspeaker/XSPK_C_003_T0141.wav,C_003,Kisszobába kapcsold be a számítógépet
XSPK_C_003_T0142,wavs_synthetic_crossspeaker/XSPK_C_003_T0142.wav,C_003,Kapcsold ki a hőmérsékletet a folyosón
XSPK_C_003_T0143,wavs_synthetic_crossspeaker/XSPK_C_003_T0143.wav,C_003,A kapcsold ki a ventilátort a szobában
XSPK_C_003_T0144,wavs_synthetic_crossspeaker/XSPK_C_003_T0144.wav,C_003,A szobában kapcsodl be a ventillátort
XSPK_C_003_T0145,wavs_synthetic_crossspeaker/XSPK_C_003_T0145.wav,C_003,Kapcsold ki a porszivót a kisszobába.
XSPK_C_003_T0146,wavs_synthetic_crossspeaker/XSPK_C_003_T0146.wav,C_003,Kapcsold be a ventilátort a nagy nagyszobába
XSPK_C_003_T0147,wavs_synthetic_crossspeaker/XSPK_C_003_T0147.wav,C_003,Váltsál csatornát a konyhába a tévén
XSPK_C_003_T0148,wavs_synthetic_crossspeaker/XSPK_C_003_T0148.wav,C_003,A folyosón kapcsold ki a fűtést
XSPK_C_003_T0149,wavs_synthetic_crossspeaker/XSPK_C_003_T0149.wav,C_003,Válcs rá a rádión a nagyszobába csatornát.
XSPK_C_003_T0150,wavs_synthetic_crossspeaker/XSPK_C_003_T0150.wav,C_003,Kapcsold be a számítógépet a nagyszobába.
XSPK_C_003_T0151,wavs_synthetic_crossspeaker/XSPK_C_003_T0151.wav,C_003,Kisszobában nyisd ki az ajtót
XSPK_C_003_T0152,wavs_synthetic_crossspeaker/XSPK_C_003_T0152.wav,C_003,A fojjosón nyisd ki az ajtót.
XSPK_C_003_T0153,wavs_synthetic_crossspeaker/XSPK_C_003_T0153.wav,C_003,Kapcsold be a fütést a konyhában.
XSPK_C_003_T0154,wavs_synthetic_crossspeaker/XSPK_C_003_T0154.wav,C_003,Hívd fel a szomszédom
XSPK_C_003_T0155,wavs_synthetic_crossspeaker/XSPK_C_003_T0155.wav,C_003,Kapcsold be a ventilátort a szobába
XSPK_C_003_T0156,wavs_synthetic_crossspeaker/XSPK_C_003_T0156.wav,C_003,Kapcsold ki a pirítós a konyhában
XSPK_C_003_T0157,wavs_synthetic_crossspeaker/XSPK_C_003_T0157.wav,C_003,Nyissuk ki az ablakot a folyosón
XSPK_C_003_T0158,wavs_synthetic_crossspeaker/XSPK_C_003_T0158.wav,C_003,Szobába halkítsd le a tévét
XSPK_C_003_T0159,wavs_synthetic_crossspeaker/XSPK_C_003_T0159.wav,C_003,Állícsd a mosógépet harminc fokra a konyhában.
XSPK_C_003_T0160,wavs_synthetic_crossspeaker/XSPK_C_003_T0160.wav,C_003,A szobábaö kapcsold fel a világítás.
XSPK_C_003_T0161,wavs_synthetic_crossspeaker/XSPK_C_003_T0161.wav,C_003,Konyhába kapcsoljuk be a rádiót
XSPK_C_003_T0162,wavs_synthetic_crossspeaker/XSPK_C_003_T0162.wav,C_003,A szobában zárd az ajtót
XSPK_C_003_T0163,wavs_synthetic_crossspeaker/XSPK_C_003_T0163.wav,C_003,Fürdőszobában húzd sz szét a függönyt
XSPK_C_003_T0164,wavs_synthetic_crossspeaker/XSPK_C_003_T0164.wav,C_003,Kapcsold ki a ventillátor a fojjosón.
XSPK_C_003_T0165,wavs_synthetic_crossspeaker/XSPK_C_003_T0165.wav,C_003,Konyhába kapcsold fela villanyt
XSPK_C_003_T0166,wavs_synthetic_crossspeaker/XSPK_C_003_T0166.wav,C_003,A führdőszobában kapcsold be a mosógépet harminc fokon
XSPK_C_003_T0167,wavs_synthetic_crossspeaker/XSPK_C_003_T0167.wav,C_003,Kapcsold be a ventilátort a kisszobában.
XSPK_C_003_T0168,wavs_synthetic_crossspeaker/XSPK_C_003_T0168.wav,C_003,Húzd le a redőnyöket nagyszobában
XSPK_C_003_T0169,wavs_synthetic_crossspeaker/XSPK_C_003_T0169.wav,C_003,Kapcsold fel a villanyt kisszobában
XSPK_C_003_T0170,wavs_synthetic_crossspeaker/XSPK_C_003_T0170.wav,C_003,A nagyszobában húzd be a függönyt.
XSPK_C_003_T0171,wavs_synthetic_crossspeaker/XSPK_C_003_T0171.wav,C_003,Kisszobába kapcsold ki a porszívót
XSPK_C_003_T0172,wavs_synthetic_crossspeaker/XSPK_C_003_T0172.wav,C_003,A konyhában kapcsold be a rádiót
XSPK_C_003_T0173,wavs_synthetic_crossspeaker/XSPK_C_003_T0173.wav,C_003,Nyisd ki az ajtót a nagyszobába
XSPK_C_003_T0174,wavs_synthetic_crossspeaker/XSPK_C_003_T0174.wav,C_003,A folyosón zárjuk be az ablakot
XSPK_C_003_T0175,wavs_synthetic_crossspeaker/XSPK_C_003_T0175.wav,C_003,Kapcsold be hatvan fokon a a mosógépet a fürdőszobában.
XSPK_C_003_T0176,wavs_synthetic_crossspeaker/XSPK_C_003_T0176.wav,C_003,Zárd be az ablakot a nagycobában
XSPK_C_003_T0177,wavs_synthetic_crossspeaker/XSPK_C_003_T0177.wav,C_003,Vedd lejjebb a fűtést a fürdőszobába
XSPK_C_003_T0178,wavs_synthetic_crossspeaker/XSPK_C_003_T0178.wav,C_003,A folyosón üsd ki az ablakot.
XSPK_C_003_T0179,wavs_synthetic_crossspeaker/XSPK_C_003_T0179.wav,C_003,A kisszobában indítsd el légy szíves a porszívót
XSPK_C_003_T0180,wavs_synthetic_crossspeaker/XSPK_C_003_T0180.wav,C_003,Kapcsold ki a rádiót a nagyszobában
XSPK_C_003_T0181,wavs_synthetic_crossspeaker/XSPK_C_003_T0181.wav,C_003,A konyhában kapcsold ki a vízmelegítőt.
XSPK_C_003_T0182,wavs_synthetic_crossspeaker/XSPK_C_003_T0182.wav,C_003,Kisszoba ablakát nyisd ki légy szíves
XSPK_C_003_T0183,wavs_synthetic_crossspeaker/XSPK_C_003_T0183.wav,C_003,A porszívót kapcsold ki a fürdőszobába
XSPK_C_003_T0184,wavs_synthetic_crossspeaker/XSPK_C_003_T0184.wav,C_003,Folyosón kapcsold le a lámpát.
XSPK_C_003_T0185,wavs_synthetic_crossspeaker/XSPK_C_003_T0185.wav,C_003,Húzd le a fűtést a szobába.
XSPK_C_003_T0186,wavs_synthetic_crossspeaker/XSPK_C_003_T0186.wav,C_003,A szobában kapcsold ki a fűtés
XSPK_C_003_T0187,wavs_synthetic_crossspeaker/XSPK_C_003_T0187.wav,C_003,Kapcsoljuk ki a fűtést a nagyszobába
XSPK_C_003_T0188,wavs_synthetic_crossspeaker/XSPK_C_003_T0188.wav,C_003,Húzd le a fűtést a nagyszobába
XSPK_C_003_T0189,wavs_synthetic_crossspeaker/XSPK_C_003_T0189.wav,C_003,Húzd szép a függönyt a fürdőszobában
XSPK_C_003_T0190,wavs_synthetic_crossspeaker/XSPK_C_003_T0190.wav,C_003,Füté fel konya
XSPK_C_003_T0191,wavs_synthetic_crossspeaker/XSPK_C_003_T0191.wav,C_003,Kapcsold ki a porszívót a kiszobában.
XSPK_C_003_T0192,wavs_synthetic_crossspeaker/XSPK_C_003_T0192.wav,C_003,Folyoson kapcsolj le a villanyt
XSPK_C_003_T0193,wavs_synthetic_crossspeaker/XSPK_C_003_T0193.wav,C_003,A kisszobában húzd fel a redőnyt.
XSPK_C_003_T0194,wavs_synthetic_crossspeaker/XSPK_C_003_T0194.wav,C_003,Kisszobába vegyük le a tévéhangot
XSPK_C_003_T0195,wavs_synthetic_crossspeaker/XSPK_C_003_T0195.wav,C_003,A folyosón kapcsold föl a villanyt.
XSPK_C_003_T0196,wavs_synthetic_crossspeaker/XSPK_C_003_T0196.wav,C_003,Nyissuk ki az ajtót a fürdőszobában
XSPK_C_003_T0197,wavs_synthetic_crossspeaker/XSPK_C_003_T0197.wav,C_003,A fürdőszobában kapcsold ki a porszívó
XSPK_C_003_T0198,wavs_synthetic_crossspeaker/XSPK_C_003_T0198.wav,C_003,Kapcsold be a forszívót a kisszobában
XSPK_C_003_T0199,wavs_synthetic_crossspeaker/XSPK_C_003_T0199.wav,C_003,A tévét a kisszobába hangosítsd fel
XSPK_C_003_T0200,wavs_synthetic_crossspeaker/XSPK_C_003_T0200.wav,C_003,A kisszobába húzd fel a redőnyt
XSPK_C_003_T0201,wavs_synthetic_crossspeaker/XSPK_C_003_T0201.wav,C_003,A fürdőszobába vedd lejjebb a radiátort
XSPK_C_003_T0202,wavs_synthetic_crossspeaker/XSPK_C_003_T0202.wav,C_003,A fürdőszobaban kapcsold be a hűttő.
XSPK_C_003_T0203,wavs_synthetic_crossspeaker/XSPK_C_003_T0203.wav,C_003,A szobában  tárd be az ajtót
XSPK_C_003_T0204,wavs_synthetic_crossspeaker/XSPK_C_003_T0204.wav,C_003,A folyosón kapcsold ki a porszívót.
XSPK_C_003_T0205,wavs_synthetic_crossspeaker/XSPK_C_003_T0205.wav,C_003,A nagyszobai radiátort vedd föl légy szíves
XSPK_C_003_T0206,wavs_synthetic_crossspeaker/XSPK_C_003_T0206.wav,C_003,Csendesícsd a tévét a nagyszobába.
XSPK_C_003_T0207,wavs_synthetic_crossspeaker/XSPK_C_003_T0207.wav,C_003,A konyhában kapcsold be a pirivasalót.
XSPK_C_003_T0208,wavs_synthetic_crossspeaker/XSPK_C_003_T0208.wav,C_003,Kisszobában kapcsold be a nagy számítógépet
XSPK_C_003_T0209,wavs_synthetic_crossspeaker/XSPK_C_003_T0209.wav,C_003,A konyhában a rádión válts csatornát
XSPK_C_004_T0000,wavs_synthetic_crossspeaker/XSPK_C_004_T0000.wav,C_004,Vedd lejjebb a fűtést a folyosón
XSPK_C_004_T0001,wavs_synthetic_crossspeaker/XSPK_C_004_T0001.wav,C_004,A szobában nyisd ki ajtót.
XSPK_C_004_T0002,wavs_synthetic_crossspeaker/XSPK_C_004_T0002.wav,C_004,Kisszoba ajtaját zárd már be
XSPK_C_004_T0003,wavs_synthetic_crossspeaker/XSPK_C_004_T0003.wav,C_004,Folyosói függönyt húzd be
XSPK_C_004_T0004,wavs_synthetic_crossspeaker/XSPK_C_004_T0004.wav,C_004,Kapcsold be a porszívót a nagyszobaban.
XSPK_C_004_T0005,wavs_synthetic_crossspeaker/XSPK_C_004_T0005.wav,C_004,A nagyszobában húzd le a fűtést.
XSPK_C_004_T0006,wavs_synthetic_crossspeaker/XSPK_C_004_T0006.wav,C_004,Úzd lejjebb a konyhában a radiátor
XSPK_C_004_T0007,wavs_synthetic_crossspeaker/XSPK_C_004_T0007.wav,C_004,A konyhában a fűtést kapcsold be
XSPK_C_004_T0008,wavs_synthetic_crossspeaker/XSPK_C_004_T0008.wav,C_004,A nagyszobában ah kapcsold ki a velindátort
XSPK_C_004_T0009,wavs_synthetic_crossspeaker/XSPK_C_004_T0009.wav,C_004,Húzd fel a fűtést a fürdőszobában.
XSPK_C_004_T0010,wavs_synthetic_crossspeaker/XSPK_C_004_T0010.wav,C_004,A konyhába kapcsold fel a villanyt.
XSPK_C_004_T0011,wavs_synthetic_crossspeaker/XSPK_C_004_T0011.wav,C_004,Válts csatornát a nagyszobába
XSPK_C_004_T0012,wavs_synthetic_crossspeaker/XSPK_C_004_T0012.wav,C_004,A folyosón vál csatornát a rádión.
XSPK_C_004_T0013,wavs_synthetic_crossspeaker/XSPK_C_004_T0013.wav,C_004,Húzd fel a fűtést a konyhában.
XSPK_C_004_T0014,wavs_synthetic_crossspeaker/XSPK_C_004_T0014.wav,C_004,Válcs totornát a rádión a folyosón.
XSPK_C_004_T0015,wavs_synthetic_crossspeaker/XSPK_C_004_T0015.wav,C_004,Kapcsold be a rádiót a nagyszobában
XSPK_C_004_T0016,wavs_synthetic_crossspeaker/XSPK_C_004_T0016.wav,C_004,Kapcsold be légyszi a termosztátot a konyhá konyhába
XSPK_C_004_T0017,wavs_synthetic_crossspeaker/XSPK_C_004_T0017.wav,C_004,A szobába kapnyold ki a porszivó.
XSPK_C_004_T0018,wavs_synthetic_crossspeaker/XSPK_C_004_T0018.wav,C_004,A kisszobába vedd lejjebb a radiátort
XSPK_C_004_T0019,wavs_synthetic_crossspeaker/XSPK_C_004_T0019.wav,C_004,Zárd be az ablakot a nasszobába
XSPK_C_004_T0020,wavs_synthetic_crossspeaker/XSPK_C_004_T0020.wav,C_004,Csendesítsd a televíziót a folyosón.
XSPK_C_004_T0021,wavs_synthetic_crossspeaker/XSPK_C_004_T0021.wav,C_004,A konyhába húz le a fűtést
XSPK_C_004_T0022,wavs_synthetic_crossspeaker/XSPK_C_004_T0022.wav,C_004,Húz szét a függönyt a folyosón
XSPK_C_004_T0023,wavs_synthetic_crossspeaker/XSPK_C_004_T0023.wav,C_004,Zárjuk be az ablakot a konyhába
XSPK_C_004_T0024,wavs_synthetic_crossspeaker/XSPK_C_004_T0024.wav,C_004,A konyhában húzd fel a törlőt.
XSPK_C_004_T0025,wavs_synthetic_crossspeaker/XSPK_C_004_T0025.wav,C_004,Vedd lejjebb a radiátort a szobában
XSPK_C_004_T0026,wavs_synthetic_crossspeaker/XSPK_C_004_T0026.wav,C_004,A fürdőszobába zárd az ajtót
XSPK_C_004_T0027,wavs_synthetic_crossspeaker/XSPK_C_004_T0027.wav,C_004,Kapcold ki a sütőt a konyhába
XSPK_C_004_T0028,wavs_synthetic_crossspeaker/XSPK_C_004_T0028.wav,C_004,Nyisd ki az ajtó a kisszobában
XSPK_C_004_T0029,wavs_synthetic_crossspeaker/XSPK_C_004_T0029.wav,C_004,Kapcsold ki a rádiót a folyoson
XSPK_C_004_T0030,wavs_synthetic_crossspeaker/XSPK_C_004_T0030.wav,C_004,Kapcsold be a radiátort a fürdőszobában
XSPK_C_004_T0031,wavs_synthetic_crossspeaker/XSPK_C_004_T0031.wav,C_004,A kisszobába húzd fel a fűtést
XSPK_C_004_T0032,wavs_synthetic_crossspeaker/XSPK_C_004_T0032.wav,C_004,Magasabb fokra kapcsoldjuk a fűtést a folyosón
XSPK_C_004_T0033,wavs_synthetic_crossspeaker/XSPK_C_004_T0033.wav,C_004,Húzd szét a függönyt a szobában
XSPK_C_004_T0034,wavs_synthetic_crossspeaker/XSPK_C_004_T0034.wav,C_004,A folyosón hangosítsd a televíziót.
XSPK_C_004_T0035,wavs_synthetic_crossspeaker/XSPK_C_004_T0035.wav,C_004,Kapcsold ki a mosogatógépet a konyhábán.
XSPK_C_004_T0036,wavs_synthetic_crossspeaker/XSPK_C_004_T0036.wav,C_004,Konyhába kapcsold ki a szütőt
XSPK_C_004_T0037,wavs_synthetic_crossspeaker/XSPK_C_004_T0037.wav,C_004,A konyhába kapcsold be a mosógépet és állítsd hatvan harminc fokra
XSPK_C_004_T0038,wavs_synthetic_crossspeaker/XSPK_C_004_T0038.wav,C_004,Kapcsold ki a számítógépet a kisszobában
XSPK_C_004_T0039,wavs_synthetic_crossspeaker/XSPK_C_004_T0039.wav,C_004,Kapcsold be a mosógépet harminc fokon a nagy a konyhában
XSPK_C_004_T0040,wavs_synthetic_crossspeaker/XSPK_C_004_T0040.wav,C_004,Kapkapnyold ki a porszivót a szobába.
XSPK_C_004_T0041,wavs_synthetic_crossspeaker/XSPK_C_004_T0041.wav,C_004,A nagyszobaban nyisd ki az ablakot
XSPK_C_004_T0042,wavs_synthetic_crossspeaker/XSPK_C_004_T0042.wav,C_004,Kapcsold ki a tévét a foly folyosón
XSPK_C_004_T0043,wavs_synthetic_crossspeaker/XSPK_C_004_T0043.wav,C_004,A nagyszobában kapcsold ki a ventilátort
XSPK_C_004_T0044,wavs_synthetic_crossspeaker/XSPK_C_004_T0044.wav,C_004,Nagyszobában kapcsold be a ventilátort
XSPK_C_004_T0045,wavs_synthetic_crossspeaker/XSPK_C_004_T0045.wav,C_004,Fürdőszobába kapcsold le a villanyt
XSPK_C_004_T0046,wavs_synthetic_crossspeaker/XSPK_C_004_T0046.wav,C_004,Nyiss ki az ajtót a fürdőszobában.
XSPK_C_004_T0047,wavs_synthetic_crossspeaker/XSPK_C_004_T0047.wav,C_004,Konyhába csatornát váltunk a televízión
XSPK_C_004_T0048,wavs_synthetic_crossspeaker/XSPK_C_004_T0048.wav,C_004,Kisszoba ajtaját zárd be kérlek
XSPK_C_004_T0049,wavs_synthetic_crossspeaker/XSPK_C_004_T0049.wav,C_004,Kapcsold ki a tévét a folyoson
XSPK_C_004_T0050,wavs_synthetic_crossspeaker/XSPK_C_004_T0050.wav,C_004,Zárd be az ablakot a szobába.
XSPK_C_004_T0051,wavs_synthetic_crossspeaker/XSPK_C_004_T0051.wav,C_004,Fürdőszobába kapcsold ki a fűtést
XSPK_C_004_T0052,wavs_synthetic_crossspeaker/XSPK_C_004_T0052.wav,C_004,Húzd föl a redőnyt a folyosón.
XSPK_C_004_T0053,wavs_synthetic_crossspeaker/XSPK_C_004_T0053.wav,C_004,Csukd be a nagyszoba ablakát
XSPK_C_004_T0054,wavs_synthetic_crossspeaker/XSPK_C_004_T0054.wav,C_004,A kisszobában kapcsold be a számítógépet.
XSPK_C_004_T0055,wavs_synthetic_crossspeaker/XSPK_C_004_T0055.wav,C_004,Főcsapot zárjuk el és kapcsoljuk ki a gáztűzhelyet
XSPK_C_004_T0056,wavs_synthetic_crossspeaker/XSPK_C_004_T0056.wav,C_004,Kapcsold le a villanyfölkapcsolót a kisszobába
XSPK_C_004_T0057,wavs_synthetic_crossspeaker/XSPK_C_004_T0057.wav,C_004,Csendesítsd a tévét a fürdőszobában.
XSPK_C_004_T0058,wavs_synthetic_crossspeaker/XSPK_C_004_T0058.wav,C_004,Kisszob csatornát váltunk a televízión
XSPK_C_004_T0059,wavs_synthetic_crossspeaker/XSPK_C_004_T0059.wav,C_004,Vál csatornát a tévén a folyosón.
XSPK_C_004_T0060,wavs_synthetic_crossspeaker/XSPK_C_004_T0060.wav,C_004,Kapcsold be a számítógéget számítógépet a szobában
XSPK_C_004_T0061,wavs_synthetic_crossspeaker/XSPK_C_004_T0061.wav,C_004,Húzd le a redőnyöket a szobába
XSPK_C_004_T0062,wavs_synthetic_crossspeaker/XSPK_C_004_T0062.wav,C_004,A fühldőszobában kapcsold be a mosógépet hatvan fokon
XSPK_C_004_T0063,wavs_synthetic_crossspeaker/XSPK_C_004_T0063.wav,C_004,Konyhában húzd be a függöny
XSPK_C_004_T0064,wavs_synthetic_crossspeaker/XSPK_C_004_T0064.wav,C_004,Húzd le a fütést a szobábán.
XSPK_C_004_T0065,wavs_synthetic_crossspeaker/XSPK_C_004_T0065.wav,C_004,A polyosón pedig kapcsold ki
XSPK_C_004_T0066,wavs_synthetic_crossspeaker/XSPK_C_004_T0066.wav,C_004,Konyhába kapcsold be a tűzhelyet.
XSPK_C_004_T0067,wavs_synthetic_crossspeaker/XSPK_C_004_T0067.wav,C_004,A szobában kapcsold be a ventillátor
XSPK_C_004_T0068,wavs_synthetic_crossspeaker/XSPK_C_004_T0068.wav,C_004,Kapcsold be a fűtést a szobában
XSPK_C_004_T0069,wavs_synthetic_crossspeaker/XSPK_C_004_T0069.wav,C_004,Folyosón húzd le a fűtést.
XSPK_C_004_T0070,wavs_synthetic_crossspeaker/XSPK_C_004_T0070.wav,C_004,Húzd szét a függönyt a nagycobában
XSPK_C_004_T0071,wavs_synthetic_crossspeaker/XSPK_C_004_T0071.wav,C_004,Halkasítsd le a tévét a fürdőszobába
XSPK_C_004_T0072,wavs_synthetic_crossspeaker/XSPK_C_004_T0072.wav,C_004,Zárd be az ajtót a konyában
XSPK_C_004_T0073,wavs_synthetic_crossspeaker/XSPK_C_004_T0073.wav,C_004,Fürdőszobában kapcsold lejjebb a fűtést
XSPK_C_004_T0074,wavs_synthetic_crossspeaker/XSPK_C_004_T0074.wav,C_004,Szobában kapcsold föl a villanyt.
XSPK_C_004_T0075,wavs_synthetic_crossspeaker/XSPK_C_004_T0075.wav,C_004,A folyosóban zárjuk be az ablakot
XSPK_C_004_T0076,wavs_synthetic_crossspeaker/XSPK_C_004_T0076.wav,C_004,Nagyszobába vedd fel a radiát
XSPK_C_004_T0077,wavs_synthetic_crossspeaker/XSPK_C_004_T0077.wav,C_004,A szobai redőnyt húzd fel
XSPK_C_004_T0078,wavs_synthetic_crossspeaker/XSPK_C_004_T0078.wav,C_004,A kisszobában kapcsold be a radiátor
XSPK_C_004_T0079,wavs_synthetic_crossspeaker/XSPK_C_004_T0079.wav,C_004,Csendesíd a tévét a szobában.
XSPK_C_004_T0080,wavs_synthetic_crossspeaker/XSPK_C_004_T0080.wav,C_004,Kapcsold fel a világítást a nagyszobában.
XSPK_C_004_T0081,wavs_synthetic_crossspeaker/XSPK_C_004_T0081.wav,C_004,Konyhába kapcsold fel a villanyt
XSPK_C_004_T0082,wavs_synthetic_crossspeaker/XSPK_C_004_T0082.wav,C_004,Szobában kapcsold be a számítlépet.
XSPK_C_004_T0083,wavs_synthetic_crossspeaker/XSPK_C_004_T0083.wav,C_004,Csendesícsd a tévét a szobában.
XSPK_C_004_T0084,wavs_synthetic_crossspeaker/XSPK_C_004_T0084.wav,C_004,Kisszobában húzd le légy szíves a redőnyt
XSPK_C_004_T0085,wavs_synthetic_crossspeaker/XSPK_C_004_T0085.wav,C_004,Konyhába kapcsold ki a ventilátort
XSPK_C_004_T0086,wavs_synthetic_crossspeaker/XSPK_C_004_T0086.wav,C_004,Kapcsold le a konyhába a villanyt
XSPK_C_004_T0087,wavs_synthetic_crossspeaker/XSPK_C_004_T0087.wav,C_004,A folyosón kapcsold be a rádion
XSPK_C_004_T0088,wavs_synthetic_crossspeaker/XSPK_C_004_T0088.wav,C_004,A kisszobában nyisd ki az ablakot.
XSPK_C_004_T0089,wavs_synthetic_crossspeaker/XSPK_C_004_T0089.wav,C_004,Huzd fel a fűtést a szobába
XSPK_C_004_T0090,wavs_synthetic_crossspeaker/XSPK_C_004_T0090.wav,C_004,A szobában zárd az ajtót
XSPK_C_004_T0091,wavs_synthetic_crossspeaker/XSPK_C_004_T0091.wav,C_004,Kapcsold fel a villanyt a nagyszobába
XSPK_C_004_T0092,wavs_synthetic_crossspeaker/XSPK_C_004_T0092.wav,C_004,Csendesítsd a televíziót a szobában.
XSPK_C_004_T0093,wavs_synthetic_crossspeaker/XSPK_C_004_T0093.wav,C_004,Húzd be a függönyt a na a fürdőszobába
XSPK_C_004_T0094,wavs_synthetic_crossspeaker/XSPK_C_004_T0094.wav,C_004,Válts csatornát a tévén a nagycobában
XSPK_C_004_T0095,wavs_synthetic_crossspeaker/XSPK_C_004_T0095.wav,C_004,Kapcsold be a porszívót a szobába.
XSPK_C_004_T0096,wavs_synthetic_crossspeaker/XSPK_C_004_T0096.wav,C_004,Kisszobába vedd lejjebb a tévét
XSPK_C_004_T0097,wavs_synthetic_crossspeaker/XSPK_C_004_T0097.wav,C_004,Szobában hangosítsd föl a tévét
XSPK_C_004_T0098,wavs_synthetic_crossspeaker/XSPK_C_004_T0098.wav,C_004,Nyisd ki az ablakot a nszobában.
XSPK_C_004_T0099,wavs_synthetic_crossspeaker/XSPK_C_004_T0099.wav,C_004,Húzd össze a redőnyt a kisszobában
XSPK_C_004_T0100,wavs_synthetic_crossspeaker/XSPK_C_004_T0100.wav,C_004,Kapcsold ki a radiátort a folyoson
XSPK_C_004_T0101,wavs_synthetic_crossspeaker/XSPK_C_004_T0101.wav,C_004,Szobába kapcsold le a villanyt
XSPK_C_004_T0102,wavs_synthetic_crossspeaker/XSPK_C_004_T0102.wav,C_004,Húzd le a re redőnyt a folyosón
XSPK_C_004_T0103,wavs_synthetic_crossspeaker/XSPK_C_004_T0103.wav,C_004,Kapcsold be a fütést a kisszobába.
XSPK_C_004_T0104,wavs_synthetic_crossspeaker/XSPK_C_004_T0104.wav,C_004,Kapcsold le a villányt a fürdőszobábán.
XSPK_C_004_T0105,wavs_synthetic_crossspeaker/XSPK_C_004_T0105.wav,C_004,Fürdőszobába nyissuk ki az ajtót
XSPK_C_004_T0106,wavs_synthetic_crossspeaker/XSPK_C_004_T0106.wav,C_004,Húzd be a függönyt a nagyszobában
XSPK_C_004_T0107,wavs_synthetic_crossspeaker/XSPK_C_004_T0107.wav,C_004,Fel kell hangosítani a tévét a kisszobába
XSPK_C_004_T0108,wavs_synthetic_crossspeaker/XSPK_C_004_T0108.wav,C_004,A ventilátort a fürdőszobában kapcsold ki
XSPK_C_004_T0109,wavs_synthetic_crossspeaker/XSPK_C_004_T0109.wav,C_004,A konyhában húzd fel a redőnyt.
XSPK_C_004_T0110,wavs_synthetic_crossspeaker/XSPK_C_004_T0110.wav,C_004,A szobába hangosítsd le a tévét
XSPK_C_004_T0111,wavs_synthetic_crossspeaker/XSPK_C_004_T0111.wav,C_004,Húzd fel a redőnt a szobában.
XSPK_C_004_T0112,wavs_synthetic_crossspeaker/XSPK_C_004_T0112.wav,C_004,A konyhában húzd be a függöny.
XSPK_C_004_T0113,wavs_synthetic_crossspeaker/XSPK_C_004_T0113.wav,C_004,Nyisd ki az ajtót a szobába.
XSPK_C_004_T0114,wavs_synthetic_crossspeaker/XSPK_C_004_T0114.wav,C_004,A redőny húzd fel a kisszobában
XSPK_C_004_T0115,wavs_synthetic_crossspeaker/XSPK_C_004_T0115.wav,C_004,A szobáai függönyt húzd szét légy szíves
XSPK_C_004_T0116,wavs_synthetic_crossspeaker/XSPK_C_004_T0116.wav,C_004,A szobában kapcsold le a villan
XSPK_C_004_T0117,wavs_synthetic_crossspeaker/XSPK_C_004_T0117.wav,C_004,Konyhába hangosítsd fel a tévét
XSPK_C_004_T0118,wavs_synthetic_crossspeaker/XSPK_C_004_T0118.wav,C_004,Fürdőszobában nyisd k iaz ablakot
XSPK_C_004_T0119,wavs_synthetic_crossspeaker/XSPK_C_004_T0119.wav,C_004,Zárd be az ablakot a fü nagyszobába
XSPK_C_004_T0120,wavs_synthetic_crossspeaker/XSPK_C_004_T0120.wav,C_004,Nyiccsi az ajtót a folyosón.
XSPK_C_004_T0121,wavs_synthetic_crossspeaker/XSPK_C_004_T0121.wav,C_004,Zárd be az ajtót a nagyszobában.
XSPK_C_004_T0122,wavs_synthetic_crossspeaker/XSPK_C_004_T0122.wav,C_004,Halkítsd le a tévét a szobába
XSPK_C_004_T0123,wavs_synthetic_crossspeaker/XSPK_C_004_T0123.wav,C_004,A konyhai rádión légy szíves csatornát váltani
XSPK_C_004_T0124,wavs_synthetic_crossspeaker/XSPK_C_004_T0124.wav,C_004,A szobába húzd le a radiátort
XSPK_C_004_T0125,wavs_synthetic_crossspeaker/XSPK_C_004_T0125.wav,C_004,Huzzunk szén a függöny a kisszobában
XSPK_C_004_T0126,wavs_synthetic_crossspeaker/XSPK_C_004_T0126.wav,C_004,A ventillátorokat a nagyszobába kapcsold be
XSPK_C_004_T0127,wavs_synthetic_crossspeaker/XSPK_C_004_T0127.wav,C_004,Kapcsold be a mosógépet a konyhába harminc fokos hatvan fokos hőmérséklet esetén
XSPK_C_004_T0128,wavs_synthetic_crossspeaker/XSPK_C_004_T0128.wav,C_004,A nagyszobában válts cs csatornát a rádión
XSPK_C_004_T0129,wavs_synthetic_crossspeaker/XSPK_C_004_T0129.wav,C_004,Húz szét a függönyt kia a kisszobában
XSPK_C_004_T0130,wavs_synthetic_crossspeaker/XSPK_C_004_T0130.wav,C_004,A folyosón húzd fel a redőny
XSPK_C_004_T0131,wavs_synthetic_crossspeaker/XSPK_C_004_T0131.wav,C_004,Nyisd ki az ajtót a fürdő szobában.
XSPK_C_004_T0132,wavs_synthetic_crossspeaker/XSPK_C_004_T0132.wav,C_004,A konyhában kapcsold be a mosógépet hatvan fokon.
XSPK_C_004_T0133,wavs_synthetic_crossspeaker/XSPK_C_004_T0133.wav,C_004,Fürdőszobában kapcsold be a porszívót
XSPK_C_004_T0134,wavs_synthetic_crossspeaker/XSPK_C_004_T0134.wav,C_004,A fürdőszobában húzd feljebb a radiátor
XSPK_C_004_T0135,wavs_synthetic_crossspeaker/XSPK_C_004_T0135.wav,C_004,A fürdőszobában kapcsold le a fűtés.
XSPK_C_004_T0136,wavs_synthetic_crossspeaker/XSPK_C_004_T0136.wav,C_004,Szobában hangosítsd föl a televíziót
XSPK_C_004_T0137,wavs_synthetic_crossspeaker/XSPK_C_004_T0137.wav,C_004,Hangosítsuk a tévét a fürdőszobába
XSPK_C_004_T0138,wavs_synthetic_crossspeaker/XSPK_C_004_T0138.wav,C_004,A konyhában kapcsold be a mosógépet harminc fokon.
XSPK_C_004_T0139,wavs_synthetic_crossspeaker/XSPK_C_004_T0139.wav,C_004,Konyhába kapcsold ki a vízforralót.
XSPK_C_004_T0140,wavs_synthetic_crossspeaker/XSPK_C_004_T0140.wav,C_004,A konyhába húzd fel a redőnyt.
XSPK_C_004_T0141,wavs_synthetic_crossspeaker/XSPK_C_004_T0141.wav,C_004,A folyosón fedd fel a radátort
XSPK_C_004_T0142,wavs_synthetic_crossspeaker/XSPK_C_004_T0142.wav,C_004,Válcs csatornát a tévén a fürdő szobában.
XSPK_C_004_T0143,wavs_synthetic_crossspeaker/XSPK_C_004_T0143.wav,C_004,Hangosicsd a tévét a fürdőszobában.
XSPK_C_004_T0144,wavs_synthetic_crossspeaker/XSPK_C_004_T0144.wav,C_004,Kisszobába kapcsold be a ventilátort.
XSPK_C_004_T0145,wavs_synthetic_crossspeaker/XSPK_C_004_T0145.wav,C_004,Kisszobában kapcsold ki a rádiot
XSPK_C_004_T0146,wavs_synthetic_crossspeaker/XSPK_C_004_T0146.wav,C_004,Kapcsold ki a ventillátort nagy nagyszobábaban
XSPK_C_004_T0147,wavs_synthetic_crossspeaker/XSPK_C_004_T0147.wav,C_004,Húzd szét a függönyt a nagyszobában.
XSPK_C_004_T0148,wavs_synthetic_crossspeaker/XSPK_C_004_T0148.wav,C_004,A radiátort kapcsold ki a folyosón
XSPK_C_004_T0149,wavs_synthetic_crossspeaker/XSPK_C_004_T0149.wav,C_004,A fürdőszobában kapcsold fell a villany.
XSPK_C_004_T0150,wavs_synthetic_crossspeaker/XSPK_C_004_T0150.wav,C_004,Fojjosón kapcsolj be a ventillátort.
XSPK_C_004_T0151,wavs_synthetic_crossspeaker/XSPK_C_004_T0151.wav,C_004,Kisszobában kapcsold fel a villanyt
XSPK_C_004_T0152,wavs_synthetic_crossspeaker/XSPK_C_004_T0152.wav,C_004,A konyhába zárd be az ajtót.
XSPK_C_004_T0153,wavs_synthetic_crossspeaker/XSPK_C_004_T0153.wav,C_004,A kisszobaban kapcsold be a ventillator
XSPK_C_004_T0154,wavs_synthetic_crossspeaker/XSPK_C_004_T0154.wav,C_004,Kapcsold fel a szobába a villant
XSPK_C_004_T0155,wavs_synthetic_crossspeaker/XSPK_C_004_T0155.wav,C_004,Konyhába kapcsoljuk le a villanyt
XSPK_C_004_T0156,wavs_synthetic_crossspeaker/XSPK_C_004_T0156.wav,C_004,A kisszobába kapcsold ki a ventilátort
XSPK_C_004_T0157,wavs_synthetic_crossspeaker/XSPK_C_004_T0157.wav,C_004,Válts csatornát a folyosón
XSPK_C_004_T0158,wavs_synthetic_crossspeaker/XSPK_C_004_T0158.wav,C_004,A fürdőszobában kapcsold ki a ventillátor.
XSPK_C_004_T0159,wavs_synthetic_crossspeaker/XSPK_C_004_T0159.wav,C_004,A nagykobában zár be az ajtót
XSPK_C_004_T0160,wavs_synthetic_crossspeaker/XSPK_C_004_T0160.wav,C_004,A nagycobában a tévé hangját halkídd le
XSPK_C_004_T0161,wavs_synthetic_crossspeaker/XSPK_C_004_T0161.wav,C_004,Vedd le a fűtést a fürdőszobába
XSPK_C_004_T0162,wavs_synthetic_crossspeaker/XSPK_C_004_T0162.wav,C_004,Húzd be a függönt a nagyszobában.
XSPK_C_004_T0163,wavs_synthetic_crossspeaker/XSPK_C_004_T0163.wav,C_004,A kisszobában kapcsold be a fűtést.
XSPK_C_004_T0164,wavs_synthetic_crossspeaker/XSPK_C_004_T0164.wav,C_004,Emeld meg a fűtést konyhában.
XSPK_C_004_T0165,wavs_synthetic_crossspeaker/XSPK_C_004_T0165.wav,C_004,A konyhában hangosítsuk a tévét
XSPK_C_004_T0166,wavs_synthetic_crossspeaker/XSPK_C_004_T0166.wav,C_004,Szobában zárd be az ajtót
XSPK_C_004_T0167,wavs_synthetic_crossspeaker/XSPK_C_004_T0167.wav,C_004,Kapcsold ki a fűtést a szobába
XSPK_C_004_T0168,wavs_synthetic_crossspeaker/XSPK_C_004_T0168.wav,C_004,Üsd ki az ablakot a szobában.
XSPK_C_004_T0169,wavs_synthetic_crossspeaker/XSPK_C_004_T0169.wav,C_004,A sütőt kapcsold ki a konyhában
XSPK_C_004_T0170,wavs_synthetic_crossspeaker/XSPK_C_004_T0170.wav,C_004,Nagyszobában kapcsold ki a radiátort
XSPK_C_004_T0171,wavs_synthetic_crossspeaker/XSPK_C_004_T0171.wav,C_004,Kapcsold be a számítógépet a kiszobába.
XSPK_C_004_T0172,wavs_synthetic_crossspeaker/XSPK_C_004_T0172.wav,C_004,Kapcsold le a villany a szobáb a kisszobában
XSPK_C_004_T0173,wavs_synthetic_crossspeaker/XSPK_C_004_T0173.wav,C_004,Kapcsold ki a ventilátort a nagyszobába.
XSPK_C_004_T0174,wavs_synthetic_crossspeaker/XSPK_C_004_T0174.wav,C_004,Hívd fel a fiamat a telefono.
XSPK_C_004_T0175,wavs_synthetic_crossspeaker/XSPK_C_004_T0175.wav,C_004,Zárd be az ablak a szobában
XSPK_C_004_T0176,wavs_synthetic_crossspeaker/XSPK_C_004_T0176.wav,C_004,Kapcsold ki a rádiót a fürdőszobába.
XSPK_C_004_T0177,wavs_synthetic_crossspeaker/XSPK_C_004_T0177.wav,C_004,Húzd be a függönyt a fürdőszobába.
XSPK_C_004_T0178,wavs_synthetic_crossspeaker/XSPK_C_004_T0178.wav,C_004,Vál csatornát a rádión a fürdőszobába.
XSPK_C_004_T0179,wavs_synthetic_crossspeaker/XSPK_C_004_T0179.wav,C_004,A fürdőszobámban kápcsold fel a villan.
XSPK_C_004_T0180,wavs_synthetic_crossspeaker/XSPK_C_004_T0180.wav,C_004,A kony a nagyszobába zárd be az ablakot
XSPK_C_004_T0181,wavs_synthetic_crossspeaker/XSPK_C_004_T0181.wav,C_004,A szobában húzd le a radiátort
XSPK_C_004_T0182,wavs_synthetic_crossspeaker/XSPK_C_004_T0182.wav,C_004,A szobában kapcsold be a rádiót
XSPK_C_004_T0183,wavs_synthetic_crossspeaker/XSPK_C_004_T0183.wav,C_004,Fürdőszobaban kapcsold ki a ventillátort.
XSPK_C_004_T0184,wavs_synthetic_crossspeaker/XSPK_C_004_T0184.wav,C_004,A kisszobában hangosítsd a tévét.
XSPK_C_004_T0185,wavs_synthetic_crossspeaker/XSPK_C_004_T0185.wav,C_004,A nagyszobába kapcsold be a porszivó.
XSPK_C_004_T0186,wavs_synthetic_crossspeaker/XSPK_C_004_T0186.wav,C_004,Csendesícsd a tévét a kisszobába.
XSPK_C_004_T0187,wavs_synthetic_crossspeaker/XSPK_C_004_T0187.wav,C_004,A nagyszobában kapcsold fel a villant.
XSPK_C_004_T0188,wavs_synthetic_crossspeaker/XSPK_C_004_T0188.wav,C_004,Szobába válts csatornát
XSPK_C_004_T0189,wavs_synthetic_crossspeaker/XSPK_C_004_T0189.wav,C_004,A kisszobába nyisd ki az ablakot.
XSPK_C_004_T0190,wavs_synthetic_crossspeaker/XSPK_C_004_T0190.wav,C_004,A nagyszobába is húzd be a függöny
XSPK_C_004_T0191,wavs_synthetic_crossspeaker/XSPK_C_004_T0191.wav,C_004,A fojjosón húzd le a fűtés.
XSPK_C_004_T0192,wavs_synthetic_crossspeaker/XSPK_C_004_T0192.wav,C_004,Kapcsold fhel a villanyt a szobában.
XSPK_C_004_T0193,wavs_synthetic_crossspeaker/XSPK_C_004_T0193.wav,C_004,Zárd be az ajtót a fojjosón.
XSPK_C_004_T0194,wavs_synthetic_crossspeaker/XSPK_C_004_T0194.wav,C_004,Kisszobába kapcsold ki a fűtést
XSPK_C_004_T0195,wavs_synthetic_crossspeaker/XSPK_C_004_T0195.wav,C_004,Hangosítsd fel a tévét a szobába
XSPK_C_004_T0196,wavs_synthetic_crossspeaker/XSPK_C_004_T0196.wav,C_004,A fürdőszobába halkítsd le a tévét
XSPK_C_004_T0197,wavs_synthetic_crossspeaker/XSPK_C_004_T0197.wav,C_004,A ventilátort kapcsold ki a konyhába
XSPK_C_004_T0198,wavs_synthetic_crossspeaker/XSPK_C_004_T0198.wav,C_004,Hangosítsd a tévét a fürdőszobában.
XSPK_C_004_T0199,wavs_synthetic_crossspeaker/XSPK_C_004_T0199.wav,C_004,Halkítsd le a tévét a nagyszobában
XSPK_C_004_T0200,wavs_synthetic_crossspeaker/XSPK_C_004_T0200.wav,C_004,Kapcsold le a villányt a nagyszobában.
XSPK_C_004_T0201,wavs_synthetic_crossspeaker/XSPK_C_004_T0201.wav,C_004,A kisszobába kapcsold be a számítógépet.
XSPK_C_004_T0202,wavs_synthetic_crossspeaker/XSPK_C_004_T0202.wav,C_004,Altíg le a tévét a kisszobában
XSPK_C_004_T0203,wavs_synthetic_crossspeaker/XSPK_C_004_T0203.wav,C_004,Zárd be az ablakot a fürdőszobáb.
XSPK_C_004_T0204,wavs_synthetic_crossspeaker/XSPK_C_004_T0204.wav,C_004,A szobába kapcsold ki a ventilátor.
XSPK_C_004_T0205,wavs_synthetic_crossspeaker/XSPK_C_004_T0205.wav,C_004,Kapcsold ki a radirátor a kisszobában
XSPK_C_004_T0206,wavs_synthetic_crossspeaker/XSPK_C_004_T0206.wav,C_004,A konyhában a kenyérpirítót kapcsold be
XSPK_C_004_T0207,wavs_synthetic_crossspeaker/XSPK_C_004_T0207.wav,C_004,S kapcsold ki a számítógépet a a folyosón
XSPK_C_004_T0208,wavs_synthetic_crossspeaker/XSPK_C_004_T0208.wav,C_004,A számítógépet kapcsold ki a ki a szobában.
XSPK_C_004_T0209,wavs_synthetic_crossspeaker/XSPK_C_004_T0209.wav,C_004,A nagycobába válts csatornát a rádión
XSPK_C_005_T0000,wavs_synthetic_crossspeaker/XSPK_C_005_T0000.wav,C_005,Fürdőszobába kapcsold ki a fűtés
XSPK_C_005_T0001,wavs_synthetic_crossspeaker/XSPK_C_005_T0001.wav,C_005,A mosogépet hatvan kokon kapcsold be a fürdőszobában.
XSPK_C_005_T0002,wavs_synthetic_crossspeaker/XSPK_C_005_T0002.wav,C_005,A kisszobába kapcsold fel a villanyt
XSPK_C_005_T0003,wavs_synthetic_crossspeaker/XSPK_C_005_T0003.wav,C_005,A fürdőszobáába húzd be légy szíves a függönyt
XSPK_C_005_T0004,wavs_synthetic_crossspeaker/XSPK_C_005_T0004.wav,C_005,A nagyszobában húzd szét a függöny
XSPK_C_005_T0005,wavs_synthetic_crossspeaker/XSPK_C_005_T0005.wav,C_005,Húzd fel a folyosón a redőnyt
XSPK_C_005_T0006,wavs_synthetic_crossspeaker/XSPK_C_005_T0006.wav,C_005,Zárd be az ablakot nagyszobába
XSPK_C_005_T0007,wavs_synthetic_crossspeaker/XSPK_C_005_T0007.wav,C_005,Ventilátorokat kapcsold be
XSPK_C_005_T0008,wavs_synthetic_crossspeaker/XSPK_C_005_T0008.wav,C_005,Hangosítsd fel a tévét a kisszobában
XSPK_C_005_T0009,wavs_synthetic_crossspeaker/XSPK_C_005_T0009.wav,C_005,Kapcsold ki a ventilátort a fürdőszobában
XSPK_C_005_T0010,wavs_synthetic_crossspeaker/XSPK_C_005_T0010.wav,C_005,A konyhában kapcsold be a mosógépet harminc fokon.
XSPK_C_005_T0011,wavs_synthetic_crossspeaker/XSPK_C_005_T0011.wav,C_005,Kisszobába kapcsoljuk fel a villanyt
XSPK_C_005_T0012,wavs_synthetic_crossspeaker/XSPK_C_005_T0012.wav,C_005,Húzd be a függönyt a konyhába.
XSPK_C_005_T0013,wavs_synthetic_crossspeaker/XSPK_C_005_T0013.wav,C_005,Kapcsold fel a villanyt a szobába
XSPK_C_005_T0014,wavs_synthetic_crossspeaker/XSPK_C_005_T0014.wav,C_005,Fürdőszobában kapcsold be ki a radiátort
XSPK_C_005_T0015,wavs_synthetic_crossspeaker/XSPK_C_005_T0015.wav,C_005,Konyhában mosógép hat fokon
XSPK_C_005_T0016,wavs_synthetic_crossspeaker/XSPK_C_005_T0016.wav,C_005,Nyissuk ki az ablakot a nagyszobába
XSPK_C_005_T0017,wavs_synthetic_crossspeaker/XSPK_C_005_T0017.wav,C_005,Konyhában kapcsol a ventillátort
XSPK_C_005_T0018,wavs_synthetic_crossspeaker/XSPK_C_005_T0018.wav,C_005,Kapcsold ki a ventillátort nagy nagyszobábaban
XSPK_C_005_T0019,wavs_synthetic_crossspeaker/XSPK_C_005_T0019.wav,C_005,A kisszobában hangosítsd a tévét.
XSPK_C_005_T0020,wavs_synthetic_crossspeaker/XSPK_C_005_T0020.wav,C_005,Zárd be az ajtót a naccobában.
XSPK_C_005_T0021,wavs_synthetic_crossspeaker/XSPK_C_005_T0021.wav,C_005,A fürdőszobába vedd föl a fűtést
XSPK_C_005_T0022,wavs_synthetic_crossspeaker/XSPK_C_005_T0022.wav,C_005,Kapcsold ki a számítóépet a kisobában
XSPK_C_005_T0023,wavs_synthetic_crossspeaker/XSPK_C_005_T0023.wav,C_005,Húzd le a fütés a konyhában.
XSPK_C_005_T0024,wavs_synthetic_crossspeaker/XSPK_C_005_T0024.wav,C_005,konyhába kapcsold ki a ventilát
XSPK_C_005_T0025,wavs_synthetic_crossspeaker/XSPK_C_005_T0025.wav,C_005,Folyosó hőmérsékletét kapcsold ki
XSPK_C_005_T0026,wavs_synthetic_crossspeaker/XSPK_C_005_T0026.wav,C_005,A folyosón válcs csatornát a tévén.
XSPK_C_005_T0027,wavs_synthetic_crossspeaker/XSPK_C_005_T0027.wav,C_005,A kisszobában kápcsold be a ventillátort.
XSPK_C_005_T0028,wavs_synthetic_crossspeaker/XSPK_C_005_T0028.wav,C_005,Altíg le a tévét a kisszobában
XSPK_C_005_T0029,wavs_synthetic_crossspeaker/XSPK_C_005_T0029.wav,C_005,Válcs csatornát a rádjón a kinnuoban.
XSPK_C_005_T0030,wavs_synthetic_crossspeaker/XSPK_C_005_T0030.wav,C_005,Váltsál csatornát televízióban a kisszobában
XSPK_C_005_T0031,wavs_synthetic_crossspeaker/XSPK_C_005_T0031.wav,C_005,A folyosón kapcsold ki a rádiót
XSPK_C_005_T0032,wavs_synthetic_crossspeaker/XSPK_C_005_T0032.wav,C_005,Fürdőszobába zárd be az ajtót
XSPK_C_005_T0033,wavs_synthetic_crossspeaker/XSPK_C_005_T0033.wav,C_005,Válcs csatornát a tévén a fürdőszobában.
XSPK_C_005_T0034,wavs_synthetic_crossspeaker/XSPK_C_005_T0034.wav,C_005,A fürdőszobába vál csatornát a rádión.
XSPK_C_005_T0035,wavs_synthetic_crossspeaker/XSPK_C_005_T0035.wav,C_005,A nagyszobában tej csendesícsd a tévé.
XSPK_C_005_T0036,wavs_synthetic_crossspeaker/XSPK_C_005_T0036.wav,C_005,Kisszobába vál csatornát a tévén.
XSPK_C_005_T0037,wavs_synthetic_crossspeaker/XSPK_C_005_T0037.wav,C_005,Nagyszobában húzd fel a radiátort
XSPK_C_005_T0038,wavs_synthetic_crossspeaker/XSPK_C_005_T0038.wav,C_005,Kapcsold ki légy szíves a termosztátot a szobába
XSPK_C_005_T0039,wavs_synthetic_crossspeaker/XSPK_C_005_T0039.wav,C_005,Gosítsd a tévét a kisszobában.
XSPK_C_005_T0040,wavs_synthetic_crossspeaker/XSPK_C_005_T0040.wav,C_005,A radiátort vedd lejjebb a folyosón
XSPK_C_005_T0041,wavs_synthetic_crossspeaker/XSPK_C_005_T0041.wav,C_005,Váltsál csa csatornát a kos a kisszobában
XSPK_C_005_T0042,wavs_synthetic_crossspeaker/XSPK_C_005_T0042.wav,C_005,Kapcsold ki a ventillátort a folyosón
XSPK_C_005_T0043,wavs_synthetic_crossspeaker/XSPK_C_005_T0043.wav,C_005,Konyhában engedd le a redőnyt
XSPK_C_005_T0044,wavs_synthetic_crossspeaker/XSPK_C_005_T0044.wav,C_005,A kisszobában kapcsold át a televíziót
XSPK_C_005_T0045,wavs_synthetic_crossspeaker/XSPK_C_005_T0045.wav,C_005,Kisszobába vedd lejjebb a radiátort
XSPK_C_005_T0046,wavs_synthetic_crossspeaker/XSPK_C_005_T0046.wav,C_005,Kapcsold be a büdés a fürdőszobában.
XSPK_C_005_T0047,wavs_synthetic_crossspeaker/XSPK_C_005_T0047.wav,C_005,Kapcsold föl a villanyt a szobában
XSPK_C_005_T0048,wavs_synthetic_crossspeaker/XSPK_C_005_T0048.wav,C_005,Húzd le a redőnyt azszobában
XSPK_C_005_T0049,wavs_synthetic_crossspeaker/XSPK_C_005_T0049.wav,C_005,Húzd föl a redőnyt a nagyszobában
XSPK_C_005_T0050,wavs_synthetic_crossspeaker/XSPK_C_005_T0050.wav,C_005,A konyhába kapcsold be a rediát
XSPK_C_005_T0051,wavs_synthetic_crossspeaker/XSPK_C_005_T0051.wav,C_005,A nagyszobában a porszívót kapcsold ki
XSPK_C_005_T0052,wavs_synthetic_crossspeaker/XSPK_C_005_T0052.wav,C_005,Húzd le a redőnyt a fojjosón.
XSPK_C_005_T0053,wavs_synthetic_crossspeaker/XSPK_C_005_T0053.wav,C_005,Kapcsold ki a fűtés a nagyszobában.
XSPK_C_005_T0054,wavs_synthetic_crossspeaker/XSPK_C_005_T0054.wav,C_005,Konyhában kapcsold be a rádiót.
XSPK_C_005_T0055,wavs_synthetic_crossspeaker/XSPK_C_005_T0055.wav,C_005,Hangosítsd fel a tévét a folyosón.
XSPK_C_005_T0056,wavs_synthetic_crossspeaker/XSPK_C_005_T0056.wav,C_005,Kapcsold fel a villanyt a fölyosón.
XSPK_C_005_T0057,wavs_synthetic_crossspeaker/XSPK_C_005_T0057.wav,C_005,Szobába kapcsold fel a villanyt
XSPK_C_005_T0058,wavs_synthetic_crossspeaker/XSPK_C_005_T0058.wav,C_005,A fürdőszobába kapcsold be hatvan fokon a mosógépet
XSPK_C_005_T0059,wavs_synthetic_crossspeaker/XSPK_C_005_T0059.wav,C_005,Kapcsoljuk ki a fűtést a nagyszobába
XSPK_C_005_T0060,wavs_synthetic_crossspeaker/XSPK_C_005_T0060.wav,C_005,A kisszobában kapcsold ki a fűtés.
XSPK_C_005_T0061,wavs_synthetic_crossspeaker/XSPK_C_005_T0061.wav,C_005,Húzd fel a redőnyt a fürdő szobában.
XSPK_C_005_T0062,wavs_synthetic_crossspeaker/XSPK_C_005_T0062.wav,C_005,Folyosón behúznád a függönyt
XSPK_C_005_T0063,wavs_synthetic_crossspeaker/XSPK_C_005_T0063.wav,C_005,Húzd le a fűtést a fojjosón.
XSPK_C_005_T0064,wavs_synthetic_crossspeaker/XSPK_C_005_T0064.wav,C_005,A konyhában halkítsd a tévét
XSPK_C_005_T0065,wavs_synthetic_crossspeaker/XSPK_C_005_T0065.wav,C_005,Kapcsold fel a világítást a szobában.
XSPK_C_005_T0066,wavs_synthetic_crossspeaker/XSPK_C_005_T0066.wav,C_005,Nagyszobába kapcsoljuk ki a számítógépet
XSPK_C_005_T0067,wavs_synthetic_crossspeaker/XSPK_C_005_T0067.wav,C_005,A foggyosó húzd be a függönyt.
XSPK_C_005_T0068,wavs_synthetic_crossspeaker/XSPK_C_005_T0068.wav,C_005,Nyomd fel a fü ö folyosón a fűtést
XSPK_C_005_T0069,wavs_synthetic_crossspeaker/XSPK_C_005_T0069.wav,C_005,Kisszobaajtót zárd be
XSPK_C_005_T0070,wavs_synthetic_crossspeaker/XSPK_C_005_T0070.wav,C_005,Kapcsold ki a fűtést a nagyszobába
XSPK_C_005_T0071,wavs_synthetic_crossspeaker/XSPK_C_005_T0071.wav,C_005,A fürdőszobában kapcsold le a villanyt.
XSPK_C_005_T0072,wavs_synthetic_crossspeaker/XSPK_C_005_T0072.wav,C_005,A szobai függönyt húzd szét
XSPK_C_005_T0073,wavs_synthetic_crossspeaker/XSPK_C_005_T0073.wav,C_005,Nagyszobában hangosítsd föl a tévét
XSPK_C_005_T0074,wavs_synthetic_crossspeaker/XSPK_C_005_T0074.wav,C_005,Kapcsold be a mosógépet hatvan fokra a konyhában
XSPK_C_005_T0075,wavs_synthetic_crossspeaker/XSPK_C_005_T0075.wav,C_005,Konyhában kapcsold ki a rádiót
XSPK_C_005_T0076,wavs_synthetic_crossspeaker/XSPK_C_005_T0076.wav,C_005,Kapcsold ki légy szíves a termosztátot a konyhába
XSPK_C_005_T0077,wavs_synthetic_crossspeaker/XSPK_C_005_T0077.wav,C_005,A fürdőszobában kapcsold ki a porszivó.
XSPK_C_005_T0078,wavs_synthetic_crossspeaker/XSPK_C_005_T0078.wav,C_005,A szobában húzd föl a redőnyt.
XSPK_C_005_T0079,wavs_synthetic_crossspeaker/XSPK_C_005_T0079.wav,C_005,Fürdőszobába kapcsold ki a ventilátort
XSPK_C_005_T0080,wavs_synthetic_crossspeaker/XSPK_C_005_T0080.wav,C_005,Szobába kapcsold be a fűtést.
XSPK_C_005_T0081,wavs_synthetic_crossspeaker/XSPK_C_005_T0081.wav,C_005,A konyhában kapcsold ki a hüttés.
XSPK_C_005_T0082,wavs_synthetic_crossspeaker/XSPK_C_005_T0082.wav,C_005,Hangosítsd fel a tévét a folyoson
XSPK_C_005_T0083,wavs_synthetic_crossspeaker/XSPK_C_005_T0083.wav,C_005,Kapcsold ki a ventilátorokat a folyosón
XSPK_C_005_T0084,wavs_synthetic_crossspeaker/XSPK_C_005_T0084.wav,C_005,Konyhába kapcsold be a rádiót.
XSPK_C_005_T0085,wavs_synthetic_crossspeaker/XSPK_C_005_T0085.wav,C_005,A konyhában húzdol a redőnyt
XSPK_C_005_T0086,wavs_synthetic_crossspeaker/XSPK_C_005_T0086.wav,C_005,A füldőszobába húzd be a fügönyt
XSPK_C_005_T0087,wavs_synthetic_crossspeaker/XSPK_C_005_T0087.wav,C_005,Csendesítsd a tévét a folyosón.
XSPK_C_005_T0088,wavs_synthetic_crossspeaker/XSPK_C_005_T0088.wav,C_005,A nagyszobába na kapcsold ki a radirátor
XSPK_C_005_T0089,wavs_synthetic_crossspeaker/XSPK_C_005_T0089.wav,C_005,Húzd fel a kisszobai redőnyt
XSPK_C_005_T0090,wavs_synthetic_crossspeaker/XSPK_C_005_T0090.wav,C_005,Szobába kapcsold ki a radiátort
XSPK_C_005_T0091,wavs_synthetic_crossspeaker/XSPK_C_005_T0091.wav,C_005,A folyosón húzd fel a függönyt
XSPK_C_005_T0092,wavs_synthetic_crossspeaker/XSPK_C_005_T0092.wav,C_005,Szobába nyisd ki az ablakot
XSPK_C_005_T0093,wavs_synthetic_crossspeaker/XSPK_C_005_T0093.wav,C_005,Kapcsold föl a villanyt a konyhába
XSPK_C_005_T0094,wavs_synthetic_crossspeaker/XSPK_C_005_T0094.wav,C_005,A kisszobában válts csatornát
XSPK_C_005_T0095,wavs_synthetic_crossspeaker/XSPK_C_005_T0095.wav,C_005,A ventillátort kapcsold ki a fürdőszobába
XSPK_C_005_T0096,wavs_synthetic_crossspeaker/XSPK_C_005_T0096.wav,C_005,A konyhában a mosógépet hatvan fokra kapcsold be
XSPK_C_005_T0097,wavs_synthetic_crossspeaker/XSPK_C_005_T0097.wav,C_005,Kisszoba ajtaját zárd be kérlek
XSPK_C_005_T0098,wavs_synthetic_crossspeaker/XSPK_C_005_T0098.wav,C_005,A konyhában húz szé a függönyt
XSPK_C_005_T0099,wavs_synthetic_crossspeaker/XSPK_C_005_T0099.wav,C_005,A nagyszobába kapcsold be a forszívót
XSPK_C_005_T0100,wavs_synthetic_crossspeaker/XSPK_C_005_T0100.wav,C_005,Konyhában kapcsold ki a rádiot
XSPK_C_005_T0101,wavs_synthetic_crossspeaker/XSPK_C_005_T0101.wav,C_005,Hszobába kapcsold be a ventillátort
XSPK_C_005_T0102,wavs_synthetic_crossspeaker/XSPK_C_005_T0102.wav,C_005,Nagyszobába hangosítsd fel a tévét
XSPK_C_005_T0103,wavs_synthetic_crossspeaker/XSPK_C_005_T0103.wav,C_005,Fürdőszobában kapcsold ki a ventillátor.
XSPK_C_005_T0104,wavs_synthetic_crossspeaker/XSPK_C_005_T0104.wav,C_005,Kapcsold ki a kennyérpiritót a konyhában.
XSPK_C_005_T0105,wavs_synthetic_crossspeaker/XSPK_C_005_T0105.wav,C_005,Konyhába húzd le a fűtés
XSPK_C_005_T0106,wavs_synthetic_crossspeaker/XSPK_C_005_T0106.wav,C_005,Kisszobában halkítsd le a tévét.
XSPK_C_005_T0107,wavs_synthetic_crossspeaker/XSPK_C_005_T0107.wav,C_005,Elkészült ami kellett kapcsoljuk ki a számítógépet
XSPK_C_005_T0108,wavs_synthetic_crossspeaker/XSPK_C_005_T0108.wav,C_005,Kapnyold be a vünnőnyoa fűrdőszobában.
XSPK_C_005_T0109,wavs_synthetic_crossspeaker/XSPK_C_005_T0109.wav,C_005,Szobába kapcsold ki a számítógépet
XSPK_C_005_T0110,wavs_synthetic_crossspeaker/XSPK_C_005_T0110.wav,C_005,A naccobában zárd be az ablakot
XSPK_C_005_T0111,wavs_synthetic_crossspeaker/XSPK_C_005_T0111.wav,C_005,Kapcsold be a ventillátort a cisszobában
XSPK_C_005_T0112,wavs_synthetic_crossspeaker/XSPK_C_005_T0112.wav,C_005,A szobába húzd le a fűtés
XSPK_C_005_T0113,wavs_synthetic_crossspeaker/XSPK_C_005_T0113.wav,C_005,Zárd be az ajtót nagyszobában
XSPK_C_005_T0114,wavs_synthetic_crossspeaker/XSPK_C_005_T0114.wav,C_005,Nagyszobába csendesícsd a tévét.
XSPK_C_005_T0115,wavs_synthetic_crossspeaker/XSPK_C_005_T0115.wav,C_005,A konyhában nyisd ki az ajtót.
XSPK_C_005_T0116,wavs_synthetic_crossspeaker/XSPK_C_005_T0116.wav,C_005,A kisszobába kapcsold be a porszívot
XSPK_C_005_T0117,wavs_synthetic_crossspeaker/XSPK_C_005_T0117.wav,C_005,Fürdőzában kapcsold le a villanyt
XSPK_C_005_T0118,wavs_synthetic_crossspeaker/XSPK_C_005_T0118.wav,C_005,Kapcsold ki a hőmérsékletet a folyosón
XSPK_C_005_T0119,wavs_synthetic_crossspeaker/XSPK_C_005_T0119.wav,C_005,Húzd szét a függönyt nagyszobába
XSPK_C_005_T0120,wavs_synthetic_crossspeaker/XSPK_C_005_T0120.wav,C_005,Nagyszoban lekapcsolni lámpam
XSPK_C_005_T0121,wavs_synthetic_crossspeaker/XSPK_C_005_T0121.wav,C_005,Fürdőszobába kapcsold ki légy szíves a porszívót
XSPK_C_005_T0122,wavs_synthetic_crossspeaker/XSPK_C_005_T0122.wav,C_005,A fojjosón húzd le a fűtés.
XSPK_C_005_T0123,wavs_synthetic_crossspeaker/XSPK_C_005_T0123.wav,C_005,Hangosicsd a tévét a kisszobában.
XSPK_C_005_T0124,wavs_synthetic_crossspeaker/XSPK_C_005_T0124.wav,C_005,Hús vell a redőnyt a kisszobábán.
XSPK_C_005_T0125,wavs_synthetic_crossspeaker/XSPK_C_005_T0125.wav,C_005,Váltsál csatornát légy szíves a szobában
XSPK_C_005_T0126,wavs_synthetic_crossspeaker/XSPK_C_005_T0126.wav,C_005,Válts csatornát a kisszobában a zá na a rádión
XSPK_C_005_T0127,wavs_synthetic_crossspeaker/XSPK_C_005_T0127.wav,C_005,Konyhába nyisd ki az ajtót.
XSPK_C_005_T0128,wavs_synthetic_crossspeaker/XSPK_C_005_T0128.wav,C_005,A nagycobában zárd be az ablakot
XSPK_C_005_T0129,wavs_synthetic_crossspeaker/XSPK_C_005_T0129.wav,C_005,Kapcsold le a villan a nagyszobában
XSPK_C_005_T0130,wavs_synthetic_crossspeaker/XSPK_C_005_T0130.wav,C_005,Nyiss ki az ajtót a szobában.
XSPK_C_005_T0131,wavs_synthetic_crossspeaker/XSPK_C_005_T0131.wav,C_005,Konyhába kapcsold be a radiátort
XSPK_C_005_T0132,wavs_synthetic_crossspeaker/XSPK_C_005_T0132.wav,C_005,Kapcold be a ventillátort a nagyszobában.
XSPK_C_005_T0133,wavs_synthetic_crossspeaker/XSPK_C_005_T0133.wav,C_005,Húzd le a redőnyt a nagyszobában
XSPK_C_005_T0134,wavs_synthetic_crossspeaker/XSPK_C_005_T0134.wav,C_005,Szobába kapcsoljuk be a porszívót
XSPK_C_005_T0135,wavs_synthetic_crossspeaker/XSPK_C_005_T0135.wav,C_005,Nyísd ki az ajtót a szobában
XSPK_C_005_T0136,wavs_synthetic_crossspeaker/XSPK_C_005_T0136.wav,C_005,Kapcsold be a számítógép szobában
XSPK_C_005_T0137,wavs_synthetic_crossspeaker/XSPK_C_005_T0137.wav,C_005,Kapcsoljuk le a nagyszobába a villanyt
XSPK_C_005_T0138,wavs_synthetic_crossspeaker/XSPK_C_005_T0138.wav,C_005,Húzd ki szét a függönyt a nagyszobában
XSPK_C_005_T0139,wavs_synthetic_crossspeaker/XSPK_C_005_T0139.wav,C_005,A szobába a számítógépet kapcsold be.
XSPK_C_005_T0140,wavs_synthetic_crossspeaker/XSPK_C_005_T0140.wav,C_005,Csendesítsd a televíziót a nagyszobában.
XSPK_C_005_T0141,wavs_synthetic_crossspeaker/XSPK_C_005_T0141.wav,C_005,Vál csatornát a televízión a konyhába.
XSPK_C_005_T0142,wavs_synthetic_crossspeaker/XSPK_C_005_T0142.wav,C_005,Kapcsold be a ventillárdort a vürdőszobában
XSPK_C_005_T0143,wavs_synthetic_crossspeaker/XSPK_C_005_T0143.wav,C_005,Csapcsold be a porszívót a konyhában
XSPK_C_005_T0144,wavs_synthetic_crossspeaker/XSPK_C_005_T0144.wav,C_005,Kapcsold ki a fűté a szobában.
XSPK_C_005_T0145,wavs_synthetic_crossspeaker/XSPK_C_005_T0145.wav,C_005,A fürdőszobában huzzunk szét a függöny
XSPK_C_005_T0146,wavs_synthetic_crossspeaker/XSPK_C_005_T0146.wav,C_005,Húzd fel húzd fel a redőnyt a konyhában
XSPK_C_005_T0147,wavs_synthetic_crossspeaker/XSPK_C_005_T0147.wav,C_005,Kisszobában húzd le a redőnyt
XSPK_C_005_T0148,wavs_synthetic_crossspeaker/XSPK_C_005_T0148.wav,C_005,Kapcsold be a tévét a fürdőszobában
XSPK_C_005_T0149,wavs_synthetic_crossspeaker/XSPK_C_005_T0149.wav,C_005,Kapcsold be a ventilátorokat a konyhába
XSPK_C_005_T0150,wavs_synthetic_crossspeaker/XSPK_C_005_T0150.wav,C_005,A nagyszobába hangosíd föl a tévét
XSPK_C_005_T0151,wavs_synthetic_crossspeaker/XSPK_C_005_T0151.wav,C_005,Konyhában kapcsold be a rádiót
XSPK_C_005_T0152,wavs_synthetic_crossspeaker/XSPK_C_005_T0152.wav,C_005,A fürdőszobába kapcsold fel a villanyt.
XSPK_C_005_T0153,wavs_synthetic_crossspeaker/XSPK_C_005_T0153.wav,C_005,A konyhában kapcsold be a rádion
XSPK_C_005_T0154,wavs_synthetic_crossspeaker/XSPK_C_005_T0154.wav,C_005,Konyhában zárd be az ajtót
XSPK_C_005_T0155,wavs_synthetic_crossspeaker/XSPK_C_005_T0155.wav,C_005,Zárd be atót a folyosón
XSPK_C_005_T0156,wavs_synthetic_crossspeaker/XSPK_C_005_T0156.wav,C_005,Húzd le a redőnyt a konyhábá.
XSPK_C_005_T0157,wavs_synthetic_crossspeaker/XSPK_C_005_T0157.wav,C_005,A konyhába húzd be a függönyt
XSPK_C_005_T0158,wavs_synthetic_crossspeaker/XSPK_C_005_T0158.wav,C_005,Kapcsold ki a ventilátort a szobában
XSPK_C_005_T0159,wavs_synthetic_crossspeaker/XSPK_C_005_T0159.wav,C_005,A konyhába halkítsd le a tévét
XSPK_C_005_T0160,wavs_synthetic_crossspeaker/XSPK_C_005_T0160.wav,C_005,Nyisd ki a folyosoka ablakot
XSPK_C_005_T0161,wavs_synthetic_crossspeaker/XSPK_C_005_T0161.wav,C_005,Kapsold ki a porszívót konyhában
XSPK_C_005_T0162,wavs_synthetic_crossspeaker/XSPK_C_005_T0162.wav,C_005,A folyosón húzd le a redőnyt
XSPK_C_005_T0163,wavs_synthetic_crossspeaker/XSPK_C_005_T0163.wav,C_005,A naccobában kapcsold fel a villanyt
XSPK_C_005_T0164,wavs_synthetic_crossspeaker/XSPK_C_005_T0164.wav,C_005,Kapcsold ki a forszívót a kisszobában
XSPK_C_005_T0165,wavs_synthetic_crossspeaker/XSPK_C_005_T0165.wav,C_005,A nagyszobába kapcsold be a porszivó.
XSPK_C_005_T0166,wavs_synthetic_crossspeaker/XSPK_C_005_T0166.wav,C_005,A kisszobába rotobe a számítógépet.
XSPK_C_005_T0167,wavs_synthetic_crossspeaker/XSPK_C_005_T0167.wav,C_005,Kisszobába vedd fel a radiátort
XSPK_C_005_T0168,wavs_synthetic_crossspeaker/XSPK_C_005_T0168.wav,C_005,Fürdőszobába kapcsold fel a lámpát.
XSPK_C_005_T0169,wavs_synthetic_crossspeaker/XSPK_C_005_T0169.wav,C_005,Húzd szét a függönyt a nagy nagyszobába
XSPK_C_005_T0170,wavs_synthetic_crossspeaker/XSPK_C_005_T0170.wav,C_005,Kapcsold fel a fűtést a szobában
XSPK_C_005_T0171,wavs_synthetic_crossspeaker/XSPK_C_005_T0171.wav,C_005,A kisszobában hangosítsd a tévét
XSPK_C_005_T0172,wavs_synthetic_crossspeaker/XSPK_C_005_T0172.wav,C_005,Húzd le a raidátort a konyhában
XSPK_C_005_T0173,wavs_synthetic_crossspeaker/XSPK_C_005_T0173.wav,C_005,Nyisd ki az ajtót a folyosón
XSPK_C_005_T0174,wavs_synthetic_crossspeaker/XSPK_C_005_T0174.wav,C_005,Kapcsold be a számítógéptpet a szobában
XSPK_C_005_T0175,wavs_synthetic_crossspeaker/XSPK_C_005_T0175.wav,C_005,Húzd fel a redőnyt a szobában.
XSPK_C_005_T0176,wavs_synthetic_crossspeaker/XSPK_C_005_T0176.wav,C_005,Konyhába kapcsold ki a ventilátor
XSPK_C_005_T0177,wavs_synthetic_crossspeaker/XSPK_C_005_T0177.wav,C_005,Nyissák ki a szobába
XSPK_C_005_T0178,wavs_synthetic_crossspeaker/XSPK_C_005_T0178.wav,C_005,A fürdőszobába kapcsold be a rádiót.
XSPK_C_005_T0179,wavs_synthetic_crossspeaker/XSPK_C_005_T0179.wav,C_005,A kisszobába húzd fel a redőnyt.
XSPK_C_005_T0180,wavs_synthetic_crossspeaker/XSPK_C_005_T0180.wav,C_005,Csatornát váltunk a televízión a nagyszobába
XSPK_C_005_T0181,wavs_synthetic_crossspeaker/XSPK_C_005_T0181.wav,C_005,Hangosítsd a tévét a szobában
XSPK_C_005_T0182,wavs_synthetic_crossspeaker/XSPK_C_005_T0182.wav,C_005,A villanyt kapcsold ki a szobába
XSPK_C_005_T0183,wavs_synthetic_crossspeaker/XSPK_C_005_T0183.wav,C_005,A kisszobában kapcsold ki légy szíves a számítógépet
XSPK_C_005_T0184,wavs_synthetic_crossspeaker/XSPK_C_005_T0184.wav,C_005,Kapcsold ki a tévét a nagyszobába.
XSPK_C_005_T0185,wavs_synthetic_crossspeaker/XSPK_C_005_T0185.wav,C_005,A konyhai ajtót nyisd ki
XSPK_C_005_T0186,wavs_synthetic_crossspeaker/XSPK_C_005_T0186.wav,C_005,A konyhába húzd be a függönyt.
XSPK_C_005_T0187,wavs_synthetic_crossspeaker/XSPK_C_005_T0187.wav,C_005,Kapcsold ki á ventillátort a kisszobában.
XSPK_C_005_T0188,wavs_synthetic_crossspeaker/XSPK_C_005_T0188.wav,C_005,A nagyszobában húzd szét a függönyt.
XSPK_C_005_T0189,wavs_synthetic_crossspeaker/XSPK_C_005_T0189.wav,C_005,Húz be a függönyty a nagyszobában
XSPK_C_005_T0190,wavs_synthetic_crossspeaker/XSPK_C_005_T0190.wav,C_005,A füldőszobába húzd le a red redőnyöket
XSPK_C_005_T0191,wavs_synthetic_crossspeaker/XSPK_C_005_T0191.wav,C_005,A fürdőszobában húzd le a redőnyt
XSPK_C_005_T0192,wavs_synthetic_crossspeaker/XSPK_C_005_T0192.wav,C_005,Húzd le a fűtést a kiszobában.
XSPK_C_005_T0193,wavs_synthetic_crossspeaker/XSPK_C_005_T0193.wav,C_005,A fürdőszobában nyiszd ki az ablakot.
XSPK_C_005_T0194,wavs_synthetic_crossspeaker/XSPK_C_005_T0194.wav,C_005,Huzd ki szék a függönyt a kisszübába
XSPK_C_005_T0195,wavs_synthetic_crossspeaker/XSPK_C_005_T0195.wav,C_005,Kapcsold be a mosógéept a konyhában
XSPK_C_005_T0196,wavs_synthetic_crossspeaker/XSPK_C_005_T0196.wav,C_005,Kapcsold be a rágiót a szobában.
XSPK_C_005_T0197,wavs_synthetic_crossspeaker/XSPK_C_005_T0197.wav,C_005,Kapcsold ki a számítógépet a kisszobába
XSPK_C_005_T0198,wavs_synthetic_crossspeaker/XSPK_C_005_T0198.wav,C_005,A nagycobába kapcsold be a raadiátort
XSPK_C_005_T0199,wavs_synthetic_crossspeaker/XSPK_C_005_T0199.wav,C_005,Emeld meg a hangerőt a tévén a szobában.
XSPK_C_005_T0200,wavs_synthetic_crossspeaker/XSPK_C_005_T0200.wav,C_005,Nyisd ki az ablakot a szobába.
XSPK_C_005_T0201,wavs_synthetic_crossspeaker/XSPK_C_005_T0201.wav,C_005,Kapcsold ki a fűtést a folyosón
XSPK_C_005_T0202,wavs_synthetic_crossspeaker/XSPK_C_005_T0202.wav,C_005,Vedd lejjebb a fürdőszobába a fűtést
XSPK_C_005_T0203,wavs_synthetic_crossspeaker/XSPK_C_005_T0203.wav,C_005,A radiátor kapcsold be a kisszobába
XSPK_C_005_T0204,wavs_synthetic_crossspeaker/XSPK_C_005_T0204.wav,C_005,A nagyszobában kapcsold be a ventilátor
XSPK_C_005_T0205,wavs_synthetic_crossspeaker/XSPK_C_005_T0205.wav,C_005,A nagyszobában nyissuk az ajtón
XSPK_C_005_T0206,wavs_synthetic_crossspeaker/XSPK_C_005_T0206.wav,C_005,A kisszobában csendesítsd a tévét.
XSPK_C_005_T0207,wavs_synthetic_crossspeaker/XSPK_C_005_T0207.wav,C_005,Kapcsold be a tűzhelyet a konyhában
XSPK_C_005_T0208,wavs_synthetic_crossspeaker/XSPK_C_005_T0208.wav,C_005,Csukd be a ajtót a konyhába
XSPK_C_005_T0209,wavs_synthetic_crossspeaker/XSPK_C_005_T0209.wav,C_005,Konyhában kapcsold föl a villanyt.
XSPK_C_006_T0000,wavs_synthetic_crossspeaker/XSPK_C_006_T0000.wav,C_006,Zárd be az ablakot a szobában.
XSPK_C_006_T0001,wavs_synthetic_crossspeaker/XSPK_C_006_T0001.wav,C_006,A nagycobában húzd be a függönyt.
XSPK_C_006_T0002,wavs_synthetic_crossspeaker/XSPK_C_006_T0002.wav,C_006,Csendesít a tévét a konyhában.
XSPK_C_006_T0003,wavs_synthetic_crossspeaker/XSPK_C_006_T0003.wav,C_006,Kisszobába zárd be az ajtót
XSPK_C_006_T0004,wavs_synthetic_crossspeaker/XSPK_C_006_T0004.wav,C_006,Folyosón zárd be az ajtót.
XSPK_C_006_T0005,wavs_synthetic_crossspeaker/XSPK_C_006_T0005.wav,C_006,Kisszobába vedd lejjebb a radiátort
XSPK_C_006_T0006,wavs_synthetic_crossspeaker/XSPK_C_006_T0006.wav,C_006,Fürdőszob kapcsold be a harminc fokot a mosógépet
XSPK_C_006_T0007,wavs_synthetic_crossspeaker/XSPK_C_006_T0007.wav,C_006,A folyosó húzd le a redőnyt
XSPK_C_006_T0008,wavs_synthetic_crossspeaker/XSPK_C_006_T0008.wav,C_006,Kisszobában kapcsold ki a rádió.
XSPK_C_006_T0009,wavs_synthetic_crossspeaker/XSPK_C_006_T0009.wav,C_006,Huzd fel a fűtést a konyhába
XSPK_C_006_T0010,wavs_synthetic_crossspeaker/XSPK_C_006_T0010.wav,C_006,Szobában kapcsold ki a fűtés.
XSPK_C_006_T0011,wavs_synthetic_crossspeaker/XSPK_C_006_T0011.wav,C_006,A nagyszobában emeld meg a hangerőt a tévén.
XSPK_C_006_T0012,wavs_synthetic_crossspeaker/XSPK_C_006_T0012.wav,C_006,A kisszobábafon húzd le a fűtés
XSPK_C_006_T0013,wavs_synthetic_crossspeaker/XSPK_C_006_T0013.wav,C_006,Kapcsold lejjebb a fűtést a nagyszobában
XSPK_C_006_T0014,wavs_synthetic_crossspeaker/XSPK_C_006_T0014.wav,C_006,Kapcsold be a gáztűzhelyet a konyhában
XSPK_C_006_T0015,wavs_synthetic_crossspeaker/XSPK_C_006_T0015.wav,C_006,Zárd be az ajtót nagyszobába.
XSPK_C_006_T0016,wavs_synthetic_crossspeaker/XSPK_C_006_T0016.wav,C_006,Húzd be a függönyt a kisszobában.
XSPK_C_006_T0017,wavs_synthetic_crossspeaker/XSPK_C_006_T0017.wav,C_006,Kapcsold ki a venntillátort a fürdőszobában.
XSPK_C_006_T0018,wavs_synthetic_crossspeaker/XSPK_C_006_T0018.wav,C_006,Folyosón húzd szét a függönyt
XSPK_C_006_T0019,wavs_synthetic_crossspeaker/XSPK_C_006_T0019.wav,C_006,Kisszobába kapcsold ki a porszívót.
XSPK_C_006_T0020,wavs_synthetic_crossspeaker/XSPK_C_006_T0020.wav,C_006,Húzd fel a a redőnyt a folyosón
XSPK_C_006_T0021,wavs_synthetic_crossspeaker/XSPK_C_006_T0021.wav,C_006,A szobában húzd le a ledőnyt
XSPK_C_006_T0022,wavs_synthetic_crossspeaker/XSPK_C_006_T0022.wav,C_006,Kapcsold be légyszi a termosztátot a konyhá konyhába
XSPK_C_006_T0023,wavs_synthetic_crossspeaker/XSPK_C_006_T0023.wav,C_006,Konyhában húzd szét a függönyt
XSPK_C_006_T0024,wavs_synthetic_crossspeaker/XSPK_C_006_T0024.wav,C_006,A konyhába nyisd ki a ala ablakot
XSPK_C_006_T0025,wavs_synthetic_crossspeaker/XSPK_C_006_T0025.wav,C_006,Csöndesícsd a tévét a konyhába.
XSPK_C_006_T0026,wavs_synthetic_crossspeaker/XSPK_C_006_T0026.wav,C_006,Kapcsold be harminc fokon a fürdőszobában a mosógépet.
XSPK_C_006_T0027,wavs_synthetic_crossspeaker/XSPK_C_006_T0027.wav,C_006,Válts csatornát a tévén a folyoson
XSPK_C_006_T0028,wavs_synthetic_crossspeaker/XSPK_C_006_T0028.wav,C_006,Kapcsold be a porszívót légyszi a kisszobába
XSPK_C_006_T0029,wavs_synthetic_crossspeaker/XSPK_C_006_T0029.wav,C_006,Váltsál csatornát a rádióban a szobában
XSPK_C_006_T0030,wavs_synthetic_crossspeaker/XSPK_C_006_T0030.wav,C_006,Húz szét a függönyt kia a kisszobában
XSPK_C_006_T0031,wavs_synthetic_crossspeaker/XSPK_C_006_T0031.wav,C_006,Húz szét a függönyt a fürdőszobában
XSPK_C_006_T0032,wavs_synthetic_crossspeaker/XSPK_C_006_T0032.wav,C_006,A folyosón kaptold be a fűtést.
XSPK_C_006_T0033,wavs_synthetic_crossspeaker/XSPK_C_006_T0033.wav,C_006,Kapcsold fell a villanyt a nagyszobában.
XSPK_C_006_T0034,wavs_synthetic_crossspeaker/XSPK_C_006_T0034.wav,C_006,Halkítsd a tévét a kisszobában
XSPK_C_006_T0035,wavs_synthetic_crossspeaker/XSPK_C_006_T0035.wav,C_006,A folyoson kapcsold ki a rádiot
XSPK_C_006_T0036,wavs_synthetic_crossspeaker/XSPK_C_006_T0036.wav,C_006,Válcs csatornát a tévén a szobában.
XSPK_C_006_T0037,wavs_synthetic_crossspeaker/XSPK_C_006_T0037.wav,C_006,A fürdőszobában kapcsold föl légy szíves a mosógépet hatvan fokra
XSPK_C_006_T0038,wavs_synthetic_crossspeaker/XSPK_C_006_T0038.wav,C_006,Nagyszobai fűtést tekerd már föl légy szíves
XSPK_C_006_T0039,wavs_synthetic_crossspeaker/XSPK_C_006_T0039.wav,C_006,Hangosítsuk a tévét a szobában
XSPK_C_006_T0040,wavs_synthetic_crossspeaker/XSPK_C_006_T0040.wav,C_006,Csendesícsd a tévét a fürdőszobában.
XSPK_C_006_T0041,wavs_synthetic_crossspeaker/XSPK_C_006_T0041.wav,C_006,Kapcsold be a mosógépet hatvan fokon a fürdőszobában
XSPK_C_006_T0042,wavs_synthetic_crossspeaker/XSPK_C_006_T0042.wav,C_006,A ventillátort kapcsold ki a kisszobába
XSPK_C_006_T0043,wavs_synthetic_crossspeaker/XSPK_C_006_T0043.wav,C_006,A szobába kapnyold ki a porszivó.
XSPK_C_006_T0044,wavs_synthetic_crossspeaker/XSPK_C_006_T0044.wav,C_006,Folyosón kapcsold be a rádiót.
XSPK_C_006_T0045,wavs_synthetic_crossspeaker/XSPK_C_006_T0045.wav,C_006,A konyhábankapcsold ki porszívó.
XSPK_C_006_T0046,wavs_synthetic_crossspeaker/XSPK_C_006_T0046.wav,C_006,A konyhába húz le a fűtést
XSPK_C_006_T0047,wavs_synthetic_crossspeaker/XSPK_C_006_T0047.wav,C_006,A fürdőszobába vál csatornát a televízión.
XSPK_C_006_T0048,wavs_synthetic_crossspeaker/XSPK_C_006_T0048.wav,C_006,Húzd fel a redőnyt a kisszobaban.
XSPK_C_006_T0049,wavs_synthetic_crossspeaker/XSPK_C_006_T0049.wav,C_006,Kapcsold le a világítást a kisszobában.
XSPK_C_006_T0050,wavs_synthetic_crossspeaker/XSPK_C_006_T0050.wav,C_006,A fürdőszobába járd be az ablakot.
XSPK_C_006_T0051,wavs_synthetic_crossspeaker/XSPK_C_006_T0051.wav,C_006,Zárd be az ablako a konyhába
XSPK_C_006_T0052,wavs_synthetic_crossspeaker/XSPK_C_006_T0052.wav,C_006,Kapcsold be a rádiót ak a konyhába
XSPK_C_006_T0053,wavs_synthetic_crossspeaker/XSPK_C_006_T0053.wav,C_006,A konyhában kapcsold le a villanyt.
XSPK_C_006_T0054,wavs_synthetic_crossspeaker/XSPK_C_006_T0054.wav,C_006,A kisszobában válts csatornát
XSPK_C_006_T0055,wavs_synthetic_crossspeaker/XSPK_C_006_T0055.wav,C_006,Húz szét a függönyt a folyosón
XSPK_C_006_T0056,wavs_synthetic_crossspeaker/XSPK_C_006_T0056.wav,C_006,Húzd le a redőnyöket a naccobában
XSPK_C_006_T0057,wavs_synthetic_crossspeaker/XSPK_C_006_T0057.wav,C_006,Kapcsold ki a rádiót a folyoson
XSPK_C_006_T0058,wavs_synthetic_crossspeaker/XSPK_C_006_T0058.wav,C_006,A radiátort kapcsold be a kisszobába
XSPK_C_006_T0059,wavs_synthetic_crossspeaker/XSPK_C_006_T0059.wav,C_006,A szobában kapcsold be a fünné.
XSPK_C_006_T0060,wavs_synthetic_crossspeaker/XSPK_C_006_T0060.wav,C_006,A konyhában kinyitjuk a ablakot
XSPK_C_006_T0061,wavs_synthetic_crossspeaker/XSPK_C_006_T0061.wav,C_006,Szobába kapcsold ki a fűtést
XSPK_C_006_T0062,wavs_synthetic_crossspeaker/XSPK_C_006_T0062.wav,C_006,Kapcsold be a szoba hőmérsékletét a fürdőszobába
XSPK_C_006_T0063,wavs_synthetic_crossspeaker/XSPK_C_006_T0063.wav,C_006,Nyiszd ki az ajtot a szobában
XSPK_C_006_T0064,wavs_synthetic_crossspeaker/XSPK_C_006_T0064.wav,C_006,Nagyszobába kapcsold be a ventilátorokat
XSPK_C_006_T0065,wavs_synthetic_crossspeaker/XSPK_C_006_T0065.wav,C_006,Fűtés ben kor folyosón
XSPK_C_006_T0066,wavs_synthetic_crossspeaker/XSPK_C_006_T0066.wav,C_006,A nagyszobában kapcsold be a számítógépet.
XSPK_C_006_T0067,wavs_synthetic_crossspeaker/XSPK_C_006_T0067.wav,C_006,Fürdőszoban porszízót kikapcsolni
XSPK_C_006_T0068,wavs_synthetic_crossspeaker/XSPK_C_006_T0068.wav,C_006,Konyhában húzd be a függöny
XSPK_C_006_T0069,wavs_synthetic_crossspeaker/XSPK_C_006_T0069.wav,C_006,Kapcsol föl a fürdőszobában
XSPK_C_006_T0070,wavs_synthetic_crossspeaker/XSPK_C_006_T0070.wav,C_006,A konyhában húzd fel a függönyt
XSPK_C_006_T0071,wavs_synthetic_crossspeaker/XSPK_C_006_T0071.wav,C_006,Kiszobában húzd le a fűtés.
XSPK_C_006_T0072,wavs_synthetic_crossspeaker/XSPK_C_006_T0072.wav,C_006,A kisszobában csendesícs a tévét.
XSPK_C_006_T0073,wavs_synthetic_crossspeaker/XSPK_C_006_T0073.wav,C_006,A nagszobában kapcsold ki a ventillátort
XSPK_C_006_T0074,wavs_synthetic_crossspeaker/XSPK_C_006_T0074.wav,C_006,Az szobában kapcsold ki a számítógépet
XSPK_C_006_T0075,wavs_synthetic_crossspeaker/XSPK_C_006_T0075.wav,C_006,Kapcsold föl a villanyt a folyosón
XSPK_C_006_T0076,wavs_synthetic_crossspeaker/XSPK_C_006_T0076.wav,C_006,Vedd lejjebb a tévét a szobába
XSPK_C_006_T0077,wavs_synthetic_crossspeaker/XSPK_C_006_T0077.wav,C_006,Kapcsold be a sz rádiót a kisszobába
XSPK_C_006_T0078,wavs_synthetic_crossspeaker/XSPK_C_006_T0078.wav,C_006,A kisszobában válts csatornát a rádión
XSPK_C_006_T0079,wavs_synthetic_crossspeaker/XSPK_C_006_T0079.wav,C_006,Kapcsold fel á villanyt a szobában.
XSPK_C_006_T0080,wavs_synthetic_crossspeaker/XSPK_C_006_T0080.wav,C_006,A folyosón húzd fel a radiátort
XSPK_C_006_T0081,wavs_synthetic_crossspeaker/XSPK_C_006_T0081.wav,C_006,Fürdőszobába zárd be az ajtót.
XSPK_C_006_T0082,wavs_synthetic_crossspeaker/XSPK_C_006_T0082.wav,C_006,Szobába hangosítsd föl a tévét
XSPK_C_006_T0083,wavs_synthetic_crossspeaker/XSPK_C_006_T0083.wav,C_006,A konyhában kapcsold be a tévét
XSPK_C_006_T0084,wavs_synthetic_crossspeaker/XSPK_C_006_T0084.wav,C_006,Kisszobába kapcsold be a porszívót
XSPK_C_006_T0085,wavs_synthetic_crossspeaker/XSPK_C_006_T0085.wav,C_006,Kapcsold be a számítógépet a folyosón
XSPK_C_006_T0086,wavs_synthetic_crossspeaker/XSPK_C_006_T0086.wav,C_006,Fürdőszobába kapcsold le a  villanyt
XSPK_C_006_T0087,wavs_synthetic_crossspeaker/XSPK_C_006_T0087.wav,C_006,Zárd be az ajtót a folyosóba
XSPK_C_006_T0088,wavs_synthetic_crossspeaker/XSPK_C_006_T0088.wav,C_006,Kapcsold be ar a rádiót a kisszobába.
XSPK_C_006_T0089,wavs_synthetic_crossspeaker/XSPK_C_006_T0089.wav,C_006,Kapcsold be a tévét a folyosón.
XSPK_C_006_T0090,wavs_synthetic_crossspeaker/XSPK_C_006_T0090.wav,C_006,A konyhába vedd lejjebb a radiátort
XSPK_C_006_T0091,wavs_synthetic_crossspeaker/XSPK_C_006_T0091.wav,C_006,Csendesítsd a televíziót a szobában.
XSPK_C_006_T0092,wavs_synthetic_crossspeaker/XSPK_C_006_T0092.wav,C_006,Konyhába huzd fel a redöny
XSPK_C_006_T0093,wavs_synthetic_crossspeaker/XSPK_C_006_T0093.wav,C_006,A folyosón válcs tatornát a rádión.
XSPK_C_006_T0094,wavs_synthetic_crossspeaker/XSPK_C_006_T0094.wav,C_006,Vál csatornát a tévén a szobában.
XSPK_C_006_T0095,wavs_synthetic_crossspeaker/XSPK_C_006_T0095.wav,C_006,Húzd szé a függönyt a fürdőszobában
XSPK_C_006_T0096,wavs_synthetic_crossspeaker/XSPK_C_006_T0096.wav,C_006,A ventilátort kapcsold ki a szobába
XSPK_C_006_T0097,wavs_synthetic_crossspeaker/XSPK_C_006_T0097.wav,C_006,A kisszobai redőnyt engedd le
XSPK_C_006_T0098,wavs_synthetic_crossspeaker/XSPK_C_006_T0098.wav,C_006,Kisszobában kapcsold fel a villanyt.
XSPK_C_006_T0099,wavs_synthetic_crossspeaker/XSPK_C_006_T0099.wav,C_006,Húzd fel a aliátort a nagyszobában
XSPK_C_006_T0100,wavs_synthetic_crossspeaker/XSPK_C_006_T0100.wav,C_006,Kapcsold ki a pirítógépet a konyhába
XSPK_C_006_T0101,wavs_synthetic_crossspeaker/XSPK_C_006_T0101.wav,C_006,A konyhában húzd ki az ajtót.
XSPK_C_006_T0102,wavs_synthetic_crossspeaker/XSPK_C_006_T0102.wav,C_006,A naccobában húzd le a redőnyöket
XSPK_C_006_T0103,wavs_synthetic_crossspeaker/XSPK_C_006_T0103.wav,C_006,A fürdőszobában kapcsold be a fütést
XSPK_C_006_T0104,wavs_synthetic_crossspeaker/XSPK_C_006_T0104.wav,C_006,A fürdőszobába kapcsold ki a számítógépet.
XSPK_C_006_T0105,wavs_synthetic_crossspeaker/XSPK_C_006_T0105.wav,C_006,Húzd fel a fűtést a kisszobába.
XSPK_C_006_T0106,wavs_synthetic_crossspeaker/XSPK_C_006_T0106.wav,C_006,Kápcsold ki a porcsivót a kisszobában.
XSPK_C_006_T0107,wavs_synthetic_crossspeaker/XSPK_C_006_T0107.wav,C_006,A konyhában húzd fel a törlőt.
XSPK_C_006_T0108,wavs_synthetic_crossspeaker/XSPK_C_006_T0108.wav,C_006,A konyhába húzd be a függönyt
XSPK_C_006_T0109,wavs_synthetic_crossspeaker/XSPK_C_006_T0109.wav,C_006,Csendesítsd a tévét a konyhában
XSPK_C_006_T0110,wavs_synthetic_crossspeaker/XSPK_C_006_T0110.wav,C_006,Szobába húzd szét a függöny
XSPK_C_006_T0111,wavs_synthetic_crossspeaker/XSPK_C_006_T0111.wav,C_006,A konyhában zárd be a ajtót
XSPK_C_006_T0112,wavs_synthetic_crossspeaker/XSPK_C_006_T0112.wav,C_006,Kapcsold fel a szobába a hőmérsékletet
XSPK_C_006_T0113,wavs_synthetic_crossspeaker/XSPK_C_006_T0113.wav,C_006,Kisszobába húzzuk be a függönyt
XSPK_C_006_T0114,wavs_synthetic_crossspeaker/XSPK_C_006_T0114.wav,C_006,Kapcsold be a sütőt a konyhába.
XSPK_C_006_T0115,wavs_synthetic_crossspeaker/XSPK_C_006_T0115.wav,C_006,Szobába kapcsold ki a számítógépet.
XSPK_C_006_T0116,wavs_synthetic_crossspeaker/XSPK_C_006_T0116.wav,C_006,Kapcsold ki a szobában a számítógépet
XSPK_C_006_T0117,wavs_synthetic_crossspeaker/XSPK_C_006_T0117.wav,C_006,Zárd be az ajtót a szobába.
XSPK_C_006_T0118,wavs_synthetic_crossspeaker/XSPK_C_006_T0118.wav,C_006,A nagyszobába na kapcsold ki a radirátor
XSPK_C_006_T0119,wavs_synthetic_crossspeaker/XSPK_C_006_T0119.wav,C_006,Kapcsold ki a rádiot a kisszobában
XSPK_C_006_T0120,wavs_synthetic_crossspeaker/XSPK_C_006_T0120.wav,C_006,A konyhába kapcsold be a fűtést
XSPK_C_006_T0121,wavs_synthetic_crossspeaker/XSPK_C_006_T0121.wav,C_006,Konyhában kapcsold ki a ventilátort
XSPK_C_006_T0122,wavs_synthetic_crossspeaker/XSPK_C_006_T0122.wav,C_006,Kapcsold ki a nagyszobában a porszívót
XSPK_C_006_T0123,wavs_synthetic_crossspeaker/XSPK_C_006_T0123.wav,C_006,Hangosídd a tévét a szobában
XSPK_C_006_T0124,wavs_synthetic_crossspeaker/XSPK_C_006_T0124.wav,C_006,A fürdőszobába húzd szét a függöny
XSPK_C_006_T0125,wavs_synthetic_crossspeaker/XSPK_C_006_T0125.wav,C_006,Kapcsold be a számíógéept a nagyszobában
XSPK_C_006_T0126,wavs_synthetic_crossspeaker/XSPK_C_006_T0126.wav,C_006,A ventillátorokat a nagyszobába kapcsold be
XSPK_C_006_T0127,wavs_synthetic_crossspeaker/XSPK_C_006_T0127.wav,C_006,Kapcsoljuk be a számítógépet
XSPK_C_006_T0128,wavs_synthetic_crossspeaker/XSPK_C_006_T0128.wav,C_006,Kapcsoljuk le a villanyt a kisszobába
XSPK_C_006_T0129,wavs_synthetic_crossspeaker/XSPK_C_006_T0129.wav,C_006,Csukd be a nagyszoba ajtaját
XSPK_C_006_T0130,wavs_synthetic_crossspeaker/XSPK_C_006_T0130.wav,C_006,Kapcsold be a rádiót a fürdőszobában.
XSPK_C_006_T0131,wavs_synthetic_crossspeaker/XSPK_C_006_T0131.wav,C_006,A konyhába kapcsold be a gáztűzhelyt.
XSPK_C_006_T0132,wavs_synthetic_crossspeaker/XSPK_C_006_T0132.wav,C_006,Kapcsold be a számítig számítógépet a kisszobában.
XSPK_C_006_T0133,wavs_synthetic_crossspeaker/XSPK_C_006_T0133.wav,C_006,Szobában húzd fel a leredőnyt
XSPK_C_006_T0134,wavs_synthetic_crossspeaker/XSPK_C_006_T0134.wav,C_006,Kapcsold be a porszívót a szobában.
XSPK_C_006_T0135,wavs_synthetic_crossspeaker/XSPK_C_006_T0135.wav,C_006,A kis szobában kapcsold be a számítógépet.
XSPK_C_006_T0136,wavs_synthetic_crossspeaker/XSPK_C_006_T0136.wav,C_006,Kapcsold föl a villanyt a nagyszobába
XSPK_C_006_T0137,wavs_synthetic_crossspeaker/XSPK_C_006_T0137.wav,C_006,Halkítsd le a tévét a kisszobában.
XSPK_C_006_T0138,wavs_synthetic_crossspeaker/XSPK_C_006_T0138.wav,C_006,A szobába kapcsold ki a ventilátorokat
XSPK_C_006_T0139,wavs_synthetic_crossspeaker/XSPK_C_006_T0139.wav,C_006,A konyhában kapcsold be a pirítóssütőt
XSPK_C_006_T0140,wavs_synthetic_crossspeaker/XSPK_C_006_T0140.wav,C_006,A kisszobábán hangosítsd a tévét.
XSPK_C_006_T0141,wavs_synthetic_crossspeaker/XSPK_C_006_T0141.wav,C_006,A szobában zárjuk be az ajtón
XSPK_C_006_T0142,wavs_synthetic_crossspeaker/XSPK_C_006_T0142.wav,C_006,A folyosón kapcsold le a villant.
XSPK_C_006_T0143,wavs_synthetic_crossspeaker/XSPK_C_006_T0143.wav,C_006,A fürdőszobában kapcsold ki a rádjót.
XSPK_C_006_T0144,wavs_synthetic_crossspeaker/XSPK_C_006_T0144.wav,C_006,Húzd szét a nagyszobában a függönyöket
XSPK_C_006_T0145,wavs_synthetic_crossspeaker/XSPK_C_006_T0145.wav,C_006,Folyoson húzd be a függönyt
XSPK_C_006_T0146,wavs_synthetic_crossspeaker/XSPK_C_006_T0146.wav,C_006,A konyhában kapcsold fel a villany
XSPK_C_006_T0147,wavs_synthetic_crossspeaker/XSPK_C_006_T0147.wav,C_006,Válcs csatornát a tévékn a konyhában.
XSPK_C_006_T0148,wavs_synthetic_crossspeaker/XSPK_C_006_T0148.wav,C_006,A szobában kapcsold ki a rádidót
XSPK_C_006_T0149,wavs_synthetic_crossspeaker/XSPK_C_006_T0149.wav,C_006,A kisszobába kapcsold fel a villany
XSPK_C_006_T0150,wavs_synthetic_crossspeaker/XSPK_C_006_T0150.wav,C_006,Vedd le a hangot a televízióban a kisszo a szobában
XSPK_C_006_T0151,wavs_synthetic_crossspeaker/XSPK_C_006_T0151.wav,C_006,A szobában kapcsold lejjebb a fűtést
XSPK_C_006_T0152,wavs_synthetic_crossspeaker/XSPK_C_006_T0152.wav,C_006,Zárd be az ajtót a konyhán
XSPK_C_006_T0153,wavs_synthetic_crossspeaker/XSPK_C_006_T0153.wav,C_006,A tévét a kisszobába halkítsd le
XSPK_C_006_T0154,wavs_synthetic_crossspeaker/XSPK_C_006_T0154.wav,C_006,Csendesíts tévét a kisszobában.
XSPK_C_006_T0155,wavs_synthetic_crossspeaker/XSPK_C_006_T0155.wav,C_006,Húzd szét a függönt a kiszobában.
XSPK_C_006_T0156,wavs_synthetic_crossspeaker/XSPK_C_006_T0156.wav,C_006,A nagyszobai ventilátort kikapcsolnád
XSPK_C_006_T0157,wavs_synthetic_crossspeaker/XSPK_C_006_T0157.wav,C_006,Úzd lejjebb a fürdőszobában a radirátor
XSPK_C_006_T0158,wavs_synthetic_crossspeaker/XSPK_C_006_T0158.wav,C_006,A fojjosón húzd szét a függöny.
XSPK_C_006_T0159,wavs_synthetic_crossspeaker/XSPK_C_006_T0159.wav,C_006,Halkítsuk a tévét a nagyszobába
XSPK_C_006_T0160,wavs_synthetic_crossspeaker/XSPK_C_006_T0160.wav,C_006,A nagycobában zárd be az ablakot
XSPK_C_006_T0161,wavs_synthetic_crossspeaker/XSPK_C_006_T0161.wav,C_006,A konyhában kapcsold ki a tűzhelyet.
XSPK_C_006_T0162,wavs_synthetic_crossspeaker/XSPK_C_006_T0162.wav,C_006,A porszívót kapcsold be a szobába
XSPK_C_006_T0163,wavs_synthetic_crossspeaker/XSPK_C_006_T0163.wav,C_006,A konyhában a húzd le a radiátort
XSPK_C_006_T0164,wavs_synthetic_crossspeaker/XSPK_C_006_T0164.wav,C_006,A folyosón úzd lejjebb a radiátort
XSPK_C_006_T0165,wavs_synthetic_crossspeaker/XSPK_C_006_T0165.wav,C_006,A konyhában kapnyold ki a kennyér pirítót.
XSPK_C_006_T0166,wavs_synthetic_crossspeaker/XSPK_C_006_T0166.wav,C_006,A folyosón húzd le a fűtést.
XSPK_C_006_T0167,wavs_synthetic_crossspeaker/XSPK_C_006_T0167.wav,C_006,Kapcsold be a porszívót a nagyszob a konyhában
XSPK_C_006_T0168,wavs_synthetic_crossspeaker/XSPK_C_006_T0168.wav,C_006,Dísd ki az ajtót a fördőszobában
XSPK_C_006_T0169,wavs_synthetic_crossspeaker/XSPK_C_006_T0169.wav,C_006,Zárd el a nagyszobai radiátort
XSPK_C_006_T0170,wavs_synthetic_crossspeaker/XSPK_C_006_T0170.wav,C_006,Húzd le a redőnyt a kis szobába.
XSPK_C_006_T0171,wavs_synthetic_crossspeaker/XSPK_C_006_T0171.wav,C_006,A folyosón kapcsodl fel a villanyt
XSPK_C_006_T0172,wavs_synthetic_crossspeaker/XSPK_C_006_T0172.wav,C_006,A porszívót kapcsold be a nagyszobába
XSPK_C_006_T0173,wavs_synthetic_crossspeaker/XSPK_C_006_T0173.wav,C_006,Fürdőszobában húz le a fűtés
XSPK_C_006_T0174,wavs_synthetic_crossspeaker/XSPK_C_006_T0174.wav,C_006,A fürdőszobában khapcsold ki a rádió.
XSPK_C_006_T0175,wavs_synthetic_crossspeaker/XSPK_C_006_T0175.wav,C_006,A konyhában kapcsold ki a fütést
XSPK_C_006_T0176,wavs_synthetic_crossspeaker/XSPK_C_006_T0176.wav,C_006,Kapcsold ki a számítógépet a szobába.
XSPK_C_006_T0177,wavs_synthetic_crossspeaker/XSPK_C_006_T0177.wav,C_006,Nyiss az ajtót a szobában.
XSPK_C_006_T0178,wavs_synthetic_crossspeaker/XSPK_C_006_T0178.wav,C_006,A konyhában hangosítsuk a tévét
XSPK_C_006_T0179,wavs_synthetic_crossspeaker/XSPK_C_006_T0179.wav,C_006,A kisszobai rádión váltsál légy szíves csatornát
XSPK_C_006_T0180,wavs_synthetic_crossspeaker/XSPK_C_006_T0180.wav,C_006,Konyhába kapcsold ki a fűtést.
XSPK_C_006_T0181,wavs_synthetic_crossspeaker/XSPK_C_006_T0181.wav,C_006,Khapcsold le a villanyt a nagyszobában.
XSPK_C_006_T0182,wavs_synthetic_crossspeaker/XSPK_C_006_T0182.wav,C_006,Kapcsold be a rádiót a folyoson
XSPK_C_006_T0183,wavs_synthetic_crossspeaker/XSPK_C_006_T0183.wav,C_006,Nagyszobában válts csatornát
XSPK_C_006_T0184,wavs_synthetic_crossspeaker/XSPK_C_006_T0184.wav,C_006,És a kisszobában kapcsold be a ventilátor
XSPK_C_006_T0185,wavs_synthetic_crossspeaker/XSPK_C_006_T0185.wav,C_006,A konyhába váltsál csatornát a tévén
XSPK_C_006_T0186,wavs_synthetic_crossspeaker/XSPK_C_006_T0186.wav,C_006,Kisszobába fütést le
XSPK_C_006_T0187,wavs_synthetic_crossspeaker/XSPK_C_006_T0187.wav,C_006,Nagyszobába kapcsold le a villany
XSPK_C_006_T0188,wavs_synthetic_crossspeaker/XSPK_C_006_T0188.wav,C_006,A villanyt a szobába kapcsold le
XSPK_C_006_T0189,wavs_synthetic_crossspeaker/XSPK_C_006_T0189.wav,C_006,A fürdőszobában húzd fel a fűtő.
XSPK_C_006_T0190,wavs_synthetic_crossspeaker/XSPK_C_006_T0190.wav,C_006,Nyisd ki az ablakot na nagyszobába
XSPK_C_006_T0191,wavs_synthetic_crossspeaker/XSPK_C_006_T0191.wav,C_006,Húzd be a redőnyt a kh fürdőszobába
XSPK_C_006_T0192,wavs_synthetic_crossspeaker/XSPK_C_006_T0192.wav,C_006,Kisszobába kapcsoljuk fel a termosztátot
XSPK_C_006_T0193,wavs_synthetic_crossspeaker/XSPK_C_006_T0193.wav,C_006,A fürdőszobába halkítsd le a tévét
XSPK_C_006_T0194,wavs_synthetic_crossspeaker/XSPK_C_006_T0194.wav,C_006,A kiso szobában kapcsold ki a számítógépet.
XSPK_C_006_T0195,wavs_synthetic_crossspeaker/XSPK_C_006_T0195.wav,C_006,Konyhába ki sütött
XSPK_C_006_T0196,wavs_synthetic_crossspeaker/XSPK_C_006_T0196.wav,C_006,Kapcsold ki a fűtés a konyhában
XSPK_C_006_T0197,wavs_synthetic_crossspeaker/XSPK_C_006_T0197.wav,C_006,Kapcsold ki a ventillátort a nagyszobába
XSPK_C_006_T0198,wavs_synthetic_crossspeaker/XSPK_C_006_T0198.wav,C_006,A konyhába vedd feljebb a radiátort
XSPK_C_006_T0199,wavs_synthetic_crossspeaker/XSPK_C_006_T0199.wav,C_006,Konyhában mosógépen harminc fokon
XSPK_C_006_T0200,wavs_synthetic_crossspeaker/XSPK_C_006_T0200.wav,C_006,Kapcsoljuk be a zsebrádiót
XSPK_C_006_T0201,wavs_synthetic_crossspeaker/XSPK_C_006_T0201.wav,C_006,A kisszobába zárd be az ajtót
XSPK_C_006_T0202,wavs_synthetic_crossspeaker/XSPK_C_006_T0202.wav,C_006,A kisszobában húzd szét a függöny.
XSPK_C_006_T0203,wavs_synthetic_crossspeaker/XSPK_C_006_T0203.wav,C_006,Húzd le a redőnt a konyhában.
XSPK_C_006_T0204,wavs_synthetic_crossspeaker/XSPK_C_006_T0204.wav,C_006,A nagyszobába hangosítsd a tévét
XSPK_C_006_T0205,wavs_synthetic_crossspeaker/XSPK_C_006_T0205.wav,C_006,A kisszobába húzd fel a ledőnyt
XSPK_C_006_T0206,wavs_synthetic_crossspeaker/XSPK_C_006_T0206.wav,C_006,A konyhában kapcsold fel a világítás.
XSPK_C_006_T0207,wavs_synthetic_crossspeaker/XSPK_C_006_T0207.wav,C_006,Halkítsd le a kisszobába a tévét
XSPK_C_006_T0208,wavs_synthetic_crossspeaker/XSPK_C_006_T0208.wav,C_006,Zárd be az ajtót a kisszobába
XSPK_C_006_T0209,wavs_synthetic_crossspeaker/XSPK_C_006_T0209.wav,C_006,Szobában válts csatornát a végén
XSPK_C_007_T0000,wavs_synthetic_crossspeaker/XSPK_C_007_T0000.wav,C_007,Húzd le a redőnyt konyhában.
XSPK_C_007_T0001,wavs_synthetic_crossspeaker/XSPK_C_007_T0001.wav,C_007,Kapcsold be harminc fokon a mosogépet a konyhában.
XSPK_C_007_T0002,wavs_synthetic_crossspeaker/XSPK_C_007_T0002.wav,C_007,Nyísd ki az ablakot a fürdőszobában
XSPK_C_007_T0003,wavs_synthetic_crossspeaker/XSPK_C_007_T0003.wav,C_007,Húzd aza függönyt a konyhában
XSPK_C_007_T0004,wavs_synthetic_crossspeaker/XSPK_C_007_T0004.wav,C_007,Kisszobába kapcsold be a rádi radiátort
XSPK_C_007_T0005,wavs_synthetic_crossspeaker/XSPK_C_007_T0005.wav,C_007,Nagyszobába zárd be az ablakot.
XSPK_C_007_T0006,wavs_synthetic_crossspeaker/XSPK_C_007_T0006.wav,C_007,Kapcsold ki számítógépet a kisszobában
XSPK_C_007_T0007,wavs_synthetic_crossspeaker/XSPK_C_007_T0007.wav,C_007,A konyhába kapcold ki a rádiot
XSPK_C_007_T0008,wavs_synthetic_crossspeaker/XSPK_C_007_T0008.wav,C_007,A konyhában húz szé a függönyt
XSPK_C_007_T0009,wavs_synthetic_crossspeaker/XSPK_C_007_T0009.wav,C_007,Vedd feljebb a te a televízión a hangot … a szobában
XSPK_C_007_T0010,wavs_synthetic_crossspeaker/XSPK_C_007_T0010.wav,C_007,A számítógépet kapcsold be a nagyszobába
XSPK_C_007_T0011,wavs_synthetic_crossspeaker/XSPK_C_007_T0011.wav,C_007,Kapcsold ki ne felejtsd el a szobába a ventillátort
XSPK_C_007_T0012,wavs_synthetic_crossspeaker/XSPK_C_007_T0012.wav,C_007,Kisszobába húzd fel a rolót
XSPK_C_007_T0013,wavs_synthetic_crossspeaker/XSPK_C_007_T0013.wav,C_007,Csapcsold be a rádiót a konyhában
XSPK_C_007_T0014,wavs_synthetic_crossspeaker/XSPK_C_007_T0014.wav,C_007,Kapcsold ki a rádiót a fojjosón.
XSPK_C_007_T0015,wavs_synthetic_crossspeaker/XSPK_C_007_T0015.wav,C_007,Kapcsold be a forszívót a nagyszobában
XSPK_C_007_T0016,wavs_synthetic_crossspeaker/XSPK_C_007_T0016.wav,C_007,Kisszobába kapcsold be a radiátort
XSPK_C_007_T0017,wavs_synthetic_crossspeaker/XSPK_C_007_T0017.wav,C_007,Kapcsold ki a für fürdőszobába a fűtést
XSPK_C_007_T0018,wavs_synthetic_crossspeaker/XSPK_C_007_T0018.wav,C_007,Kapcsold ki a rádiót a ngyszobában
XSPK_C_007_T0019,wavs_synthetic_crossspeaker/XSPK_C_007_T0019.wav,C_007,A kony a nagyszobában halkítsd a tévét
XSPK_C_007_T0020,wavs_synthetic_crossspeaker/XSPK_C_007_T0020.wav,C_007,Húzd föl a nagyszobai redőnyt
XSPK_C_007_T0021,wavs_synthetic_crossspeaker/XSPK_C_007_T0021.wav,C_007,Kapcsold ki a ventilátort a fürdőszobában
XSPK_C_007_T0022,wavs_synthetic_crossspeaker/XSPK_C_007_T0022.wav,C_007,Fürdőcobában kapcsold le a villant.
XSPK_C_007_T0023,wavs_synthetic_crossspeaker/XSPK_C_007_T0023.wav,C_007,Kapcsold be a ventillátort a kisszobábá.
XSPK_C_007_T0024,wavs_synthetic_crossspeaker/XSPK_C_007_T0024.wav,C_007,A nagyszobába kapcsold föl fel a villanyt
XSPK_C_007_T0025,wavs_synthetic_crossspeaker/XSPK_C_007_T0025.wav,C_007,Konyhába kapcsold fel a villanyt.
XSPK_C_007_T0026,wavs_synthetic_crossspeaker/XSPK_C_007_T0026.wav,C_007,A kisszobába húzd le a redőny.
XSPK_C_007_T0027,wavs_synthetic_crossspeaker/XSPK_C_007_T0027.wav,C_007,A kisszobában válts csatornát a rádión
XSPK_C_007_T0028,wavs_synthetic_crossspeaker/XSPK_C_007_T0028.wav,C_007,A kisszobában kapcsold fel a villanyt
XSPK_C_007_T0029,wavs_synthetic_crossspeaker/XSPK_C_007_T0029.wav,C_007,A kisszobámban kikapcsolom a számítógépem
XSPK_C_007_T0030,wavs_synthetic_crossspeaker/XSPK_C_007_T0030.wav,C_007,Kapcsold le a folyosó hőmérsékletét
XSPK_C_007_T0031,wavs_synthetic_crossspeaker/XSPK_C_007_T0031.wav,C_007,A konyhai ventilátort kapcsold be légy szíves
XSPK_C_007_T0032,wavs_synthetic_crossspeaker/XSPK_C_007_T0032.wav,C_007,Kapcsold be a ventillátor a kisszobába.
XSPK_C_007_T0033,wavs_synthetic_crossspeaker/XSPK_C_007_T0033.wav,C_007,A konyhában kapcsold ki a számítgépet.
XSPK_C_007_T0034,wavs_synthetic_crossspeaker/XSPK_C_007_T0034.wav,C_007,Vegyük vissza a fűtést a fürdőszobába
XSPK_C_007_T0035,wavs_synthetic_crossspeaker/XSPK_C_007_T0035.wav,C_007,A kapcsold fel a villanyt az fürdőszobában
XSPK_C_007_T0036,wavs_synthetic_crossspeaker/XSPK_C_007_T0036.wav,C_007,Zárd be az ant a kisszobába
XSPK_C_007_T0037,wavs_synthetic_crossspeaker/XSPK_C_007_T0037.wav,C_007,Válcs csatornát a rádión a konyhába.
XSPK_C_007_T0038,wavs_synthetic_crossspeaker/XSPK_C_007_T0038.wav,C_007,Válcs csatornát a rádión a nagyszobában.
XSPK_C_007_T0039,wavs_synthetic_crossspeaker/XSPK_C_007_T0039.wav,C_007,Húzd szét a függönyt a kisszobába
XSPK_C_007_T0040,wavs_synthetic_crossspeaker/XSPK_C_007_T0040.wav,C_007,A konyhában kapcsold be a pirítóssütőt
XSPK_C_007_T0041,wavs_synthetic_crossspeaker/XSPK_C_007_T0041.wav,C_007,Kapcsold ki a radirátor a kisszobában
XSPK_C_007_T0042,wavs_synthetic_crossspeaker/XSPK_C_007_T0042.wav,C_007,Kapcsold be a pirítót a konyhában
XSPK_C_007_T0043,wavs_synthetic_crossspeaker/XSPK_C_007_T0043.wav,C_007,Kapcsold ki a ventillátor a fojjosón.
XSPK_C_007_T0044,wavs_synthetic_crossspeaker/XSPK_C_007_T0044.wav,C_007,A fürdőszobában kapcsold ki a ventillátort.
XSPK_C_007_T0045,wavs_synthetic_crossspeaker/XSPK_C_007_T0045.wav,C_007,Huzd fel a redőnyt a fúrdőszobában
XSPK_C_007_T0046,wavs_synthetic_crossspeaker/XSPK_C_007_T0046.wav,C_007,Húzd föl a fűtést a szobában.
XSPK_C_007_T0047,wavs_synthetic_crossspeaker/XSPK_C_007_T0047.wav,C_007,Kapcsold be a mosógépet állítsd harminc fokra a fürdőszobába
XSPK_C_007_T0048,wavs_synthetic_crossspeaker/XSPK_C_007_T0048.wav,C_007,A konyhába kapcsold fel a villanyt.
XSPK_C_007_T0049,wavs_synthetic_crossspeaker/XSPK_C_007_T0049.wav,C_007,Zárd be az ablakot a fojjosón.
XSPK_C_007_T0050,wavs_synthetic_crossspeaker/XSPK_C_007_T0050.wav,C_007,Nagyszobában húzd fel a fűtést
XSPK_C_007_T0051,wavs_synthetic_crossspeaker/XSPK_C_007_T0051.wav,C_007,A szobában zárd be az ajtót
XSPK_C_007_T0052,wavs_synthetic_crossspeaker/XSPK_C_007_T0052.wav,C_007,A nagyszobába keressél valami mást
XSPK_C_007_T0053,wavs_synthetic_crossspeaker/XSPK_C_007_T0053.wav,C_007,Konyhában kapcsold be a fűtést
XSPK_C_007_T0054,wavs_synthetic_crossspeaker/XSPK_C_007_T0054.wav,C_007,Angosítsd fel a tévét a nagyszobában
XSPK_C_007_T0055,wavs_synthetic_crossspeaker/XSPK_C_007_T0055.wav,C_007,A konyhába vedd le a fűtést
XSPK_C_007_T0056,wavs_synthetic_crossspeaker/XSPK_C_007_T0056.wav,C_007,Kapcsold be a mosógépet harminc fokon a nagy a konyhában
XSPK_C_007_T0057,wavs_synthetic_crossspeaker/XSPK_C_007_T0057.wav,C_007,Vegyük lejjebb a fűtést a konyhába
XSPK_C_007_T0058,wavs_synthetic_crossspeaker/XSPK_C_007_T0058.wav,C_007,Kapcsold be a számítógépet a kisszobába
XSPK_C_007_T0059,wavs_synthetic_crossspeaker/XSPK_C_007_T0059.wav,C_007,A konyhában húzd be a függönyt
XSPK_C_007_T0060,wavs_synthetic_crossspeaker/XSPK_C_007_T0060.wav,C_007,Hangosícsd fel a tévét a sznagyszoba ba.
XSPK_C_007_T0061,wavs_synthetic_crossspeaker/XSPK_C_007_T0061.wav,C_007,Zapcsold be a fürdőszobába harminc fokon mosógépet
XSPK_C_007_T0062,wavs_synthetic_crossspeaker/XSPK_C_007_T0062.wav,C_007,Bekapcsolhatod a ventilátorokat a kisszobába is
XSPK_C_007_T0063,wavs_synthetic_crossspeaker/XSPK_C_007_T0063.wav,C_007,Kapcsold ki légy szíves a porszívót a folyosón
XSPK_C_007_T0064,wavs_synthetic_crossspeaker/XSPK_C_007_T0064.wav,C_007,Válcs csatornát a rádijón a nagyszobába.
XSPK_C_007_T0065,wavs_synthetic_crossspeaker/XSPK_C_007_T0065.wav,C_007,Ventilátorokat kapcsold be a folyosón
XSPK_C_007_T0066,wavs_synthetic_crossspeaker/XSPK_C_007_T0066.wav,C_007,A folysón kapcsold be a porszívót
XSPK_C_007_T0067,wavs_synthetic_crossspeaker/XSPK_C_007_T0067.wav,C_007,Fürdőszobában kapcsold ki a fűtést.
XSPK_C_007_T0068,wavs_synthetic_crossspeaker/XSPK_C_007_T0068.wav,C_007,A fürdőszob fürdőszobába kapcsold be hatvan fokon a mosógépet
XSPK_C_007_T0069,wavs_synthetic_crossspeaker/XSPK_C_007_T0069.wav,C_007,A rádiót kapcsold be a kisszobába
XSPK_C_007_T0070,wavs_synthetic_crossspeaker/XSPK_C_007_T0070.wav,C_007,Halkícsd a tévét a konyhában.
XSPK_C_007_T0071,wavs_synthetic_crossspeaker/XSPK_C_007_T0071.wav,C_007,Húzd fel a redőnyt a szobában
XSPK_C_007_T0072,wavs_synthetic_crossspeaker/XSPK_C_007_T0072.wav,C_007,Kapcsold be a fütés a fojjosó.
XSPK_C_007_T0073,wavs_synthetic_crossspeaker/XSPK_C_007_T0073.wav,C_007,Kapcsold be a mosógépet hatvan fokon a konyhába.
XSPK_C_007_T0074,wavs_synthetic_crossspeaker/XSPK_C_007_T0074.wav,C_007,A fojjosón zárd be az ablakot.
XSPK_C_007_T0075,wavs_synthetic_crossspeaker/XSPK_C_007_T0075.wav,C_007,A rádiót kapcsold ki a kisszobában.
XSPK_C_007_T0076,wavs_synthetic_crossspeaker/XSPK_C_007_T0076.wav,C_007,A nagycobába válts csatornát a rádión
XSPK_C_007_T0077,wavs_synthetic_crossspeaker/XSPK_C_007_T0077.wav,C_007,Válts csatornát a fürdőszobába
XSPK_C_007_T0078,wavs_synthetic_crossspeaker/XSPK_C_007_T0078.wav,C_007,Kapcsold ki a fűtést a kisszobában
XSPK_C_007_T0079,wavs_synthetic_crossspeaker/XSPK_C_007_T0079.wav,C_007,A kisszobába kapcsold ki a fűté.
XSPK_C_007_T0080,wavs_synthetic_crossspeaker/XSPK_C_007_T0080.wav,C_007,A nagy szobában nyisd ki az ablakot.
XSPK_C_007_T0081,wavs_synthetic_crossspeaker/XSPK_C_007_T0081.wav,C_007,A fürdőszobába a fűtést nyomd fel
XSPK_C_007_T0082,wavs_synthetic_crossspeaker/XSPK_C_007_T0082.wav,C_007,A kisszobában zárd be a ajtót
XSPK_C_007_T0083,wavs_synthetic_crossspeaker/XSPK_C_007_T0083.wav,C_007,Nyomd föl a fürdőszobába a fűtést
XSPK_C_007_T0084,wavs_synthetic_crossspeaker/XSPK_C_007_T0084.wav,C_007,A számítógépet kapcsold be a nagyszobában.
XSPK_C_007_T0085,wavs_synthetic_crossspeaker/XSPK_C_007_T0085.wav,C_007,Kapcsold be a ventilátort a fürdőszobába.
XSPK_C_007_T0086,wavs_synthetic_crossspeaker/XSPK_C_007_T0086.wav,C_007,Kapcsold ki a számítóépet a kisobában
XSPK_C_007_T0087,wavs_synthetic_crossspeaker/XSPK_C_007_T0087.wav,C_007,Kapcsold be a fűtést a fojjosón.
XSPK_C_007_T0088,wavs_synthetic_crossspeaker/XSPK_C_007_T0088.wav,C_007,A nagyszobában a porszívót kapcsold ki
XSPK_C_007_T0089,wavs_synthetic_crossspeaker/XSPK_C_007_T0089.wav,C_007,Kapcsold be a sütőt a konyhában.
XSPK_C_007_T0090,wavs_synthetic_crossspeaker/XSPK_C_007_T0090.wav,C_007,Húzd feljebb a radiátort a folyosón
XSPK_C_007_T0091,wavs_synthetic_crossspeaker/XSPK_C_007_T0091.wav,C_007,Húzd le a redőnyt a nagyszobábán.
XSPK_C_007_T0092,wavs_synthetic_crossspeaker/XSPK_C_007_T0092.wav,C_007,Válts csatornát a nagszobába
XSPK_C_007_T0093,wavs_synthetic_crossspeaker/XSPK_C_007_T0093.wav,C_007,A kisszobában kapcsold be á számítógépet.
XSPK_C_007_T0094,wavs_synthetic_crossspeaker/XSPK_C_007_T0094.wav,C_007,A fürdőszobában kapcsold le a villany.
XSPK_C_007_T0095,wavs_synthetic_crossspeaker/XSPK_C_007_T0095.wav,C_007,A nagyszobába nyissuk ki az ablakot
XSPK_C_007_T0096,wavs_synthetic_crossspeaker/XSPK_C_007_T0096.wav,C_007,A fürdőszobában kapcsold ki a fűtést.
XSPK_C_007_T0097,wavs_synthetic_crossspeaker/XSPK_C_007_T0097.wav,C_007,A kisszobában indítsd el légy szíves a porszívót
XSPK_C_007_T0098,wavs_synthetic_crossspeaker/XSPK_C_007_T0098.wav,C_007,Főcsapot zárjuk el és kapcsoljuk ki a gáztűzhelyet
XSPK_C_007_T0099,wavs_synthetic_crossspeaker/XSPK_C_007_T0099.wav,C_007,Kapcsoljuk ki a zsebrádiót
XSPK_C_007_T0100,wavs_synthetic_crossspeaker/XSPK_C_007_T0100.wav,C_007,Kapcsold ki a ventillátort a kisszoa a kisszobában
XSPK_C_007_T0101,wavs_synthetic_crossspeaker/XSPK_C_007_T0101.wav,C_007,Konyhában kapcsold fel a villanyt.
XSPK_C_007_T0102,wavs_synthetic_crossspeaker/XSPK_C_007_T0102.wav,C_007,Kapcsolja be a fürdőszobában a számítógépet.
XSPK_C_007_T0103,wavs_synthetic_crossspeaker/XSPK_C_007_T0103.wav,C_007,Kapcsold ki a rádiót a fürdőszobába
XSPK_C_007_T0104,wavs_synthetic_crossspeaker/XSPK_C_007_T0104.wav,C_007,Halkcuk a tévét a fürdőszobában
XSPK_C_007_T0105,wavs_synthetic_crossspeaker/XSPK_C_007_T0105.wav,C_007,A számítógépet kapcsold ki a kisszobába
XSPK_C_007_T0106,wavs_synthetic_crossspeaker/XSPK_C_007_T0106.wav,C_007,Nappali nyit sz ajtom
XSPK_C_007_T0107,wavs_synthetic_crossspeaker/XSPK_C_007_T0107.wav,C_007,A konyhában hatvan fokra kapcsold már be légy szíves a mosógépet
XSPK_C_007_T0108,wavs_synthetic_crossspeaker/XSPK_C_007_T0108.wav,C_007,Kapcsold be a kisszobai számítógépet
XSPK_C_007_T0109,wavs_synthetic_crossspeaker/XSPK_C_007_T0109.wav,C_007,Kapcsold ki légy szíves a termosztátot a szobába
XSPK_C_007_T0110,wavs_synthetic_crossspeaker/XSPK_C_007_T0110.wav,C_007,A konyhában az ah nyisd ki az ajtót
XSPK_C_007_T0111,wavs_synthetic_crossspeaker/XSPK_C_007_T0111.wav,C_007,Hangosítsd fel a tévét a konyhában.
XSPK_C_007_T0112,wavs_synthetic_crossspeaker/XSPK_C_007_T0112.wav,C_007,Ód el a ledőnyt a nagyszobában
XSPK_C_007_T0113,wavs_synthetic_crossspeaker/XSPK_C_007_T0113.wav,C_007,Konyhában kapcsold ki a rádiot
XSPK_C_007_T0114,wavs_synthetic_crossspeaker/XSPK_C_007_T0114.wav,C_007,Nyissa az ajtót a kisszobában.
XSPK_C_007_T0115,wavs_synthetic_crossspeaker/XSPK_C_007_T0115.wav,C_007,Húzd fel a redőnyt a konyhában.
XSPK_C_007_T0116,wavs_synthetic_crossspeaker/XSPK_C_007_T0116.wav,C_007,A fürdőszobában kapcsold be a fűtés.
XSPK_C_007_T0117,wavs_synthetic_crossspeaker/XSPK_C_007_T0117.wav,C_007,A ventilátorokat kapcsold ki a fürdőszobába
XSPK_C_007_T0118,wavs_synthetic_crossspeaker/XSPK_C_007_T0118.wav,C_007,Kapcsold fentillátort a nagyszobában
XSPK_C_007_T0119,wavs_synthetic_crossspeaker/XSPK_C_007_T0119.wav,C_007,A fürdőszobában nyísd ki az ablakot
XSPK_C_007_T0120,wavs_synthetic_crossspeaker/XSPK_C_007_T0120.wav,C_007,A folyoson kapcsold be a porszívót
XSPK_C_007_T0121,wavs_synthetic_crossspeaker/XSPK_C_007_T0121.wav,C_007,A szobában kapcsold fel a villanyt.
XSPK_C_007_T0122,wavs_synthetic_crossspeaker/XSPK_C_007_T0122.wav,C_007,Húzd fel a fütést a szobában.
XSPK_C_007_T0123,wavs_synthetic_crossspeaker/XSPK_C_007_T0123.wav,C_007,A szobában válcsatornát a rádión.
XSPK_C_007_T0124,wavs_synthetic_crossspeaker/XSPK_C_007_T0124.wav,C_007,A konyhában zárjuk be az ajtón
XSPK_C_007_T0125,wavs_synthetic_crossspeaker/XSPK_C_007_T0125.wav,C_007,Fürdőszoba hőmérsékletét kapcsold ki
XSPK_C_007_T0126,wavs_synthetic_crossspeaker/XSPK_C_007_T0126.wav,C_007,Hívd fel a fiamat
XSPK_C_007_T0127,wavs_synthetic_crossspeaker/XSPK_C_007_T0127.wav,C_007,Húzd szét a függöny a kisszobába
XSPK_C_007_T0128,wavs_synthetic_crossspeaker/XSPK_C_007_T0128.wav,C_007,A konyhában kapcsold be a ke a kenyérpirítót
XSPK_C_007_T0129,wavs_synthetic_crossspeaker/XSPK_C_007_T0129.wav,C_007,A folyoson kapcsold ki a fűtés
XSPK_C_007_T0130,wavs_synthetic_crossspeaker/XSPK_C_007_T0130.wav,C_007,Nagyszobába hangosícs fel a tévét.
XSPK_C_007_T0131,wavs_synthetic_crossspeaker/XSPK_C_007_T0131.wav,C_007,Kapcsold ki á kenyérpirítót a konyhábá.
XSPK_C_007_T0132,wavs_synthetic_crossspeaker/XSPK_C_007_T0132.wav,C_007,A porszívót kapcsold be a szobába
XSPK_C_007_T0133,wavs_synthetic_crossspeaker/XSPK_C_007_T0133.wav,C_007,A konyhában kapcsold ki a porszivót.
XSPK_C_007_T0134,wavs_synthetic_crossspeaker/XSPK_C_007_T0134.wav,C_007,Kapcsold be ar a rádiót a kisszobába.
XSPK_C_007_T0135,wavs_synthetic_crossspeaker/XSPK_C_007_T0135.wav,C_007,S kapcsold ki a számítógépet a a folyosón
XSPK_C_007_T0136,wavs_synthetic_crossspeaker/XSPK_C_007_T0136.wav,C_007,Csendesícsd a tévét a kisszobába.
XSPK_C_007_T0137,wavs_synthetic_crossspeaker/XSPK_C_007_T0137.wav,C_007,Nagyszobába kapcsold be a ventilátorokat
XSPK_C_007_T0138,wavs_synthetic_crossspeaker/XSPK_C_007_T0138.wav,C_007,Vál csatornát a rádión a nagyszobába.
XSPK_C_007_T0139,wavs_synthetic_crossspeaker/XSPK_C_007_T0139.wav,C_007,Kapcsold be a porcivót a fojjosón.
XSPK_C_007_T0140,wavs_synthetic_crossspeaker/XSPK_C_007_T0140.wav,C_007,A kisszobába nyisd ki az ablakot
XSPK_C_007_T0141,wavs_synthetic_crossspeaker/XSPK_C_007_T0141.wav,C_007,Kapcsold föl a villanyt a kisszobában.
XSPK_C_007_T0142,wavs_synthetic_crossspeaker/XSPK_C_007_T0142.wav,C_007,A fürdőszobában hangosítsd fel a tévét.
XSPK_C_007_T0143,wavs_synthetic_crossspeaker/XSPK_C_007_T0143.wav,C_007,Kapcsold le a villanyt a folyosóba
XSPK_C_007_T0144,wavs_synthetic_crossspeaker/XSPK_C_007_T0144.wav,C_007,A folyosón kapcsold ki a fűtést.
XSPK_C_007_T0145,wavs_synthetic_crossspeaker/XSPK_C_007_T0145.wav,C_007,Kisszobában csendesícsd a tévét.
XSPK_C_007_T0146,wavs_synthetic_crossspeaker/XSPK_C_007_T0146.wav,C_007,A kisszobában hangosicsd a tévé.
XSPK_C_007_T0147,wavs_synthetic_crossspeaker/XSPK_C_007_T0147.wav,C_007,Húzd föl a redőnyt a fürdőszobába
XSPK_C_007_T0148,wavs_synthetic_crossspeaker/XSPK_C_007_T0148.wav,C_007,Zárd be a ajtót a konyhában
XSPK_C_007_T0149,wavs_synthetic_crossspeaker/XSPK_C_007_T0149.wav,C_007,Kapcsold ki légy szíves a porszívót a kisszobába
XSPK_C_007_T0150,wavs_synthetic_crossspeaker/XSPK_C_007_T0150.wav,C_007,Váltsál csatornát a rádión a szobába
XSPK_C_007_T0151,wavs_synthetic_crossspeaker/XSPK_C_007_T0151.wav,C_007,Kapcsold ki a kisszobai ventilátort
XSPK_C_007_T0152,wavs_synthetic_crossspeaker/XSPK_C_007_T0152.wav,C_007,Kapcsold ki a számitógetőrt a nagyszobában
XSPK_C_007_T0153,wavs_synthetic_crossspeaker/XSPK_C_007_T0153.wav,C_007,A konyhában húzd fel a függönyt
XSPK_C_007_T0154,wavs_synthetic_crossspeaker/XSPK_C_007_T0154.wav,C_007,Kapcsold ki a konyhában a rádiót
XSPK_C_007_T0155,wavs_synthetic_crossspeaker/XSPK_C_007_T0155.wav,C_007,A folyosón kapcsold ki a ventilátort
XSPK_C_007_T0156,wavs_synthetic_crossspeaker/XSPK_C_007_T0156.wav,C_007,Húzd le a redőnyt a szobában.
XSPK_C_007_T0157,wavs_synthetic_crossspeaker/XSPK_C_007_T0157.wav,C_007,A nagyszobában vedd lejjebb a televíziót
XSPK_C_007_T0158,wavs_synthetic_crossspeaker/XSPK_C_007_T0158.wav,C_007,Kisszobában engedd le a redőnyt
XSPK_C_007_T0159,wavs_synthetic_crossspeaker/XSPK_C_007_T0159.wav,C_007,Kapcsold be a rádiót a kisszobábá.
XSPK_C_007_T0160,wavs_synthetic_crossspeaker/XSPK_C_007_T0160.wav,C_007,A kisszobában kapcsold ki légy szíves a rádiót
XSPK_C_007_T0161,wavs_synthetic_crossspeaker/XSPK_C_007_T0161.wav,C_007,Kapcsold le a villanyt a fürdőszobában.
XSPK_C_007_T0162,wavs_synthetic_crossspeaker/XSPK_C_007_T0162.wav,C_007,A konyhába kapcsold ki a vízforralót.
XSPK_C_007_T0163,wavs_synthetic_crossspeaker/XSPK_C_007_T0163.wav,C_007,Folyoson huz húzd szét a függöny
XSPK_C_007_T0164,wavs_synthetic_crossspeaker/XSPK_C_007_T0164.wav,C_007,Kapcsold le a villanyfölkapcsolót a nagyszobába
XSPK_C_007_T0165,wavs_synthetic_crossspeaker/XSPK_C_007_T0165.wav,C_007,Zárjuk be az ablakot a szobába
XSPK_C_007_T0166,wavs_synthetic_crossspeaker/XSPK_C_007_T0166.wav,C_007,Kapcsold ki a fűtést a folyosón
XSPK_C_007_T0167,wavs_synthetic_crossspeaker/XSPK_C_007_T0167.wav,C_007,Nyisd ki az ajtót a szobába.
XSPK_C_007_T0168,wavs_synthetic_crossspeaker/XSPK_C_007_T0168.wav,C_007,A kisszobában hangosítsd fel a tévét
XSPK_C_007_T0169,wavs_synthetic_crossspeaker/XSPK_C_007_T0169.wav,C_007,Kapcsold föl a fűtést a konyhában
XSPK_C_007_T0170,wavs_synthetic_crossspeaker/XSPK_C_007_T0170.wav,C_007,Húzd fel a rod redőnyt a szobában
XSPK_C_007_T0171,wavs_synthetic_crossspeaker/XSPK_C_007_T0171.wav,C_007,Kapcsold be a fürdőszobában a rádiót.
XSPK_C_007_T0172,wavs_synthetic_crossspeaker/XSPK_C_007_T0172.wav,C_007,A ventilátort kapcsold be a konyhába
XSPK_C_007_T0173,wavs_synthetic_crossspeaker/XSPK_C_007_T0173.wav,C_007,Húzd tét a csötétítőt a konyhában.
XSPK_C_007_T0174,wavs_synthetic_crossspeaker/XSPK_C_007_T0174.wav,C_007,A nagyszobában kapcsold ki a rádit
XSPK_C_007_T0175,wavs_synthetic_crossspeaker/XSPK_C_007_T0175.wav,C_007,A kisszobában csendesíd a tévét.
XSPK_C_007_T0176,wavs_synthetic_crossspeaker/XSPK_C_007_T0176.wav,C_007,Nagyszobában kapcsold ki a rádiót
XSPK_C_007_T0177,wavs_synthetic_crossspeaker/XSPK_C_007_T0177.wav,C_007,A konyhában huzd szét a függönyt.
XSPK_C_007_T0178,wavs_synthetic_crossspeaker/XSPK_C_007_T0178.wav,C_007,Nagyszobában kapcsold ki a fűtést.
XSPK_C_007_T0179,wavs_synthetic_crossspeaker/XSPK_C_007_T0179.wav,C_007,A szobában a porszívót kapcsold ki
XSPK_C_007_T0180,wavs_synthetic_crossspeaker/XSPK_C_007_T0180.wav,C_007,Kapcsold be a mosógépet harminc fokon a fürdőszobába.
XSPK_C_007_T0181,wavs_synthetic_crossspeaker/XSPK_C_007_T0181.wav,C_007,Kapcsold be a mosógépet hatvan fokos hőmérséklet esetén a fürdőszobába
XSPK_C_007_T0182,wavs_synthetic_crossspeaker/XSPK_C_007_T0182.wav,C_007,A nagyszobai függönyt húzd be
XSPK_C_007_T0183,wavs_synthetic_crossspeaker/XSPK_C_007_T0183.wav,C_007,Csukd be az ablakot a konyhában.
XSPK_C_007_T0184,wavs_synthetic_crossspeaker/XSPK_C_007_T0184.wav,C_007,A konyhába kapcsold be a vízforralót
XSPK_C_007_T0185,wavs_synthetic_crossspeaker/XSPK_C_007_T0185.wav,C_007,A nagyszobaba kapcsold be a ventillát
XSPK_C_007_T0186,wavs_synthetic_crossspeaker/XSPK_C_007_T0186.wav,C_007,Fürdőszobaban húzd szét a függönyt.
XSPK_C_007_T0187,wavs_synthetic_crossspeaker/XSPK_C_007_T0187.wav,C_007,A szobában húzd be a függöny
XSPK_C_007_T0188,wavs_synthetic_crossspeaker/XSPK_C_007_T0188.wav,C_007,A nagyszobában zárjuk be az ablakot
XSPK_C_007_T0189,wavs_synthetic_crossspeaker/XSPK_C_007_T0189.wav,C_007,A nagyszobába kapcsold ki a föcit.
XSPK_C_007_T0190,wavs_synthetic_crossspeaker/XSPK_C_007_T0190.wav,C_007,A kisszobában a ventilláton kapcsold ki
XSPK_C_007_T0191,wavs_synthetic_crossspeaker/XSPK_C_007_T0191.wav,C_007,A radiátort kapcsold be a nagyszobába
XSPK_C_007_T0192,wavs_synthetic_crossspeaker/XSPK_C_007_T0192.wav,C_007,Nagycobába kapcsold fel a villanyt
XSPK_C_007_T0193,wavs_synthetic_crossspeaker/XSPK_C_007_T0193.wav,C_007,Kisszobában kapcsold ki a rádiót
XSPK_C_007_T0194,wavs_synthetic_crossspeaker/XSPK_C_007_T0194.wav,C_007,Válcs csatornát a tévén a konyhában.
XSPK_C_007_T0195,wavs_synthetic_crossspeaker/XSPK_C_007_T0195.wav,C_007,Zárd be az ablakot a kisszobába.
XSPK_C_007_T0196,wavs_synthetic_crossspeaker/XSPK_C_007_T0196.wav,C_007,Kinyitjuk a ablakot a kis szobában
XSPK_C_007_T0197,wavs_synthetic_crossspeaker/XSPK_C_007_T0197.wav,C_007,Válcs csatotornát a ládión a szobában.
XSPK_C_007_T0198,wavs_synthetic_crossspeaker/XSPK_C_007_T0198.wav,C_007,Húzd le a redőnyt a kony kisszobába
XSPK_C_007_T0199,wavs_synthetic_crossspeaker/XSPK_C_007_T0199.wav,C_007,Húzd le a fűtést a folyosón.
XSPK_C_007_T0200,wavs_synthetic_crossspeaker/XSPK_C_007_T0200.wav,C_007,A nagyszobába kapcsold be a fűtést
XSPK_C_007_T0201,wavs_synthetic_crossspeaker/XSPK_C_007_T0201.wav,C_007,Kapcsold le a világítást a szobában.
XSPK_C_007_T0202,wavs_synthetic_crossspeaker/XSPK_C_007_T0202.wav,C_007,A kisszobába kapcsold be a rádiót.
XSPK_C_007_T0203,wavs_synthetic_crossspeaker/XSPK_C_007_T0203.wav,C_007,Konyhá ban kapcsold le kapcsold ki a sütőt
XSPK_C_007_T0204,wavs_synthetic_crossspeaker/XSPK_C_007_T0204.wav,C_007,Kapcsolja be a számítógépet a konyhában.
XSPK_C_007_T0205,wavs_synthetic_crossspeaker/XSPK_C_007_T0205.wav,C_007,Húzd fel a fűtést a kisszobaban
XSPK_C_007_T0206,wavs_synthetic_crossspeaker/XSPK_C_007_T0206.wav,C_007,Halkítsd le a tévét a folyosón
XSPK_C_007_T0207,wavs_synthetic_crossspeaker/XSPK_C_007_T0207.wav,C_007,Á szobábán hángosítsd á tévét.
XSPK_C_007_T0208,wavs_synthetic_crossspeaker/XSPK_C_007_T0208.wav,C_007,A fürdőszobában zárd be az ajtót.
XSPK_C_007_T0209,wavs_synthetic_crossspeaker/XSPK_C_007_T0209.wav,C_007,Kapcsold be a mosógépet és állítsd harminc fokra a fürdőszobába
XSPK_C_008_T0000,wavs_synthetic_crossspeaker/XSPK_C_008_T0000.wav,C_008,Nagyszobában húzd fel a radiátort
XSPK_C_008_T0001,wavs_synthetic_crossspeaker/XSPK_C_008_T0001.wav,C_008,A kisszobában a ventilláton kapcsold ki
XSPK_C_008_T0002,wavs_synthetic_crossspeaker/XSPK_C_008_T0002.wav,C_008,Húzd föl a fűtést a kisszobába.
XSPK_C_008_T0003,wavs_synthetic_crossspeaker/XSPK_C_008_T0003.wav,C_008,Kisszobában kapcsold be a porszívót
XSPK_C_008_T0004,wavs_synthetic_crossspeaker/XSPK_C_008_T0004.wav,C_008,Kisszobába húzzuk be a függönyt
XSPK_C_008_T0005,wavs_synthetic_crossspeaker/XSPK_C_008_T0005.wav,C_008,A fürdőszobába nyisd ki az ablakot.
XSPK_C_008_T0006,wavs_synthetic_crossspeaker/XSPK_C_008_T0006.wav,C_008,A fürdőszobábán vál csatornát a tévén.
XSPK_C_008_T0007,wavs_synthetic_crossspeaker/XSPK_C_008_T0007.wav,C_008,Kapcsold be a sütőt a konyhába
XSPK_C_008_T0008,wavs_synthetic_crossspeaker/XSPK_C_008_T0008.wav,C_008,Huzzunk szét a függöny a folyosón
XSPK_C_008_T0009,wavs_synthetic_crossspeaker/XSPK_C_008_T0009.wav,C_008,A kisszobában hangosítsd a tévét
XSPK_C_008_T0010,wavs_synthetic_crossspeaker/XSPK_C_008_T0010.wav,C_008,A kisszobában üsd ki az ablakot.
XSPK_C_008_T0011,wavs_synthetic_crossspeaker/XSPK_C_008_T0011.wav,C_008,Nagyszobában húzd be a függönyt
XSPK_C_008_T0012,wavs_synthetic_crossspeaker/XSPK_C_008_T0012.wav,C_008,Kapcsold be és állítsd harminc fokra a fürdőszobában a mosógépet
XSPK_C_008_T0013,wavs_synthetic_crossspeaker/XSPK_C_008_T0013.wav,C_008,Kisszobában kapcsold feljebb a fűtést
XSPK_C_008_T0014,wavs_synthetic_crossspeaker/XSPK_C_008_T0014.wav,C_008,Zárd be az ablakot a szobába
XSPK_C_008_T0015,wavs_synthetic_crossspeaker/XSPK_C_008_T0015.wav,C_008,Vedd lejjebb a hangot a kisszobban a televízión
XSPK_C_008_T0016,wavs_synthetic_crossspeaker/XSPK_C_008_T0016.wav,C_008,A fürdőszobában csendesítsd a tévét.
XSPK_C_008_T0017,wavs_synthetic_crossspeaker/XSPK_C_008_T0017.wav,C_008,Kisszobaajtót zárd be
XSPK_C_008_T0018,wavs_synthetic_crossspeaker/XSPK_C_008_T0018.wav,C_008,Válts csatornát tévét a szobában
XSPK_C_008_T0019,wavs_synthetic_crossspeaker/XSPK_C_008_T0019.wav,C_008,A szobába kapcsold ki a ventilátorokat
XSPK_C_008_T0020,wavs_synthetic_crossspeaker/XSPK_C_008_T0020.wav,C_008,Húzd le a redőnyt a kis a nagyszobában
XSPK_C_008_T0021,wavs_synthetic_crossspeaker/XSPK_C_008_T0021.wav,C_008,Konyhába kapcsold ki a sütőt
XSPK_C_008_T0022,wavs_synthetic_crossspeaker/XSPK_C_008_T0022.wav,C_008,Nagyszobába kapcsold ki a rádiot
XSPK_C_008_T0023,wavs_synthetic_crossspeaker/XSPK_C_008_T0023.wav,C_008,A nagyszobába kapcsold ki a föcit.
XSPK_C_008_T0024,wavs_synthetic_crossspeaker/XSPK_C_008_T0024.wav,C_008,A kisszobaban kapcsold le a villant
XSPK_C_008_T0025,wavs_synthetic_crossspeaker/XSPK_C_008_T0025.wav,C_008,Kisszobába hangos a tév
XSPK_C_008_T0026,wavs_synthetic_crossspeaker/XSPK_C_008_T0026.wav,C_008,A konyhába kapcsold ki a porszívót.
XSPK_C_008_T0027,wavs_synthetic_crossspeaker/XSPK_C_008_T0027.wav,C_008,Kapcsold be a kennyérpirítót a konyhában.
XSPK_C_008_T0028,wavs_synthetic_crossspeaker/XSPK_C_008_T0028.wav,C_008,A kisszobában kapcsold ki a fűtést.
XSPK_C_008_T0029,wavs_synthetic_crossspeaker/XSPK_C_008_T0029.wav,C_008,Nagyszobába vedd lejjebb a tévét
XSPK_C_008_T0030,wavs_synthetic_crossspeaker/XSPK_C_008_T0030.wav,C_008,A porszívót kapcsold be a fürdőszobába.
XSPK_C_008_T0031,wavs_synthetic_crossspeaker/XSPK_C_008_T0031.wav,C_008,A fürdőszobába válts csatornát a rádión
XSPK_C_008_T0032,wavs_synthetic_crossspeaker/XSPK_C_008_T0032.wav,C_008,Folyosón kapcsold be a rádiót.
XSPK_C_008_T0033,wavs_synthetic_crossspeaker/XSPK_C_008_T0033.wav,C_008,Kapcsold le a villanyt a szobában.
XSPK_C_008_T0034,wavs_synthetic_crossspeaker/XSPK_C_008_T0034.wav,C_008,Kapcsold le a vilányt a fojjosón.
XSPK_C_008_T0035,wavs_synthetic_crossspeaker/XSPK_C_008_T0035.wav,C_008,Nyisd ki légy szíves a fürdőszoba ajtót
XSPK_C_008_T0036,wavs_synthetic_crossspeaker/XSPK_C_008_T0036.wav,C_008,Nyisd ki az ajtót a naccobába
XSPK_C_008_T0037,wavs_synthetic_crossspeaker/XSPK_C_008_T0037.wav,C_008,A nagyszobában húzd fel légy szíves a redőnyt
XSPK_C_008_T0038,wavs_synthetic_crossspeaker/XSPK_C_008_T0038.wav,C_008,Kapcsold be a szobai ventilátort
XSPK_C_008_T0039,wavs_synthetic_crossspeaker/XSPK_C_008_T0039.wav,C_008,Kapcsold be a ventillátort a fürdőszobában
XSPK_C_008_T0040,wavs_synthetic_crossspeaker/XSPK_C_008_T0040.wav,C_008,Hangosítsuk a tévét a fürdőszobába
XSPK_C_008_T0041,wavs_synthetic_crossspeaker/XSPK_C_008_T0041.wav,C_008,Kapcsold fel a ventilátort a konyhában
XSPK_C_008_T0042,wavs_synthetic_crossspeaker/XSPK_C_008_T0042.wav,C_008,Kapcsold ki a porszívót a konyhában
XSPK_C_008_T0043,wavs_synthetic_crossspeaker/XSPK_C_008_T0043.wav,C_008,Kapcsold be a fürdőszobai radiátort
XSPK_C_008_T0044,wavs_synthetic_crossspeaker/XSPK_C_008_T0044.wav,C_008,A fürdőszobában kapcsold le a villany.
XSPK_C_008_T0045,wavs_synthetic_crossspeaker/XSPK_C_008_T0045.wav,C_008,Kapcold be a mosogatogé mo mosogatógéket a konyhában
XSPK_C_008_T0046,wavs_synthetic_crossspeaker/XSPK_C_008_T0046.wav,C_008,A kisszobába húzd le a fűtést.
XSPK_C_008_T0047,wavs_synthetic_crossspeaker/XSPK_C_008_T0047.wav,C_008,Húzd szét a függönyt a nagyszobábán.
XSPK_C_008_T0048,wavs_synthetic_crossspeaker/XSPK_C_008_T0048.wav,C_008,A konyhai redőnyt húzd le kérlek
XSPK_C_008_T0049,wavs_synthetic_crossspeaker/XSPK_C_008_T0049.wav,C_008,Vál csatornát a folyosón.
XSPK_C_008_T0050,wavs_synthetic_crossspeaker/XSPK_C_008_T0050.wav,C_008,Kapcsold fel a szobába a hőmérsékletet
XSPK_C_008_T0051,wavs_synthetic_crossspeaker/XSPK_C_008_T0051.wav,C_008,Hatvan fokra állítsd be a mosógépet a fürdőszobában
XSPK_C_008_T0052,wavs_synthetic_crossspeaker/XSPK_C_008_T0052.wav,C_008,Fürdőcobában kapcsold be a ventillátort
XSPK_C_008_T0053,wavs_synthetic_crossspeaker/XSPK_C_008_T0053.wav,C_008,A nagyszobába kapcsold fel a villant
XSPK_C_008_T0054,wavs_synthetic_crossspeaker/XSPK_C_008_T0054.wav,C_008,Húzzuk be a függönyt a fürdőszobában
XSPK_C_008_T0055,wavs_synthetic_crossspeaker/XSPK_C_008_T0055.wav,C_008,A kisszobában kapcsold be a rádjót.
XSPK_C_008_T0056,wavs_synthetic_crossspeaker/XSPK_C_008_T0056.wav,C_008,Zárd be az ajtót a fürdőszobámban.
XSPK_C_008_T0057,wavs_synthetic_crossspeaker/XSPK_C_008_T0057.wav,C_008,A nagycobában engedd le a redőnyt
XSPK_C_008_T0058,wavs_synthetic_crossspeaker/XSPK_C_008_T0058.wav,C_008,Kapcsold be a mosógépet harminc fokon aa fürdőszobában
XSPK_C_008_T0059,wavs_synthetic_crossspeaker/XSPK_C_008_T0059.wav,C_008,Húzd föl a fűtést a fürdőszobában.
XSPK_C_008_T0060,wavs_synthetic_crossspeaker/XSPK_C_008_T0060.wav,C_008,Kapcsold fel a világítást a folyosón.
XSPK_C_008_T0061,wavs_synthetic_crossspeaker/XSPK_C_008_T0061.wav,C_008,A konyhában kapcsold ki a vízforralót.
XSPK_C_008_T0062,wavs_synthetic_crossspeaker/XSPK_C_008_T0062.wav,C_008,A kisszobában kapcsold ki a rádiot
XSPK_C_008_T0063,wavs_synthetic_crossspeaker/XSPK_C_008_T0063.wav,C_008,Húzd fel húzd fel a redőnyt a konyhában
XSPK_C_008_T0064,wavs_synthetic_crossspeaker/XSPK_C_008_T0064.wav,C_008,Vál csatornát a rádión a nagyszobába.
XSPK_C_008_T0065,wavs_synthetic_crossspeaker/XSPK_C_008_T0065.wav,C_008,Kapcsold be a ventilátort a nagyszobában
XSPK_C_008_T0066,wavs_synthetic_crossspeaker/XSPK_C_008_T0066.wav,C_008,Húzd szét a függönyt a fürdőszobában
XSPK_C_008_T0067,wavs_synthetic_crossspeaker/XSPK_C_008_T0067.wav,C_008,A konyhában kapcsold ki a rádiót.
XSPK_C_008_T0068,wavs_synthetic_crossspeaker/XSPK_C_008_T0068.wav,C_008,Nyiss ki az ajtót a szobában.
XSPK_C_008_T0069,wavs_synthetic_crossspeaker/XSPK_C_008_T0069.wav,C_008,A kony a nagyszobában halkítsd a tévét
XSPK_C_008_T0070,wavs_synthetic_crossspeaker/XSPK_C_008_T0070.wav,C_008,Kapcsold ki a ventillátort a kisszobababan.
XSPK_C_008_T0071,wavs_synthetic_crossspeaker/XSPK_C_008_T0071.wav,C_008,Nagyszobában kapcsold be a fűtést.
XSPK_C_008_T0072,wavs_synthetic_crossspeaker/XSPK_C_008_T0072.wav,C_008,Kapcsold be a rádiót a nagyszobába.
XSPK_C_008_T0073,wavs_synthetic_crossspeaker/XSPK_C_008_T0073.wav,C_008,A folyosón kapcsold föl a villanyt.
XSPK_C_008_T0074,wavs_synthetic_crossspeaker/XSPK_C_008_T0074.wav,C_008,Kapcsold be a rádjót a bolyosón.
XSPK_C_008_T0075,wavs_synthetic_crossspeaker/XSPK_C_008_T0075.wav,C_008,Húzd fel a revében a nagyszobában
XSPK_C_008_T0076,wavs_synthetic_crossspeaker/XSPK_C_008_T0076.wav,C_008,A szobaban kapcsold be a redőt
XSPK_C_008_T0077,wavs_synthetic_crossspeaker/XSPK_C_008_T0077.wav,C_008,A televíziót hangosítsd föl a nagyszobában
XSPK_C_008_T0078,wavs_synthetic_crossspeaker/XSPK_C_008_T0078.wav,C_008,Kapcsold be a fűtést a nagycobába
XSPK_C_008_T0079,wavs_synthetic_crossspeaker/XSPK_C_008_T0079.wav,C_008,Konyhában kapcsold ki a pirítóst
XSPK_C_008_T0080,wavs_synthetic_crossspeaker/XSPK_C_008_T0080.wav,C_008,A szobában  tárd be az ajtót
XSPK_C_008_T0081,wavs_synthetic_crossspeaker/XSPK_C_008_T0081.wav,C_008,Bezártad az ablakot
XSPK_C_008_T0082,wavs_synthetic_crossspeaker/XSPK_C_008_T0082.wav,C_008,A mosógépet kapcsold föl hatvan fokra a konyhában
XSPK_C_008_T0083,wavs_synthetic_crossspeaker/XSPK_C_008_T0083.wav,C_008,A nagyszobába zárd be az ablakot
XSPK_C_008_T0084,wavs_synthetic_crossspeaker/XSPK_C_008_T0084.wav,C_008,A kisszobában huzzunk szét a függöny
XSPK_C_008_T0085,wavs_synthetic_crossspeaker/XSPK_C_008_T0085.wav,C_008,Húzd be a függönyt a kisszobában.
XSPK_C_008_T0086,wavs_synthetic_crossspeaker/XSPK_C_008_T0086.wav,C_008,A konyhába kapcsold be a ventillátorokat
XSPK_C_008_T0087,wavs_synthetic_crossspeaker/XSPK_C_008_T0087.wav,C_008,Nagyszobában húzd fel a redőnyt.
XSPK_C_008_T0088,wavs_synthetic_crossspeaker/XSPK_C_008_T0088.wav,C_008,Szobába nyisd ki az ablakot
XSPK_C_008_T0089,wavs_synthetic_crossspeaker/XSPK_C_008_T0089.wav,C_008,Nyissa az ajtót a kisszobában.
XSPK_C_008_T0090,wavs_synthetic_crossspeaker/XSPK_C_008_T0090.wav,C_008,A fürdőszobába nyisd ki az ajtót
XSPK_C_008_T0091,wavs_synthetic_crossspeaker/XSPK_C_008_T0091.wav,C_008,Kapcsold be  mosogatót a konyhába
XSPK_C_008_T0092,wavs_synthetic_crossspeaker/XSPK_C_008_T0092.wav,C_008,A konyhában kápcsold le a villányt.
XSPK_C_008_T0093,wavs_synthetic_crossspeaker/XSPK_C_008_T0093.wav,C_008,Kapcsold be a ventilátort a nagyszobában.
XSPK_C_008_T0094,wavs_synthetic_crossspeaker/XSPK_C_008_T0094.wav,C_008,A nagyszobába válcs csatornát a televízión.
XSPK_C_008_T0095,wavs_synthetic_crossspeaker/XSPK_C_008_T0095.wav,C_008,A nagyszobában kapcsold be a rádiót
XSPK_C_008_T0096,wavs_synthetic_crossspeaker/XSPK_C_008_T0096.wav,C_008,A szobai eredőnyt engedd le
XSPK_C_008_T0097,wavs_synthetic_crossspeaker/XSPK_C_008_T0097.wav,C_008,A nagyszobában kapcsold ki a rádió.
XSPK_C_008_T0098,wavs_synthetic_crossspeaker/XSPK_C_008_T0098.wav,C_008,Kapcsold le a villanyt a szobába.
XSPK_C_008_T0099,wavs_synthetic_crossspeaker/XSPK_C_008_T0099.wav,C_008,A fürdőszobában húzd föl a redőnyt
XSPK_C_008_T0100,wavs_synthetic_crossspeaker/XSPK_C_008_T0100.wav,C_008,Kapcsold ki a radiátort a fühldőszobába
XSPK_C_008_T0101,wavs_synthetic_crossspeaker/XSPK_C_008_T0101.wav,C_008,Kapcsold be a szobában a fűtés.
XSPK_C_008_T0102,wavs_synthetic_crossspeaker/XSPK_C_008_T0102.wav,C_008,Engedd le a redőny a folyosón.
XSPK_C_008_T0103,wavs_synthetic_crossspeaker/XSPK_C_008_T0103.wav,C_008,Kapolcs je a laditátort a nagyszobában
XSPK_C_008_T0104,wavs_synthetic_crossspeaker/XSPK_C_008_T0104.wav,C_008,Huzd fel a fűtést a szobába
XSPK_C_008_T0105,wavs_synthetic_crossspeaker/XSPK_C_008_T0105.wav,C_008,Kinyitjuk az ablakot a fürdőszobában
XSPK_C_008_T0106,wavs_synthetic_crossspeaker/XSPK_C_008_T0106.wav,C_008,Csukd be az ablakot a konyhában.
XSPK_C_008_T0107,wavs_synthetic_crossspeaker/XSPK_C_008_T0107.wav,C_008,Szobaban húzd fel a fűtést.
XSPK_C_008_T0108,wavs_synthetic_crossspeaker/XSPK_C_008_T0108.wav,C_008,Felerősítjük a fűtést a konyhában
XSPK_C_008_T0109,wavs_synthetic_crossspeaker/XSPK_C_008_T0109.wav,C_008,Húzd fel aredőnt a nagyszobában.
XSPK_C_008_T0110,wavs_synthetic_crossspeaker/XSPK_C_008_T0110.wav,C_008,Konyhába csukjuk be az ajtót
XSPK_C_008_T0111,wavs_synthetic_crossspeaker/XSPK_C_008_T0111.wav,C_008,A szobában hangosíts a tévét.
XSPK_C_008_T0112,wavs_synthetic_crossspeaker/XSPK_C_008_T0112.wav,C_008,Kapcsold be a számítógépet a nagyszobában.
XSPK_C_008_T0113,wavs_synthetic_crossspeaker/XSPK_C_008_T0113.wav,C_008,Válts csatornát a tévén a fürdőszobába
XSPK_C_008_T0114,wavs_synthetic_crossspeaker/XSPK_C_008_T0114.wav,C_008,Kapcsold át a televíziót a kisszobában
XSPK_C_008_T0115,wavs_synthetic_crossspeaker/XSPK_C_008_T0115.wav,C_008,Hangosítsd fel a tévét a nagyszobában.
XSPK_C_008_T0116,wavs_synthetic_crossspeaker/XSPK_C_008_T0116.wav,C_008,Kapcsold be légy szíves a kisszobai rádiót
XSPK_C_008_T0117,wavs_synthetic_crossspeaker/XSPK_C_008_T0117.wav,C_008,Nagyszobába kapcsoljuk ki a porszívót
XSPK_C_008_T0118,wavs_synthetic_crossspeaker/XSPK_C_008_T0118.wav,C_008,Nyissuk ki az ablakot a fürdőszobába
XSPK_C_008_T0119,wavs_synthetic_crossspeaker/XSPK_C_008_T0119.wav,C_008,Kapcsold ki a számítógépet a konyhába.
XSPK_C_008_T0120,wavs_synthetic_crossspeaker/XSPK_C_008_T0120.wav,C_008,A nagyszobában kapcsold be a rádiot
XSPK_C_008_T0121,wavs_synthetic_crossspeaker/XSPK_C_008_T0121.wav,C_008,A szobában kapcsold be a rádijó.
XSPK_C_008_T0122,wavs_synthetic_crossspeaker/XSPK_C_008_T0122.wav,C_008,A naccobában húzd fel a ledőnyöket
XSPK_C_008_T0123,wavs_synthetic_crossspeaker/XSPK_C_008_T0123.wav,C_008,Folyosón kapcsoljuk fel a villanyt
XSPK_C_008_T0124,wavs_synthetic_crossspeaker/XSPK_C_008_T0124.wav,C_008,A fürdőszobában kapcsold le a villant.
XSPK_C_008_T0125,wavs_synthetic_crossspeaker/XSPK_C_008_T0125.wav,C_008,Konyhában húzd fel a fűtést.
XSPK_C_008_T0126,wavs_synthetic_crossspeaker/XSPK_C_008_T0126.wav,C_008,Kapcsold be a ventillatort a szobaban
XSPK_C_008_T0127,wavs_synthetic_crossspeaker/XSPK_C_008_T0127.wav,C_008,Vedd lejjebb a konyhában a fűtést
XSPK_C_008_T0128,wavs_synthetic_crossspeaker/XSPK_C_008_T0128.wav,C_008,A konyhába kapcsold ki a fűtést.
XSPK_C_008_T0129,wavs_synthetic_crossspeaker/XSPK_C_008_T0129.wav,C_008,Nyisd ki a szoba ablakot
XSPK_C_008_T0130,wavs_synthetic_crossspeaker/XSPK_C_008_T0130.wav,C_008,A konyhában kapcsold fel a világítás.
XSPK_C_008_T0131,wavs_synthetic_crossspeaker/XSPK_C_008_T0131.wav,C_008,Huzd fel a radiátort a konyhában
XSPK_C_008_T0132,wavs_synthetic_crossspeaker/XSPK_C_008_T0132.wav,C_008,A kisszobában kapcsold ki a fütést
XSPK_C_008_T0133,wavs_synthetic_crossspeaker/XSPK_C_008_T0133.wav,C_008,A nagyszobában húzd szét a függöny.
XSPK_C_008_T0134,wavs_synthetic_crossspeaker/XSPK_C_008_T0134.wav,C_008,Halkítsd le a tévét a kisszobába
XSPK_C_008_T0135,wavs_synthetic_crossspeaker/XSPK_C_008_T0135.wav,C_008,Kisszoba ajtaját zárd be kérlek
XSPK_C_008_T0136,wavs_synthetic_crossspeaker/XSPK_C_008_T0136.wav,C_008,Nyis ki az ablakot a kisszobába
XSPK_C_008_T0137,wavs_synthetic_crossspeaker/XSPK_C_008_T0137.wav,C_008,A nagyszobába húzd be a függönyt
XSPK_C_008_T0138,wavs_synthetic_crossspeaker/XSPK_C_008_T0138.wav,C_008,Kapcsold le a villanyt a nagyszobában.
XSPK_C_008_T0139,wavs_synthetic_crossspeaker/XSPK_C_008_T0139.wav,C_008,A kiszobában hangosítsd fel a tévét
XSPK_C_008_T0140,wavs_synthetic_crossspeaker/XSPK_C_008_T0140.wav,C_008,Az ablakban az ablakot nyissa ki az a konyhában
XSPK_C_008_T0141,wavs_synthetic_crossspeaker/XSPK_C_008_T0141.wav,C_008,Kisszobába húzd fel a ledőnyt
XSPK_C_008_T0142,wavs_synthetic_crossspeaker/XSPK_C_008_T0142.wav,C_008,Kapcsold be a mosógépet harminc fokon a konyhában.
XSPK_C_008_T0143,wavs_synthetic_crossspeaker/XSPK_C_008_T0143.wav,C_008,A fühldőszobába húzd le a radiátort
XSPK_C_008_T0144,wavs_synthetic_crossspeaker/XSPK_C_008_T0144.wav,C_008,Kapcsold ki a rádiót a konyhában.
XSPK_C_008_T0145,wavs_synthetic_crossspeaker/XSPK_C_008_T0145.wav,C_008,A fürdőszobában nyisd ki arrojtót.
XSPK_C_008_T0146,wavs_synthetic_crossspeaker/XSPK_C_008_T0146.wav,C_008,Kapcsold föl a villanyt a nagyszobába.
XSPK_C_008_T0147,wavs_synthetic_crossspeaker/XSPK_C_008_T0147.wav,C_008,Nagyszobába kapcsold ki porszívó
XSPK_C_008_T0148,wavs_synthetic_crossspeaker/XSPK_C_008_T0148.wav,C_008,Kapcsold be a ventilátorokat a folyosón
XSPK_C_008_T0149,wavs_synthetic_crossspeaker/XSPK_C_008_T0149.wav,C_008,Emeld meg a fűtést konyhában.
XSPK_C_008_T0150,wavs_synthetic_crossspeaker/XSPK_C_008_T0150.wav,C_008,Kapcsold fel a lámpát a szobába.
XSPK_C_008_T0151,wavs_synthetic_crossspeaker/XSPK_C_008_T0151.wav,C_008,A kisszobában kapcsold be a számítógépet.
XSPK_C_008_T0152,wavs_synthetic_crossspeaker/XSPK_C_008_T0152.wav,C_008,Kapcsold be a ventilátort a fürdőszobába
XSPK_C_008_T0153,wavs_synthetic_crossspeaker/XSPK_C_008_T0153.wav,C_008,Bekapcsoljuk a pirítógépet a konyhába
XSPK_C_008_T0154,wavs_synthetic_crossspeaker/XSPK_C_008_T0154.wav,C_008,A fürdőben kapcsold le a villanyt
XSPK_C_008_T0155,wavs_synthetic_crossspeaker/XSPK_C_008_T0155.wav,C_008,Húzd le a radiátort a kisszobában
XSPK_C_008_T0156,wavs_synthetic_crossspeaker/XSPK_C_008_T0156.wav,C_008,A konyhába kapcsold be a mosógépet harminc fokon.
XSPK_C_008_T0157,wavs_synthetic_crossspeaker/XSPK_C_008_T0157.wav,C_008,Kapcold ki a sütőt a konyhába
XSPK_C_008_T0158,wavs_synthetic_crossspeaker/XSPK_C_008_T0158.wav,C_008,A nagyszobai ventilátort kikapcsolnád
XSPK_C_008_T0159,wavs_synthetic_crossspeaker/XSPK_C_008_T0159.wav,C_008,A na cobában válts catonár a rádión
XSPK_C_008_T0160,wavs_synthetic_crossspeaker/XSPK_C_008_T0160.wav,C_008,A fürdőszobába vedd fel a radiátort
XSPK_C_008_T0161,wavs_synthetic_crossspeaker/XSPK_C_008_T0161.wav,C_008,Huzzunk szén a függöny a kisszobában
XSPK_C_008_T0162,wavs_synthetic_crossspeaker/XSPK_C_008_T0162.wav,C_008,Konyhába kapcsold be a rádiót
XSPK_C_008_T0163,wavs_synthetic_crossspeaker/XSPK_C_008_T0163.wav,C_008,A naccobában kapcsold fel a villanyt
XSPK_C_008_T0164,wavs_synthetic_crossspeaker/XSPK_C_008_T0164.wav,C_008,Kint a szobába kapcsoljuk fel a villanyt
XSPK_C_008_T0165,wavs_synthetic_crossspeaker/XSPK_C_008_T0165.wav,C_008,A fojjosón kapcsold le a villany.
XSPK_C_008_T0166,wavs_synthetic_crossspeaker/XSPK_C_008_T0166.wav,C_008,A kisszobában húzd le a reedőnyöket
XSPK_C_008_T0167,wavs_synthetic_crossspeaker/XSPK_C_008_T0167.wav,C_008,A folyosón kapcsold ki a porszívó.
XSPK_C_008_T0168,wavs_synthetic_crossspeaker/XSPK_C_008_T0168.wav,C_008,Fürdőszobába kapcsold be a fűtést
XSPK_C_008_T0169,wavs_synthetic_crossspeaker/XSPK_C_008_T0169.wav,C_008,A ventillárort kapcsold ki a folyosón
XSPK_C_008_T0170,wavs_synthetic_crossspeaker/XSPK_C_008_T0170.wav,C_008,A nagyszobába kapcsold be a rádiót
XSPK_C_008_T0171,wavs_synthetic_crossspeaker/XSPK_C_008_T0171.wav,C_008,Széthüzzuk a függönyt a konyhában
XSPK_C_008_T0172,wavs_synthetic_crossspeaker/XSPK_C_008_T0172.wav,C_008,Nyissuk ki az ablakot a nagyszobába
XSPK_C_008_T0173,wavs_synthetic_crossspeaker/XSPK_C_008_T0173.wav,C_008,Kapcsold ki a ventillátort a kisszoa a kisszobában
XSPK_C_008_T0174,wavs_synthetic_crossspeaker/XSPK_C_008_T0174.wav,C_008,A konyhában engedd le a redőnyt.
XSPK_C_008_T0175,wavs_synthetic_crossspeaker/XSPK_C_008_T0175.wav,C_008,Hívd fel a fiamat.
XSPK_C_008_T0176,wavs_synthetic_crossspeaker/XSPK_C_008_T0176.wav,C_008,Engedd le a redőnyt a folyosón
XSPK_C_008_T0177,wavs_synthetic_crossspeaker/XSPK_C_008_T0177.wav,C_008,Húzd fel a fűtést a kisszobába.
XSPK_C_008_T0178,wavs_synthetic_crossspeaker/XSPK_C_008_T0178.wav,C_008,A konyhában kapcsold be a tévét
XSPK_C_008_T0179,wavs_synthetic_crossspeaker/XSPK_C_008_T0179.wav,C_008,A fürdőszobában kapcsold be a ventilátort
XSPK_C_008_T0180,wavs_synthetic_crossspeaker/XSPK_C_008_T0180.wav,C_008,Engedd le a redőnyt a szobába.
XSPK_C_008_T0181,wavs_synthetic_crossspeaker/XSPK_C_008_T0181.wav,C_008,Kapcsold ki a tévét a fojjosón.
XSPK_C_008_T0182,wavs_synthetic_crossspeaker/XSPK_C_008_T0182.wav,C_008,Kisszobába nyisd ki az ajtot
XSPK_C_008_T0183,wavs_synthetic_crossspeaker/XSPK_C_008_T0183.wav,C_008,A kisszobai redőnyt húzd fel
XSPK_C_008_T0184,wavs_synthetic_crossspeaker/XSPK_C_008_T0184.wav,C_008,A konyhában emeld meg a hangerőt a tévén.
XSPK_C_008_T0185,wavs_synthetic_crossspeaker/XSPK_C_008_T0185.wav,C_008,Nagyszobába kapcsold be a rádiót
XSPK_C_008_T0186,wavs_synthetic_crossspeaker/XSPK_C_008_T0186.wav,C_008,Szobába húzd szét a függöny
XSPK_C_008_T0187,wavs_synthetic_crossspeaker/XSPK_C_008_T0187.wav,C_008,A folyosón kapcsold be a rádiátort
XSPK_C_008_T0188,wavs_synthetic_crossspeaker/XSPK_C_008_T0188.wav,C_008,Nyisd ki a konyhába az ablakot
XSPK_C_008_T0189,wavs_synthetic_crossspeaker/XSPK_C_008_T0189.wav,C_008,Zárd be a ajtót a folyosón
XSPK_C_008_T0190,wavs_synthetic_crossspeaker/XSPK_C_008_T0190.wav,C_008,Folyoson zárd be az ajtót
XSPK_C_008_T0191,wavs_synthetic_crossspeaker/XSPK_C_008_T0191.wav,C_008,A nagycobámban nyisd ki az ablakot.
XSPK_C_008_T0192,wavs_synthetic_crossspeaker/XSPK_C_008_T0192.wav,C_008,Húz be a függönyt a konyhában
XSPK_C_008_T0193,wavs_synthetic_crossspeaker/XSPK_C_008_T0193.wav,C_008,Kapcsold ki légy szíves a termosztátot a szobába
XSPK_C_008_T0194,wavs_synthetic_crossspeaker/XSPK_C_008_T0194.wav,C_008,A fojjosón  kapcsold be a ventillátor.
XSPK_C_008_T0195,wavs_synthetic_crossspeaker/XSPK_C_008_T0195.wav,C_008,Kapcsold be a pirítóst a konyhában
XSPK_C_008_T0196,wavs_synthetic_crossspeaker/XSPK_C_008_T0196.wav,C_008,Folyoson huz húzd szét a függöny
XSPK_C_008_T0197,wavs_synthetic_crossspeaker/XSPK_C_008_T0197.wav,C_008,Válts csatornát a tévén a nagycobában
XSPK_C_008_T0198,wavs_synthetic_crossspeaker/XSPK_C_008_T0198.wav,C_008,Kapcsold ki a rádjót a nagyszobában.
XSPK_C_008_T0199,wavs_synthetic_crossspeaker/XSPK_C_008_T0199.wav,C_008,A szobába kapcsold ki a fűtés
XSPK_C_008_T0200,wavs_synthetic_crossspeaker/XSPK_C_008_T0200.wav,C_008,A kisszobában kapcsold ki a ventillátort.
XSPK_C_008_T0201,wavs_synthetic_crossspeaker/XSPK_C_008_T0201.wav,C_008,Nyisd ki az ajtót a szobába
XSPK_C_008_T0202,wavs_synthetic_crossspeaker/XSPK_C_008_T0202.wav,C_008,Kapcsold be a rádiót a kisszobába
XSPK_C_008_T0203,wavs_synthetic_crossspeaker/XSPK_C_008_T0203.wav,C_008,A kisszobába kapcsold be a ventillátorokat
XSPK_C_008_T0204,wavs_synthetic_crossspeaker/XSPK_C_008_T0204.wav,C_008,Nyiss ki az ajtót a fürdőszobábán.
XSPK_C_008_T0205,wavs_synthetic_crossspeaker/XSPK_C_008_T0205.wav,C_008,Szobában kapcsold be a porszívót.
XSPK_C_008_T0206,wavs_synthetic_crossspeaker/XSPK_C_008_T0206.wav,C_008,Vedd lejjebb a fűtést a szobába
XSPK_C_008_T0207,wavs_synthetic_crossspeaker/XSPK_C_008_T0207.wav,C_008,A folyosón kapcsold ki a ventillátort
XSPK_C_008_T0208,wavs_synthetic_crossspeaker/XSPK_C_008_T0208.wav,C_008,Kapcsold fel a villanyt a nagyszobába.
XSPK_C_008_T0209,wavs_synthetic_crossspeaker/XSPK_C_008_T0209.wav,C_008,Konyhába húzd fel a rolót
XSPK_C_009_T0000,wavs_synthetic_crossspeaker/XSPK_C_009_T0000.wav,C_009,A fürdőszobában húzd be a függöny.
XSPK_C_009_T0001,wavs_synthetic_crossspeaker/XSPK_C_009_T0001.wav,C_009,Kapcsold be a ventilátort a szobában.
XSPK_C_009_T0002,wavs_synthetic_crossspeaker/XSPK_C_009_T0002.wav,C_009,Kapcsold be a szoba hőmérsékletét a konyhába
XSPK_C_009_T0003,wavs_synthetic_crossspeaker/XSPK_C_009_T0003.wav,C_009,Folyosón húzd fel a rolót
XSPK_C_009_T0004,wavs_synthetic_crossspeaker/XSPK_C_009_T0004.wav,C_009,A folyosón kapcsodl fel a villanyt
XSPK_C_009_T0005,wavs_synthetic_crossspeaker/XSPK_C_009_T0005.wav,C_009,Kapcsold be a mosó mosogatógépet a konyhában.
XSPK_C_009_T0006,wavs_synthetic_crossspeaker/XSPK_C_009_T0006.wav,C_009,A kisszobába húzd fel a ledőnyt
XSPK_C_009_T0007,wavs_synthetic_crossspeaker/XSPK_C_009_T0007.wav,C_009,Kapcsaold be a porszívót a ürdőszobába
XSPK_C_009_T0008,wavs_synthetic_crossspeaker/XSPK_C_009_T0008.wav,C_009,Csukd be az ajtót a folyosón
XSPK_C_009_T0009,wavs_synthetic_crossspeaker/XSPK_C_009_T0009.wav,C_009,A konyhába kapcsold be a mosógépet és állítsd hatvan harminc fokra
XSPK_C_009_T0010,wavs_synthetic_crossspeaker/XSPK_C_009_T0010.wav,C_009,Válts csatornát a tévét a szobában
XSPK_C_009_T0011,wavs_synthetic_crossspeaker/XSPK_C_009_T0011.wav,C_009,Húzd le a redőnyök redőnyt a szobába
XSPK_C_009_T0012,wavs_synthetic_crossspeaker/XSPK_C_009_T0012.wav,C_009,A konyhában kapcsold ki a ventillátor
XSPK_C_009_T0013,wavs_synthetic_crossspeaker/XSPK_C_009_T0013.wav,C_009,A fürdőszobában húzd fel a radiátort
XSPK_C_009_T0014,wavs_synthetic_crossspeaker/XSPK_C_009_T0014.wav,C_009,Kapcsold be a gáztűzhelyet a konyhában
XSPK_C_009_T0015,wavs_synthetic_crossspeaker/XSPK_C_009_T0015.wav,C_009,Szobába húzd le a redőnyt
XSPK_C_009_T0016,wavs_synthetic_crossspeaker/XSPK_C_009_T0016.wav,C_009,Húzd szét a függönyt a szobábán.
XSPK_C_009_T0017,wavs_synthetic_crossspeaker/XSPK_C_009_T0017.wav,C_009,A nagyszobában válts cs csatornát a rádión
XSPK_C_009_T0018,wavs_synthetic_crossspeaker/XSPK_C_009_T0018.wav,C_009,Kisszobába kapcsold ki a porszívót
XSPK_C_009_T0019,wavs_synthetic_crossspeaker/XSPK_C_009_T0019.wav,C_009,Konyhába csukjuk be az ajtót
XSPK_C_009_T0020,wavs_synthetic_crossspeaker/XSPK_C_009_T0020.wav,C_009,A redőnyt nagyszobában ereszd le vagy húzd le
XSPK_C_009_T0021,wavs_synthetic_crossspeaker/XSPK_C_009_T0021.wav,C_009,A konyhában kapcsold le a villanyt.
XSPK_C_009_T0022,wavs_synthetic_crossspeaker/XSPK_C_009_T0022.wav,C_009,A kis szobában kapcsold be a számítógépet.
XSPK_C_009_T0023,wavs_synthetic_crossspeaker/XSPK_C_009_T0023.wav,C_009,Kikapcsoltad a magyar egyet
XSPK_C_009_T0024,wavs_synthetic_crossspeaker/XSPK_C_009_T0024.wav,C_009,A fürdőszobába kapcsold ki a fűtést
XSPK_C_009_T0025,wavs_synthetic_crossspeaker/XSPK_C_009_T0025.wav,C_009,Hángosítsd a tévét a fojjosón.
XSPK_C_009_T0026,wavs_synthetic_crossspeaker/XSPK_C_009_T0026.wav,C_009,A szobában húzd fel a redőnt.
XSPK_C_009_T0027,wavs_synthetic_crossspeaker/XSPK_C_009_T0027.wav,C_009,A fürdőszobában húzd be a függönyt.
XSPK_C_009_T0028,wavs_synthetic_crossspeaker/XSPK_C_009_T0028.wav,C_009,A szobában hangosítsd a tévét.
XSPK_C_009_T0029,wavs_synthetic_crossspeaker/XSPK_C_009_T0029.wav,C_009,A fürdőszobában csendesícsd a tévé.
XSPK_C_009_T0030,wavs_synthetic_crossspeaker/XSPK_C_009_T0030.wav,C_009,Húzd fel a redőnyt kisszobába
XSPK_C_009_T0031,wavs_synthetic_crossspeaker/XSPK_C_009_T0031.wav,C_009,Húzd fel a radiátort a fürdőszobában
XSPK_C_009_T0032,wavs_synthetic_crossspeaker/XSPK_C_009_T0032.wav,C_009,Nagyszobábal kapcsold ki a fűtést
XSPK_C_009_T0033,wavs_synthetic_crossspeaker/XSPK_C_009_T0033.wav,C_009,Kapcsold fel a villanyt a füldőszobában
XSPK_C_009_T0034,wavs_synthetic_crossspeaker/XSPK_C_009_T0034.wav,C_009,Sz ö porszívot ki szoba
XSPK_C_009_T0035,wavs_synthetic_crossspeaker/XSPK_C_009_T0035.wav,C_009,Kisszobában kapcsold ki a számítógépet
XSPK_C_009_T0036,wavs_synthetic_crossspeaker/XSPK_C_009_T0036.wav,C_009,Folyosón húzd fel a hűtést
XSPK_C_009_T0037,wavs_synthetic_crossspeaker/XSPK_C_009_T0037.wav,C_009,A fürdőszobába kapcsold fel a fűtést
XSPK_C_009_T0038,wavs_synthetic_crossspeaker/XSPK_C_009_T0038.wav,C_009,A szobába kapcsold be a radiátor
XSPK_C_009_T0039,wavs_synthetic_crossspeaker/XSPK_C_009_T0039.wav,C_009,Hangosítsd a tévét a fürdőszobában.
XSPK_C_009_T0040,wavs_synthetic_crossspeaker/XSPK_C_009_T0040.wav,C_009,Kapcsold be a mosást hatvan fokra a konyhában
XSPK_C_009_T0041,wavs_synthetic_crossspeaker/XSPK_C_009_T0041.wav,C_009,A fürdőszobában kapcsold be a porszívót
XSPK_C_009_T0042,wavs_synthetic_crossspeaker/XSPK_C_009_T0042.wav,C_009,Húzd le a redőnyt a szobában.
XSPK_C_009_T0043,wavs_synthetic_crossspeaker/XSPK_C_009_T0043.wav,C_009,Fürdőszobában kapcsold lejjebb a fűtést
XSPK_C_009_T0044,wavs_synthetic_crossspeaker/XSPK_C_009_T0044.wav,C_009,A konyhában kapcsold be a mosógépet és állítsd hatvan fokra
XSPK_C_009_T0045,wavs_synthetic_crossspeaker/XSPK_C_009_T0045.wav,C_009,Kapcsold be a radiátort a nagycobába
XSPK_C_009_T0046,wavs_synthetic_crossspeaker/XSPK_C_009_T0046.wav,C_009,Kapcsold ki a ventilátort a nagyszobába.
XSPK_C_009_T0047,wavs_synthetic_crossspeaker/XSPK_C_009_T0047.wav,C_009,Kapcsold fel a villanyt a nagyszobában.
XSPK_C_009_T0048,wavs_synthetic_crossspeaker/XSPK_C_009_T0048.wav,C_009,Kapcsold ki á fűtést a szobában.
XSPK_C_009_T0049,wavs_synthetic_crossspeaker/XSPK_C_009_T0049.wav,C_009,Kapcsold be a ventilátort a szobába.
XSPK_C_009_T0050,wavs_synthetic_crossspeaker/XSPK_C_009_T0050.wav,C_009,Húzd szét a függönyt sza szobában
XSPK_C_009_T0051,wavs_synthetic_crossspeaker/XSPK_C_009_T0051.wav,C_009,A szobbában húzd szét a függönyt.
XSPK_C_009_T0052,wavs_synthetic_crossspeaker/XSPK_C_009_T0052.wav,C_009,Konyhában kapcsold ki a rádiót
XSPK_C_009_T0053,wavs_synthetic_crossspeaker/XSPK_C_009_T0053.wav,C_009,Konyhában kapcsold lejjebb a fűtést
XSPK_C_009_T0054,wavs_synthetic_crossspeaker/XSPK_C_009_T0054.wav,C_009,Kapcsold be a radiátort a kis a szobában
XSPK_C_009_T0055,wavs_synthetic_crossspeaker/XSPK_C_009_T0055.wav,C_009,Nagyszobában kapcsold fel a vilanyt
XSPK_C_009_T0056,wavs_synthetic_crossspeaker/XSPK_C_009_T0056.wav,C_009,Fürdőszobába kapcsold ki légy szíves a porszívót
XSPK_C_009_T0057,wavs_synthetic_crossspeaker/XSPK_C_009_T0057.wav,C_009,A kisszobában húzd szét a függöny.
XSPK_C_009_T0058,wavs_synthetic_crossspeaker/XSPK_C_009_T0058.wav,C_009,Kapcsold ki a rádiót a konyhába.
XSPK_C_009_T0059,wavs_synthetic_crossspeaker/XSPK_C_009_T0059.wav,C_009,A kisszobában hangosicsd a tévé.
XSPK_C_009_T0060,wavs_synthetic_crossspeaker/XSPK_C_009_T0060.wav,C_009,Kapcsold ki a tévét a fürdőszobában.
XSPK_C_009_T0061,wavs_synthetic_crossspeaker/XSPK_C_009_T0061.wav,C_009,Á nágyszobábán zárd be az ablakot.
XSPK_C_009_T0062,wavs_synthetic_crossspeaker/XSPK_C_009_T0062.wav,C_009,A radiátort vedd le a szobába
XSPK_C_009_T0063,wavs_synthetic_crossspeaker/XSPK_C_009_T0063.wav,C_009,Szobába húzd fel a fűtést.
XSPK_C_009_T0064,wavs_synthetic_crossspeaker/XSPK_C_009_T0064.wav,C_009,Hívd fel a fiam telefonon minél gyorsabban
XSPK_C_009_T0065,wavs_synthetic_crossspeaker/XSPK_C_009_T0065.wav,C_009,Húzd le a fütés a konyhában.
XSPK_C_009_T0066,wavs_synthetic_crossspeaker/XSPK_C_009_T0066.wav,C_009,A konyhába kapcsold be a kerék kenyérpirítót
XSPK_C_009_T0067,wavs_synthetic_crossspeaker/XSPK_C_009_T0067.wav,C_009,A kisszobában húzd be a függönt.
XSPK_C_009_T0068,wavs_synthetic_crossspeaker/XSPK_C_009_T0068.wav,C_009,Húzd le a redőnt a konyhában.
XSPK_C_009_T0069,wavs_synthetic_crossspeaker/XSPK_C_009_T0069.wav,C_009,Hívd fel légy szíves a lányom
XSPK_C_009_T0070,wavs_synthetic_crossspeaker/XSPK_C_009_T0070.wav,C_009,Húzd fel a fürdőszoba redőnyét
XSPK_C_009_T0071,wavs_synthetic_crossspeaker/XSPK_C_009_T0071.wav,C_009,Kapcsold le a villanyt a fürdőszobába
XSPK_C_009_T0072,wavs_synthetic_crossspeaker/XSPK_C_009_T0072.wav,C_009,Á szobábán hángosítsd á tévét.
XSPK_C_009_T0073,wavs_synthetic_crossspeaker/XSPK_C_009_T0073.wav,C_009,Kapcsold ki a rádiót konyhába.
XSPK_C_009_T0074,wavs_synthetic_crossspeaker/XSPK_C_009_T0074.wav,C_009,A nagyszobában kapcsold be a radidátor
XSPK_C_009_T0075,wavs_synthetic_crossspeaker/XSPK_C_009_T0075.wav,C_009,Kapcsold le a villant a kisszobában.
XSPK_C_009_T0076,wavs_synthetic_crossspeaker/XSPK_C_009_T0076.wav,C_009,Kapcsold be a fűtést a nagycobában.
XSPK_C_009_T0077,wavs_synthetic_crossspeaker/XSPK_C_009_T0077.wav,C_009,Kapcsold le a villanyt a nagyszobában.
XSPK_C_009_T0078,wavs_synthetic_crossspeaker/XSPK_C_009_T0078.wav,C_009,A fürdőszobában engedd le a redőnt.
XSPK_C_009_T0079,wavs_synthetic_crossspeaker/XSPK_C_009_T0079.wav,C_009,Kapcsold be a gáztűzhelyt a konyhában.
XSPK_C_009_T0080,wavs_synthetic_crossspeaker/XSPK_C_009_T0080.wav,C_009,Kapcsold ki a ventilát a folyosón
XSPK_C_009_T0081,wavs_synthetic_crossspeaker/XSPK_C_009_T0081.wav,C_009,Fürdőszobában zárd be az ablako.
XSPK_C_009_T0082,wavs_synthetic_crossspeaker/XSPK_C_009_T0082.wav,C_009,A fürdőszobában váltsd csatornát a tévén
XSPK_C_009_T0083,wavs_synthetic_crossspeaker/XSPK_C_009_T0083.wav,C_009,A kisszobába zárd be az ablakot
XSPK_C_009_T0084,wavs_synthetic_crossspeaker/XSPK_C_009_T0084.wav,C_009,Kapcsold föl a világítást a kisszobában.
XSPK_C_009_T0085,wavs_synthetic_crossspeaker/XSPK_C_009_T0085.wav,C_009,Kapcsold be a porszivót a fürdőszobában.
XSPK_C_009_T0086,wavs_synthetic_crossspeaker/XSPK_C_009_T0086.wav,C_009,Nagyszobába nyisd ki az ablakot
XSPK_C_009_T0087,wavs_synthetic_crossspeaker/XSPK_C_009_T0087.wav,C_009,A nagyszobában csendesíts tévét.
XSPK_C_009_T0088,wavs_synthetic_crossspeaker/XSPK_C_009_T0088.wav,C_009,A fürdőszobai ventilátort kapcsold ki légy szíves
XSPK_C_009_T0089,wavs_synthetic_crossspeaker/XSPK_C_009_T0089.wav,C_009,A mosógépet kapcsold föl hatvan fokra a konyhában
XSPK_C_009_T0090,wavs_synthetic_crossspeaker/XSPK_C_009_T0090.wav,C_009,Kapcsold ki légy szíves a a termosztátot a nagyszobába
XSPK_C_009_T0091,wavs_synthetic_crossspeaker/XSPK_C_009_T0091.wav,C_009,A fürdőszobába kapcsold be a mosógépet harminc fokon.
XSPK_C_009_T0092,wavs_synthetic_crossspeaker/XSPK_C_009_T0092.wav,C_009,A konyhában kapcsold be a számítógépet.
XSPK_C_009_T0093,wavs_synthetic_crossspeaker/XSPK_C_009_T0093.wav,C_009,A kisszobába húzd be a függönyt.
XSPK_C_009_T0094,wavs_synthetic_crossspeaker/XSPK_C_009_T0094.wav,C_009,Csendesíd a tévét a fürdőszobában
XSPK_C_009_T0095,wavs_synthetic_crossspeaker/XSPK_C_009_T0095.wav,C_009,Kapcsold be a portyívót a konyhában.
XSPK_C_009_T0096,wavs_synthetic_crossspeaker/XSPK_C_009_T0096.wav,C_009,Kapcsold be a pirítóssütőt a konyhában
XSPK_C_009_T0097,wavs_synthetic_crossspeaker/XSPK_C_009_T0097.wav,C_009,Kapcsold be a ventillátort a kisszobábá.
XSPK_C_009_T0098,wavs_synthetic_crossspeaker/XSPK_C_009_T0098.wav,C_009,Ventilátorokat kapcsold be a fürdőszobába
XSPK_C_009_T0099,wavs_synthetic_crossspeaker/XSPK_C_009_T0099.wav,C_009,A fürdőszobába húz fel a redőny
XSPK_C_009_T0100,wavs_synthetic_crossspeaker/XSPK_C_009_T0100.wav,C_009,Úzd fel a szobai redőnyt
XSPK_C_009_T0101,wavs_synthetic_crossspeaker/XSPK_C_009_T0101.wav,C_009,A nagyszobába kapcsold be a porszívót.
XSPK_C_009_T0102,wavs_synthetic_crossspeaker/XSPK_C_009_T0102.wav,C_009,Kapcsold varádiót a fürdőszobába
XSPK_C_009_T0103,wavs_synthetic_crossspeaker/XSPK_C_009_T0103.wav,C_009,Kapcsold be a rádiót a konyhába.
XSPK_C_009_T0104,wavs_synthetic_crossspeaker/XSPK_C_009_T0104.wav,C_009,Kapcsold be a rádiót ah konyhába
XSPK_C_009_T0105,wavs_synthetic_crossspeaker/XSPK_C_009_T0105.wav,C_009,A kisszobában be a ventirátort
XSPK_C_009_T0106,wavs_synthetic_crossspeaker/XSPK_C_009_T0106.wav,C_009,Válcs csatornát a tévén a fürdő szobában.
XSPK_C_009_T0107,wavs_synthetic_crossspeaker/XSPK_C_009_T0107.wav,C_009,A konyhában tekerd föl a radiátort
XSPK_C_009_T0108,wavs_synthetic_crossspeaker/XSPK_C_009_T0108.wav,C_009,Nyisd ki az ablakot kisszobába.
XSPK_C_009_T0109,wavs_synthetic_crossspeaker/XSPK_C_009_T0109.wav,C_009,Kapcsold be a radiátort a folyosón
XSPK_C_009_T0110,wavs_synthetic_crossspeaker/XSPK_C_009_T0110.wav,C_009,Kapcsold fel a villanyt a folyosón.
XSPK_C_009_T0111,wavs_synthetic_crossspeaker/XSPK_C_009_T0111.wav,C_009,Húzd fel a redőnyt a konyhában.
XSPK_C_009_T0112,wavs_synthetic_crossspeaker/XSPK_C_009_T0112.wav,C_009,Halkídd le a tévé hangját a nagycobában
XSPK_C_009_T0113,wavs_synthetic_crossspeaker/XSPK_C_009_T0113.wav,C_009,Folyosó bezárni a ablakokat
XSPK_C_009_T0114,wavs_synthetic_crossspeaker/XSPK_C_009_T0114.wav,C_009,A konyhában csatornát váltson a tévén
XSPK_C_009_T0115,wavs_synthetic_crossspeaker/XSPK_C_009_T0115.wav,C_009,A folyosón válcs csatornát a tévén.
XSPK_C_009_T0116,wavs_synthetic_crossspeaker/XSPK_C_009_T0116.wav,C_009,A szobai függönyt húzd szét
XSPK_C_009_T0117,wavs_synthetic_crossspeaker/XSPK_C_009_T0117.wav,C_009,Konyhában vál váltsd csatornát a tévén
XSPK_C_009_T0118,wavs_synthetic_crossspeaker/XSPK_C_009_T0118.wav,C_009,Nagyszobában húzd le a redőnyt.
XSPK_C_009_T0119,wavs_synthetic_crossspeaker/XSPK_C_009_T0119.wav,C_009,Kapcsold be a ventilátort folyosó
XSPK_C_009_T0120,wavs_synthetic_crossspeaker/XSPK_C_009_T0120.wav,C_009,Vedd feljebb a te a televízión a hangot … a szobában
XSPK_C_009_T0121,wavs_synthetic_crossspeaker/XSPK_C_009_T0121.wav,C_009,A konyhában húzd fel a fűtést.
XSPK_C_009_T0122,wavs_synthetic_crossspeaker/XSPK_C_009_T0122.wav,C_009,Fürdőszobba zárd be az ajtót
XSPK_C_009_T0123,wavs_synthetic_crossspeaker/XSPK_C_009_T0123.wav,C_009,Fürdőszoba hőmérsékletét kapcsold ki
XSPK_C_009_T0124,wavs_synthetic_crossspeaker/XSPK_C_009_T0124.wav,C_009,Kapcsold le a villanyt a konyhába
XSPK_C_009_T0125,wavs_synthetic_crossspeaker/XSPK_C_009_T0125.wav,C_009,A szobában vál catornát a tévén.
XSPK_C_009_T0126,wavs_synthetic_crossspeaker/XSPK_C_009_T0126.wav,C_009,Hangosítsd a televíziót a szobában.
XSPK_C_009_T0127,wavs_synthetic_crossspeaker/XSPK_C_009_T0127.wav,C_009,Konyhában húzd szét a függönyt
XSPK_C_009_T0128,wavs_synthetic_crossspeaker/XSPK_C_009_T0128.wav,C_009,A szobában húz szét a függönyt
XSPK_C_009_T0129,wavs_synthetic_crossspeaker/XSPK_C_009_T0129.wav,C_009,A konyhában kapcsold be a ke a kenyérpirítót
XSPK_C_009_T0130,wavs_synthetic_crossspeaker/XSPK_C_009_T0130.wav,C_009,A konyhában kápcsold be a mosógépet hátván fokon.
XSPK_C_009_T0131,wavs_synthetic_crossspeaker/XSPK_C_009_T0131.wav,C_009,A kisszobába rotobe a számítógépet.
XSPK_C_009_T0132,wavs_synthetic_crossspeaker/XSPK_C_009_T0132.wav,C_009,Kapcsoljuk ki a zsebrádiót
XSPK_C_009_T0133,wavs_synthetic_crossspeaker/XSPK_C_009_T0133.wav,C_009,A nagyszobában kapcsold le a világítás.
XSPK_C_009_T0134,wavs_synthetic_crossspeaker/XSPK_C_009_T0134.wav,C_009,Kapcsold le a villanyt  fürdőszobában
XSPK_C_009_T0135,wavs_synthetic_crossspeaker/XSPK_C_009_T0135.wav,C_009,A kisszobában kapcsold ki a porszívót.
XSPK_C_009_T0136,wavs_synthetic_crossspeaker/XSPK_C_009_T0136.wav,C_009,Húzd föl a redőnyt a kisszobában.
XSPK_C_009_T0137,wavs_synthetic_crossspeaker/XSPK_C_009_T0137.wav,C_009,Kapcsold be a forszívót a kisszobában
XSPK_C_009_T0138,wavs_synthetic_crossspeaker/XSPK_C_009_T0138.wav,C_009,A kisszobai redőnyt engedd le
XSPK_C_009_T0139,wavs_synthetic_crossspeaker/XSPK_C_009_T0139.wav,C_009,Szobába nyisd ki az ablakot.
XSPK_C_009_T0140,wavs_synthetic_crossspeaker/XSPK_C_009_T0140.wav,C_009,Redőnyt húzd le a konyhában.
XSPK_C_009_T0141,wavs_synthetic_crossspeaker/XSPK_C_009_T0141.wav,C_009,Harminc fokon kapcsold be a mosogépet a fürdőszobába
XSPK_C_009_T0142,wavs_synthetic_crossspeaker/XSPK_C_009_T0142.wav,C_009,Húzd be a fu szobai függönyt
XSPK_C_009_T0143,wavs_synthetic_crossspeaker/XSPK_C_009_T0143.wav,C_009,A nagyszobába nyissa ki az ablakot
XSPK_C_009_T0144,wavs_synthetic_crossspeaker/XSPK_C_009_T0144.wav,C_009,A nagyszobában nyissuk az ajtón
XSPK_C_009_T0145,wavs_synthetic_crossspeaker/XSPK_C_009_T0145.wav,C_009,Kapcsold be a nagyszobába a ventillátort
XSPK_C_009_T0146,wavs_synthetic_crossspeaker/XSPK_C_009_T0146.wav,C_009,Nagyszobába húzd szét a függönyt.
XSPK_C_009_T0147,wavs_synthetic_crossspeaker/XSPK_C_009_T0147.wav,C_009,A ventillátort kapcsold ki a szobában.
XSPK_C_009_T0148,wavs_synthetic_crossspeaker/XSPK_C_009_T0148.wav,C_009,A konyhában kapcold ki a ventillátor
XSPK_C_009_T0149,wavs_synthetic_crossspeaker/XSPK_C_009_T0149.wav,C_009,A szobában húzd fel a függöny
XSPK_C_009_T0150,wavs_synthetic_crossspeaker/XSPK_C_009_T0150.wav,C_009,A konyhában válts csatornát a tévén
XSPK_C_009_T0151,wavs_synthetic_crossspeaker/XSPK_C_009_T0151.wav,C_009,Csendesít a tévét a kisszobában.
XSPK_C_009_T0152,wavs_synthetic_crossspeaker/XSPK_C_009_T0152.wav,C_009,Konyhában kapcsold be a vízforralót
XSPK_C_009_T0153,wavs_synthetic_crossspeaker/XSPK_C_009_T0153.wav,C_009,A folyosón zárd az ablakot
XSPK_C_009_T0154,wavs_synthetic_crossspeaker/XSPK_C_009_T0154.wav,C_009,Kapcsold be a mosógépet és állítsd harminc fokra a fürdőszobába
XSPK_C_009_T0155,wavs_synthetic_crossspeaker/XSPK_C_009_T0155.wav,C_009,Szobában kapcsol hangosítsuk a tévét
XSPK_C_009_T0156,wavs_synthetic_crossspeaker/XSPK_C_009_T0156.wav,C_009,Válcs csatornát a rádión a nagyszobában.
XSPK_C_009_T0157,wavs_synthetic_crossspeaker/XSPK_C_009_T0157.wav,C_009,Kapcsold be a rádiód a szobában
XSPK_C_009_T0158,wavs_synthetic_crossspeaker/XSPK_C_009_T0158.wav,C_009,Kisszobába vedd lejjebb a fűtést
XSPK_C_009_T0159,wavs_synthetic_crossspeaker/XSPK_C_009_T0159.wav,C_009,Szobába zárd be az ajtót.
XSPK_C_009_T0160,wavs_synthetic_crossspeaker/XSPK_C_009_T0160.wav,C_009,A konyhában kapcsold ki a a kenyérpirso
XSPK_C_009_T0161,wavs_synthetic_crossspeaker/XSPK_C_009_T0161.wav,C_009,A kisszobában kapcsold be á számítógépet.
XSPK_C_009_T0162,wavs_synthetic_crossspeaker/XSPK_C_009_T0162.wav,C_009,A kisszobába a fűtést nyomd fel
XSPK_C_009_T0163,wavs_synthetic_crossspeaker/XSPK_C_009_T0163.wav,C_009,Húzd fel a fűtést a szobában.
XSPK_C_009_T0164,wavs_synthetic_crossspeaker/XSPK_C_009_T0164.wav,C_009,Kapcsold fel a villanyt a fölyosón.
XSPK_C_009_T0165,wavs_synthetic_crossspeaker/XSPK_C_009_T0165.wav,C_009,Konyhába engedd le a redőnyt.
XSPK_C_009_T0166,wavs_synthetic_crossspeaker/XSPK_C_009_T0166.wav,C_009,Nyisd ki a szoba ablakot
XSPK_C_009_T0167,wavs_synthetic_crossspeaker/XSPK_C_009_T0167.wav,C_009,Kapcsold ki a fűtést a nagy fürdőszobában
XSPK_C_009_T0168,wavs_synthetic_crossspeaker/XSPK_C_009_T0168.wav,C_009,Kapcsold ki a fűtést a fojjosón.
XSPK_C_009_T0169,wavs_synthetic_crossspeaker/XSPK_C_009_T0169.wav,C_009,Válcs csatornát a tévén a szobában.
XSPK_C_009_T0170,wavs_synthetic_crossspeaker/XSPK_C_009_T0170.wav,C_009,A kisszobába nyissa ki az a ablakot
XSPK_C_009_T0171,wavs_synthetic_crossspeaker/XSPK_C_009_T0171.wav,C_009,A konyhában kapcsold be a porszivót.
XSPK_C_009_T0172,wavs_synthetic_crossspeaker/XSPK_C_009_T0172.wav,C_009,Húzd fel húzd fel a redőnyt a konyhában
XSPK_C_009_T0173,wavs_synthetic_crossspeaker/XSPK_C_009_T0173.wav,C_009,A kisszobába tekerd már föl a radiátor gombot
XSPK_C_009_T0174,wavs_synthetic_crossspeaker/XSPK_C_009_T0174.wav,C_009,Kapcsold át a rádiót a szobában
XSPK_C_009_T0175,wavs_synthetic_crossspeaker/XSPK_C_009_T0175.wav,C_009,Kisszobába kapcsoljuk be a porszívót
XSPK_C_009_T0176,wavs_synthetic_crossspeaker/XSPK_C_009_T0176.wav,C_009,Nagyszobában húzd föl a fűtést.
XSPK_C_009_T0177,wavs_synthetic_crossspeaker/XSPK_C_009_T0177.wav,C_009,Kapcold ki a sütőt a konyhába
XSPK_C_009_T0178,wavs_synthetic_crossspeaker/XSPK_C_009_T0178.wav,C_009,A konyhában kapcsold be harminc fokon a mosógépet.
XSPK_C_009_T0179,wavs_synthetic_crossspeaker/XSPK_C_009_T0179.wav,C_009,Szobába zárd be az ablakot
XSPK_C_009_T0180,wavs_synthetic_crossspeaker/XSPK_C_009_T0180.wav,C_009,Zárd be ablakot a folyosón
XSPK_C_009_T0181,wavs_synthetic_crossspeaker/XSPK_C_009_T0181.wav,C_009,A redőnyt húzd fel a szobá a konyhába
XSPK_C_009_T0182,wavs_synthetic_crossspeaker/XSPK_C_009_T0182.wav,C_009,A konyhában kapcsold fel a villany
XSPK_C_009_T0183,wavs_synthetic_crossspeaker/XSPK_C_009_T0183.wav,C_009,Kapcsold ki a ventillátor a konyhában.
XSPK_C_009_T0184,wavs_synthetic_crossspeaker/XSPK_C_009_T0184.wav,C_009,Motogépet hatvan fokon a konyhában kapcsold be.
XSPK_C_009_T0185,wavs_synthetic_crossspeaker/XSPK_C_009_T0185.wav,C_009,A fürdőszobában nyisd ki az ablakot.
XSPK_C_009_T0186,wavs_synthetic_crossspeaker/XSPK_C_009_T0186.wav,C_009,A konyhában kapcsold be a mosógépet hatvan fokra.
XSPK_C_009_T0187,wavs_synthetic_crossspeaker/XSPK_C_009_T0187.wav,C_009,Nagyszobában kapcsold be a fűtést.
XSPK_C_009_T0188,wavs_synthetic_crossspeaker/XSPK_C_009_T0188.wav,C_009,A nagyszobába kapcsold be a fűtést
XSPK_C_009_T0189,wavs_synthetic_crossspeaker/XSPK_C_009_T0189.wav,C_009,Húzd be a függönyt fürdőszobába
XSPK_C_009_T0190,wavs_synthetic_crossspeaker/XSPK_C_009_T0190.wav,C_009,A nagyszobában húzd le a redőnyt.
XSPK_C_009_T0191,wavs_synthetic_crossspeaker/XSPK_C_009_T0191.wav,C_009,A nagyszobában hangosítsd a tévét.
XSPK_C_009_T0192,wavs_synthetic_crossspeaker/XSPK_C_009_T0192.wav,C_009,Húzd le a fűtést a fürdőszobába.
XSPK_C_009_T0193,wavs_synthetic_crossspeaker/XSPK_C_009_T0193.wav,C_009,A ventilátort kapcsold be a konyhába
XSPK_C_009_T0194,wavs_synthetic_crossspeaker/XSPK_C_009_T0194.wav,C_009,Kapcsold a lányom
XSPK_C_009_T0195,wavs_synthetic_crossspeaker/XSPK_C_009_T0195.wav,C_009,Nagyszobában kapcsold be a számítógépet.
XSPK_C_009_T0196,wavs_synthetic_crossspeaker/XSPK_C_009_T0196.wav,C_009,Hangosídd a tévét a szobában
XSPK_C_009_T0197,wavs_synthetic_crossspeaker/XSPK_C_009_T0197.wav,C_009,Folyosóba nyisd ki az ajtót
XSPK_C_009_T0198,wavs_synthetic_crossspeaker/XSPK_C_009_T0198.wav,C_009,A szobába váltsál csatornát a tévén
XSPK_C_009_T0199,wavs_synthetic_crossspeaker/XSPK_C_009_T0199.wav,C_009,Szobába vegyük le a fűtést
XSPK_C_009_T0200,wavs_synthetic_crossspeaker/XSPK_C_009_T0200.wav,C_009,Fürdőszobában zárd b az ajtót
XSPK_C_009_T0201,wavs_synthetic_crossspeaker/XSPK_C_009_T0201.wav,C_009,A konyhában kapcsold be a pirítóst.
XSPK_C_009_T0202,wavs_synthetic_crossspeaker/XSPK_C_009_T0202.wav,C_009,Húzd be a függönyt a konyhába.
XSPK_C_009_T0203,wavs_synthetic_crossspeaker/XSPK_C_009_T0203.wav,C_009,Nyisd ki az ajtót a szobában
XSPK_C_009_T0204,wavs_synthetic_crossspeaker/XSPK_C_009_T0204.wav,C_009,A kisszobában zárd be a ajtót
XSPK_C_009_T0205,wavs_synthetic_crossspeaker/XSPK_C_009_T0205.wav,C_009,Mosógépet kapcsold ki a hatvan fokon a konyhában.
XSPK_C_009_T0206,wavs_synthetic_crossspeaker/XSPK_C_009_T0206.wav,C_009,A nagyszobában kapcsold be a ventillátort
XSPK_C_009_T0207,wavs_synthetic_crossspeaker/XSPK_C_009_T0207.wav,C_009,Zárd be az ablakot a szobába.
XSPK_C_009_T0208,wavs_synthetic_crossspeaker/XSPK_C_009_T0208.wav,C_009,Válts csatornát a tévén a folyoson
XSPK_C_009_T0209,wavs_synthetic_crossspeaker/XSPK_C_009_T0209.wav,C_009,A nagyszobába kapcsold be a ventilátorokat
XSPK_C_010_T0000,wavs_synthetic_crossspeaker/XSPK_C_010_T0000.wav,C_010,A nagyszobában zárd be az ajtót
XSPK_C_010_T0001,wavs_synthetic_crossspeaker/XSPK_C_010_T0001.wav,C_010,Kapcsold a fiam
XSPK_C_010_T0002,wavs_synthetic_crossspeaker/XSPK_C_010_T0002.wav,C_010,Válcs csatornát a rádjón a fürdőszobábn
XSPK_C_010_T0003,wavs_synthetic_crossspeaker/XSPK_C_010_T0003.wav,C_010,A fürdőszobában hangosítsd a televíziót.
XSPK_C_010_T0004,wavs_synthetic_crossspeaker/XSPK_C_010_T0004.wav,C_010,A fürdőszoba nyissa ki az ablakot
XSPK_C_010_T0005,wavs_synthetic_crossspeaker/XSPK_C_010_T0005.wav,C_010,A kisszobában kapcsold be a porszívó
XSPK_C_010_T0006,wavs_synthetic_crossspeaker/XSPK_C_010_T0006.wav,C_010,A fürdőszobában kapcsold be a mosógépet hatvan fokra.
XSPK_C_010_T0007,wavs_synthetic_crossspeaker/XSPK_C_010_T0007.wav,C_010,Zárd be a ajtót a folyosón
XSPK_C_010_T0008,wavs_synthetic_crossspeaker/XSPK_C_010_T0008.wav,C_010,Fürdőszobában húzd le a fűtés.
XSPK_C_010_T0009,wavs_synthetic_crossspeaker/XSPK_C_010_T0009.wav,C_010,A szobában váltsál a rádión csatornát
XSPK_C_010_T0010,wavs_synthetic_crossspeaker/XSPK_C_010_T0010.wav,C_010,Válts csatornát a tévét a nagyszobában
XSPK_C_010_T0011,wavs_synthetic_crossspeaker/XSPK_C_010_T0011.wav,C_010,Kapcsold ki a rádiót a szobába.
XSPK_C_010_T0012,wavs_synthetic_crossspeaker/XSPK_C_010_T0012.wav,C_010,A fürdőszobába hangosítsd le a tévét
XSPK_C_010_T0013,wavs_synthetic_crossspeaker/XSPK_C_010_T0013.wav,C_010,Nagyszobába hangosícs fel a tévét.
XSPK_C_010_T0014,wavs_synthetic_crossspeaker/XSPK_C_010_T0014.wav,C_010,Szobában kapcsold be a villanyt
XSPK_C_010_T0015,wavs_synthetic_crossspeaker/XSPK_C_010_T0015.wav,C_010,Hívd fel a lányom
XSPK_C_010_T0016,wavs_synthetic_crossspeaker/XSPK_C_010_T0016.wav,C_010,Húzd fel a fűtést a fürdőszobába
XSPK_C_010_T0017,wavs_synthetic_crossspeaker/XSPK_C_010_T0017.wav,C_010,Konyhában kapcsold be a kennyérpirítót.
XSPK_C_010_T0018,wavs_synthetic_crossspeaker/XSPK_C_010_T0018.wav,C_010,Folyosóba zárd be az ajtót
XSPK_C_010_T0019,wavs_synthetic_crossspeaker/XSPK_C_010_T0019.wav,C_010,Kapcsold ki a konyhában a rádiót
XSPK_C_010_T0020,wavs_synthetic_crossspeaker/XSPK_C_010_T0020.wav,C_010,Húzd be a függönyt a konyhába.
XSPK_C_010_T0021,wavs_synthetic_crossspeaker/XSPK_C_010_T0021.wav,C_010,Kisszobába kapcsold be a porszívot
XSPK_C_010_T0022,wavs_synthetic_crossspeaker/XSPK_C_010_T0022.wav,C_010,A kisszobába zárd be az ablakot.
XSPK_C_010_T0023,wavs_synthetic_crossspeaker/XSPK_C_010_T0023.wav,C_010,A kapcsold ki a ventillátor a konyhában
XSPK_C_010_T0024,wavs_synthetic_crossspeaker/XSPK_C_010_T0024.wav,C_010,A nagyszobában húzd fel légy szíves a redőnyt
XSPK_C_010_T0025,wavs_synthetic_crossspeaker/XSPK_C_010_T0025.wav,C_010,Kapcsold le a világítást a konyhában.
XSPK_C_010_T0026,wavs_synthetic_crossspeaker/XSPK_C_010_T0026.wav,C_010,Kapcsold ki a rádiót a konyhában
XSPK_C_010_T0027,wavs_synthetic_crossspeaker/XSPK_C_010_T0027.wav,C_010,Konyhában kapcsold be a rádiót
XSPK_C_010_T0028,wavs_synthetic_crossspeaker/XSPK_C_010_T0028.wav,C_010,Kisszobában kapcsold ki a rádiót
XSPK_C_010_T0029,wavs_synthetic_crossspeaker/XSPK_C_010_T0029.wav,C_010,A szobában kapcsold ki a porszívó.
XSPK_C_010_T0030,wavs_synthetic_crossspeaker/XSPK_C_010_T0030.wav,C_010,Kapcsold be a fürdőszobában a rádiót.
XSPK_C_010_T0031,wavs_synthetic_crossspeaker/XSPK_C_010_T0031.wav,C_010,A nagyszobaban kapcsold be a számítógépet
XSPK_C_010_T0032,wavs_synthetic_crossspeaker/XSPK_C_010_T0032.wav,C_010,Húzd föl a redőnyt a folyosón.
XSPK_C_010_T0033,wavs_synthetic_crossspeaker/XSPK_C_010_T0033.wav,C_010,Húzd le a lell redőnyt a fürdőszobába.
XSPK_C_010_T0034,wavs_synthetic_crossspeaker/XSPK_C_010_T0034.wav,C_010,Kapcsold be a kenyérpirítót a konyhába.
XSPK_C_010_T0035,wavs_synthetic_crossspeaker/XSPK_C_010_T0035.wav,C_010,Kapcsold ki a felciláztort az konyhában
XSPK_C_010_T0036,wavs_synthetic_crossspeaker/XSPK_C_010_T0036.wav,C_010,A konyhában kapcsold le a fűtés.
XSPK_C_010_T0037,wavs_synthetic_crossspeaker/XSPK_C_010_T0037.wav,C_010,Kapcsold be a tévét a kisszobában
XSPK_C_010_T0038,wavs_synthetic_crossspeaker/XSPK_C_010_T0038.wav,C_010,Nyisd ki a ablakot a szobában
XSPK_C_010_T0039,wavs_synthetic_crossspeaker/XSPK_C_010_T0039.wav,C_010,Válcs csatornát a fürdőszobában.
XSPK_C_010_T0040,wavs_synthetic_crossspeaker/XSPK_C_010_T0040.wav,C_010,A konyhába nyisd csi az ajtót
XSPK_C_010_T0041,wavs_synthetic_crossspeaker/XSPK_C_010_T0041.wav,C_010,Húzd le a ledőnyt a nagyszobában
XSPK_C_010_T0042,wavs_synthetic_crossspeaker/XSPK_C_010_T0042.wav,C_010,Fojjosón húzd be a függöny.
XSPK_C_010_T0043,wavs_synthetic_crossspeaker/XSPK_C_010_T0043.wav,C_010,Kisszobában zárd az ajtót
XSPK_C_010_T0044,wavs_synthetic_crossspeaker/XSPK_C_010_T0044.wav,C_010,A konyhában kapcsold be a rádió.
XSPK_C_010_T0045,wavs_synthetic_crossspeaker/XSPK_C_010_T0045.wav,C_010,Fürdőszobában kapcsold lejjebb a fűtést
XSPK_C_010_T0046,wavs_synthetic_crossspeaker/XSPK_C_010_T0046.wav,C_010,Kinyitjuk az ablakot a fürdőszobában
XSPK_C_010_T0047,wavs_synthetic_crossspeaker/XSPK_C_010_T0047.wav,C_010,Folyosón húzd fel a rolót
XSPK_C_010_T0048,wavs_synthetic_crossspeaker/XSPK_C_010_T0048.wav,C_010,A nagycobában húzd be a függönyt.
XSPK_C_010_T0049,wavs_synthetic_crossspeaker/XSPK_C_010_T0049.wav,C_010,A konyhába hangosítsd le a tévét
XSPK_C_010_T0050,wavs_synthetic_crossspeaker/XSPK_C_010_T0050.wav,C_010,A fürdőszobában kapcsold ki a rádiót.
XSPK_C_010_T0051,wavs_synthetic_crossspeaker/XSPK_C_010_T0051.wav,C_010,Hívd fel a lányomat.
XSPK_C_010_T0052,wavs_synthetic_crossspeaker/XSPK_C_010_T0052.wav,C_010,Kapcsold be mosógép a konyh fürdőszobában hatvan fokon
XSPK_C_010_T0053,wavs_synthetic_crossspeaker/XSPK_C_010_T0053.wav,C_010,Kapcsold ki a számítgépet a szobában.
XSPK_C_010_T0054,wavs_synthetic_crossspeaker/XSPK_C_010_T0054.wav,C_010,Folyosón húzd ki légy szíves vagy húzd szét légy szíves a függönyt
XSPK_C_010_T0055,wavs_synthetic_crossspeaker/XSPK_C_010_T0055.wav,C_010,A nagyszobában húzd szét a függöny.
XSPK_C_010_T0056,wavs_synthetic_crossspeaker/XSPK_C_010_T0056.wav,C_010,Húzd szét a függönt a kiszobában.
XSPK_C_010_T0057,wavs_synthetic_crossspeaker/XSPK_C_010_T0057.wav,C_010,Zárd be a kisszobába az ajtót
XSPK_C_010_T0058,wavs_synthetic_crossspeaker/XSPK_C_010_T0058.wav,C_010,Húzd föl a redőnyt a fürdőszobába
XSPK_C_010_T0059,wavs_synthetic_crossspeaker/XSPK_C_010_T0059.wav,C_010,A szobába vedd lejjebb a tévét
XSPK_C_010_T0060,wavs_synthetic_crossspeaker/XSPK_C_010_T0060.wav,C_010,A nagyszobában húzd le a redőnyt.
XSPK_C_010_T0061,wavs_synthetic_crossspeaker/XSPK_C_010_T0061.wav,C_010,Nagyszobába hangosítsd föl a tévét
XSPK_C_010_T0062,wavs_synthetic_crossspeaker/XSPK_C_010_T0062.wav,C_010,Nyisd ki a a folyosón az ajtót
XSPK_C_010_T0063,wavs_synthetic_crossspeaker/XSPK_C_010_T0063.wav,C_010,Kisszobában zárd be az ajtó.
XSPK_C_010_T0064,wavs_synthetic_crossspeaker/XSPK_C_010_T0064.wav,C_010,Nagyszobába húzd fel a függönyt
XSPK_C_010_T0065,wavs_synthetic_crossspeaker/XSPK_C_010_T0065.wav,C_010,Húzd fel a redőnyt a nagyszobába.
XSPK_C_010_T0066,wavs_synthetic_crossspeaker/XSPK_C_010_T0066.wav,C_010,Nagyszoban porszívót kikapcsolom
XSPK_C_010_T0067,wavs_synthetic_crossspeaker/XSPK_C_010_T0067.wav,C_010,A folyosón nyiss ki az ajtót.
XSPK_C_010_T0068,wavs_synthetic_crossspeaker/XSPK_C_010_T0068.wav,C_010,A kisszobában vál csatornát a tévén.
XSPK_C_010_T0069,wavs_synthetic_crossspeaker/XSPK_C_010_T0069.wav,C_010,Kapcsold fel a világítást a konyhában.
XSPK_C_010_T0070,wavs_synthetic_crossspeaker/XSPK_C_010_T0070.wav,C_010,Nagyszobába vedd lejjebb a tévét
XSPK_C_010_T0071,wavs_synthetic_crossspeaker/XSPK_C_010_T0071.wav,C_010,Kisszobába kapcsoljuk fel a villanyt
XSPK_C_010_T0072,wavs_synthetic_crossspeaker/XSPK_C_010_T0072.wav,C_010,Fel kell hangosítani a tévét a kisszobába
XSPK_C_010_T0073,wavs_synthetic_crossspeaker/XSPK_C_010_T0073.wav,C_010,A tetőtérablakot csukjuk be
XSPK_C_010_T0074,wavs_synthetic_crossspeaker/XSPK_C_010_T0074.wav,C_010,Zárd be az ablakto a nagyszobában
XSPK_C_010_T0075,wavs_synthetic_crossspeaker/XSPK_C_010_T0075.wav,C_010,Kapcsold be a mosógépet és állítsd hatvan fokra a fürdőszobába
XSPK_C_010_T0076,wavs_synthetic_crossspeaker/XSPK_C_010_T0076.wav,C_010,A fürdőszobában kapcsold fel a világítás.
XSPK_C_010_T0077,wavs_synthetic_crossspeaker/XSPK_C_010_T0077.wav,C_010,Hangosítsd fel a szobában a tévét
XSPK_C_010_T0078,wavs_synthetic_crossspeaker/XSPK_C_010_T0078.wav,C_010,Nagyon meleg van nyissuk ki az ajtót
XSPK_C_010_T0079,wavs_synthetic_crossspeaker/XSPK_C_010_T0079.wav,C_010,Konyhába huzd le a redönyt
XSPK_C_010_T0080,wavs_synthetic_crossspeaker/XSPK_C_010_T0080.wav,C_010,Huzd fel a fűtést a fürdőszobába
XSPK_C_010_T0081,wavs_synthetic_crossspeaker/XSPK_C_010_T0081.wav,C_010,Szobába húzd le a redőny
XSPK_C_010_T0082,wavs_synthetic_crossspeaker/XSPK_C_010_T0082.wav,C_010,A folyoson nyis ki az ajtót
XSPK_C_010_T0083,wavs_synthetic_crossspeaker/XSPK_C_010_T0083.wav,C_010,A konyhába vedd le a fűtést
XSPK_C_010_T0084,wavs_synthetic_crossspeaker/XSPK_C_010_T0084.wav,C_010,Kapcsold ki á számítógépet a szobában.
XSPK_C_010_T0085,wavs_synthetic_crossspeaker/XSPK_C_010_T0085.wav,C_010,A konyhában vacsocsornát a rádión.
XSPK_C_010_T0086,wavs_synthetic_crossspeaker/XSPK_C_010_T0086.wav,C_010,Fürdőszobában húzd fel a redőnyt
XSPK_C_010_T0087,wavs_synthetic_crossspeaker/XSPK_C_010_T0087.wav,C_010,Kapcsold be a számítig számítógépet a kisszobában.
XSPK_C_010_T0088,wavs_synthetic_crossspeaker/XSPK_C_010_T0088.wav,C_010,Kapcsold ki a fűtést a szobába.
XSPK_C_010_T0089,wavs_synthetic_crossspeaker/XSPK_C_010_T0089.wav,C_010,Kapcsold be a számító a nagyszobában.
XSPK_C_010_T0090,wavs_synthetic_crossspeaker/XSPK_C_010_T0090.wav,C_010,A fürdőszobában kapcsold be a mosást hatvan fokra
XSPK_C_010_T0091,wavs_synthetic_crossspeaker/XSPK_C_010_T0091.wav,C_010,Kapcsold ki a fűtés a fürdőszobában
XSPK_C_010_T0092,wavs_synthetic_crossspeaker/XSPK_C_010_T0092.wav,C_010,A fürdőszobában kapcsold ki a ventillátort.
XSPK_C_010_T0093,wavs_synthetic_crossspeaker/XSPK_C_010_T0093.wav,C_010,Válts csatornát a rádión a nagyszobában
XSPK_C_010_T0094,wavs_synthetic_crossspeaker/XSPK_C_010_T0094.wav,C_010,Válcs csatornát a kisszobába.
XSPK_C_010_T0095,wavs_synthetic_crossspeaker/XSPK_C_010_T0095.wav,C_010,A szobában hangosítsd ki a tévét
XSPK_C_010_T0096,wavs_synthetic_crossspeaker/XSPK_C_010_T0096.wav,C_010,Kapcsold be a rádiót a nagyszobába.
XSPK_C_010_T0097,wavs_synthetic_crossspeaker/XSPK_C_010_T0097.wav,C_010,Vedd le a fütést a folyosón
XSPK_C_010_T0098,wavs_synthetic_crossspeaker/XSPK_C_010_T0098.wav,C_010,Hívd fel a fiam
XSPK_C_010_T0099,wavs_synthetic_crossspeaker/XSPK_C_010_T0099.wav,C_010,A kisszobábamban nyísd ki az ajtót
XSPK_C_010_T0100,wavs_synthetic_crossspeaker/XSPK_C_010_T0100.wav,C_010,Kapcsold fel a folyosón a villanyt
XSPK_C_010_T0101,wavs_synthetic_crossspeaker/XSPK_C_010_T0101.wav,C_010,Nagyszobába meleg van nyissuk ki az ajtót
XSPK_C_010_T0102,wavs_synthetic_crossspeaker/XSPK_C_010_T0102.wav,C_010,Kisszoba hőmérsékletét kapcsold ki
XSPK_C_010_T0103,wavs_synthetic_crossspeaker/XSPK_C_010_T0103.wav,C_010,Széthüzzuk a függönyt a konyhában
XSPK_C_010_T0104,wavs_synthetic_crossspeaker/XSPK_C_010_T0104.wav,C_010,Hangosítsd a tévét a folyosón
XSPK_C_010_T0105,wavs_synthetic_crossspeaker/XSPK_C_010_T0105.wav,C_010,A konyhában kapcsold be a fursuatógépet.
XSPK_C_010_T0106,wavs_synthetic_crossspeaker/XSPK_C_010_T0106.wav,C_010,A konyhában kapcsold ki a rádiot
XSPK_C_010_T0107,wavs_synthetic_crossspeaker/XSPK_C_010_T0107.wav,C_010,A konyhába hangosítsd fel a tévét
XSPK_C_010_T0108,wavs_synthetic_crossspeaker/XSPK_C_010_T0108.wav,C_010,Kapcsold fel á villanyt a szobában.
XSPK_C_010_T0109,wavs_synthetic_crossspeaker/XSPK_C_010_T0109.wav,C_010,Kapcsold be a ventillátort a folyoson
XSPK_C_010_T0110,wavs_synthetic_crossspeaker/XSPK_C_010_T0110.wav,C_010,Kapcsold be a folyosón a ventilátort
XSPK_C_010_T0111,wavs_synthetic_crossspeaker/XSPK_C_010_T0111.wav,C_010,Ventilátorokat kapcsold be a folyosón
XSPK_C_010_T0112,wavs_synthetic_crossspeaker/XSPK_C_010_T0112.wav,C_010,Kapcsold be a számítgépet a szobában.
XSPK_C_010_T0113,wavs_synthetic_crossspeaker/XSPK_C_010_T0113.wav,C_010,A nagyszobai függönyt húzd be
XSPK_C_010_T0114,wavs_synthetic_crossspeaker/XSPK_C_010_T0114.wav,C_010,A szobában kapcsold be a fünné.
XSPK_C_010_T0115,wavs_synthetic_crossspeaker/XSPK_C_010_T0115.wav,C_010,Nagyszobában húzd le a redőnyöket
XSPK_C_010_T0116,wavs_synthetic_crossspeaker/XSPK_C_010_T0116.wav,C_010,Kapcsold ki a fűtést a folyosón
XSPK_C_010_T0117,wavs_synthetic_crossspeaker/XSPK_C_010_T0117.wav,C_010,Nagyszobába húzzuk be a függönyöket
XSPK_C_010_T0118,wavs_synthetic_crossspeaker/XSPK_C_010_T0118.wav,C_010,A fürdőszobában csendesítsd a televíziót.
XSPK_C_010_T0119,wavs_synthetic_crossspeaker/XSPK_C_010_T0119.wav,C_010,A fürdőszobában kapcsold be a mosógépet harminc fokra.
XSPK_C_010_T0120,wavs_synthetic_crossspeaker/XSPK_C_010_T0120.wav,C_010,A fürdőszobába zárjuk be az ablakot
XSPK_C_010_T0121,wavs_synthetic_crossspeaker/XSPK_C_010_T0121.wav,C_010,A konyhábá húzd le a redőny.
XSPK_C_010_T0122,wavs_synthetic_crossspeaker/XSPK_C_010_T0122.wav,C_010,Húzdold redőnyt a konyhában
XSPK_C_010_T0123,wavs_synthetic_crossspeaker/XSPK_C_010_T0123.wav,C_010,Konyhába kapcsold be a tűzhelyet.
XSPK_C_010_T0124,wavs_synthetic_crossspeaker/XSPK_C_010_T0124.wav,C_010,Nyisd ki az ablakot a nagy sobában.
XSPK_C_010_T0125,wavs_synthetic_crossspeaker/XSPK_C_010_T0125.wav,C_010,Kisszobába kapcsoljuk be a porszívót
XSPK_C_010_T0126,wavs_synthetic_crossspeaker/XSPK_C_010_T0126.wav,C_010,A nagyszobába kapcsold be a ventilátorokat
XSPK_C_010_T0127,wavs_synthetic_crossspeaker/XSPK_C_010_T0127.wav,C_010,Nyisd ki a fürdúszobai ajtót
XSPK_C_010_T0128,wavs_synthetic_crossspeaker/XSPK_C_010_T0128.wav,C_010,A nagy szobában nyisd ki az ablakot.
XSPK_C_010_T0129,wavs_synthetic_crossspeaker/XSPK_C_010_T0129.wav,C_010,Húzd szét a függöny a nagyszobában.
XSPK_C_010_T0130,wavs_synthetic_crossspeaker/XSPK_C_010_T0130.wav,C_010,Húzd le a ladiátort a nagyszobában
XSPK_C_010_T0131,wavs_synthetic_crossspeaker/XSPK_C_010_T0131.wav,C_010,A nagyszobában kapcsold be a számítógép.
XSPK_C_010_T0132,wavs_synthetic_crossspeaker/XSPK_C_010_T0132.wav,C_010,Kapcsold fel a világítást a folyosón.
XSPK_C_010_T0133,wavs_synthetic_crossspeaker/XSPK_C_010_T0133.wav,C_010,Húzd be a fűrdőszobai függönyt
XSPK_C_010_T0134,wavs_synthetic_crossspeaker/XSPK_C_010_T0134.wav,C_010,És a nagszobában pedig kapcsold be kenyérpirítót
XSPK_C_010_T0135,wavs_synthetic_crossspeaker/XSPK_C_010_T0135.wav,C_010,Kapcold ki a porszívót a nagyszobában.
XSPK_C_010_T0136,wavs_synthetic_crossspeaker/XSPK_C_010_T0136.wav,C_010,Nagyszobában hangosicsd a tévét.
XSPK_C_010_T0137,wavs_synthetic_crossspeaker/XSPK_C_010_T0137.wav,C_010,Nagyszobában kapcsold be a porszívót.
XSPK_C_010_T0138,wavs_synthetic_crossspeaker/XSPK_C_010_T0138.wav,C_010,Porszivó kisz kiszoban
XSPK_C_010_T0139,wavs_synthetic_crossspeaker/XSPK_C_010_T0139.wav,C_010,Konyhában nyisd ki az ajtót
XSPK_C_010_T0140,wavs_synthetic_crossspeaker/XSPK_C_010_T0140.wav,C_010,Válcs csatornát a rádión a konyhába.
XSPK_C_010_T0141,wavs_synthetic_crossspeaker/XSPK_C_010_T0141.wav,C_010,Húzd be a redőnyt a kh fürdőszobába
XSPK_C_010_T0142,wavs_synthetic_crossspeaker/XSPK_C_010_T0142.wav,C_010,Konyhába kapcsold fela villanyt
XSPK_C_010_T0143,wavs_synthetic_crossspeaker/XSPK_C_010_T0143.wav,C_010,A folyosón kapcsold be a porszívó.
XSPK_C_010_T0144,wavs_synthetic_crossspeaker/XSPK_C_010_T0144.wav,C_010,Kapcsold be a számítógépet a nagyszobába.
XSPK_C_010_T0145,wavs_synthetic_crossspeaker/XSPK_C_010_T0145.wav,C_010,Húzd szét a függönyö fürdőszobámban
XSPK_C_010_T0146,wavs_synthetic_crossspeaker/XSPK_C_010_T0146.wav,C_010,A konyhában a mocsogépet hatvan fokon kapcsold ki.
XSPK_C_010_T0147,wavs_synthetic_crossspeaker/XSPK_C_010_T0147.wav,C_010,Zárd be az ajtót a fojjosón.
XSPK_C_010_T0148,wavs_synthetic_crossspeaker/XSPK_C_010_T0148.wav,C_010,Húzd fel a redőnyt a kisszobában
XSPK_C_010_T0149,wavs_synthetic_crossspeaker/XSPK_C_010_T0149.wav,C_010,A füdőszobában kapcsold föl a villanyt
XSPK_C_010_T0150,wavs_synthetic_crossspeaker/XSPK_C_010_T0150.wav,C_010,Konyhába kapcsold fel a mosógépet hatvan fokon
XSPK_C_010_T0151,wavs_synthetic_crossspeaker/XSPK_C_010_T0151.wav,C_010,Fürdőszobában kapcsold be a porszívót
XSPK_C_010_T0152,wavs_synthetic_crossspeaker/XSPK_C_010_T0152.wav,C_010,Zárd be atót a folyosón
XSPK_C_010_T0153,wavs_synthetic_crossspeaker/XSPK_C_010_T0153.wav,C_010,Zárd be a fürdőszobában az ablakot
XSPK_C_010_T0154,wavs_synthetic_crossspeaker/XSPK_C_010_T0154.wav,C_010,Csapcsold ki a porszívót a nagycsobában
XSPK_C_010_T0155,wavs_synthetic_crossspeaker/XSPK_C_010_T0155.wav,C_010,A fürdőszobában kapcsold ki a ventilátor
XSPK_C_010_T0156,wavs_synthetic_crossspeaker/XSPK_C_010_T0156.wav,C_010,Zárd be az abllakot a fürdőszobába
XSPK_C_010_T0157,wavs_synthetic_crossspeaker/XSPK_C_010_T0157.wav,C_010,Konyhában engedd le a redőnyt
XSPK_C_010_T0158,wavs_synthetic_crossspeaker/XSPK_C_010_T0158.wav,C_010,A nagyszobában válts csatornát a tévé
XSPK_C_010_T0159,wavs_synthetic_crossspeaker/XSPK_C_010_T0159.wav,C_010,Nyisd ki az ajtót a szobába.
XSPK_C_010_T0160,wavs_synthetic_crossspeaker/XSPK_C_010_T0160.wav,C_010,Kapcsold be ar a rádiót a kisszobába.
XSPK_C_010_T0161,wavs_synthetic_crossspeaker/XSPK_C_010_T0161.wav,C_010,A nagyszobába kapcsold be a fűtést
XSPK_C_010_T0162,wavs_synthetic_crossspeaker/XSPK_C_010_T0162.wav,C_010,Folyosn húzd le a fűtő.
XSPK_C_010_T0163,wavs_synthetic_crossspeaker/XSPK_C_010_T0163.wav,C_010,A fürdőszobába húzd le a redőnyt
XSPK_C_010_T0164,wavs_synthetic_crossspeaker/XSPK_C_010_T0164.wav,C_010,Válts csatornát tévén a konyhában
XSPK_C_010_T0165,wavs_synthetic_crossspeaker/XSPK_C_010_T0165.wav,C_010,A konyhában a rádión válts csatornát
XSPK_C_010_T0166,wavs_synthetic_crossspeaker/XSPK_C_010_T0166.wav,C_010,A szobába válts csatornát
XSPK_C_010_T0167,wavs_synthetic_crossspeaker/XSPK_C_010_T0167.wav,C_010,A folyosón kapcsold ki a fűtés
XSPK_C_010_T0168,wavs_synthetic_crossspeaker/XSPK_C_010_T0168.wav,C_010,Kapcsold át a rádiót a szobában
XSPK_C_010_T0169,wavs_synthetic_crossspeaker/XSPK_C_010_T0169.wav,C_010,Húzd föl a redőnyt a szobában.
XSPK_C_010_T0170,wavs_synthetic_crossspeaker/XSPK_C_010_T0170.wav,C_010,Kapcsold ki a számítógépet a fürdőszobába.
XSPK_C_010_T0171,wavs_synthetic_crossspeaker/XSPK_C_010_T0171.wav,C_010,A nagyszobába kapcsold le a lámpát.
XSPK_C_010_T0172,wavs_synthetic_crossspeaker/XSPK_C_010_T0172.wav,C_010,Kapcsold ki a radiátort a nagyszobába
XSPK_C_010_T0173,wavs_synthetic_crossspeaker/XSPK_C_010_T0173.wav,C_010,A szobában kapcsold ki a porszivót.
XSPK_C_010_T0174,wavs_synthetic_crossspeaker/XSPK_C_010_T0174.wav,C_010,Kapcsold ki a porszívót a konyhában
XSPK_C_010_T0175,wavs_synthetic_crossspeaker/XSPK_C_010_T0175.wav,C_010,Nagyszobába kapcsold fel a ventillátort
XSPK_C_010_T0176,wavs_synthetic_crossspeaker/XSPK_C_010_T0176.wav,C_010,Konyhába húzd szét a függönyt
XSPK_C_010_T0177,wavs_synthetic_crossspeaker/XSPK_C_010_T0177.wav,C_010,A kisszobaban kapcsold be a radiot
XSPK_C_010_T0178,wavs_synthetic_crossspeaker/XSPK_C_010_T0178.wav,C_010,A mosogépet harminc fokon kapcsold be a fürdőszobában.
XSPK_C_010_T0179,wavs_synthetic_crossspeaker/XSPK_C_010_T0179.wav,C_010,Nyisd ki az ablakot a kisszobába.
XSPK_C_010_T0180,wavs_synthetic_crossspeaker/XSPK_C_010_T0180.wav,C_010,A szobában nyisd ki a ablakot
XSPK_C_010_T0181,wavs_synthetic_crossspeaker/XSPK_C_010_T0181.wav,C_010,Vál csatornát a tévén a konyhában.
XSPK_C_010_T0182,wavs_synthetic_crossspeaker/XSPK_C_010_T0182.wav,C_010,Húzd le a redőnyt a szobában.
XSPK_C_010_T0183,wavs_synthetic_crossspeaker/XSPK_C_010_T0183.wav,C_010,Konyhába nyisd ki az ajtót.
XSPK_C_010_T0184,wavs_synthetic_crossspeaker/XSPK_C_010_T0184.wav,C_010,Nyiss az ablakot a folyosón
XSPK_C_010_T0185,wavs_synthetic_crossspeaker/XSPK_C_010_T0185.wav,C_010,Kapcsold be a ventilátort a kisszobában a nagyszobában
XSPK_C_010_T0186,wavs_synthetic_crossspeaker/XSPK_C_010_T0186.wav,C_010,Húzd föl ledőny redőnyt a szobába
XSPK_C_010_T0187,wavs_synthetic_crossspeaker/XSPK_C_010_T0187.wav,C_010,A porszívót kapcsold be a fürdőszobába.
XSPK_C_010_T0188,wavs_synthetic_crossspeaker/XSPK_C_010_T0188.wav,C_010,Kisszobába válts televízió csatornát
XSPK_C_010_T0189,wavs_synthetic_crossspeaker/XSPK_C_010_T0189.wav,C_010,Rádión keressünk újabb csatornát
XSPK_C_010_T0190,wavs_synthetic_crossspeaker/XSPK_C_010_T0190.wav,C_010,Kapcsold be a fűtést a kiccobában.
XSPK_C_010_T0191,wavs_synthetic_crossspeaker/XSPK_C_010_T0191.wav,C_010,Szobában kapcsold ki a porszívót
XSPK_C_010_T0192,wavs_synthetic_crossspeaker/XSPK_C_010_T0192.wav,C_010,Kapcsold be a pirítót a konyhába
XSPK_C_010_T0193,wavs_synthetic_crossspeaker/XSPK_C_010_T0193.wav,C_010,Fürdőszobában húzd be a függöny
XSPK_C_010_T0194,wavs_synthetic_crossspeaker/XSPK_C_010_T0194.wav,C_010,A szobában csatornát váltson a tévén
XSPK_C_010_T0195,wavs_synthetic_crossspeaker/XSPK_C_010_T0195.wav,C_010,Folyosón csendesíts tévét.
XSPK_C_010_T0196,wavs_synthetic_crossspeaker/XSPK_C_010_T0196.wav,C_010,Hangosíts fel a tévét a szobában.
XSPK_C_010_T0197,wavs_synthetic_crossspeaker/XSPK_C_010_T0197.wav,C_010,Ventilátorokat kapcsold be a konyhába
XSPK_C_010_T0198,wavs_synthetic_crossspeaker/XSPK_C_010_T0198.wav,C_010,Húzd be a függönyt fürdőszobába
XSPK_C_010_T0199,wavs_synthetic_crossspeaker/XSPK_C_010_T0199.wav,C_010,Be sütőben konyhában
XSPK_C_010_T0200,wavs_synthetic_crossspeaker/XSPK_C_010_T0200.wav,C_010,Húzd be a függönyt a nagycobában.
XSPK_C_010_T0201,wavs_synthetic_crossspeaker/XSPK_C_010_T0201.wav,C_010,Hívd fel a fiamat
XSPK_C_010_T0202,wavs_synthetic_crossspeaker/XSPK_C_010_T0202.wav,C_010,Konyhában kapcsoljál csatornát a rádióban
XSPK_C_010_T0203,wavs_synthetic_crossspeaker/XSPK_C_010_T0203.wav,C_010,Húzd le a fűtést a nagycobában.
XSPK_C_010_T0204,wavs_synthetic_crossspeaker/XSPK_C_010_T0204.wav,C_010,Konyhában be sütö
XSPK_C_010_T0205,wavs_synthetic_crossspeaker/XSPK_C_010_T0205.wav,C_010,Kapcsold be a mosást hatvan fokra a konyhában
XSPK_C_010_T0206,wavs_synthetic_crossspeaker/XSPK_C_010_T0206.wav,C_010,Vál csatornát a tévén a folyosón.
XSPK_C_010_T0207,wavs_synthetic_crossspeaker/XSPK_C_010_T0207.wav,C_010,Halkítsd a tévét a szobában
XSPK_C_010_T0208,wavs_synthetic_crossspeaker/XSPK_C_010_T0208.wav,C_010,Huzd le le a redönyt a fürdöszobaban
XSPK_C_010_T0209,wavs_synthetic_crossspeaker/XSPK_C_010_T0209.wav,C_010,A konyhában kapcsold be a pirítóst.
XSPK_C_011_T0000,wavs_synthetic_crossspeaker/XSPK_C_011_T0000.wav,C_011,Válcs csatornát a tévén a fürdőszobában.
XSPK_C_011_T0001,wavs_synthetic_crossspeaker/XSPK_C_011_T0001.wav,C_011,Szoba porszívót kikapcsoni
XSPK_C_011_T0002,wavs_synthetic_crossspeaker/XSPK_C_011_T0002.wav,C_011,Kapcsold be a ventillát ana kisszobában
XSPK_C_011_T0003,wavs_synthetic_crossspeaker/XSPK_C_011_T0003.wav,C_011,Kapcsold fel a lámpát a szobába.
XSPK_C_011_T0004,wavs_synthetic_crossspeaker/XSPK_C_011_T0004.wav,C_011,Kapcsold be a forszívót a nagyszobában
XSPK_C_011_T0005,wavs_synthetic_crossspeaker/XSPK_C_011_T0005.wav,C_011,A nagyszobaba kapcsold be a redőt
XSPK_C_011_T0006,wavs_synthetic_crossspeaker/XSPK_C_011_T0006.wav,C_011,Huzd fel a redőnyt a fúrdőszobában
XSPK_C_011_T0007,wavs_synthetic_crossspeaker/XSPK_C_011_T0007.wav,C_011,A fürdőszobában húzd fel a fűtő.
XSPK_C_011_T0008,wavs_synthetic_crossspeaker/XSPK_C_011_T0008.wav,C_011,Hangosítsuk a tévét a fürdőszobába
XSPK_C_011_T0009,wavs_synthetic_crossspeaker/XSPK_C_011_T0009.wav,C_011,A kisszobában húzd föl a redőnyt.
XSPK_C_011_T0010,wavs_synthetic_crossspeaker/XSPK_C_011_T0010.wav,C_011,Kapcsold be a fütés a szobában.
XSPK_C_011_T0011,wavs_synthetic_crossspeaker/XSPK_C_011_T0011.wav,C_011,Kapcsold le a lámpát a kisszobába.
XSPK_C_011_T0012,wavs_synthetic_crossspeaker/XSPK_C_011_T0012.wav,C_011,Folyosón zárd be az ajtót.
XSPK_C_011_T0013,wavs_synthetic_crossspeaker/XSPK_C_011_T0013.wav,C_011,Konyhába hangosítsd fel a tévét
XSPK_C_011_T0014,wavs_synthetic_crossspeaker/XSPK_C_011_T0014.wav,C_011,A szobában váltsd csatornát a tévén
XSPK_C_011_T0015,wavs_synthetic_crossspeaker/XSPK_C_011_T0015.wav,C_011,A szobában kapcsold be  számítógépet
XSPK_C_011_T0016,wavs_synthetic_crossspeaker/XSPK_C_011_T0016.wav,C_011,Nyiszd ki az ablakot a konyhában
XSPK_C_011_T0017,wavs_synthetic_crossspeaker/XSPK_C_011_T0017.wav,C_011,Fürdőszobában kaptold be a fűtést.
XSPK_C_011_T0018,wavs_synthetic_crossspeaker/XSPK_C_011_T0018.wav,C_011,Vedd le a fűtést a fürdőszobába
XSPK_C_011_T0019,wavs_synthetic_crossspeaker/XSPK_C_011_T0019.wav,C_011,Fürdőszobában nyisd ki az ajtót
XSPK_C_011_T0020,wavs_synthetic_crossspeaker/XSPK_C_011_T0020.wav,C_011,A konyhában zárjuk be az ablakot
XSPK_C_011_T0021,wavs_synthetic_crossspeaker/XSPK_C_011_T0021.wav,C_011,A konyhába váltsál csatornát a tévén
XSPK_C_011_T0022,wavs_synthetic_crossspeaker/XSPK_C_011_T0022.wav,C_011,Zárd be a fürdőszobában az ablakot
XSPK_C_011_T0023,wavs_synthetic_crossspeaker/XSPK_C_011_T0023.wav,C_011,Csukd be az ajtót a kisszobába
XSPK_C_011_T0024,wavs_synthetic_crossspeaker/XSPK_C_011_T0024.wav,C_011,Engedd le a redőnt a kisszobában.
XSPK_C_011_T0025,wavs_synthetic_crossspeaker/XSPK_C_011_T0025.wav,C_011,A fürdőszobában kapcsold ki a ventillátort.
XSPK_C_011_T0026,wavs_synthetic_crossspeaker/XSPK_C_011_T0026.wav,C_011,Nyisd ki az ajtót a cobában.
XSPK_C_011_T0027,wavs_synthetic_crossspeaker/XSPK_C_011_T0027.wav,C_011,Ablakot nyisd ki a konyhába
XSPK_C_011_T0028,wavs_synthetic_crossspeaker/XSPK_C_011_T0028.wav,C_011,Csendesícsd a tévét a kisszobába.
XSPK_C_011_T0029,wavs_synthetic_crossspeaker/XSPK_C_011_T0029.wav,C_011,A fürdőszobában kápcsold be a porszivót.
XSPK_C_011_T0030,wavs_synthetic_crossspeaker/XSPK_C_011_T0030.wav,C_011,A konyhába kapcsold be a mosógépet harminc fok feletti hőmérséklet esetén
XSPK_C_011_T0031,wavs_synthetic_crossspeaker/XSPK_C_011_T0031.wav,C_011,Kapcsold ki a kámítógépet a kisszobában
XSPK_C_011_T0032,wavs_synthetic_crossspeaker/XSPK_C_011_T0032.wav,C_011,Húzd le a redőnyöket a földőszobában
XSPK_C_011_T0033,wavs_synthetic_crossspeaker/XSPK_C_011_T0033.wav,C_011,Kisszobában kapcsold fell a villany.
XSPK_C_011_T0034,wavs_synthetic_crossspeaker/XSPK_C_011_T0034.wav,C_011,A konyhába kapcsold be a mosógépet hatvan fokon.
XSPK_C_011_T0035,wavs_synthetic_crossspeaker/XSPK_C_011_T0035.wav,C_011,A konyhában állícs a mosogatógépet harminc fokra.
XSPK_C_011_T0036,wavs_synthetic_crossspeaker/XSPK_C_011_T0036.wav,C_011,A fojjosón kapcsold ki a ventillátort.
XSPK_C_011_T0037,wavs_synthetic_crossspeaker/XSPK_C_011_T0037.wav,C_011,Szobába válts csatornát
XSPK_C_011_T0038,wavs_synthetic_crossspeaker/XSPK_C_011_T0038.wav,C_011,A nagyszobában ah kapcsold ki a velindátort
XSPK_C_011_T0039,wavs_synthetic_crossspeaker/XSPK_C_011_T0039.wav,C_011,Kapcsold ki a fürdőszoba számítógép.
XSPK_C_011_T0040,wavs_synthetic_crossspeaker/XSPK_C_011_T0040.wav,C_011,Kisszobában zárd be az ajtó.
XSPK_C_011_T0041,wavs_synthetic_crossspeaker/XSPK_C_011_T0041.wav,C_011,Konyha hőmérsékletét kapcsold le
XSPK_C_011_T0042,wavs_synthetic_crossspeaker/XSPK_C_011_T0042.wav,C_011,A szobában húzd fel a redőnyt.
XSPK_C_011_T0043,wavs_synthetic_crossspeaker/XSPK_C_011_T0043.wav,C_011,Hangosítsd le a tévét a nagyszobába
XSPK_C_011_T0044,wavs_synthetic_crossspeaker/XSPK_C_011_T0044.wav,C_011,Húzd le a fűtést a kisszobában.
XSPK_C_011_T0045,wavs_synthetic_crossspeaker/XSPK_C_011_T0045.wav,C_011,Hangosítsd fel a tévét a folyosón
XSPK_C_011_T0046,wavs_synthetic_crossspeaker/XSPK_C_011_T0046.wav,C_011,A hürdőszobában válts csatornát tévén
XSPK_C_011_T0047,wavs_synthetic_crossspeaker/XSPK_C_011_T0047.wav,C_011,A kisszobában nyiss ki az ajtót.
XSPK_C_011_T0048,wavs_synthetic_crossspeaker/XSPK_C_011_T0048.wav,C_011,Válcs csatornát a tévén a nagyszobában.
XSPK_C_011_T0049,wavs_synthetic_crossspeaker/XSPK_C_011_T0049.wav,C_011,Csatornát váltunk a televízión a nagyszobába
XSPK_C_011_T0050,wavs_synthetic_crossspeaker/XSPK_C_011_T0050.wav,C_011,Nyiss ki az ablakot a fürdőszobában.
XSPK_C_011_T0051,wavs_synthetic_crossspeaker/XSPK_C_011_T0051.wav,C_011,A fürdőszobába nyisd ki az ajtót.
XSPK_C_011_T0052,wavs_synthetic_crossspeaker/XSPK_C_011_T0052.wav,C_011,A nágyszobában kapcsold ki a ventillátort
XSPK_C_011_T0053,wavs_synthetic_crossspeaker/XSPK_C_011_T0053.wav,C_011,Kapcsold ki a porszívót a nagyszobában
XSPK_C_011_T0054,wavs_synthetic_crossspeaker/XSPK_C_011_T0054.wav,C_011,A porszívót kapcsold be a fürdőszobába.
XSPK_C_011_T0055,wavs_synthetic_crossspeaker/XSPK_C_011_T0055.wav,C_011,A fürdőszobába kapcsold ki a számítógépet.
XSPK_C_011_T0056,wavs_synthetic_crossspeaker/XSPK_C_011_T0056.wav,C_011,Kapcsold fel a villanyt a fölyosón.
XSPK_C_011_T0057,wavs_synthetic_crossspeaker/XSPK_C_011_T0057.wav,C_011,Konyhában kapcsold ki a fűtés.
XSPK_C_011_T0058,wavs_synthetic_crossspeaker/XSPK_C_011_T0058.wav,C_011,A szobába húzd be a függöny
XSPK_C_011_T0059,wavs_synthetic_crossspeaker/XSPK_C_011_T0059.wav,C_011,Huzd fel a fűtést a konyhába
XSPK_C_011_T0060,wavs_synthetic_crossspeaker/XSPK_C_011_T0060.wav,C_011,A fürdőszobába tedd följebb a fűtést légyszi
XSPK_C_011_T0061,wavs_synthetic_crossspeaker/XSPK_C_011_T0061.wav,C_011,A folyosó húz zét a függöny
XSPK_C_011_T0062,wavs_synthetic_crossspeaker/XSPK_C_011_T0062.wav,C_011,Húzd be a folyosói függönyt
XSPK_C_011_T0063,wavs_synthetic_crossspeaker/XSPK_C_011_T0063.wav,C_011,Vál csatornát a rádión a fürdőszobába.
XSPK_C_011_T0064,wavs_synthetic_crossspeaker/XSPK_C_011_T0064.wav,C_011,És kapcsold ki a szobába a számítógépet
XSPK_C_011_T0065,wavs_synthetic_crossspeaker/XSPK_C_011_T0065.wav,C_011,A konyhába nyisd ki az ajtót.
XSPK_C_011_T0066,wavs_synthetic_crossspeaker/XSPK_C_011_T0066.wav,C_011,Húzd szét a függönyt a nagy nagyszobába
XSPK_C_011_T0067,wavs_synthetic_crossspeaker/XSPK_C_011_T0067.wav,C_011,Hangosítsd a tévét a nagyszobában.
XSPK_C_011_T0068,wavs_synthetic_crossspeaker/XSPK_C_011_T0068.wav,C_011,Kenyérpirító a szobában
XSPK_C_011_T0069,wavs_synthetic_crossspeaker/XSPK_C_011_T0069.wav,C_011,Szoba zár ajtó
XSPK_C_011_T0070,wavs_synthetic_crossspeaker/XSPK_C_011_T0070.wav,C_011,Nyisd ki a fürdősz az ajtót a fürdőszobába
XSPK_C_011_T0071,wavs_synthetic_crossspeaker/XSPK_C_011_T0071.wav,C_011,Konyhában kapcsold be a vízforraló.
XSPK_C_011_T0072,wavs_synthetic_crossspeaker/XSPK_C_011_T0072.wav,C_011,A konyhában nyiszd ki az ajtyót
XSPK_C_011_T0073,wavs_synthetic_crossspeaker/XSPK_C_011_T0073.wav,C_011,Nagyszoba hőmérsékletét kapcsold be
XSPK_C_011_T0074,wavs_synthetic_crossspeaker/XSPK_C_011_T0074.wav,C_011,Kisszobába válts csatornát a rádión
XSPK_C_011_T0075,wavs_synthetic_crossspeaker/XSPK_C_011_T0075.wav,C_011,Fürdőszobában zárd be az ajtót.
XSPK_C_011_T0076,wavs_synthetic_crossspeaker/XSPK_C_011_T0076.wav,C_011,A szobába vegyük már lejjebb a fűtést
XSPK_C_011_T0077,wavs_synthetic_crossspeaker/XSPK_C_011_T0077.wav,C_011,A konyhában halkítsd le a tévét
XSPK_C_011_T0078,wavs_synthetic_crossspeaker/XSPK_C_011_T0078.wav,C_011,Húzd le a redőnyöket a naccobában
XSPK_C_011_T0079,wavs_synthetic_crossspeaker/XSPK_C_011_T0079.wav,C_011,A nagyszobában húzd le a redőnyt.
XSPK_C_011_T0080,wavs_synthetic_crossspeaker/XSPK_C_011_T0080.wav,C_011,Kisszoba ajtaját zárd már be
XSPK_C_011_T0081,wavs_synthetic_crossspeaker/XSPK_C_011_T0081.wav,C_011,Für konyhában hatvan fokra állítsd be a mosógépet
XSPK_C_011_T0082,wavs_synthetic_crossspeaker/XSPK_C_011_T0082.wav,C_011,A szobába húzd be a füddönyt
XSPK_C_011_T0083,wavs_synthetic_crossspeaker/XSPK_C_011_T0083.wav,C_011,A folyosón húzd föl a redőnyt
XSPK_C_011_T0084,wavs_synthetic_crossspeaker/XSPK_C_011_T0084.wav,C_011,Húzd szét a fürdőszoba függönyét
XSPK_C_011_T0085,wavs_synthetic_crossspeaker/XSPK_C_011_T0085.wav,C_011,Hívd föl a lányomat
XSPK_C_011_T0086,wavs_synthetic_crossspeaker/XSPK_C_011_T0086.wav,C_011,Vál csatornát a rádión a folyosón.
XSPK_C_011_T0087,wavs_synthetic_crossspeaker/XSPK_C_011_T0087.wav,C_011,A szobába válcs csatornát a televízión.
XSPK_C_011_T0088,wavs_synthetic_crossspeaker/XSPK_C_011_T0088.wav,C_011,A porszívót be kony sz kisszobában
XSPK_C_011_T0089,wavs_synthetic_crossspeaker/XSPK_C_011_T0089.wav,C_011,Kapcsold ki  radiátort a kisszobában
XSPK_C_011_T0090,wavs_synthetic_crossspeaker/XSPK_C_011_T0090.wav,C_011,Kapcsold ki a számítógépet a kisszobában.
XSPK_C_011_T0091,wavs_synthetic_crossspeaker/XSPK_C_011_T0091.wav,C_011,Nagyszobába zárd be az ajtót
XSPK_C_011_T0092,wavs_synthetic_crossspeaker/XSPK_C_011_T0092.wav,C_011,Húzd le a redőnyt a kisszobába.
XSPK_C_011_T0093,wavs_synthetic_crossspeaker/XSPK_C_011_T0093.wav,C_011,A kisszobában kapcsold ki a ventillátor
XSPK_C_011_T0094,wavs_synthetic_crossspeaker/XSPK_C_011_T0094.wav,C_011,Kapcsold fel á villanyt a nagyszobában.
XSPK_C_011_T0095,wavs_synthetic_crossspeaker/XSPK_C_011_T0095.wav,C_011,A konyha ajtót bezárnád
XSPK_C_011_T0096,wavs_synthetic_crossspeaker/XSPK_C_011_T0096.wav,C_011,A szobai redőnyt húzd fel
XSPK_C_011_T0097,wavs_synthetic_crossspeaker/XSPK_C_011_T0097.wav,C_011,A naccobában hangosít a tévét.
XSPK_C_011_T0098,wavs_synthetic_crossspeaker/XSPK_C_011_T0098.wav,C_011,Húzd le a ledőnyt a kisszobában
XSPK_C_011_T0099,wavs_synthetic_crossspeaker/XSPK_C_011_T0099.wav,C_011,Folyosó ki ö porszivod kikahodzsi
XSPK_C_011_T0100,wavs_synthetic_crossspeaker/XSPK_C_011_T0100.wav,C_011,A fojjö csvón tét a függönyt.
XSPK_C_011_T0101,wavs_synthetic_crossspeaker/XSPK_C_011_T0101.wav,C_011,Fürdőszobába húzd fel a rolót
XSPK_C_011_T0102,wavs_synthetic_crossspeaker/XSPK_C_011_T0102.wav,C_011,Kapcsold be a ventilátort a fürdőszobában
XSPK_C_011_T0103,wavs_synthetic_crossspeaker/XSPK_C_011_T0103.wav,C_011,Csendesíts tévét a kisszobában.
XSPK_C_011_T0104,wavs_synthetic_crossspeaker/XSPK_C_011_T0104.wav,C_011,Kapcsold le a villanyt a nagyszobában.
XSPK_C_011_T0105,wavs_synthetic_crossspeaker/XSPK_C_011_T0105.wav,C_011,Fürdőszobában csendesítsd a tévét
XSPK_C_011_T0106,wavs_synthetic_crossspeaker/XSPK_C_011_T0106.wav,C_011,Húzd le a redőnyt a szobában.
XSPK_C_011_T0107,wavs_synthetic_crossspeaker/XSPK_C_011_T0107.wav,C_011,Húzd be a függönyt a nagycobában.
XSPK_C_011_T0108,wavs_synthetic_crossspeaker/XSPK_C_011_T0108.wav,C_011,Váltsd át a rádiócsatornát a szobában
XSPK_C_011_T0109,wavs_synthetic_crossspeaker/XSPK_C_011_T0109.wav,C_011,Válcs csatornát a tévékn a konyhában.
XSPK_C_011_T0110,wavs_synthetic_crossspeaker/XSPK_C_011_T0110.wav,C_011,A folyosón csator válts csatornát a rádión
XSPK_C_011_T0111,wavs_synthetic_crossspeaker/XSPK_C_011_T0111.wav,C_011,Fürdőszobába kapcsold be a porszivót.
XSPK_C_011_T0112,wavs_synthetic_crossspeaker/XSPK_C_011_T0112.wav,C_011,Kapcsold be a nagyszobában a porszívót
XSPK_C_011_T0113,wavs_synthetic_crossspeaker/XSPK_C_011_T0113.wav,C_011,Csendesítsd a televíziót a nagyszobában.
XSPK_C_011_T0114,wavs_synthetic_crossspeaker/XSPK_C_011_T0114.wav,C_011,A kisszobaban kapcsold be a radiot
XSPK_C_011_T0115,wavs_synthetic_crossspeaker/XSPK_C_011_T0115.wav,C_011,A konyhában indítsd be a mosógépet harminc fokon
XSPK_C_011_T0116,wavs_synthetic_crossspeaker/XSPK_C_011_T0116.wav,C_011,Kisszobába kapcsold ki a ventilátort
XSPK_C_011_T0117,wavs_synthetic_crossspeaker/XSPK_C_011_T0117.wav,C_011,Húzd fel a fűtést a kisszobában.
XSPK_C_011_T0118,wavs_synthetic_crossspeaker/XSPK_C_011_T0118.wav,C_011,A nagyszobában hangosíts fel a tévét
XSPK_C_011_T0119,wavs_synthetic_crossspeaker/XSPK_C_011_T0119.wav,C_011,Mosógép leállt állítsuk hatvan fokra
XSPK_C_011_T0120,wavs_synthetic_crossspeaker/XSPK_C_011_T0120.wav,C_011,Húzd fel a redőny a fürdőszobába
XSPK_C_011_T0121,wavs_synthetic_crossspeaker/XSPK_C_011_T0121.wav,C_011,A konyhában húzd le a redőny.
XSPK_C_011_T0122,wavs_synthetic_crossspeaker/XSPK_C_011_T0122.wav,C_011,Kapcsold be a rádiót a cobába
XSPK_C_011_T0123,wavs_synthetic_crossspeaker/XSPK_C_011_T0123.wav,C_011,A ventillátorokat kapcsold ki a fürdőszobába
XSPK_C_011_T0124,wavs_synthetic_crossspeaker/XSPK_C_011_T0124.wav,C_011,A tévét a konyhába halkítsd le
XSPK_C_011_T0125,wavs_synthetic_crossspeaker/XSPK_C_011_T0125.wav,C_011,A konyhában nyiss ki ajtót.
XSPK_C_011_T0126,wavs_synthetic_crossspeaker/XSPK_C_011_T0126.wav,C_011,Konyhá ban kapcsold le kapcsold ki a sütőt
XSPK_C_011_T0127,wavs_synthetic_crossspeaker/XSPK_C_011_T0127.wav,C_011,A nagyszobába kapcsold ki a föcit.
XSPK_C_011_T0128,wavs_synthetic_crossspeaker/XSPK_C_011_T0128.wav,C_011,Khapcsold be a számítógépet a fojjosón.
XSPK_C_011_T0129,wavs_synthetic_crossspeaker/XSPK_C_011_T0129.wav,C_011,Kapcsold be a számítógéept a kisszobában
XSPK_C_011_T0130,wavs_synthetic_crossspeaker/XSPK_C_011_T0130.wav,C_011,Kapcsold ki a porszivót a fürdőszobában.
XSPK_C_011_T0131,wavs_synthetic_crossspeaker/XSPK_C_011_T0131.wav,C_011,Szobába nyisd ki az ablakot
XSPK_C_011_T0132,wavs_synthetic_crossspeaker/XSPK_C_011_T0132.wav,C_011,Kisszobában kapcsold be a fűtést
XSPK_C_011_T0133,wavs_synthetic_crossspeaker/XSPK_C_011_T0133.wav,C_011,Nyissuk ki az ajtón a kisszobában
XSPK_C_011_T0134,wavs_synthetic_crossspeaker/XSPK_C_011_T0134.wav,C_011,A televíziót hangosítsd föl a nagyszobában
XSPK_C_011_T0135,wavs_synthetic_crossspeaker/XSPK_C_011_T0135.wav,C_011,Folyosó húzd fel a redőnyt
XSPK_C_011_T0136,wavs_synthetic_crossspeaker/XSPK_C_011_T0136.wav,C_011,Zárd be az ajtót a nagycobába
XSPK_C_011_T0137,wavs_synthetic_crossspeaker/XSPK_C_011_T0137.wav,C_011,A kisszobában kapcsold be a rádiot
XSPK_C_011_T0138,wavs_synthetic_crossspeaker/XSPK_C_011_T0138.wav,C_011,Nyisd ki a natablakot a nagyszobában.
XSPK_C_011_T0139,wavs_synthetic_crossspeaker/XSPK_C_011_T0139.wav,C_011,Nyisd ki az ablakot a naccobában.
XSPK_C_011_T0140,wavs_synthetic_crossspeaker/XSPK_C_011_T0140.wav,C_011,Kapcsold be a porszivót a szobába.
XSPK_C_011_T0141,wavs_synthetic_crossspeaker/XSPK_C_011_T0141.wav,C_011,A kisszobában húzd fel a fűtés.
XSPK_C_011_T0142,wavs_synthetic_crossspeaker/XSPK_C_011_T0142.wav,C_011,Vedd lejjebb a konyhában a fűtést
XSPK_C_011_T0143,wavs_synthetic_crossspeaker/XSPK_C_011_T0143.wav,C_011,A konyhában felerősítjük a fűtést
XSPK_C_011_T0144,wavs_synthetic_crossspeaker/XSPK_C_011_T0144.wav,C_011,A kisszobaban huzd le a redöny
XSPK_C_011_T0145,wavs_synthetic_crossspeaker/XSPK_C_011_T0145.wav,C_011,Szobába kapcsold ki a porszívót
XSPK_C_011_T0146,wavs_synthetic_crossspeaker/XSPK_C_011_T0146.wav,C_011,Nagyszoban csatornát válni
XSPK_C_011_T0147,wavs_synthetic_crossspeaker/XSPK_C_011_T0147.wav,C_011,A szobában kapcsold be a fünné.
XSPK_C_011_T0148,wavs_synthetic_crossspeaker/XSPK_C_011_T0148.wav,C_011,Válcs csatornát a rádjón a szobában.
XSPK_C_011_T0149,wavs_synthetic_crossspeaker/XSPK_C_011_T0149.wav,C_011,Nyissd ki az ajtót a nagyszobában.
XSPK_C_011_T0150,wavs_synthetic_crossspeaker/XSPK_C_011_T0150.wav,C_011,A nagyszobába húzd be a függönyt.
XSPK_C_011_T0151,wavs_synthetic_crossspeaker/XSPK_C_011_T0151.wav,C_011,A nagyszobában kapcsold be a porszívót.
XSPK_C_011_T0152,wavs_synthetic_crossspeaker/XSPK_C_011_T0152.wav,C_011,Húzd le a redőnyt a kisszobában
XSPK_C_011_T0153,wavs_synthetic_crossspeaker/XSPK_C_011_T0153.wav,C_011,Nagyszobában kapcsold lejjebb a fűtést
XSPK_C_011_T0154,wavs_synthetic_crossspeaker/XSPK_C_011_T0154.wav,C_011,Kapcsold le a konyha hőmérsékletét
XSPK_C_011_T0155,wavs_synthetic_crossspeaker/XSPK_C_011_T0155.wav,C_011,A konyhában húzd föl a fűtést.
XSPK_C_011_T0156,wavs_synthetic_crossspeaker/XSPK_C_011_T0156.wav,C_011,A szobában kapcsold be á számítógépet.
XSPK_C_011_T0157,wavs_synthetic_crossspeaker/XSPK_C_011_T0157.wav,C_011,Váltsál csatornát a rádióban a nagyszobában
XSPK_C_011_T0158,wavs_synthetic_crossspeaker/XSPK_C_011_T0158.wav,C_011,Konyhában bekapcsolni piri
XSPK_C_011_T0159,wavs_synthetic_crossspeaker/XSPK_C_011_T0159.wav,C_011,A kisszobában zárd az ablakot
XSPK_C_011_T0160,wavs_synthetic_crossspeaker/XSPK_C_011_T0160.wav,C_011,Nagyszobába kapcsold fel a fűtést
XSPK_C_011_T0161,wavs_synthetic_crossspeaker/XSPK_C_011_T0161.wav,C_011,Kapcsold le a villanyt a fürdőszobába
XSPK_C_011_T0162,wavs_synthetic_crossspeaker/XSPK_C_011_T0162.wav,C_011,A fürdőszobában zárd beg az ajtót
XSPK_C_011_T0163,wavs_synthetic_crossspeaker/XSPK_C_011_T0163.wav,C_011,Kapkapnyold ki a porszivót a szobába.
XSPK_C_011_T0164,wavs_synthetic_crossspeaker/XSPK_C_011_T0164.wav,C_011,A konyhában kapcsold le a villanyt.
XSPK_C_011_T0165,wavs_synthetic_crossspeaker/XSPK_C_011_T0165.wav,C_011,Nagyszobába nyisd ki az ablakot.
XSPK_C_011_T0166,wavs_synthetic_crossspeaker/XSPK_C_011_T0166.wav,C_011,Kapcsold ki a pordószobában
XSPK_C_011_T0167,wavs_synthetic_crossspeaker/XSPK_C_011_T0167.wav,C_011,Kics szobában kapcsold ki a számítógépet.
XSPK_C_011_T0168,wavs_synthetic_crossspeaker/XSPK_C_011_T0168.wav,C_011,Vedd lejjebb a hangot a kisszobban a televízión
XSPK_C_011_T0169,wavs_synthetic_crossspeaker/XSPK_C_011_T0169.wav,C_011,A fürdőszó kapcsold ki a hűtést
XSPK_C_011_T0170,wavs_synthetic_crossspeaker/XSPK_C_011_T0170.wav,C_011,Tedd át a másik csatornára a tévét a folyosón
XSPK_C_011_T0171,wavs_synthetic_crossspeaker/XSPK_C_011_T0171.wav,C_011,Kisszobába kapcsold be a porszívot
XSPK_C_011_T0172,wavs_synthetic_crossspeaker/XSPK_C_011_T0172.wav,C_011,Húzd fel a nagyszobai redőnyt
XSPK_C_011_T0173,wavs_synthetic_crossspeaker/XSPK_C_011_T0173.wav,C_011,A folyosón kapcsőd ki a forszívót
XSPK_C_011_T0174,wavs_synthetic_crossspeaker/XSPK_C_011_T0174.wav,C_011,Kapcsold fel a ventilátort a nagyszobába
XSPK_C_011_T0175,wavs_synthetic_crossspeaker/XSPK_C_011_T0175.wav,C_011,Folyosón kapcsold ki a rádiot
XSPK_C_011_T0176,wavs_synthetic_crossspeaker/XSPK_C_011_T0176.wav,C_011,A fojjosón kapcsold be a fűté.
XSPK_C_011_T0177,wavs_synthetic_crossspeaker/XSPK_C_011_T0177.wav,C_011,A számítógépet kapcsold ö be a kisszo a kiszobában
XSPK_C_011_T0178,wavs_synthetic_crossspeaker/XSPK_C_011_T0178.wav,C_011,Válts csatornát a rad a rádión a szobában
XSPK_C_011_T0179,wavs_synthetic_crossspeaker/XSPK_C_011_T0179.wav,C_011,A kisszobába zárd be az ajtót
XSPK_C_011_T0180,wavs_synthetic_crossspeaker/XSPK_C_011_T0180.wav,C_011,A fürdőszobában kapcsold be a mosógépet és állítsd hatvan fokra
XSPK_C_011_T0181,wavs_synthetic_crossspeaker/XSPK_C_011_T0181.wav,C_011,Kapcsold ki a rádiót a konyhába.
XSPK_C_011_T0182,wavs_synthetic_crossspeaker/XSPK_C_011_T0182.wav,C_011,Kapcsold be a fo folyosón
XSPK_C_011_T0183,wavs_synthetic_crossspeaker/XSPK_C_011_T0183.wav,C_011,A kisszobai ventilátort zárd el kérlek
XSPK_C_011_T0184,wavs_synthetic_crossspeaker/XSPK_C_011_T0184.wav,C_011,Porszívó kapcsold be a konyhába.
XSPK_C_011_T0185,wavs_synthetic_crossspeaker/XSPK_C_011_T0185.wav,C_011,A kicöbabad kapcsold ki a proszívót.
XSPK_C_011_T0186,wavs_synthetic_crossspeaker/XSPK_C_011_T0186.wav,C_011,A kisszobába kapcsold ki a fűtés
XSPK_C_011_T0187,wavs_synthetic_crossspeaker/XSPK_C_011_T0187.wav,C_011,Kisszobában kapcsold fel a villanyt.
XSPK_C_011_T0188,wavs_synthetic_crossspeaker/XSPK_C_011_T0188.wav,C_011,A fürdőszobába húzd le a fűtést.
XSPK_C_011_T0189,wavs_synthetic_crossspeaker/XSPK_C_011_T0189.wav,C_011,Hangosítsd föl a televíziót
XSPK_C_011_T0190,wavs_synthetic_crossspeaker/XSPK_C_011_T0190.wav,C_011,Kapcsold ki a fűtést a kisszobában
XSPK_C_011_T0191,wavs_synthetic_crossspeaker/XSPK_C_011_T0191.wav,C_011,A redőnyt nagyszobában ereszd le vagy húzd le
XSPK_C_011_T0192,wavs_synthetic_crossspeaker/XSPK_C_011_T0192.wav,C_011,A konyhában válcs csatornát a tévén.
XSPK_C_011_T0193,wavs_synthetic_crossspeaker/XSPK_C_011_T0193.wav,C_011,Kapcsold ki a radiátort a konyhában
XSPK_C_011_T0194,wavs_synthetic_crossspeaker/XSPK_C_011_T0194.wav,C_011,Kapcsold be a számítógépet a folyosón
XSPK_C_011_T0195,wavs_synthetic_crossspeaker/XSPK_C_011_T0195.wav,C_011,Kapcsold be a ventilátorokat a folyosón
XSPK_C_011_T0196,wavs_synthetic_crossspeaker/XSPK_C_011_T0196.wav,C_011,Kapcsold le a világítást a szobában.
XSPK_C_011_T0197,wavs_synthetic_crossspeaker/XSPK_C_011_T0197.wav,C_011,Kapcsold be a tévét a folyosón
XSPK_C_011_T0198,wavs_synthetic_crossspeaker/XSPK_C_011_T0198.wav,C_011,Kapcsold be a számítógépet a nagycobában
XSPK_C_011_T0199,wavs_synthetic_crossspeaker/XSPK_C_011_T0199.wav,C_011,A kisszobában húzd szét a függönyt
XSPK_C_011_T0200,wavs_synthetic_crossspeaker/XSPK_C_011_T0200.wav,C_011,Nyiszd ki nyisd ki az ajtót a kisszobában
XSPK_C_011_T0201,wavs_synthetic_crossspeaker/XSPK_C_011_T0201.wav,C_011,A konyhában kápcsold le a villányt.
XSPK_C_011_T0202,wavs_synthetic_crossspeaker/XSPK_C_011_T0202.wav,C_011,Kapcsold be a fűtést a fürdőszobában
XSPK_C_011_T0203,wavs_synthetic_crossspeaker/XSPK_C_011_T0203.wav,C_011,A konyhában kacsvold ki  sütőt
XSPK_C_011_T0204,wavs_synthetic_crossspeaker/XSPK_C_011_T0204.wav,C_011,A radiátort vedd lejjebb a konyhába
XSPK_C_011_T0205,wavs_synthetic_crossspeaker/XSPK_C_011_T0205.wav,C_011,Nyissuk ki az ablakot a nagyszobában
XSPK_C_011_T0206,wavs_synthetic_crossspeaker/XSPK_C_011_T0206.wav,C_011,Kapcsold be és állítsd harminc fokra a mosógépet a konyhában
XSPK_C_011_T0207,wavs_synthetic_crossspeaker/XSPK_C_011_T0207.wav,C_011,Nyisd ki az ablakot a nszobában.
XSPK_C_011_T0208,wavs_synthetic_crossspeaker/XSPK_C_011_T0208.wav,C_011,A konyhában kapcsold ki a fűtést.
XSPK_C_011_T0209,wavs_synthetic_crossspeaker/XSPK_C_011_T0209.wav,C_011,A ventilátorokat kapcsold ki a kisszobába
XSPK_C_012_T0000,wavs_synthetic_crossspeaker/XSPK_C_012_T0000.wav,C_012,A fojjosón kapcsold be a porszívó.
XSPK_C_012_T0001,wavs_synthetic_crossspeaker/XSPK_C_012_T0001.wav,C_012,A folyosón kapcsold lejjebb a fűtést
XSPK_C_012_T0002,wavs_synthetic_crossspeaker/XSPK_C_012_T0002.wav,C_012,Huzd fel a radiátort a konyhában
XSPK_C_012_T0003,wavs_synthetic_crossspeaker/XSPK_C_012_T0003.wav,C_012,Kapcsoljuk le a nagyszobába a villanyt
XSPK_C_012_T0004,wavs_synthetic_crossspeaker/XSPK_C_012_T0004.wav,C_012,Nyisd ki az ajtót a szobába
XSPK_C_012_T0005,wavs_synthetic_crossspeaker/XSPK_C_012_T0005.wav,C_012,Kapcsold ki a ládiót a konyhában.
XSPK_C_012_T0006,wavs_synthetic_crossspeaker/XSPK_C_012_T0006.wav,C_012,Nagyszobában nyisd ki az ajtót
XSPK_C_012_T0007,wavs_synthetic_crossspeaker/XSPK_C_012_T0007.wav,C_012,Kapcsold be a rádiót a nagszobában
XSPK_C_012_T0008,wavs_synthetic_crossspeaker/XSPK_C_012_T0008.wav,C_012,A ventillátort kapcsold ki a konyhába
XSPK_C_012_T0009,wavs_synthetic_crossspeaker/XSPK_C_012_T0009.wav,C_012,Csunkd be az ablakot a folyosón
XSPK_C_012_T0010,wavs_synthetic_crossspeaker/XSPK_C_012_T0010.wav,C_012,Kapcsold át a televíziót a kisszobában
XSPK_C_012_T0011,wavs_synthetic_crossspeaker/XSPK_C_012_T0011.wav,C_012,Húzd szét a függönyt nyammiáb.
XSPK_C_012_T0012,wavs_synthetic_crossspeaker/XSPK_C_012_T0012.wav,C_012,A nagyszobába hangosítsd fel a  tévét
XSPK_C_012_T0013,wavs_synthetic_crossspeaker/XSPK_C_012_T0013.wav,C_012,Fürdőszobában húz le a fűtés
XSPK_C_012_T0014,wavs_synthetic_crossspeaker/XSPK_C_012_T0014.wav,C_012,A rádiót kapcsold ki a fürdőszobában.
XSPK_C_012_T0015,wavs_synthetic_crossspeaker/XSPK_C_012_T0015.wav,C_012,A konyhába vedd le a fűtést
XSPK_C_012_T0016,wavs_synthetic_crossspeaker/XSPK_C_012_T0016.wav,C_012,A fürdőszobába bekapcsoljuk a mosógépet és harminc fokra állítjuk
XSPK_C_012_T0017,wavs_synthetic_crossspeaker/XSPK_C_012_T0017.wav,C_012,Kapcsold ki a fűtést a fürdőszobába.
XSPK_C_012_T0018,wavs_synthetic_crossspeaker/XSPK_C_012_T0018.wav,C_012,És a konyhába húzd be a függönyt
XSPK_C_012_T0019,wavs_synthetic_crossspeaker/XSPK_C_012_T0019.wav,C_012,A folyosón húzd le fel a redőnyt
XSPK_C_012_T0020,wavs_synthetic_crossspeaker/XSPK_C_012_T0020.wav,C_012,Csendesícsd a tévét a kisszobába.
XSPK_C_012_T0021,wavs_synthetic_crossspeaker/XSPK_C_012_T0021.wav,C_012,A szobában húzd fel a fűtést
XSPK_C_012_T0022,wavs_synthetic_crossspeaker/XSPK_C_012_T0022.wav,C_012,A kisszobába a számítógépet kapcsold be
XSPK_C_012_T0023,wavs_synthetic_crossspeaker/XSPK_C_012_T0023.wav,C_012,A konyhai ventilátort kapcsold be légy szíves
XSPK_C_012_T0024,wavs_synthetic_crossspeaker/XSPK_C_012_T0024.wav,C_012,Váltsd csatornát a tévén a konyhába
XSPK_C_012_T0025,wavs_synthetic_crossspeaker/XSPK_C_012_T0025.wav,C_012,A fürdőszobába húzd fel a fűtést.
XSPK_C_012_T0026,wavs_synthetic_crossspeaker/XSPK_C_012_T0026.wav,C_012,Kapcsold ki a ventilátort a fürdőszobában
XSPK_C_012_T0027,wavs_synthetic_crossspeaker/XSPK_C_012_T0027.wav,C_012,Zárd be a ajtót a folyosón
XSPK_C_012_T0028,wavs_synthetic_crossspeaker/XSPK_C_012_T0028.wav,C_012,A fürdőszobában kapcsold be a radiátort
XSPK_C_012_T0029,wavs_synthetic_crossspeaker/XSPK_C_012_T0029.wav,C_012,Csendesítsd a tévét a fürdőszobában.
XSPK_C_012_T0030,wavs_synthetic_crossspeaker/XSPK_C_012_T0030.wav,C_012,A fürdőszobában húzd be a függöny.
XSPK_C_012_T0031,wavs_synthetic_crossspeaker/XSPK_C_012_T0031.wav,C_012,Kapcsold be ventillátort a kisszobába.
XSPK_C_012_T0032,wavs_synthetic_crossspeaker/XSPK_C_012_T0032.wav,C_012,Kapcsold ki a számítógépet a szobába.
XSPK_C_012_T0033,wavs_synthetic_crossspeaker/XSPK_C_012_T0033.wav,C_012,Az ablakot bezár juk.
XSPK_C_012_T0034,wavs_synthetic_crossspeaker/XSPK_C_012_T0034.wav,C_012,Nyisd ki az ablakot a nszobában.
XSPK_C_012_T0035,wavs_synthetic_crossspeaker/XSPK_C_012_T0035.wav,C_012,A szobában kapcsold át a televíziót
XSPK_C_012_T0036,wavs_synthetic_crossspeaker/XSPK_C_012_T0036.wav,C_012,A fürdőszobában nyiss ki az ablakot.
XSPK_C_012_T0037,wavs_synthetic_crossspeaker/XSPK_C_012_T0037.wav,C_012,A konyhában széthúz ööö húzd szét a függönyt
XSPK_C_012_T0038,wavs_synthetic_crossspeaker/XSPK_C_012_T0038.wav,C_012,Konyhában kapcsold be a rádiót.
XSPK_C_012_T0039,wavs_synthetic_crossspeaker/XSPK_C_012_T0039.wav,C_012,Hangosícsd a tévét a nagyszobában.
XSPK_C_012_T0040,wavs_synthetic_crossspeaker/XSPK_C_012_T0040.wav,C_012,Az ablakban nyissák ki a fürdőszobába
XSPK_C_012_T0041,wavs_synthetic_crossspeaker/XSPK_C_012_T0041.wav,C_012,Vedd lejjebb a nagyszobai radiátort
XSPK_C_012_T0042,wavs_synthetic_crossspeaker/XSPK_C_012_T0042.wav,C_012,Húzd fel a redőnt a kisszobában.
XSPK_C_012_T0043,wavs_synthetic_crossspeaker/XSPK_C_012_T0043.wav,C_012,Vedd lejjebb a tévét a szobába
XSPK_C_012_T0044,wavs_synthetic_crossspeaker/XSPK_C_012_T0044.wav,C_012,Zárd be a ajtót a konyhában
XSPK_C_012_T0045,wavs_synthetic_crossspeaker/XSPK_C_012_T0045.wav,C_012,Húzd fel a redőnyt a fürdőszobában
XSPK_C_012_T0046,wavs_synthetic_crossspeaker/XSPK_C_012_T0046.wav,C_012,Bekapcsolnád a nagyszobai rádiót
XSPK_C_012_T0047,wavs_synthetic_crossspeaker/XSPK_C_012_T0047.wav,C_012,Hívd fel a lányom
XSPK_C_012_T0048,wavs_synthetic_crossspeaker/XSPK_C_012_T0048.wav,C_012,A konyhában úzd lejjebb a radiátor
XSPK_C_012_T0049,wavs_synthetic_crossspeaker/XSPK_C_012_T0049.wav,C_012,Nagyszobába kapcsold fel a ventillátort
XSPK_C_012_T0050,wavs_synthetic_crossspeaker/XSPK_C_012_T0050.wav,C_012,A szobában válts csatornát a rádión
XSPK_C_012_T0051,wavs_synthetic_crossspeaker/XSPK_C_012_T0051.wav,C_012,Kapcsold föl a fűtést a kisszobába
XSPK_C_012_T0052,wavs_synthetic_crossspeaker/XSPK_C_012_T0052.wav,C_012,Há hívd fel a lányom
XSPK_C_012_T0053,wavs_synthetic_crossspeaker/XSPK_C_012_T0053.wav,C_012,Fürdőszobában engedd le a redőnyt
XSPK_C_012_T0054,wavs_synthetic_crossspeaker/XSPK_C_012_T0054.wav,C_012,A fűjőszobában kapcsold ki a porszivó.
XSPK_C_012_T0055,wavs_synthetic_crossspeaker/XSPK_C_012_T0055.wav,C_012,Szobába húzd fel a fűtést.
XSPK_C_012_T0056,wavs_synthetic_crossspeaker/XSPK_C_012_T0056.wav,C_012,Válts csatornát a rádión a szobádban
XSPK_C_012_T0057,wavs_synthetic_crossspeaker/XSPK_C_012_T0057.wav,C_012,A nagyszobában kapcsold ki a rádió.
XSPK_C_012_T0058,wavs_synthetic_crossspeaker/XSPK_C_012_T0058.wav,C_012,Kapcsold ki a porszí
XSPK_C_012_T0059,wavs_synthetic_crossspeaker/XSPK_C_012_T0059.wav,C_012,Szoban felakocsol lámpan
XSPK_C_012_T0060,wavs_synthetic_crossspeaker/XSPK_C_012_T0060.wav,C_012,Konyhába kapcsold ki a rádiót
XSPK_C_012_T0061,wavs_synthetic_crossspeaker/XSPK_C_012_T0061.wav,C_012,A fürdőszobában kap indítsd meg indítsd meg a mosógépet öh harminc fokon
XSPK_C_012_T0062,wavs_synthetic_crossspeaker/XSPK_C_012_T0062.wav,C_012,Húzd szét a függönyt a kisszobába.
XSPK_C_012_T0063,wavs_synthetic_crossspeaker/XSPK_C_012_T0063.wav,C_012,Kapcsold be a rágiót a szobában.
XSPK_C_012_T0064,wavs_synthetic_crossspeaker/XSPK_C_012_T0064.wav,C_012,Nagyszobába tedd át a másik csatornára a tévét
XSPK_C_012_T0065,wavs_synthetic_crossspeaker/XSPK_C_012_T0065.wav,C_012,Húzd fel a redőnt a kisszobában
XSPK_C_012_T0066,wavs_synthetic_crossspeaker/XSPK_C_012_T0066.wav,C_012,Kapcsold ki a a radiátort a a folyosón
XSPK_C_012_T0067,wavs_synthetic_crossspeaker/XSPK_C_012_T0067.wav,C_012,Kapcsold fel a villanyt a kisszobában.
XSPK_C_012_T0068,wavs_synthetic_crossspeaker/XSPK_C_012_T0068.wav,C_012,A nagycobában a tévé hangját halkídd le
XSPK_C_012_T0069,wavs_synthetic_crossspeaker/XSPK_C_012_T0069.wav,C_012,Huzd le a redönyt a szobaban
XSPK_C_012_T0070,wavs_synthetic_crossspeaker/XSPK_C_012_T0070.wav,C_012,Kapcsold be a rediát a konyhában
XSPK_C_012_T0071,wavs_synthetic_crossspeaker/XSPK_C_012_T0071.wav,C_012,A radiátort kapcsold be a fürdőszobába
XSPK_C_012_T0072,wavs_synthetic_crossspeaker/XSPK_C_012_T0072.wav,C_012,Nyisd ki az ablakot a folyosón.
XSPK_C_012_T0073,wavs_synthetic_crossspeaker/XSPK_C_012_T0073.wav,C_012,Kisszobába kapcsold be a radiátort
XSPK_C_012_T0074,wavs_synthetic_crossspeaker/XSPK_C_012_T0074.wav,C_012,Csendesícsd a tévét a szobába.
XSPK_C_012_T0075,wavs_synthetic_crossspeaker/XSPK_C_012_T0075.wav,C_012,A számítógépet kapcsold ki a nagyszobába
XSPK_C_012_T0076,wavs_synthetic_crossspeaker/XSPK_C_012_T0076.wav,C_012,Hángosítsd a tévét a nagyszobábán.
XSPK_C_012_T0077,wavs_synthetic_crossspeaker/XSPK_C_012_T0077.wav,C_012,A kérgiszobában nyisd ki az ablakot.
XSPK_C_012_T0078,wavs_synthetic_crossspeaker/XSPK_C_012_T0078.wav,C_012,Kapcsoljuk le a szobában a villanyt
XSPK_C_012_T0079,wavs_synthetic_crossspeaker/XSPK_C_012_T0079.wav,C_012,A fürdőszobában válcsatornát a rádión.
XSPK_C_012_T0080,wavs_synthetic_crossspeaker/XSPK_C_012_T0080.wav,C_012,Szobába váltsál csatornát a rádión
XSPK_C_012_T0081,wavs_synthetic_crossspeaker/XSPK_C_012_T0081.wav,C_012,Kapcsold fell a villanyt a kisszobában.
XSPK_C_012_T0082,wavs_synthetic_crossspeaker/XSPK_C_012_T0082.wav,C_012,Kapcsold ki a folyosói ventilátort
XSPK_C_012_T0083,wavs_synthetic_crossspeaker/XSPK_C_012_T0083.wav,C_012,Szobába húzd szét a függönt.
XSPK_C_012_T0084,wavs_synthetic_crossspeaker/XSPK_C_012_T0084.wav,C_012,Nagyszobában kapcsold fel a vilanyt
XSPK_C_012_T0085,wavs_synthetic_crossspeaker/XSPK_C_012_T0085.wav,C_012,A konyhában kapcsold ki a pirítóssütőt
XSPK_C_012_T0086,wavs_synthetic_crossspeaker/XSPK_C_012_T0086.wav,C_012,Kapcsold be a tévét a nagyszobában.
XSPK_C_012_T0087,wavs_synthetic_crossspeaker/XSPK_C_012_T0087.wav,C_012,Csendesít a tévét a szobában.
XSPK_C_012_T0088,wavs_synthetic_crossspeaker/XSPK_C_012_T0088.wav,C_012,Folyoson zárd az ajtót
XSPK_C_012_T0089,wavs_synthetic_crossspeaker/XSPK_C_012_T0089.wav,C_012,A szobában halkídd le a tévé hangját
XSPK_C_012_T0090,wavs_synthetic_crossspeaker/XSPK_C_012_T0090.wav,C_012,Húzd le a fűtést a kisszobába.
XSPK_C_012_T0091,wavs_synthetic_crossspeaker/XSPK_C_012_T0091.wav,C_012,A kisszobában csendesícsd le a tévét.
XSPK_C_012_T0092,wavs_synthetic_crossspeaker/XSPK_C_012_T0092.wav,C_012,Kapcsold ki ne felejtsd el a szobába a ventillátort
XSPK_C_012_T0093,wavs_synthetic_crossspeaker/XSPK_C_012_T0093.wav,C_012,Kapcsold be a porcsivót a kisszobában.
XSPK_C_012_T0094,wavs_synthetic_crossspeaker/XSPK_C_012_T0094.wav,C_012,A kisszobában kapcsold át a televíziót
XSPK_C_012_T0095,wavs_synthetic_crossspeaker/XSPK_C_012_T0095.wav,C_012,Nyisd ki a konyh az ajtót a nagyszobába
XSPK_C_012_T0096,wavs_synthetic_crossspeaker/XSPK_C_012_T0096.wav,C_012,A szobaban kapcsold ki a rádiót
XSPK_C_012_T0097,wavs_synthetic_crossspeaker/XSPK_C_012_T0097.wav,C_012,A fürdőszobában kapcsold föl légy szíves a mosógépet hatvan fokra
XSPK_C_012_T0098,wavs_synthetic_crossspeaker/XSPK_C_012_T0098.wav,C_012,Fürdőszobába húzd fel a redőny
XSPK_C_012_T0099,wavs_synthetic_crossspeaker/XSPK_C_012_T0099.wav,C_012,Kapcsold be a rádiód a szobában
XSPK_C_012_T0100,wavs_synthetic_crossspeaker/XSPK_C_012_T0100.wav,C_012,Zárd be az abllakot a fürdőszobába
XSPK_C_012_T0101,wavs_synthetic_crossspeaker/XSPK_C_012_T0101.wav,C_012,Zárd be az ablakot a nagyszobába
XSPK_C_012_T0102,wavs_synthetic_crossspeaker/XSPK_C_012_T0102.wav,C_012,A fürdőszobába nyisd ki az ablakot.
XSPK_C_012_T0103,wavs_synthetic_crossspeaker/XSPK_C_012_T0103.wav,C_012,A kisszobába kapcsold ki a porszívót
XSPK_C_012_T0104,wavs_synthetic_crossspeaker/XSPK_C_012_T0104.wav,C_012,A rádiót kapcsold be a szobában.
XSPK_C_012_T0105,wavs_synthetic_crossspeaker/XSPK_C_012_T0105.wav,C_012,Váltanál csatornát a konyhában légy szíves
XSPK_C_012_T0106,wavs_synthetic_crossspeaker/XSPK_C_012_T0106.wav,C_012,Szobába kapcsold fel a villanyt
XSPK_C_012_T0107,wavs_synthetic_crossspeaker/XSPK_C_012_T0107.wav,C_012,A szobában kapcsold lejjebb a fűtést
XSPK_C_012_T0108,wavs_synthetic_crossspeaker/XSPK_C_012_T0108.wav,C_012,Kisszobába zárd be az ablak
XSPK_C_012_T0109,wavs_synthetic_crossspeaker/XSPK_C_012_T0109.wav,C_012,A szobában kapccsold ki a ventilátort
XSPK_C_012_T0110,wavs_synthetic_crossspeaker/XSPK_C_012_T0110.wav,C_012,Húzd le a ledőnyt a nagyszobában
XSPK_C_012_T0111,wavs_synthetic_crossspeaker/XSPK_C_012_T0111.wav,C_012,Hívd föl a fiamat
XSPK_C_012_T0112,wavs_synthetic_crossspeaker/XSPK_C_012_T0112.wav,C_012,A folyosón húzd le a redőnyt
XSPK_C_012_T0113,wavs_synthetic_crossspeaker/XSPK_C_012_T0113.wav,C_012,A szobában kapcsold be a számítógépet
XSPK_C_012_T0114,wavs_synthetic_crossspeaker/XSPK_C_012_T0114.wav,C_012,A szobaban kapcsodl be a számítógepet
XSPK_C_012_T0115,wavs_synthetic_crossspeaker/XSPK_C_012_T0115.wav,C_012,A konyhában halkícsd le a tévét.
XSPK_C_012_T0116,wavs_synthetic_crossspeaker/XSPK_C_012_T0116.wav,C_012,Kisszobába válts csatornát a tévén
XSPK_C_012_T0117,wavs_synthetic_crossspeaker/XSPK_C_012_T0117.wav,C_012,Csendesít a tévét a konyhában.
XSPK_C_012_T0118,wavs_synthetic_crossspeaker/XSPK_C_012_T0118.wav,C_012,Zárd be az ablakot nagyszobába
XSPK_C_012_T0119,wavs_synthetic_crossspeaker/XSPK_C_012_T0119.wav,C_012,A szobában hangosítsd a tévét.
XSPK_C_012_T0120,wavs_synthetic_crossspeaker/XSPK_C_012_T0120.wav,C_012,Kapcsold be a vízforralót a konyhába.
XSPK_C_012_T0121,wavs_synthetic_crossspeaker/XSPK_C_012_T0121.wav,C_012,Csapcsold le a villanyt a nagyszobában
XSPK_C_012_T0122,wavs_synthetic_crossspeaker/XSPK_C_012_T0122.wav,C_012,Nyísd ki az ajtót a kisszobámban
XSPK_C_012_T0123,wavs_synthetic_crossspeaker/XSPK_C_012_T0123.wav,C_012,Húzd fel a redőnyt a konyhában.
XSPK_C_012_T0124,wavs_synthetic_crossspeaker/XSPK_C_012_T0124.wav,C_012,Fűtést tedd följebb légy szíves üm lejjebb a fü a szobába
XSPK_C_012_T0125,wavs_synthetic_crossspeaker/XSPK_C_012_T0125.wav,C_012,Kapcsold be a rádjót a kisszobába.
XSPK_C_012_T0126,wavs_synthetic_crossspeaker/XSPK_C_012_T0126.wav,C_012,Khapcsold fel a villanyt a nagyszobában.
XSPK_C_012_T0127,wavs_synthetic_crossspeaker/XSPK_C_012_T0127.wav,C_012,Nyis ki ajtót a folyoson
XSPK_C_012_T0128,wavs_synthetic_crossspeaker/XSPK_C_012_T0128.wav,C_012,Kapcsold be a fűtést a szobában
XSPK_C_012_T0129,wavs_synthetic_crossspeaker/XSPK_C_012_T0129.wav,C_012,Húzd be a függönyt a f fürdőszobában
XSPK_C_012_T0130,wavs_synthetic_crossspeaker/XSPK_C_012_T0130.wav,C_012,Folyosón kapcsold fel a villanyt
XSPK_C_012_T0131,wavs_synthetic_crossspeaker/XSPK_C_012_T0131.wav,C_012,Kapcsold be a gáztűzhelyt a konyhába.
XSPK_C_012_T0132,wavs_synthetic_crossspeaker/XSPK_C_012_T0132.wav,C_012,Magasabb fokra kapcsoldjuk a fűtést a folyosón
XSPK_C_012_T0133,wavs_synthetic_crossspeaker/XSPK_C_012_T0133.wav,C_012,Konyhába kapcsoljuk ki a porszívót
XSPK_C_012_T0134,wavs_synthetic_crossspeaker/XSPK_C_012_T0134.wav,C_012,Khapcsold be harminc fokon a mosógépet a fürdőszo a konyhában.
XSPK_C_012_T0135,wavs_synthetic_crossspeaker/XSPK_C_012_T0135.wav,C_012,A kiszobábá kapcsold be a rádiót.
XSPK_C_012_T0136,wavs_synthetic_crossspeaker/XSPK_C_012_T0136.wav,C_012,Kisszoba ajtaját zárd be kérlek
XSPK_C_012_T0137,wavs_synthetic_crossspeaker/XSPK_C_012_T0137.wav,C_012,Húzd fel a redőnyt a folyosóban
XSPK_C_012_T0138,wavs_synthetic_crossspeaker/XSPK_C_012_T0138.wav,C_012,A szobában fúzd fel a redőnyt
XSPK_C_012_T0139,wavs_synthetic_crossspeaker/XSPK_C_012_T0139.wav,C_012,Kapcsold be a po fürdőszobába a porszívót
XSPK_C_012_T0140,wavs_synthetic_crossspeaker/XSPK_C_012_T0140.wav,C_012,Húzd el redőnyt a kisszobában
XSPK_C_012_T0141,wavs_synthetic_crossspeaker/XSPK_C_012_T0141.wav,C_012,Kapcsold föl a villanyfölkapcsolót a fürdőszobába
XSPK_C_012_T0142,wavs_synthetic_crossspeaker/XSPK_C_012_T0142.wav,C_012,A fürdőszobában húzd föl a redőnyt
XSPK_C_012_T0143,wavs_synthetic_crossspeaker/XSPK_C_012_T0143.wav,C_012,Szobába zárd be az ablakot
XSPK_C_012_T0144,wavs_synthetic_crossspeaker/XSPK_C_012_T0144.wav,C_012,A szobában válts csatornát a tévén
XSPK_C_012_T0145,wavs_synthetic_crossspeaker/XSPK_C_012_T0145.wav,C_012,A naccobában engedd te  redőnt.
XSPK_C_012_T0146,wavs_synthetic_crossspeaker/XSPK_C_012_T0146.wav,C_012,A folyosón kap húzd fel a radiátort
XSPK_C_012_T0147,wavs_synthetic_crossspeaker/XSPK_C_012_T0147.wav,C_012,Folyosón kapcsold be a porszívót.
XSPK_C_012_T0148,wavs_synthetic_crossspeaker/XSPK_C_012_T0148.wav,C_012,Porszívót kecsapol folyoson
XSPK_C_012_T0149,wavs_synthetic_crossspeaker/XSPK_C_012_T0149.wav,C_012,Válcs csatornát a rádjón a folyoson.
XSPK_C_012_T0150,wavs_synthetic_crossspeaker/XSPK_C_012_T0150.wav,C_012,Ventilátort a szobában kapcsold be
XSPK_C_012_T0151,wavs_synthetic_crossspeaker/XSPK_C_012_T0151.wav,C_012,Kapcsold ki a fürdőszoba számítógép.
XSPK_C_012_T0152,wavs_synthetic_crossspeaker/XSPK_C_012_T0152.wav,C_012,Hangosítsd fel a tévét a szobába
XSPK_C_012_T0153,wavs_synthetic_crossspeaker/XSPK_C_012_T0153.wav,C_012,A nagyszobaban halkítsd le a tévét
XSPK_C_012_T0154,wavs_synthetic_crossspeaker/XSPK_C_012_T0154.wav,C_012,A szobába kapcsold be a rádiót.
XSPK_C_012_T0155,wavs_synthetic_crossspeaker/XSPK_C_012_T0155.wav,C_012,Húzd le a fűtést a fürdőszobába.
XSPK_C_012_T0156,wavs_synthetic_crossspeaker/XSPK_C_012_T0156.wav,C_012,A ventilátorokat kapcsold ki a folyosón
XSPK_C_012_T0157,wavs_synthetic_crossspeaker/XSPK_C_012_T0157.wav,C_012,Kapcsold be a rádiót a nagyszobában
XSPK_C_012_T0158,wavs_synthetic_crossspeaker/XSPK_C_012_T0158.wav,C_012,Számítógépet a kisszobába
XSPK_C_012_T0159,wavs_synthetic_crossspeaker/XSPK_C_012_T0159.wav,C_012,Csold be a fűtést a folyoson
XSPK_C_012_T0160,wavs_synthetic_crossspeaker/XSPK_C_012_T0160.wav,C_012,Konyhában be sütö
XSPK_C_012_T0161,wavs_synthetic_crossspeaker/XSPK_C_012_T0161.wav,C_012,Nyiszd ki az ajtot a nagyszobában
XSPK_C_012_T0162,wavs_synthetic_crossspeaker/XSPK_C_012_T0162.wav,C_012,Húzd le a redőnyt a kony kisszobába
XSPK_C_012_T0163,wavs_synthetic_crossspeaker/XSPK_C_012_T0163.wav,C_012,Folyosói ajtót nyisd ki
XSPK_C_012_T0164,wavs_synthetic_crossspeaker/XSPK_C_012_T0164.wav,C_012,Konyha nyit ajtom
XSPK_C_012_T0165,wavs_synthetic_crossspeaker/XSPK_C_012_T0165.wav,C_012,Konyhába húzd föl a redőnyt
XSPK_C_012_T0166,wavs_synthetic_crossspeaker/XSPK_C_012_T0166.wav,C_012,Kapcsold át a televíziót a szobában
XSPK_C_012_T0167,wavs_synthetic_crossspeaker/XSPK_C_012_T0167.wav,C_012,A nagyszobában húzd le a redőnt.
XSPK_C_012_T0168,wavs_synthetic_crossspeaker/XSPK_C_012_T0168.wav,C_012,Kapcsod be a villanyt a konyhában
XSPK_C_012_T0169,wavs_synthetic_crossspeaker/XSPK_C_012_T0169.wav,C_012,A nagyszobában húzd szét a függönyt.
XSPK_C_012_T0170,wavs_synthetic_crossspeaker/XSPK_C_012_T0170.wav,C_012,A konyhában széthunzuk a függöny
XSPK_C_012_T0171,wavs_synthetic_crossspeaker/XSPK_C_012_T0171.wav,C_012,Nyiss ki az ablakot a szobában.
XSPK_C_012_T0172,wavs_synthetic_crossspeaker/XSPK_C_012_T0172.wav,C_012,Konyha lekapcsolni lámpam
XSPK_C_012_T0173,wavs_synthetic_crossspeaker/XSPK_C_012_T0173.wav,C_012,A radiátort kapcsold be a kisszobába
XSPK_C_012_T0174,wavs_synthetic_crossspeaker/XSPK_C_012_T0174.wav,C_012,Nyisd ki az ajtót a folyoson
XSPK_C_012_T0175,wavs_synthetic_crossspeaker/XSPK_C_012_T0175.wav,C_012,A fürdőszobában zárjuk be az ablakot
XSPK_C_012_T0176,wavs_synthetic_crossspeaker/XSPK_C_012_T0176.wav,C_012,Nagyszobába nyisd ki az ablakot.
XSPK_C_012_T0177,wavs_synthetic_crossspeaker/XSPK_C_012_T0177.wav,C_012,A fürdőszobába húzd le a fűtést.
XSPK_C_012_T0178,wavs_synthetic_crossspeaker/XSPK_C_012_T0178.wav,C_012,A kisszobába kapcsold le a villanyt
XSPK_C_012_T0179,wavs_synthetic_crossspeaker/XSPK_C_012_T0179.wav,C_012,A fürdőszobában kapcsold be a porszívót
XSPK_C_012_T0180,wavs_synthetic_crossspeaker/XSPK_C_012_T0180.wav,C_012,A fojjosón zárd be az ajtó.
XSPK_C_012_T0181,wavs_synthetic_crossspeaker/XSPK_C_012_T0181.wav,C_012,Kapcsold feljebb a fűtést a szobában
XSPK_C_012_T0182,wavs_synthetic_crossspeaker/XSPK_C_012_T0182.wav,C_012,A konyhában kapcsold le a világitást.
XSPK_C_012_T0183,wavs_synthetic_crossspeaker/XSPK_C_012_T0183.wav,C_012,A ventilátort kapcsold be a naccobába
XSPK_C_012_T0184,wavs_synthetic_crossspeaker/XSPK_C_012_T0184.wav,C_012,A kisszobába halkítsd le a tévét
XSPK_C_012_T0185,wavs_synthetic_crossspeaker/XSPK_C_012_T0185.wav,C_012,A nagycobában nyisd ki az ajtó.
XSPK_C_012_T0186,wavs_synthetic_crossspeaker/XSPK_C_012_T0186.wav,C_012,A folyosó ajtaját becsuknád
XSPK_C_012_T0187,wavs_synthetic_crossspeaker/XSPK_C_012_T0187.wav,C_012,A szobában nyiss ki az ablakot.
XSPK_C_012_T0188,wavs_synthetic_crossspeaker/XSPK_C_012_T0188.wav,C_012,Konyhában kapcsold fel a villanyt
XSPK_C_012_T0189,wavs_synthetic_crossspeaker/XSPK_C_012_T0189.wav,C_012,Kapcsold le a villanyt a folyosón.
XSPK_C_012_T0190,wavs_synthetic_crossspeaker/XSPK_C_012_T0190.wav,C_012,Kapcsold be a porszívót a nagyszob a konyhában
XSPK_C_012_T0191,wavs_synthetic_crossspeaker/XSPK_C_012_T0191.wav,C_012,A fürdőszobáába húzd be légy szíves a függönyt
XSPK_C_012_T0192,wavs_synthetic_crossspeaker/XSPK_C_012_T0192.wav,C_012,Üsd ki az ajtót a kisszobában.
XSPK_C_012_T0193,wavs_synthetic_crossspeaker/XSPK_C_012_T0193.wav,C_012,Öh nyisd ki a szoba ajtót
XSPK_C_012_T0194,wavs_synthetic_crossspeaker/XSPK_C_012_T0194.wav,C_012,Kisszobában kapcsold föl a villanyt.
XSPK_C_012_T0195,wavs_synthetic_crossspeaker/XSPK_C_012_T0195.wav,C_012,Kony a konyhában kapcsold feljebb a fűtést
XSPK_C_012_T0196,wavs_synthetic_crossspeaker/XSPK_C_012_T0196.wav,C_012,A fojjón kapcsold be a ventillátor.
XSPK_C_012_T0197,wavs_synthetic_crossspeaker/XSPK_C_012_T0197.wav,C_012,Nagyszobában válts csatornát a rádión
XSPK_C_012_T0198,wavs_synthetic_crossspeaker/XSPK_C_012_T0198.wav,C_012,Nyomd fel a fűtést a szobába
XSPK_C_012_T0199,wavs_synthetic_crossspeaker/XSPK_C_012_T0199.wav,C_012,Kapcsold fel á villanyt a fojjosón.
XSPK_C_012_T0200,wavs_synthetic_crossspeaker/XSPK_C_012_T0200.wav,C_012,A folyosón csendesítsd a tévét
XSPK_C_012_T0201,wavs_synthetic_crossspeaker/XSPK_C_012_T0201.wav,C_012,A folyosón kapcsold be a fűtést.
XSPK_C_012_T0202,wavs_synthetic_crossspeaker/XSPK_C_012_T0202.wav,C_012,Nagyszobában kapcsold be a rádiót
XSPK_C_012_T0203,wavs_synthetic_crossspeaker/XSPK_C_012_T0203.wav,C_012,Fürdőszobába zárd be az ajtót
XSPK_C_012_T0204,wavs_synthetic_crossspeaker/XSPK_C_012_T0204.wav,C_012,Nyisd ki a konyha ablakot
XSPK_C_012_T0205,wavs_synthetic_crossspeaker/XSPK_C_012_T0205.wav,C_012,Halkítsd le a tévét a nagyszobába
XSPK_C_012_T0206,wavs_synthetic_crossspeaker/XSPK_C_012_T0206.wav,C_012,A folyosón kapcsold be a porszívót
XSPK_C_012_T0207,wavs_synthetic_crossspeaker/XSPK_C_012_T0207.wav,C_012,Konyhában kapcsold be a fűtés.
XSPK_C_012_T0208,wavs_synthetic_crossspeaker/XSPK_C_012_T0208.wav,C_012,Kapcsold ki a radiátort a kisszobába
XSPK_C_012_T0209,wavs_synthetic_crossspeaker/XSPK_C_012_T0209.wav,C_012,A nagyszobában válcs csatorná a rádjón.
XSPK_C_013_T0000,wavs_synthetic_crossspeaker/XSPK_C_013_T0000.wav,C_013,A konyhába kapcsold ki a gáztűzhelyet.
XSPK_C_013_T0001,wavs_synthetic_crossspeaker/XSPK_C_013_T0001.wav,C_013,A kiszobában kapcsold ki a fűtés.
XSPK_C_013_T0002,wavs_synthetic_crossspeaker/XSPK_C_013_T0002.wav,C_013,Nyisd ki az ajtót a nagyszobában
XSPK_C_013_T0003,wavs_synthetic_crossspeaker/XSPK_C_013_T0003.wav,C_013,A nagycobában kapcsold ki a rádiót
XSPK_C_013_T0004,wavs_synthetic_crossspeaker/XSPK_C_013_T0004.wav,C_013,Csendesítsd a televíziót a konyhában.
XSPK_C_013_T0005,wavs_synthetic_crossspeaker/XSPK_C_013_T0005.wav,C_013,A szobába húzd le a radiátort
XSPK_C_013_T0006,wavs_synthetic_crossspeaker/XSPK_C_013_T0006.wav,C_013,Nyiss ki az ablakot a nagyszobában.
XSPK_C_013_T0007,wavs_synthetic_crossspeaker/XSPK_C_013_T0007.wav,C_013,Folyosó hőmérsékletét kapcsold
XSPK_C_013_T0008,wavs_synthetic_crossspeaker/XSPK_C_013_T0008.wav,C_013,Kapcsold be a ládiót a cobában
XSPK_C_013_T0009,wavs_synthetic_crossspeaker/XSPK_C_013_T0009.wav,C_013,Fürdőszobába kapcsold ki a porszívót.
XSPK_C_013_T0010,wavs_synthetic_crossspeaker/XSPK_C_013_T0010.wav,C_013,Kapcsold fel a villanyt a kisszobában.
XSPK_C_013_T0011,wavs_synthetic_crossspeaker/XSPK_C_013_T0011.wav,C_013,A kisszobában halkítsd a tévét
XSPK_C_013_T0012,wavs_synthetic_crossspeaker/XSPK_C_013_T0012.wav,C_013,Kapcsold be a számítógepet a szobaban
XSPK_C_013_T0013,wavs_synthetic_crossspeaker/XSPK_C_013_T0013.wav,C_013,Kapcsold ki a für fürdőszobába a fűtést
XSPK_C_013_T0014,wavs_synthetic_crossspeaker/XSPK_C_013_T0014.wav,C_013,Kisszobába kapcsold be a fűtést
XSPK_C_013_T0015,wavs_synthetic_crossspeaker/XSPK_C_013_T0015.wav,C_013,Válcsötornát a tévén a kisszobában.
XSPK_C_013_T0016,wavs_synthetic_crossspeaker/XSPK_C_013_T0016.wav,C_013,Csukd be a ajtót a nagyszobába
XSPK_C_013_T0017,wavs_synthetic_crossspeaker/XSPK_C_013_T0017.wav,C_013,A ventillátorokat kapcsold ki a konyhába
XSPK_C_013_T0018,wavs_synthetic_crossspeaker/XSPK_C_013_T0018.wav,C_013,Húz szét a függönyt a konyhában
XSPK_C_013_T0019,wavs_synthetic_crossspeaker/XSPK_C_013_T0019.wav,C_013,A kisszobában húzd be a függöny.
XSPK_C_013_T0020,wavs_synthetic_crossspeaker/XSPK_C_013_T0020.wav,C_013,A fürdőszobába csatornát válts a tévén
XSPK_C_013_T0021,wavs_synthetic_crossspeaker/XSPK_C_013_T0021.wav,C_013,A kisszobában zárd az ablakot
XSPK_C_013_T0022,wavs_synthetic_crossspeaker/XSPK_C_013_T0022.wav,C_013,Kapcsold ki a folyosón
XSPK_C_013_T0023,wavs_synthetic_crossspeaker/XSPK_C_013_T0023.wav,C_013,Kapcsold be a ventillátor a fürdőszobában.
XSPK_C_013_T0024,wavs_synthetic_crossspeaker/XSPK_C_013_T0024.wav,C_013,Kapcsold be a tévét a fürdőben
XSPK_C_013_T0025,wavs_synthetic_crossspeaker/XSPK_C_013_T0025.wav,C_013,Vedd le a fűtést a nagyszobába
XSPK_C_013_T0026,wavs_synthetic_crossspeaker/XSPK_C_013_T0026.wav,C_013,Konyhába kapcsold be a fűtést
XSPK_C_013_T0027,wavs_synthetic_crossspeaker/XSPK_C_013_T0027.wav,C_013,A fürdőszobában nyissuk ki az ajtón
XSPK_C_013_T0028,wavs_synthetic_crossspeaker/XSPK_C_013_T0028.wav,C_013,A folyosó is húzd be a függönyt
XSPK_C_013_T0029,wavs_synthetic_crossspeaker/XSPK_C_013_T0029.wav,C_013,A nagyszobában kapcsold be a vízmelegítőt.
XSPK_C_013_T0030,wavs_synthetic_crossspeaker/XSPK_C_013_T0030.wav,C_013,A kisszobában húzd le a redőnyt.
XSPK_C_013_T0031,wavs_synthetic_crossspeaker/XSPK_C_013_T0031.wav,C_013,Nagyszobába hangosícs fel a tévét.
XSPK_C_013_T0032,wavs_synthetic_crossspeaker/XSPK_C_013_T0032.wav,C_013,Kapcsold ki a ventilátort a szobába
XSPK_C_013_T0033,wavs_synthetic_crossspeaker/XSPK_C_013_T0033.wav,C_013,Húzd le a redőnyt a tobában.
XSPK_C_013_T0034,wavs_synthetic_crossspeaker/XSPK_C_013_T0034.wav,C_013,Válts csatornát a fürdőszobába
XSPK_C_013_T0035,wavs_synthetic_crossspeaker/XSPK_C_013_T0035.wav,C_013,A kisszubába halkíd a tévét
XSPK_C_013_T0036,wavs_synthetic_crossspeaker/XSPK_C_013_T0036.wav,C_013,Nyissuk az ajtót a folyosón
XSPK_C_013_T0037,wavs_synthetic_crossspeaker/XSPK_C_013_T0037.wav,C_013,A fürdőszobában engedd le a redőnyt
XSPK_C_013_T0038,wavs_synthetic_crossspeaker/XSPK_C_013_T0038.wav,C_013,A vízforralót kapcsold be a konyhában
XSPK_C_013_T0039,wavs_synthetic_crossspeaker/XSPK_C_013_T0039.wav,C_013,A szobában kapcsold ki a fűtés
XSPK_C_013_T0040,wavs_synthetic_crossspeaker/XSPK_C_013_T0040.wav,C_013,Válts csatornát a konyhába
XSPK_C_013_T0041,wavs_synthetic_crossspeaker/XSPK_C_013_T0041.wav,C_013,Konyhába húzle a fűtést.
XSPK_C_013_T0042,wavs_synthetic_crossspeaker/XSPK_C_013_T0042.wav,C_013,Fürdőszobában hatvan fokra állítsd be a mosógépet
XSPK_C_013_T0043,wavs_synthetic_crossspeaker/XSPK_C_013_T0043.wav,C_013,A fürdőszobában kapcsold be a fütést
XSPK_C_013_T0044,wavs_synthetic_crossspeaker/XSPK_C_013_T0044.wav,C_013,A kisszobába rotobe a számítógépet.
XSPK_C_013_T0045,wavs_synthetic_crossspeaker/XSPK_C_013_T0045.wav,C_013,Halkítsd le a tévét a folyosón
XSPK_C_013_T0046,wavs_synthetic_crossspeaker/XSPK_C_013_T0046.wav,C_013,Szobában engedd le a redőnt.
XSPK_C_013_T0047,wavs_synthetic_crossspeaker/XSPK_C_013_T0047.wav,C_013,Válcs csatornát a tévén a konyhábán.
XSPK_C_013_T0048,wavs_synthetic_crossspeaker/XSPK_C_013_T0048.wav,C_013,A fürdőszobába húzd fel a fűtést
XSPK_C_013_T0049,wavs_synthetic_crossspeaker/XSPK_C_013_T0049.wav,C_013,A polyosón pedig kapcsold ki
XSPK_C_013_T0050,wavs_synthetic_crossspeaker/XSPK_C_013_T0050.wav,C_013,Húzd fel a redőnyt a nagyszobába
XSPK_C_013_T0051,wavs_synthetic_crossspeaker/XSPK_C_013_T0051.wav,C_013,A folyosón kap húzd fel a radiátort
XSPK_C_013_T0052,wavs_synthetic_crossspeaker/XSPK_C_013_T0052.wav,C_013,A szobában kapcsold be a ládiót
XSPK_C_013_T0053,wavs_synthetic_crossspeaker/XSPK_C_013_T0053.wav,C_013,Zárd ki a konyhá az ajtót a folyosón
XSPK_C_013_T0054,wavs_synthetic_crossspeaker/XSPK_C_013_T0054.wav,C_013,A naccobában hangosít a tévét.
XSPK_C_013_T0055,wavs_synthetic_crossspeaker/XSPK_C_013_T0055.wav,C_013,Kapcsold fel a villanyt a szobába.
XSPK_C_013_T0056,wavs_synthetic_crossspeaker/XSPK_C_013_T0056.wav,C_013,A kisszobában a ventilláton kapcsold ki
XSPK_C_013_T0057,wavs_synthetic_crossspeaker/XSPK_C_013_T0057.wav,C_013,Húz be a függönyty a nagyszobában
XSPK_C_013_T0058,wavs_synthetic_crossspeaker/XSPK_C_013_T0058.wav,C_013,A nagyszobában elkezdenél porszívózni
XSPK_C_013_T0059,wavs_synthetic_crossspeaker/XSPK_C_013_T0059.wav,C_013,Válcs csatornát a tévén a szobában.
XSPK_C_013_T0060,wavs_synthetic_crossspeaker/XSPK_C_013_T0060.wav,C_013,Csendesíts tévét a kisszobában.
XSPK_C_013_T0061,wavs_synthetic_crossspeaker/XSPK_C_013_T0061.wav,C_013,Válts csatornát a kony a rádión a konyhában
XSPK_C_013_T0062,wavs_synthetic_crossspeaker/XSPK_C_013_T0062.wav,C_013,Kapcsold be légy szíves a kenyérpirítót a konyhában
XSPK_C_013_T0063,wavs_synthetic_crossspeaker/XSPK_C_013_T0063.wav,C_013,Szobába kapcsoljuk ki a ventilátorokat
XSPK_C_013_T0064,wavs_synthetic_crossspeaker/XSPK_C_013_T0064.wav,C_013,Húzd le a redőnyöket a folyosón
XSPK_C_013_T0065,wavs_synthetic_crossspeaker/XSPK_C_013_T0065.wav,C_013,Kapcsold be a ventilátort a nagyszobába.
XSPK_C_013_T0066,wavs_synthetic_crossspeaker/XSPK_C_013_T0066.wav,C_013,A konyhában váltsál csatornát a tévén
XSPK_C_013_T0067,wavs_synthetic_crossspeaker/XSPK_C_013_T0067.wav,C_013,A kisszobában csendesítsd a tévét
XSPK_C_013_T0068,wavs_synthetic_crossspeaker/XSPK_C_013_T0068.wav,C_013,Nagyszobába húzd fel a fűtést.
XSPK_C_013_T0069,wavs_synthetic_crossspeaker/XSPK_C_013_T0069.wav,C_013,Kapcsold be a folyosón a ventillátort
XSPK_C_013_T0070,wavs_synthetic_crossspeaker/XSPK_C_013_T0070.wav,C_013,A fürdőszobában kapcsold kihi a ventillátort
XSPK_C_013_T0071,wavs_synthetic_crossspeaker/XSPK_C_013_T0071.wav,C_013,A kony a nagyszobában halkítsd a tévét
XSPK_C_013_T0072,wavs_synthetic_crossspeaker/XSPK_C_013_T0072.wav,C_013,Kapcsold ki á ventillatort a szobában.
XSPK_C_013_T0073,wavs_synthetic_crossspeaker/XSPK_C_013_T0073.wav,C_013,Az fürdőszobában kapcsold ki a porszívót.
XSPK_C_013_T0074,wavs_synthetic_crossspeaker/XSPK_C_013_T0074.wav,C_013,A kisszobába zárd össze az ajtót
XSPK_C_013_T0075,wavs_synthetic_crossspeaker/XSPK_C_013_T0075.wav,C_013,Húzzuk be a függönyt a fürdőszobában
XSPK_C_013_T0076,wavs_synthetic_crossspeaker/XSPK_C_013_T0076.wav,C_013,Kapcsold fel a villanyt a kisszobába
XSPK_C_013_T0077,wavs_synthetic_crossspeaker/XSPK_C_013_T0077.wav,C_013,Húzd le a radiátort a fürdőszobában
XSPK_C_013_T0078,wavs_synthetic_crossspeaker/XSPK_C_013_T0078.wav,C_013,A fürdőben nyisd ki az ablakot
XSPK_C_013_T0079,wavs_synthetic_crossspeaker/XSPK_C_013_T0079.wav,C_013,Fürdőszobában kapcsold ki a ventilát
XSPK_C_013_T0080,wavs_synthetic_crossspeaker/XSPK_C_013_T0080.wav,C_013,Kapnyold be a vünnőnyoa fűrdőszobában.
XSPK_C_013_T0081,wavs_synthetic_crossspeaker/XSPK_C_013_T0081.wav,C_013,Konyhában kapcsold lejjebb a fűtést
XSPK_C_013_T0082,wavs_synthetic_crossspeaker/XSPK_C_013_T0082.wav,C_013,A ventilátort kapcsold be a folyosón
XSPK_C_013_T0083,wavs_synthetic_crossspeaker/XSPK_C_013_T0083.wav,C_013,Kapcsold be a mosást hatvan fokra a konyhában
XSPK_C_013_T0084,wavs_synthetic_crossspeaker/XSPK_C_013_T0084.wav,C_013,Vedd le a lejjebb a hangot televízióban a nagyszobában
XSPK_C_013_T0085,wavs_synthetic_crossspeaker/XSPK_C_013_T0085.wav,C_013,Kapcsold be a számítógépet a nagyszobába
XSPK_C_013_T0086,wavs_synthetic_crossspeaker/XSPK_C_013_T0086.wav,C_013,Kapcsold ki a ventillátort nagy nagyszobábaban
XSPK_C_013_T0087,wavs_synthetic_crossspeaker/XSPK_C_013_T0087.wav,C_013,A rádiót kapcsold be a szobában.
XSPK_C_013_T0088,wavs_synthetic_crossspeaker/XSPK_C_013_T0088.wav,C_013,Zárd be az ajtót á fojjosón.
XSPK_C_013_T0089,wavs_synthetic_crossspeaker/XSPK_C_013_T0089.wav,C_013,Kapcsold be a ventillátort a folyoson
XSPK_C_013_T0090,wavs_synthetic_crossspeaker/XSPK_C_013_T0090.wav,C_013,A kisszobában kapcsold be a uhh raditárot
XSPK_C_013_T0091,wavs_synthetic_crossspeaker/XSPK_C_013_T0091.wav,C_013,Hívd fel a fiam.
XSPK_C_013_T0092,wavs_synthetic_crossspeaker/XSPK_C_013_T0092.wav,C_013,Engedd le a fürdőszobai redőnyt
XSPK_C_013_T0093,wavs_synthetic_crossspeaker/XSPK_C_013_T0093.wav,C_013,A kisszobába másik csatornára tedd át a tévét légy szíves
XSPK_C_013_T0094,wavs_synthetic_crossspeaker/XSPK_C_013_T0094.wav,C_013,A kisszobában húzd le a fűtés.
XSPK_C_013_T0095,wavs_synthetic_crossspeaker/XSPK_C_013_T0095.wav,C_013,Fürdőszobába kapcsold ki a ventilátort
XSPK_C_013_T0096,wavs_synthetic_crossspeaker/XSPK_C_013_T0096.wav,C_013,A nagyszobába húzd le a relét
XSPK_C_013_T0097,wavs_synthetic_crossspeaker/XSPK_C_013_T0097.wav,C_013,Kapcsold be a ventillátort a fojjosón.
XSPK_C_013_T0098,wavs_synthetic_crossspeaker/XSPK_C_013_T0098.wav,C_013,Kapcsold be légy szíves a termosztátot a kisszobába
XSPK_C_013_T0099,wavs_synthetic_crossspeaker/XSPK_C_013_T0099.wav,C_013,Húzd fel aredőnt a nagyszobában.
XSPK_C_013_T0100,wavs_synthetic_crossspeaker/XSPK_C_013_T0100.wav,C_013,Kapcsold be a pirivasalót a konyhában.
XSPK_C_013_T0101,wavs_synthetic_crossspeaker/XSPK_C_013_T0101.wav,C_013,A konyhába kapcsold fel a villanyt.
XSPK_C_013_T0102,wavs_synthetic_crossspeaker/XSPK_C_013_T0102.wav,C_013,A kisszobában lekapcsoldjuk a fűtés
XSPK_C_013_T0103,wavs_synthetic_crossspeaker/XSPK_C_013_T0103.wav,C_013,A fojjosón kapcsold ki a ventillátort.
XSPK_C_013_T0104,wavs_synthetic_crossspeaker/XSPK_C_013_T0104.wav,C_013,Húzd fel a fűtést a folyoson
XSPK_C_013_T0105,wavs_synthetic_crossspeaker/XSPK_C_013_T0105.wav,C_013,Kapcsold le a villányt a szobában.
XSPK_C_013_T0106,wavs_synthetic_crossspeaker/XSPK_C_013_T0106.wav,C_013,Kapcsold be a mosógépet és állítsd hatvan fokra a konyhában
XSPK_C_013_T0107,wavs_synthetic_crossspeaker/XSPK_C_013_T0107.wav,C_013,Fürdőszobába vedd le a fűtést
XSPK_C_013_T0108,wavs_synthetic_crossspeaker/XSPK_C_013_T0108.wav,C_013,A konyhába kapcsold be a fűtést
XSPK_C_013_T0109,wavs_synthetic_crossspeaker/XSPK_C_013_T0109.wav,C_013,A konyhában kapcsold ki a pirítót
XSPK_C_013_T0110,wavs_synthetic_crossspeaker/XSPK_C_013_T0110.wav,C_013,A kisszobában kapcsold fel a világítást.
XSPK_C_013_T0111,wavs_synthetic_crossspeaker/XSPK_C_013_T0111.wav,C_013,A szobaban halkítsd le a tévét
XSPK_C_013_T0112,wavs_synthetic_crossspeaker/XSPK_C_013_T0112.wav,C_013,Kapcsold ki a ventillátort a konyhában.
XSPK_C_013_T0113,wavs_synthetic_crossspeaker/XSPK_C_013_T0113.wav,C_013,Kapcsoljuk ki a zsebrádiót
XSPK_C_013_T0114,wavs_synthetic_crossspeaker/XSPK_C_013_T0114.wav,C_013,Ventilátort a szobában kapcsold be
XSPK_C_013_T0115,wavs_synthetic_crossspeaker/XSPK_C_013_T0115.wav,C_013,Vedd lejjebb a radiátort a konyhába
XSPK_C_013_T0116,wavs_synthetic_crossspeaker/XSPK_C_013_T0116.wav,C_013,Nagyszobában nyisd ki az ablakot
XSPK_C_013_T0117,wavs_synthetic_crossspeaker/XSPK_C_013_T0117.wav,C_013,Kapcsold ki a fűtést a kisszobába
XSPK_C_013_T0118,wavs_synthetic_crossspeaker/XSPK_C_013_T0118.wav,C_013,A konyhába kapcsold be a mosógépet harminc fokon.
XSPK_C_013_T0119,wavs_synthetic_crossspeaker/XSPK_C_013_T0119.wav,C_013,A folyosón zárd be az ablakot
XSPK_C_013_T0120,wavs_synthetic_crossspeaker/XSPK_C_013_T0120.wav,C_013,A kisszobában kapcsold ki a ventillátort
XSPK_C_013_T0121,wavs_synthetic_crossspeaker/XSPK_C_013_T0121.wav,C_013,Kapcsold be a konyhában a pirítós
XSPK_C_013_T0122,wavs_synthetic_crossspeaker/XSPK_C_013_T0122.wav,C_013,Vedd lejjebb a kisszobába a fűtést
XSPK_C_013_T0123,wavs_synthetic_crossspeaker/XSPK_C_013_T0123.wav,C_013,A kisszobában válts csatornát
XSPK_C_013_T0124,wavs_synthetic_crossspeaker/XSPK_C_013_T0124.wav,C_013,Húzd le a hűttés a zobába.
XSPK_C_013_T0125,wavs_synthetic_crossspeaker/XSPK_C_013_T0125.wav,C_013,Kapcsold be a villanytűzhelyet
XSPK_C_013_T0126,wavs_synthetic_crossspeaker/XSPK_C_013_T0126.wav,C_013,A folyosón hangosítsd fel a tévét
XSPK_C_013_T0127,wavs_synthetic_crossspeaker/XSPK_C_013_T0127.wav,C_013,Hszobába kapcsold be a ventillátort
XSPK_C_013_T0128,wavs_synthetic_crossspeaker/XSPK_C_013_T0128.wav,C_013,Kapcsold ki a nagyszobai ventilátort
XSPK_C_013_T0129,wavs_synthetic_crossspeaker/XSPK_C_013_T0129.wav,C_013,Kapcsold be harminc fókon a konyhában a mosógépet
XSPK_C_013_T0130,wavs_synthetic_crossspeaker/XSPK_C_013_T0130.wav,C_013,A kisszobában kapcsold be a rádion
XSPK_C_013_T0131,wavs_synthetic_crossspeaker/XSPK_C_013_T0131.wav,C_013,Vál csatornát a tévét a szobában.
XSPK_C_013_T0132,wavs_synthetic_crossspeaker/XSPK_C_013_T0132.wav,C_013,Csendesítö tévét a konyhában.
XSPK_C_013_T0133,wavs_synthetic_crossspeaker/XSPK_C_013_T0133.wav,C_013,Váltsál csatornát a fürdőszobai rádión
XSPK_C_013_T0134,wavs_synthetic_crossspeaker/XSPK_C_013_T0134.wav,C_013,Nyisd ki az ablakot kisszobába.
XSPK_C_013_T0135,wavs_synthetic_crossspeaker/XSPK_C_013_T0135.wav,C_013,A nagyszobában kapcsold be a számítlépet.
XSPK_C_013_T0136,wavs_synthetic_crossspeaker/XSPK_C_013_T0136.wav,C_013,Kapcsold be a ventillátort a fürdőszobában
XSPK_C_013_T0137,wavs_synthetic_crossspeaker/XSPK_C_013_T0137.wav,C_013,A nagyszobában kapcsold be a rádiót.
XSPK_C_013_T0138,wavs_synthetic_crossspeaker/XSPK_C_013_T0138.wav,C_013,A konyhában válcs csatornát a rádión.
XSPK_C_013_T0139,wavs_synthetic_crossspeaker/XSPK_C_013_T0139.wav,C_013,Fürdőszobába kapcsoljuk ki a porszívót
XSPK_C_013_T0140,wavs_synthetic_crossspeaker/XSPK_C_013_T0140.wav,C_013,Húzd be a folyosón a függönyt légy szíves
XSPK_C_013_T0141,wavs_synthetic_crossspeaker/XSPK_C_013_T0141.wav,C_013,Fürdőszobába kapcsold le a villany
XSPK_C_013_T0142,wavs_synthetic_crossspeaker/XSPK_C_013_T0142.wav,C_013,Konyhában zárd be az ajtót.
XSPK_C_013_T0143,wavs_synthetic_crossspeaker/XSPK_C_013_T0143.wav,C_013,A nagycobába húzd szét a függönt.
XSPK_C_013_T0144,wavs_synthetic_crossspeaker/XSPK_C_013_T0144.wav,C_013,A kisszo kiszobába kisd ki az abrakot
XSPK_C_013_T0145,wavs_synthetic_crossspeaker/XSPK_C_013_T0145.wav,C_013,A nagyszobában húzd szét a függönyt.
XSPK_C_013_T0146,wavs_synthetic_crossspeaker/XSPK_C_013_T0146.wav,C_013,Kapcsold ki af a fűtést a szobába.
XSPK_C_013_T0147,wavs_synthetic_crossspeaker/XSPK_C_013_T0147.wav,C_013,Fürdőszobán harminc fokon kapcsold mosógépet.
XSPK_C_013_T0148,wavs_synthetic_crossspeaker/XSPK_C_013_T0148.wav,C_013,Kapcsold ki a rádiót a fürdőszobában.
XSPK_C_013_T0149,wavs_synthetic_crossspeaker/XSPK_C_013_T0149.wav,C_013,Húz szét a függönyt a fürdőszobában
XSPK_C_013_T0150,wavs_synthetic_crossspeaker/XSPK_C_013_T0150.wav,C_013,Konyhában hangosícsd a tévét.
XSPK_C_013_T0151,wavs_synthetic_crossspeaker/XSPK_C_013_T0151.wav,C_013,Kapcsold be a pirítót a konyhába
XSPK_C_013_T0152,wavs_synthetic_crossspeaker/XSPK_C_013_T0152.wav,C_013,Folyoson válts csatornát a tévén
XSPK_C_013_T0153,wavs_synthetic_crossspeaker/XSPK_C_013_T0153.wav,C_013,Engedd le a konyhai redőnyt
XSPK_C_013_T0154,wavs_synthetic_crossspeaker/XSPK_C_013_T0154.wav,C_013,Mosógépet konyhában kapcsold be
XSPK_C_013_T0155,wavs_synthetic_crossspeaker/XSPK_C_013_T0155.wav,C_013,Úzd lejjebb a konyhában a radiátor
XSPK_C_013_T0156,wavs_synthetic_crossspeaker/XSPK_C_013_T0156.wav,C_013,A szobába kapcsold ki a számítógépet
XSPK_C_013_T0157,wavs_synthetic_crossspeaker/XSPK_C_013_T0157.wav,C_013,Kisszobába húzd fel a rolót
XSPK_C_013_T0158,wavs_synthetic_crossspeaker/XSPK_C_013_T0158.wav,C_013,A konyhában kapcsold le a villant.
XSPK_C_013_T0159,wavs_synthetic_crossspeaker/XSPK_C_013_T0159.wav,C_013,Húzd be a függönyt a szobába.
XSPK_C_013_T0160,wavs_synthetic_crossspeaker/XSPK_C_013_T0160.wav,C_013,A fojjö csvón tét a függönyt.
XSPK_C_013_T0161,wavs_synthetic_crossspeaker/XSPK_C_013_T0161.wav,C_013,Kapcsold fel a villanyszo nagyszobában.
XSPK_C_013_T0162,wavs_synthetic_crossspeaker/XSPK_C_013_T0162.wav,C_013,Húzd le a redőnyöket a naccobában
XSPK_C_013_T0163,wavs_synthetic_crossspeaker/XSPK_C_013_T0163.wav,C_013,Húzd le a redőnyt a kisszobában
XSPK_C_013_T0164,wavs_synthetic_crossspeaker/XSPK_C_013_T0164.wav,C_013,Kapcsold le a villan a fürdőszobában
XSPK_C_013_T0165,wavs_synthetic_crossspeaker/XSPK_C_013_T0165.wav,C_013,Húzd szét a függöny a szobában.
XSPK_C_013_T0166,wavs_synthetic_crossspeaker/XSPK_C_013_T0166.wav,C_013,Kapcsold ki a ventillátort a kisszobában
XSPK_C_013_T0167,wavs_synthetic_crossspeaker/XSPK_C_013_T0167.wav,C_013,Üsd ki az ajtót a kisszobában.
XSPK_C_013_T0168,wavs_synthetic_crossspeaker/XSPK_C_013_T0168.wav,C_013,A konyhában kaptold be a rádiót.
XSPK_C_013_T0169,wavs_synthetic_crossspeaker/XSPK_C_013_T0169.wav,C_013,Húza fűtést a nagyszobába
XSPK_C_013_T0170,wavs_synthetic_crossspeaker/XSPK_C_013_T0170.wav,C_013,Húzd le a függönyt a nagyszobába
XSPK_C_013_T0171,wavs_synthetic_crossspeaker/XSPK_C_013_T0171.wav,C_013,A szobában halkíts a tévét.
XSPK_C_013_T0172,wavs_synthetic_crossspeaker/XSPK_C_013_T0172.wav,C_013,Konyhába kapcsold ki a fűtést.
XSPK_C_013_T0173,wavs_synthetic_crossspeaker/XSPK_C_013_T0173.wav,C_013,Húzd fel a redőnyt a konyhába.
XSPK_C_013_T0174,wavs_synthetic_crossspeaker/XSPK_C_013_T0174.wav,C_013,A nagyszobában váltsál csatornát a rádióban
XSPK_C_013_T0175,wavs_synthetic_crossspeaker/XSPK_C_013_T0175.wav,C_013,Húzd föl a redőnyt a fürdőszobába.
XSPK_C_013_T0176,wavs_synthetic_crossspeaker/XSPK_C_013_T0176.wav,C_013,Hatvan fokon mosd ki a fruhákat a fürdőszobában lévú mosógépbe
XSPK_C_013_T0177,wavs_synthetic_crossspeaker/XSPK_C_013_T0177.wav,C_013,Konyhában ki pirítós
XSPK_C_013_T0178,wavs_synthetic_crossspeaker/XSPK_C_013_T0178.wav,C_013,Zárd be a konyhában az ablakot.
XSPK_C_013_T0179,wavs_synthetic_crossspeaker/XSPK_C_013_T0179.wav,C_013,Csendesítsd a tévét a konyhábá.
XSPK_C_013_T0180,wavs_synthetic_crossspeaker/XSPK_C_013_T0180.wav,C_013,Húzd le a nagyszobai redőnyt
XSPK_C_013_T0181,wavs_synthetic_crossspeaker/XSPK_C_013_T0181.wav,C_013,Kapcsold be a számítógéptpet a szobában
XSPK_C_013_T0182,wavs_synthetic_crossspeaker/XSPK_C_013_T0182.wav,C_013,Kapcsold fel a fűtést a szobában
XSPK_C_013_T0183,wavs_synthetic_crossspeaker/XSPK_C_013_T0183.wav,C_013,Kapcsold be a radidátort a szobában
XSPK_C_013_T0184,wavs_synthetic_crossspeaker/XSPK_C_013_T0184.wav,C_013,A konyhában a tévét csendesít.
XSPK_C_013_T0185,wavs_synthetic_crossspeaker/XSPK_C_013_T0185.wav,C_013,A szobában be a számítógépet
XSPK_C_013_T0186,wavs_synthetic_crossspeaker/XSPK_C_013_T0186.wav,C_013,És kapcsold be a nagyszobában a kenyérpirítót
XSPK_C_013_T0187,wavs_synthetic_crossspeaker/XSPK_C_013_T0187.wav,C_013,Szobában kapcsold ki a fűtést
XSPK_C_013_T0188,wavs_synthetic_crossspeaker/XSPK_C_013_T0188.wav,C_013,A porszívót kapcsold be a fürdőszobába
XSPK_C_013_T0189,wavs_synthetic_crossspeaker/XSPK_C_013_T0189.wav,C_013,Televíziót hangosítsd fel a kisszobában
XSPK_C_013_T0190,wavs_synthetic_crossspeaker/XSPK_C_013_T0190.wav,C_013,A folyosón üsd ki az ablakot.
XSPK_C_013_T0191,wavs_synthetic_crossspeaker/XSPK_C_013_T0191.wav,C_013,Kisszobába kapcsold ki a porszívót.
XSPK_C_013_T0192,wavs_synthetic_crossspeaker/XSPK_C_013_T0192.wav,C_013,A szobában kapcsold be a ventillátor
XSPK_C_013_T0193,wavs_synthetic_crossspeaker/XSPK_C_013_T0193.wav,C_013,Kapcsold le a fűtést a fürdőszobában.
XSPK_C_013_T0194,wavs_synthetic_crossspeaker/XSPK_C_013_T0194.wav,C_013,Harminc fokra öaö indítsd már el légy szíves a mosógépet a fürdőszobában
XSPK_C_013_T0195,wavs_synthetic_crossspeaker/XSPK_C_013_T0195.wav,C_013,A kisszobába húzd szét a függönyt
XSPK_C_013_T0196,wavs_synthetic_crossspeaker/XSPK_C_013_T0196.wav,C_013,Kapcsold ki a fűtést a nagyszobába.
XSPK_C_013_T0197,wavs_synthetic_crossspeaker/XSPK_C_013_T0197.wav,C_013,Nagyszobába csendesícsd a tévét.
XSPK_C_013_T0198,wavs_synthetic_crossspeaker/XSPK_C_013_T0198.wav,C_013,A konyhában válcsatornát a rádijón.
XSPK_C_013_T0199,wavs_synthetic_crossspeaker/XSPK_C_013_T0199.wav,C_013,Húzd be a függönyt a folyosón
XSPK_C_013_T0200,wavs_synthetic_crossspeaker/XSPK_C_013_T0200.wav,C_013,Csendesítsd a tévét a kisszobában.
XSPK_C_013_T0201,wavs_synthetic_crossspeaker/XSPK_C_013_T0201.wav,C_013,Folyosó kapcsold ki a porszívót
XSPK_C_013_T0202,wavs_synthetic_crossspeaker/XSPK_C_013_T0202.wav,C_013,A nagyszobába húzd le a redőnyt.
XSPK_C_013_T0203,wavs_synthetic_crossspeaker/XSPK_C_013_T0203.wav,C_013,Kapcsold ki a rádjót a fürdő szhobában.
XSPK_C_013_T0204,wavs_synthetic_crossspeaker/XSPK_C_013_T0204.wav,C_013,Kapcsold be a tévét a folyosón.
XSPK_C_013_T0205,wavs_synthetic_crossspeaker/XSPK_C_013_T0205.wav,C_013,A kisszobába nyisd ki az ablakot.
XSPK_C_013_T0206,wavs_synthetic_crossspeaker/XSPK_C_013_T0206.wav,C_013,Kapcsoljuk le a fürdőszobában a villanyt
XSPK_C_013_T0207,wavs_synthetic_crossspeaker/XSPK_C_013_T0207.wav,C_013,Konyhába kapcsold ki a kenyérpirítót
XSPK_C_013_T0208,wavs_synthetic_crossspeaker/XSPK_C_013_T0208.wav,C_013,Zárd be az ajtót a folyosón
XSPK_C_013_T0209,wavs_synthetic_crossspeaker/XSPK_C_013_T0209.wav,C_013,Kapcsold feljebb a fűtést a konyhában
XSPK_C_014_T0000,wavs_synthetic_crossspeaker/XSPK_C_014_T0000.wav,C_014,Nyissuk ki az ajtót a fürdőszobában
XSPK_C_014_T0001,wavs_synthetic_crossspeaker/XSPK_C_014_T0001.wav,C_014,Nagyszobába kapcsold be a porszívót.
XSPK_C_014_T0002,wavs_synthetic_crossspeaker/XSPK_C_014_T0002.wav,C_014,Kapcsold ki a porszivót a szobában.
XSPK_C_014_T0003,wavs_synthetic_crossspeaker/XSPK_C_014_T0003.wav,C_014,Szobába kapcsold ki a fűtést.
XSPK_C_014_T0004,wavs_synthetic_crossspeaker/XSPK_C_014_T0004.wav,C_014,A fürdőszobába kapcsold fel a villanyt
XSPK_C_014_T0005,wavs_synthetic_crossspeaker/XSPK_C_014_T0005.wav,C_014,Kapcsold be a mosógépet harminc fokon a fürdőszobába.
XSPK_C_014_T0006,wavs_synthetic_crossspeaker/XSPK_C_014_T0006.wav,C_014,Nyísd ki az ablakot a fürdőszobában
XSPK_C_014_T0007,wavs_synthetic_crossspeaker/XSPK_C_014_T0007.wav,C_014,Zárjuk be az ablakot a szobába
XSPK_C_014_T0008,wavs_synthetic_crossspeaker/XSPK_C_014_T0008.wav,C_014,A kisszobában kapcsold be a rádiot
XSPK_C_014_T0009,wavs_synthetic_crossspeaker/XSPK_C_014_T0009.wav,C_014,A konyhába klapcsold be a porszívót
XSPK_C_014_T0010,wavs_synthetic_crossspeaker/XSPK_C_014_T0010.wav,C_014,Engedd le a reg re redőnyt a konyhába.
XSPK_C_014_T0011,wavs_synthetic_crossspeaker/XSPK_C_014_T0011.wav,C_014,Kapcsold be a kisszobai számítógépet
XSPK_C_014_T0012,wavs_synthetic_crossspeaker/XSPK_C_014_T0012.wav,C_014,A nagyszobában húzd le a redőnyt
XSPK_C_014_T0013,wavs_synthetic_crossspeaker/XSPK_C_014_T0013.wav,C_014,A fürdőszobában húzd fel a fűtés.
XSPK_C_014_T0014,wavs_synthetic_crossspeaker/XSPK_C_014_T0014.wav,C_014,Vál csatornát a rádión a kisszobában.
XSPK_C_014_T0015,wavs_synthetic_crossspeaker/XSPK_C_014_T0015.wav,C_014,Kapcsold fel a villanyt a fürdőszobába.
XSPK_C_014_T0016,wavs_synthetic_crossspeaker/XSPK_C_014_T0016.wav,C_014,Húzd le a redőnyt a konyhába.
XSPK_C_014_T0017,wavs_synthetic_crossspeaker/XSPK_C_014_T0017.wav,C_014,Kapcsold ki a tévét a foly folyosón
XSPK_C_014_T0018,wavs_synthetic_crossspeaker/XSPK_C_014_T0018.wav,C_014,A konyhába kapcsold be a vízforralót.
XSPK_C_014_T0019,wavs_synthetic_crossspeaker/XSPK_C_014_T0019.wav,C_014,A folyosón a fűtést kapcsold be
XSPK_C_014_T0020,wavs_synthetic_crossspeaker/XSPK_C_014_T0020.wav,C_014,A konyha ajtót bezárnád
XSPK_C_014_T0021,wavs_synthetic_crossspeaker/XSPK_C_014_T0021.wav,C_014,Folyosón kapcsold le a villanyfölkapcsolót
XSPK_C_014_T0022,wavs_synthetic_crossspeaker/XSPK_C_014_T0022.wav,C_014,A számítógépet kapcsold ki a ki a szobában.
XSPK_C_014_T0023,wavs_synthetic_crossspeaker/XSPK_C_014_T0023.wav,C_014,Nagyszobába vegyük lé a  le a tévét tévéhangot
XSPK_C_014_T0024,wavs_synthetic_crossspeaker/XSPK_C_014_T0024.wav,C_014,Nyics ki az ajtót a kisszobában.
XSPK_C_014_T0025,wavs_synthetic_crossspeaker/XSPK_C_014_T0025.wav,C_014,Vedd le a lejjebb a hangot televízióban a nagyszobában
XSPK_C_014_T0026,wavs_synthetic_crossspeaker/XSPK_C_014_T0026.wav,C_014,Zárd be a ajtót a folyosón
XSPK_C_014_T0027,wavs_synthetic_crossspeaker/XSPK_C_014_T0027.wav,C_014,Válts csatornát a tévén a kisszobába
XSPK_C_014_T0028,wavs_synthetic_crossspeaker/XSPK_C_014_T0028.wav,C_014,A szobámban a fűtést kapcsold le
XSPK_C_014_T0029,wavs_synthetic_crossspeaker/XSPK_C_014_T0029.wav,C_014,Kapcsold le a villanyt a folyoson
XSPK_C_014_T0030,wavs_synthetic_crossspeaker/XSPK_C_014_T0030.wav,C_014,Kapcsold be a rádolót a konyhában.
XSPK_C_014_T0031,wavs_synthetic_crossspeaker/XSPK_C_014_T0031.wav,C_014,Kapcsold be harminc fókon a konyhában a mosógépet
XSPK_C_014_T0032,wavs_synthetic_crossspeaker/XSPK_C_014_T0032.wav,C_014,Kisszobába kapcsold be a számítógépet.
XSPK_C_014_T0033,wavs_synthetic_crossspeaker/XSPK_C_014_T0033.wav,C_014,Zárd be az ajtót a kiszobában.
XSPK_C_014_T0034,wavs_synthetic_crossspeaker/XSPK_C_014_T0034.wav,C_014,Mosógépet kapcsold ki a hatvan fokon a konyhában.
XSPK_C_014_T0035,wavs_synthetic_crossspeaker/XSPK_C_014_T0035.wav,C_014,A nagyszobaban halkítsd le a tévét
XSPK_C_014_T0036,wavs_synthetic_crossspeaker/XSPK_C_014_T0036.wav,C_014,Kapcold be a mosogatogé mo mosogatógéket a konyhában
XSPK_C_014_T0037,wavs_synthetic_crossspeaker/XSPK_C_014_T0037.wav,C_014,A folyosón tedd át a másik csatornára a tévét
XSPK_C_014_T0038,wavs_synthetic_crossspeaker/XSPK_C_014_T0038.wav,C_014,Konyhába kapcsold ki a radio
XSPK_C_014_T0039,wavs_synthetic_crossspeaker/XSPK_C_014_T0039.wav,C_014,A konyhába kapcsold be a porszívót.
XSPK_C_014_T0040,wavs_synthetic_crossspeaker/XSPK_C_014_T0040.wav,C_014,Hívd fel a fiamat.
XSPK_C_014_T0041,wavs_synthetic_crossspeaker/XSPK_C_014_T0041.wav,C_014,Kapcsold ki a mosogatógépet a konyhábán.
XSPK_C_014_T0042,wavs_synthetic_crossspeaker/XSPK_C_014_T0042.wav,C_014,A kisszobában kapcsold be a tévét.
XSPK_C_014_T0043,wavs_synthetic_crossspeaker/XSPK_C_014_T0043.wav,C_014,A konyhában hangosíd a tévét
XSPK_C_014_T0044,wavs_synthetic_crossspeaker/XSPK_C_014_T0044.wav,C_014,A konyhábankapcsold ki porszívó.
XSPK_C_014_T0045,wavs_synthetic_crossspeaker/XSPK_C_014_T0045.wav,C_014,Kapcsold be a folyosón a ventillátort
XSPK_C_014_T0046,wavs_synthetic_crossspeaker/XSPK_C_014_T0046.wav,C_014,Húzd fel a radiátort a szobába
XSPK_C_014_T0047,wavs_synthetic_crossspeaker/XSPK_C_014_T0047.wav,C_014,Húzzuk be a függönyt a fürdőszobában
XSPK_C_014_T0048,wavs_synthetic_crossspeaker/XSPK_C_014_T0048.wav,C_014,Keressünk másik csatornát
XSPK_C_014_T0049,wavs_synthetic_crossspeaker/XSPK_C_014_T0049.wav,C_014,A szobában kapcsold be a ládiót
XSPK_C_014_T0050,wavs_synthetic_crossspeaker/XSPK_C_014_T0050.wav,C_014,Nyisd ki a konyh az ajtót a nagyszobába
XSPK_C_014_T0051,wavs_synthetic_crossspeaker/XSPK_C_014_T0051.wav,C_014,Konyhába kapcsold ki a rádiót
XSPK_C_014_T0052,wavs_synthetic_crossspeaker/XSPK_C_014_T0052.wav,C_014,Konyha lekapcsolni lámpam
XSPK_C_014_T0053,wavs_synthetic_crossspeaker/XSPK_C_014_T0053.wav,C_014,A kiszobábá kapcsold be a rádiót.
XSPK_C_014_T0054,wavs_synthetic_crossspeaker/XSPK_C_014_T0054.wav,C_014,Kapcsold ki a venventillátort a nagyszobában.
XSPK_C_014_T0055,wavs_synthetic_crossspeaker/XSPK_C_014_T0055.wav,C_014,Kapcsoljuk ki a zsebrádiót
XSPK_C_014_T0056,wavs_synthetic_crossspeaker/XSPK_C_014_T0056.wav,C_014,Húzd feljebb a radiátort a folyosón
XSPK_C_014_T0057,wavs_synthetic_crossspeaker/XSPK_C_014_T0057.wav,C_014,A kisszobába halkítsd le a tévét
XSPK_C_014_T0058,wavs_synthetic_crossspeaker/XSPK_C_014_T0058.wav,C_014,Húz szét a függönyt kia a kisszobában
XSPK_C_014_T0059,wavs_synthetic_crossspeaker/XSPK_C_014_T0059.wav,C_014,A fürdőszobában húzd fel a redőnyt
XSPK_C_014_T0060,wavs_synthetic_crossspeaker/XSPK_C_014_T0060.wav,C_014,A konyhában emeld meg a fűtés.
XSPK_C_014_T0061,wavs_synthetic_crossspeaker/XSPK_C_014_T0061.wav,C_014,A folyosón kapcsőd ki a forszívót
XSPK_C_014_T0062,wavs_synthetic_crossspeaker/XSPK_C_014_T0062.wav,C_014,A nagyszobában húzd be a függönyt.
XSPK_C_014_T0063,wavs_synthetic_crossspeaker/XSPK_C_014_T0063.wav,C_014,Csöngesd meg a fiamat
XSPK_C_014_T0064,wavs_synthetic_crossspeaker/XSPK_C_014_T0064.wav,C_014,Nagyszobában kapcsold ki a radiátort
XSPK_C_014_T0065,wavs_synthetic_crossspeaker/XSPK_C_014_T0065.wav,C_014,A nagyszobában kapcsold le a villany.
XSPK_C_014_T0066,wavs_synthetic_crossspeaker/XSPK_C_014_T0066.wav,C_014,Szobában zárd be a ajtót
XSPK_C_014_T0067,wavs_synthetic_crossspeaker/XSPK_C_014_T0067.wav,C_014,A nagyszobába vál csatornát a rádión.
XSPK_C_014_T0068,wavs_synthetic_crossspeaker/XSPK_C_014_T0068.wav,C_014,Húzd le a redőnyt a kisszobába
XSPK_C_014_T0069,wavs_synthetic_crossspeaker/XSPK_C_014_T0069.wav,C_014,Vedd lejjebb a radiátort a fürdőszobában
XSPK_C_014_T0070,wavs_synthetic_crossspeaker/XSPK_C_014_T0070.wav,C_014,Kapcsold ki a rádiót konyhába.
XSPK_C_014_T0071,wavs_synthetic_crossspeaker/XSPK_C_014_T0071.wav,C_014,Kisszobába kacsold be a ventilátort
XSPK_C_014_T0072,wavs_synthetic_crossspeaker/XSPK_C_014_T0072.wav,C_014,Az kisszobában kapcsold ki a forszívót
XSPK_C_014_T0073,wavs_synthetic_crossspeaker/XSPK_C_014_T0073.wav,C_014,Kapcsold föl a fürdőszoba villanyát
XSPK_C_014_T0074,wavs_synthetic_crossspeaker/XSPK_C_014_T0074.wav,C_014,A rádiót a nagyszobába kapcsold be
XSPK_C_014_T0075,wavs_synthetic_crossspeaker/XSPK_C_014_T0075.wav,C_014,A szfobában nyisd ki az ajt ajtót
XSPK_C_014_T0076,wavs_synthetic_crossspeaker/XSPK_C_014_T0076.wav,C_014,Kapcsold ki a ve ventilátorokat
XSPK_C_014_T0077,wavs_synthetic_crossspeaker/XSPK_C_014_T0077.wav,C_014,Kapcsold bje a radiátort a folyosón
XSPK_C_014_T0078,wavs_synthetic_crossspeaker/XSPK_C_014_T0078.wav,C_014,A füldőszobába kapcsold be a porszívót
XSPK_C_014_T0079,wavs_synthetic_crossspeaker/XSPK_C_014_T0079.wav,C_014,A szobába válcs csatornát a rádijón.
XSPK_C_014_T0080,wavs_synthetic_crossspeaker/XSPK_C_014_T0080.wav,C_014,Kapcsold lejjebb a fűtést a fürdőszobában
XSPK_C_014_T0081,wavs_synthetic_crossspeaker/XSPK_C_014_T0081.wav,C_014,Zárd ki az ajtót a konyhába
XSPK_C_014_T0082,wavs_synthetic_crossspeaker/XSPK_C_014_T0082.wav,C_014,Kapcsold ki a számítógépre fürdőszobában.
XSPK_C_014_T0083,wavs_synthetic_crossspeaker/XSPK_C_014_T0083.wav,C_014,Kapcsold be a vízforralót a konyhába.
XSPK_C_014_T0084,wavs_synthetic_crossspeaker/XSPK_C_014_T0084.wav,C_014,A fojjosón kapcsold ki a fűtés.
XSPK_C_014_T0085,wavs_synthetic_crossspeaker/XSPK_C_014_T0085.wav,C_014,A szobában lekapcsoldjuk a fűtést
XSPK_C_014_T0086,wavs_synthetic_crossspeaker/XSPK_C_014_T0086.wav,C_014,A szobában húzzuk be a függöny
XSPK_C_014_T0087,wavs_synthetic_crossspeaker/XSPK_C_014_T0087.wav,C_014,Halkasítsd le a tévét a fürdőszobába
XSPK_C_014_T0088,wavs_synthetic_crossspeaker/XSPK_C_014_T0088.wav,C_014,A kiccöbában kapcsold ki a ventillátort.
XSPK_C_014_T0089,wavs_synthetic_crossspeaker/XSPK_C_014_T0089.wav,C_014,Váltsál csatornát a folyosói rádión
XSPK_C_014_T0090,wavs_synthetic_crossspeaker/XSPK_C_014_T0090.wav,C_014,A konyhába húzd fel függönyt
XSPK_C_014_T0091,wavs_synthetic_crossspeaker/XSPK_C_014_T0091.wav,C_014,A szobaban halkítsd le a tévét
XSPK_C_014_T0092,wavs_synthetic_crossspeaker/XSPK_C_014_T0092.wav,C_014,Kapcsold be a porszívót a kisszobába.
XSPK_C_014_T0093,wavs_synthetic_crossspeaker/XSPK_C_014_T0093.wav,C_014,Húzd le a konyhai redőnyt
XSPK_C_014_T0094,wavs_synthetic_crossspeaker/XSPK_C_014_T0094.wav,C_014,A szobába vegyük már lejjebb a fűtést
XSPK_C_014_T0095,wavs_synthetic_crossspeaker/XSPK_C_014_T0095.wav,C_014,Kikapcsolnád a kisszobai rádiót
XSPK_C_014_T0096,wavs_synthetic_crossspeaker/XSPK_C_014_T0096.wav,C_014,A konyhában az ah nyisd ki az ajtót
XSPK_C_014_T0097,wavs_synthetic_crossspeaker/XSPK_C_014_T0097.wav,C_014,Fürdőszoban fel a lámpam
XSPK_C_014_T0098,wavs_synthetic_crossspeaker/XSPK_C_014_T0098.wav,C_014,Konyhában kapcsold be a fűtést
XSPK_C_014_T0099,wavs_synthetic_crossspeaker/XSPK_C_014_T0099.wav,C_014,Nyisd ki az ajtót a fühldőszobába
XSPK_C_014_T0100,wavs_synthetic_crossspeaker/XSPK_C_014_T0100.wav,C_014,Húzd fel a redőnt a szobában.
XSPK_C_014_T0101,wavs_synthetic_crossspeaker/XSPK_C_014_T0101.wav,C_014,És a konyhába zárd be az abl
XSPK_C_014_T0102,wavs_synthetic_crossspeaker/XSPK_C_014_T0102.wav,C_014,Kapcsold be a vizforralot a konyhaban
XSPK_C_014_T0103,wavs_synthetic_crossspeaker/XSPK_C_014_T0103.wav,C_014,Kapcsold be légy szíves a kenyérpirítót a konyhában
XSPK_C_014_T0104,wavs_synthetic_crossspeaker/XSPK_C_014_T0104.wav,C_014,Zárd be az ajtót a fojjosón.
XSPK_C_014_T0105,wavs_synthetic_crossspeaker/XSPK_C_014_T0105.wav,C_014,A konyhában csatornát váltson a tévén
XSPK_C_014_T0106,wavs_synthetic_crossspeaker/XSPK_C_014_T0106.wav,C_014,Kapcsold be a a számítógépet a szobában
XSPK_C_014_T0107,wavs_synthetic_crossspeaker/XSPK_C_014_T0107.wav,C_014,Kapcsold be a fűtést a kisszobában
XSPK_C_014_T0108,wavs_synthetic_crossspeaker/XSPK_C_014_T0108.wav,C_014,Kikapcsolta a tűzhelyet.
XSPK_C_014_T0109,wavs_synthetic_crossspeaker/XSPK_C_014_T0109.wav,C_014,A nagyszobában kapcsold ki a rádidót
XSPK_C_014_T0110,wavs_synthetic_crossspeaker/XSPK_C_014_T0110.wav,C_014,Hívd föl a lányomat
XSPK_C_014_T0111,wavs_synthetic_crossspeaker/XSPK_C_014_T0111.wav,C_014,Zárd be az ajtót a szobában
XSPK_C_014_T0112,wavs_synthetic_crossspeaker/XSPK_C_014_T0112.wav,C_014,A kisszobában kapcsold be a radiátort
XSPK_C_014_T0113,wavs_synthetic_crossspeaker/XSPK_C_014_T0113.wav,C_014,A konyhában kapcsold ki a tűzhelyet
XSPK_C_014_T0114,wavs_synthetic_crossspeaker/XSPK_C_014_T0114.wav,C_014,Húzd fel a redőnt a nagycobában.
XSPK_C_014_T0115,wavs_synthetic_crossspeaker/XSPK_C_014_T0115.wav,C_014,A konyhában húzd be a függöny.
XSPK_C_014_T0116,wavs_synthetic_crossspeaker/XSPK_C_014_T0116.wav,C_014,Csendesít a tévét a csatornán.
XSPK_C_014_T0117,wavs_synthetic_crossspeaker/XSPK_C_014_T0117.wav,C_014,Húzd be a függönyt kisszobába
XSPK_C_014_T0118,wavs_synthetic_crossspeaker/XSPK_C_014_T0118.wav,C_014,A konyhában hideg van vagy meleg van vissza kell venni a fűtést
XSPK_C_014_T0119,wavs_synthetic_crossspeaker/XSPK_C_014_T0119.wav,C_014,A redőnyt a fürdőszobában húzd hogy van ez húzd fel
XSPK_C_014_T0120,wavs_synthetic_crossspeaker/XSPK_C_014_T0120.wav,C_014,Kapcsold be a rádiót ak a konyhába
XSPK_C_014_T0121,wavs_synthetic_crossspeaker/XSPK_C_014_T0121.wav,C_014,A konyhában ód el a ledőnyt
XSPK_C_014_T0122,wavs_synthetic_crossspeaker/XSPK_C_014_T0122.wav,C_014,Nagyszobába válcsatornát a rádión.
XSPK_C_014_T0123,wavs_synthetic_crossspeaker/XSPK_C_014_T0123.wav,C_014,Kapcsold be a villanytűzhelyet
XSPK_C_014_T0124,wavs_synthetic_crossspeaker/XSPK_C_014_T0124.wav,C_014,Á szobábán kápcsold ki á számítógépet.
XSPK_C_014_T0125,wavs_synthetic_crossspeaker/XSPK_C_014_T0125.wav,C_014,A konyhában nyissák nyissa meg az ablakot
XSPK_C_014_T0126,wavs_synthetic_crossspeaker/XSPK_C_014_T0126.wav,C_014,Válts csatornát a tévén a folyoson
XSPK_C_014_T0127,wavs_synthetic_crossspeaker/XSPK_C_014_T0127.wav,C_014,Kapcsold be a ventillátort a kis kisszobában.
XSPK_C_014_T0128,wavs_synthetic_crossspeaker/XSPK_C_014_T0128.wav,C_014,Kapcsold ki a rádiot a kisszobába
XSPK_C_014_T0129,wavs_synthetic_crossspeaker/XSPK_C_014_T0129.wav,C_014,A rádiót kapcsold ki a kisszobába.
XSPK_C_014_T0130,wavs_synthetic_crossspeaker/XSPK_C_014_T0130.wav,C_014,Konyhában bekapcsolni piri
XSPK_C_014_T0131,wavs_synthetic_crossspeaker/XSPK_C_014_T0131.wav,C_014,O konyhában kapcsold fel a villany.
XSPK_C_014_T0132,wavs_synthetic_crossspeaker/XSPK_C_014_T0132.wav,C_014,A nagyszobában kapcsold ki a rádjót.
XSPK_C_014_T0133,wavs_synthetic_crossspeaker/XSPK_C_014_T0133.wav,C_014,Televíziónak adjunk egy kis hangot
XSPK_C_014_T0134,wavs_synthetic_crossspeaker/XSPK_C_014_T0134.wav,C_014,A nagyszobában húzd szét a függöny.
XSPK_C_014_T0135,wavs_synthetic_crossspeaker/XSPK_C_014_T0135.wav,C_014,Konyhában kapcsold be a kenyérpirítót
XSPK_C_014_T0136,wavs_synthetic_crossspeaker/XSPK_C_014_T0136.wav,C_014,Hangosítsd fel a tévét a fürdőszobában.
XSPK_C_014_T0137,wavs_synthetic_crossspeaker/XSPK_C_014_T0137.wav,C_014,A konyhában zárd be a ajtót
XSPK_C_014_T0138,wavs_synthetic_crossspeaker/XSPK_C_014_T0138.wav,C_014,A szobaban kapcsodl be a számítógepet
XSPK_C_014_T0139,wavs_synthetic_crossspeaker/XSPK_C_014_T0139.wav,C_014,Húzd fel a redőnyt a fürdőszobában.
XSPK_C_014_T0140,wavs_synthetic_crossspeaker/XSPK_C_014_T0140.wav,C_014,Kapcsold ö ki a számítógépet a szobában
XSPK_C_014_T0141,wavs_synthetic_crossspeaker/XSPK_C_014_T0141.wav,C_014,A fürdőszobában kapcsold ki a évét
XSPK_C_014_T0142,wavs_synthetic_crossspeaker/XSPK_C_014_T0142.wav,C_014,Kapcsold be a mosógépet a konyhában
XSPK_C_014_T0143,wavs_synthetic_crossspeaker/XSPK_C_014_T0143.wav,C_014,A folyosó kapcsold be a ventilátort
XSPK_C_014_T0144,wavs_synthetic_crossspeaker/XSPK_C_014_T0144.wav,C_014,Konyhába kapcsoljuk le a villanyt
XSPK_C_014_T0145,wavs_synthetic_crossspeaker/XSPK_C_014_T0145.wav,C_014,A konyhában kápcsold be a mosógépet hátván fokon.
XSPK_C_014_T0146,wavs_synthetic_crossspeaker/XSPK_C_014_T0146.wav,C_014,A szobába kapcsold ki a ventilátorokat
XSPK_C_014_T0147,wavs_synthetic_crossspeaker/XSPK_C_014_T0147.wav,C_014,Kapcsold be a ventillátort a kisszobában.
XSPK_C_014_T0148,wavs_synthetic_crossspeaker/XSPK_C_014_T0148.wav,C_014,Ventilátorokat kapcsold be
XSPK_C_014_T0149,wavs_synthetic_crossspeaker/XSPK_C_014_T0149.wav,C_014,Nagyszobába húzd fel a rolót
XSPK_C_014_T0150,wavs_synthetic_crossspeaker/XSPK_C_014_T0150.wav,C_014,Konyhában kapcsold ki a ventillátort
XSPK_C_014_T0151,wavs_synthetic_crossspeaker/XSPK_C_014_T0151.wav,C_014,Kapcsold ki a für fürdőszobába a fűtést
XSPK_C_014_T0152,wavs_synthetic_crossspeaker/XSPK_C_014_T0152.wav,C_014,Konyhában kapcsold be a vízforraló.
XSPK_C_014_T0153,wavs_synthetic_crossspeaker/XSPK_C_014_T0153.wav,C_014,Kapcsold ki a monitort
XSPK_C_014_T0154,wavs_synthetic_crossspeaker/XSPK_C_014_T0154.wav,C_014,Kapcsold le a villan a nagyszobában
XSPK_C_014_T0155,wavs_synthetic_crossspeaker/XSPK_C_014_T0155.wav,C_014,Konyhában húzd le a redőnyt
XSPK_C_014_T0156,wavs_synthetic_crossspeaker/XSPK_C_014_T0156.wav,C_014,A nagyszobában kapcskold fel a villany
XSPK_C_014_T0157,wavs_synthetic_crossspeaker/XSPK_C_014_T0157.wav,C_014,A kisszobában húzd le a redőnt.
XSPK_C_014_T0158,wavs_synthetic_crossspeaker/XSPK_C_014_T0158.wav,C_014,Válcs csatornát a kisszobába.
XSPK_C_014_T0159,wavs_synthetic_crossspeaker/XSPK_C_014_T0159.wav,C_014,A fürdőszobaban húzd le a redönyt
XSPK_C_014_T0160,wavs_synthetic_crossspeaker/XSPK_C_014_T0160.wav,C_014,A szobábán kápcsold fell a villanyt.
XSPK_C_014_T0161,wavs_synthetic_crossspeaker/XSPK_C_014_T0161.wav,C_014,Huzd fel a fűtést a fürdőszobába
XSPK_C_014_T0162,wavs_synthetic_crossspeaker/XSPK_C_014_T0162.wav,C_014,A fürdőszobába hangosítsuk a tévét
XSPK_C_014_T0163,wavs_synthetic_crossspeaker/XSPK_C_014_T0163.wav,C_014,Fürdőszobában vál csatornát a rádión.
XSPK_C_014_T0164,wavs_synthetic_crossspeaker/XSPK_C_014_T0164.wav,C_014,A ventillátorokat kapcsold be a fürdőszobába
XSPK_C_014_T0165,wavs_synthetic_crossspeaker/XSPK_C_014_T0165.wav,C_014,Porszivó kisz kiszoban
XSPK_C_014_T0166,wavs_synthetic_crossspeaker/XSPK_C_014_T0166.wav,C_014,Hangosítsd fel a tévét a folyosón.
XSPK_C_014_T0167,wavs_synthetic_crossspeaker/XSPK_C_014_T0167.wav,C_014,A nagyszobában kapcsold be a porszívó.
XSPK_C_014_T0168,wavs_synthetic_crossspeaker/XSPK_C_014_T0168.wav,C_014,Kiccobában kapcsold be a porszívót.
XSPK_C_014_T0169,wavs_synthetic_crossspeaker/XSPK_C_014_T0169.wav,C_014,Válcs csatornát a rádijón a konyhában.
XSPK_C_014_T0170,wavs_synthetic_crossspeaker/XSPK_C_014_T0170.wav,C_014,Konyhában kapcsold lejjebb a fűtést
XSPK_C_014_T0171,wavs_synthetic_crossspeaker/XSPK_C_014_T0171.wav,C_014,Szobában kapcsold föl a villanyt.
XSPK_C_014_T0172,wavs_synthetic_crossspeaker/XSPK_C_014_T0172.wav,C_014,A konyhában a mocsogépet hatvan fokon kapcsold ki.
XSPK_C_014_T0173,wavs_synthetic_crossspeaker/XSPK_C_014_T0173.wav,C_014,Válts csatornát a nagyszobába
XSPK_C_014_T0174,wavs_synthetic_crossspeaker/XSPK_C_014_T0174.wav,C_014,Fürdőszobába kapcsoljuk fel a villanyt
XSPK_C_014_T0175,wavs_synthetic_crossspeaker/XSPK_C_014_T0175.wav,C_014,Szobába kapcsold fel a fűtést
XSPK_C_014_T0176,wavs_synthetic_crossspeaker/XSPK_C_014_T0176.wav,C_014,Kapcsold be a porszívót a szobába.
XSPK_C_014_T0177,wavs_synthetic_crossspeaker/XSPK_C_014_T0177.wav,C_014,Szobába kap kapcsold ki a porszívó.
XSPK_C_014_T0178,wavs_synthetic_crossspeaker/XSPK_C_014_T0178.wav,C_014,A fürdőszobában a rádión válts csatornát
XSPK_C_014_T0179,wavs_synthetic_crossspeaker/XSPK_C_014_T0179.wav,C_014,Kapcsold ki á ventillátort a kisszobában.
XSPK_C_014_T0180,wavs_synthetic_crossspeaker/XSPK_C_014_T0180.wav,C_014,Szobába zárd be az ajtót.
XSPK_C_014_T0181,wavs_synthetic_crossspeaker/XSPK_C_014_T0181.wav,C_014,A szobában váltsál a rádión csatornát
XSPK_C_014_T0182,wavs_synthetic_crossspeaker/XSPK_C_014_T0182.wav,C_014,Kapcsold ki a rádiót a konyhában
XSPK_C_014_T0183,wavs_synthetic_crossspeaker/XSPK_C_014_T0183.wav,C_014,A konyhába húzd szét a függönyt.
XSPK_C_014_T0184,wavs_synthetic_crossspeaker/XSPK_C_014_T0184.wav,C_014,Engedd le a redőnyt a konyhában
XSPK_C_014_T0185,wavs_synthetic_crossspeaker/XSPK_C_014_T0185.wav,C_014,Hívd föl a lányomat.
XSPK_C_014_T0186,wavs_synthetic_crossspeaker/XSPK_C_014_T0186.wav,C_014,A fürdőszobába halkítsd le a tévét
XSPK_C_014_T0187,wavs_synthetic_crossspeaker/XSPK_C_014_T0187.wav,C_014,Kapcsold lejjebb a fűtést a nagyszobában
XSPK_C_014_T0188,wavs_synthetic_crossspeaker/XSPK_C_014_T0188.wav,C_014,Fürdőszoban porszízót kikapcsolni
XSPK_C_014_T0189,wavs_synthetic_crossspeaker/XSPK_C_014_T0189.wav,C_014,Kapcsold be a forszívót a kisszobában
XSPK_C_014_T0190,wavs_synthetic_crossspeaker/XSPK_C_014_T0190.wav,C_014,A kisszobában kapcsold be á számítógépet.
XSPK_C_014_T0191,wavs_synthetic_crossspeaker/XSPK_C_014_T0191.wav,C_014,Kapcsold ki légy szíves a konyhába a kenyérpirítót
XSPK_C_014_T0192,wavs_synthetic_crossspeaker/XSPK_C_014_T0192.wav,C_014,A konyhában húz ki a függönyt
XSPK_C_014_T0193,wavs_synthetic_crossspeaker/XSPK_C_014_T0193.wav,C_014,Csendesícsd a tévét a konyhában.
XSPK_C_014_T0194,wavs_synthetic_crossspeaker/XSPK_C_014_T0194.wav,C_014,A szobában kapcsold fel a fűtés
XSPK_C_014_T0195,wavs_synthetic_crossspeaker/XSPK_C_014_T0195.wav,C_014,Zárd be az ajtót a fürdőszobámban.
XSPK_C_014_T0196,wavs_synthetic_crossspeaker/XSPK_C_014_T0196.wav,C_014,Kapcsold be a fűtés a nagyszobában.
XSPK_C_014_T0197,wavs_synthetic_crossspeaker/XSPK_C_014_T0197.wav,C_014,Kapcsold ki a számítógépet a fürdőszobába.
XSPK_C_014_T0198,wavs_synthetic_crossspeaker/XSPK_C_014_T0198.wav,C_014,A nagyszobában húzd le a radiátort
XSPK_C_014_T0199,wavs_synthetic_crossspeaker/XSPK_C_014_T0199.wav,C_014,A konyhában válcs csatornát a tévén.
XSPK_C_014_T0200,wavs_synthetic_crossspeaker/XSPK_C_014_T0200.wav,C_014,A szobában kapcsold be a fünné.
XSPK_C_014_T0201,wavs_synthetic_crossspeaker/XSPK_C_014_T0201.wav,C_014,A szobában kapcsold be a porszivót.
XSPK_C_014_T0202,wavs_synthetic_crossspeaker/XSPK_C_014_T0202.wav,C_014,A fürdőszobámban kapcsold be a radigátort
XSPK_C_014_T0203,wavs_synthetic_crossspeaker/XSPK_C_014_T0203.wav,C_014,Válcsál csatornát a konyhában.
XSPK_C_014_T0204,wavs_synthetic_crossspeaker/XSPK_C_014_T0204.wav,C_014,Kapcsold be a fűtés a szobában.
XSPK_C_014_T0205,wavs_synthetic_crossspeaker/XSPK_C_014_T0205.wav,C_014,Nyiss ki az ajtót a kisszobábán.
XSPK_C_014_T0206,wavs_synthetic_crossspeaker/XSPK_C_014_T0206.wav,C_014,Halkítsd le a tévét a kisszobában.
XSPK_C_014_T0207,wavs_synthetic_crossspeaker/XSPK_C_014_T0207.wav,C_014,És a konyhába kapcsold be a radiátort
XSPK_C_014_T0208,wavs_synthetic_crossspeaker/XSPK_C_014_T0208.wav,C_014,Rádiót konyhába kapcsold ki
XSPK_C_014_T0209,wavs_synthetic_crossspeaker/XSPK_C_014_T0209.wav,C_014,A nagyszobában kapcsold be a porszívót.
XSPK_C_015_T0000,wavs_synthetic_crossspeaker/XSPK_C_015_T0000.wav,C_015,Húzd le a redőnyöket a konyhában
XSPK_C_015_T0001,wavs_synthetic_crossspeaker/XSPK_C_015_T0001.wav,C_015,Húzd be a függönt a nagyszobában.
XSPK_C_015_T0002,wavs_synthetic_crossspeaker/XSPK_C_015_T0002.wav,C_015,Hút fel a fűtést a fürdőszobában.
XSPK_C_015_T0003,wavs_synthetic_crossspeaker/XSPK_C_015_T0003.wav,C_015,Zárd be az ablakot a fürdő szobában.
XSPK_C_015_T0004,wavs_synthetic_crossspeaker/XSPK_C_015_T0004.wav,C_015,Fürdőszobában ö ö porszívom bekapcsolni
XSPK_C_015_T0005,wavs_synthetic_crossspeaker/XSPK_C_015_T0005.wav,C_015,Nyisd ki az ablakot a nagy sobában.
XSPK_C_015_T0006,wavs_synthetic_crossspeaker/XSPK_C_015_T0006.wav,C_015,A konyhába hangosjtsd a tévét
XSPK_C_015_T0007,wavs_synthetic_crossspeaker/XSPK_C_015_T0007.wav,C_015,A konyhában úzd lejjebb a radiátor
XSPK_C_015_T0008,wavs_synthetic_crossspeaker/XSPK_C_015_T0008.wav,C_015,Kapcsold ki a rádiot a folyosón
XSPK_C_015_T0009,wavs_synthetic_crossspeaker/XSPK_C_015_T0009.wav,C_015,A hűtést a szobában kapcsold ki
XSPK_C_015_T0010,wavs_synthetic_crossspeaker/XSPK_C_015_T0010.wav,C_015,Hangosítsd a televíziót a konyhában.
XSPK_C_015_T0011,wavs_synthetic_crossspeaker/XSPK_C_015_T0011.wav,C_015,A konyhában kapcsold ki a pirítót
XSPK_C_015_T0012,wavs_synthetic_crossspeaker/XSPK_C_015_T0012.wav,C_015,A konyhában vacsocsornát a rádión.
XSPK_C_015_T0013,wavs_synthetic_crossspeaker/XSPK_C_015_T0013.wav,C_015,Folyosón kapcsold ki a porszívót.
XSPK_C_015_T0014,wavs_synthetic_crossspeaker/XSPK_C_015_T0014.wav,C_015,A nagyszobába halkítsd le a tévét
XSPK_C_015_T0015,wavs_synthetic_crossspeaker/XSPK_C_015_T0015.wav,C_015,Húzd le a redőnyt a nagyszobában
XSPK_C_015_T0016,wavs_synthetic_crossspeaker/XSPK_C_015_T0016.wav,C_015,Folyosón húzd le a fűtést.
XSPK_C_015_T0017,wavs_synthetic_crossspeaker/XSPK_C_015_T0017.wav,C_015,Kapcsold feljebb a fűtést a nagyszobábam
XSPK_C_015_T0018,wavs_synthetic_crossspeaker/XSPK_C_015_T0018.wav,C_015,Lehúzzuk a redőnyt a szobában
XSPK_C_015_T0019,wavs_synthetic_crossspeaker/XSPK_C_015_T0019.wav,C_015,A nagycobában kapcsold be a fűtést
XSPK_C_015_T0020,wavs_synthetic_crossspeaker/XSPK_C_015_T0020.wav,C_015,Zárd be az ajtót a fürdőszobaban.
XSPK_C_015_T0021,wavs_synthetic_crossspeaker/XSPK_C_015_T0021.wav,C_015,Fütés ki szoban
XSPK_C_015_T0022,wavs_synthetic_crossspeaker/XSPK_C_015_T0022.wav,C_015,Kapcsold ki a rádiót a nagyszobába
XSPK_C_015_T0023,wavs_synthetic_crossspeaker/XSPK_C_015_T0023.wav,C_015,Kapcsold be a ventilátort a kisszobában
XSPK_C_015_T0024,wavs_synthetic_crossspeaker/XSPK_C_015_T0024.wav,C_015,Kisszobába kapcsold be a ventilátort
XSPK_C_015_T0025,wavs_synthetic_crossspeaker/XSPK_C_015_T0025.wav,C_015,A kisszobában csendesítsd a tévét.
XSPK_C_015_T0026,wavs_synthetic_crossspeaker/XSPK_C_015_T0026.wav,C_015,A kiszobában kapcsold ki a porszivó.
XSPK_C_015_T0027,wavs_synthetic_crossspeaker/XSPK_C_015_T0027.wav,C_015,Kapcsold ki a kenyérpirítót a szob a konyhába
XSPK_C_015_T0028,wavs_synthetic_crossspeaker/XSPK_C_015_T0028.wav,C_015,Nyisd ki az ablakot a ucszobaban
XSPK_C_015_T0029,wavs_synthetic_crossspeaker/XSPK_C_015_T0029.wav,C_015,Hangosítsd a tévét a kisszobábán.
XSPK_C_015_T0030,wavs_synthetic_crossspeaker/XSPK_C_015_T0030.wav,C_015,Kapcsold be a tévét a kisszobában
XSPK_C_015_T0031,wavs_synthetic_crossspeaker/XSPK_C_015_T0031.wav,C_015,Kisszobába nyisd ki az ablakot
XSPK_C_015_T0032,wavs_synthetic_crossspeaker/XSPK_C_015_T0032.wav,C_015,Konyhán válts csatornát a rádion
XSPK_C_015_T0033,wavs_synthetic_crossspeaker/XSPK_C_015_T0033.wav,C_015,Húzd szét a függönyt a fürdőszobában
XSPK_C_015_T0034,wavs_synthetic_crossspeaker/XSPK_C_015_T0034.wav,C_015,Zárd ki az ajtót a konyhába
XSPK_C_015_T0035,wavs_synthetic_crossspeaker/XSPK_C_015_T0035.wav,C_015,A fojjosón húzd fel a redőnyt.
XSPK_C_015_T0036,wavs_synthetic_crossspeaker/XSPK_C_015_T0036.wav,C_015,A kiszobában kapcsold ki a rádjó.
XSPK_C_015_T0037,wavs_synthetic_crossspeaker/XSPK_C_015_T0037.wav,C_015,Kisszobában húzd fel a radiátort
XSPK_C_015_T0038,wavs_synthetic_crossspeaker/XSPK_C_015_T0038.wav,C_015,Kapcsold be a rádijót a kisszobában.
XSPK_C_015_T0039,wavs_synthetic_crossspeaker/XSPK_C_015_T0039.wav,C_015,A kisszobába a fűtést nyomd fel
XSPK_C_015_T0040,wavs_synthetic_crossspeaker/XSPK_C_015_T0040.wav,C_015,Szobába kapcsold ki a rádiót
XSPK_C_015_T0041,wavs_synthetic_crossspeaker/XSPK_C_015_T0041.wav,C_015,Kapcsold ki a fűté a szobában.
XSPK_C_015_T0042,wavs_synthetic_crossspeaker/XSPK_C_015_T0042.wav,C_015,A ventillátort kapcsold ki a folyosón
XSPK_C_015_T0043,wavs_synthetic_crossspeaker/XSPK_C_015_T0043.wav,C_015,Kapcsold ki á ventillátort a kisszobában.
XSPK_C_015_T0044,wavs_synthetic_crossspeaker/XSPK_C_015_T0044.wav,C_015,A szobábá húzd le a füté.
XSPK_C_015_T0045,wavs_synthetic_crossspeaker/XSPK_C_015_T0045.wav,C_015,Nagyszobába húzd fel a fűtést.
XSPK_C_015_T0046,wavs_synthetic_crossspeaker/XSPK_C_015_T0046.wav,C_015,Fütés ben fürdőszoban
XSPK_C_015_T0047,wavs_synthetic_crossspeaker/XSPK_C_015_T0047.wav,C_015,Húzd le a redőnyt a tobában.
XSPK_C_015_T0048,wavs_synthetic_crossspeaker/XSPK_C_015_T0048.wav,C_015,Huzd fel a redönyt a fo a folyosón
XSPK_C_015_T0049,wavs_synthetic_crossspeaker/XSPK_C_015_T0049.wav,C_015,Kapcsold be a fürdőszobába a mosógépet hatvan fokon
XSPK_C_015_T0050,wavs_synthetic_crossspeaker/XSPK_C_015_T0050.wav,C_015,Vedd le a fűtést a kisszobába
XSPK_C_015_T0051,wavs_synthetic_crossspeaker/XSPK_C_015_T0051.wav,C_015,Zárd be az ajtót a kisszobaban.
XSPK_C_015_T0052,wavs_synthetic_crossspeaker/XSPK_C_015_T0052.wav,C_015,A konyhában khapcsold be a porszivót.
XSPK_C_015_T0053,wavs_synthetic_crossspeaker/XSPK_C_015_T0053.wav,C_015,Válts csatornát tévét a szobában
XSPK_C_015_T0054,wavs_synthetic_crossspeaker/XSPK_C_015_T0054.wav,C_015,Konyhában kapcsold lejjebb a fűtést
XSPK_C_015_T0055,wavs_synthetic_crossspeaker/XSPK_C_015_T0055.wav,C_015,Kapcsold be a kisszobában a számítógépet.
XSPK_C_015_T0056,wavs_synthetic_crossspeaker/XSPK_C_015_T0056.wav,C_015,A fürdőszobában kapcsold fel a világítás.
XSPK_C_015_T0057,wavs_synthetic_crossspeaker/XSPK_C_015_T0057.wav,C_015,A fürdőszobában kapcsold be a radiátort
XSPK_C_015_T0058,wavs_synthetic_crossspeaker/XSPK_C_015_T0058.wav,C_015,A konyhába kapcsold be a porszívót
XSPK_C_015_T0059,wavs_synthetic_crossspeaker/XSPK_C_015_T0059.wav,C_015,Kisszobában kapcsold be a radiátort
XSPK_C_015_T0060,wavs_synthetic_crossspeaker/XSPK_C_015_T0060.wav,C_015,A folyosón kapcsold be a fűtést.
XSPK_C_015_T0061,wavs_synthetic_crossspeaker/XSPK_C_015_T0061.wav,C_015,A konyhában kapcsold fel a mosógépet hatvan fokra.
XSPK_C_015_T0062,wavs_synthetic_crossspeaker/XSPK_C_015_T0062.wav,C_015,A nagyszobában húzd fel a redőnyt
XSPK_C_015_T0063,wavs_synthetic_crossspeaker/XSPK_C_015_T0063.wav,C_015,Kapcsoljuk le a szobában a villanyt
XSPK_C_015_T0064,wavs_synthetic_crossspeaker/XSPK_C_015_T0064.wav,C_015,Kisszobába válts csatornát a tévén
XSPK_C_015_T0065,wavs_synthetic_crossspeaker/XSPK_C_015_T0065.wav,C_015,A cobában kapcsold le a villan.
XSPK_C_015_T0066,wavs_synthetic_crossspeaker/XSPK_C_015_T0066.wav,C_015,Kapcsold ki légy szíves a termosztátot a folyosón
XSPK_C_015_T0067,wavs_synthetic_crossspeaker/XSPK_C_015_T0067.wav,C_015,A szobában kapcsold fell a villanyt.
XSPK_C_015_T0068,wavs_synthetic_crossspeaker/XSPK_C_015_T0068.wav,C_015,A konyhában nyiss ki az ajtót.
XSPK_C_015_T0069,wavs_synthetic_crossspeaker/XSPK_C_015_T0069.wav,C_015,Húzd fel a radiátort a kisszobába
XSPK_C_015_T0070,wavs_synthetic_crossspeaker/XSPK_C_015_T0070.wav,C_015,A nagyszobában húzd le a radiátort
XSPK_C_015_T0071,wavs_synthetic_crossspeaker/XSPK_C_015_T0071.wav,C_015,Hangosicsd a tévét a fojjosón.
XSPK_C_015_T0072,wavs_synthetic_crossspeaker/XSPK_C_015_T0072.wav,C_015,A kiszobában válcs csatornát a rádjón.
XSPK_C_015_T0073,wavs_synthetic_crossspeaker/XSPK_C_015_T0073.wav,C_015,Kapcsold be a rádiót a kisszobábá.
XSPK_C_015_T0074,wavs_synthetic_crossspeaker/XSPK_C_015_T0074.wav,C_015,Folyosón kapcsold le a villanyfölkapcsolót
XSPK_C_015_T0075,wavs_synthetic_crossspeaker/XSPK_C_015_T0075.wav,C_015,A kisszobában kapcsold be a uhh raditárot
XSPK_C_015_T0076,wavs_synthetic_crossspeaker/XSPK_C_015_T0076.wav,C_015,Kapcsold be a ventillátort a folyosón
XSPK_C_015_T0077,wavs_synthetic_crossspeaker/XSPK_C_015_T0077.wav,C_015,A nagyszobában kapcsold ki a rádiot
XSPK_C_015_T0078,wavs_synthetic_crossspeaker/XSPK_C_015_T0078.wav,C_015,A fürdőszobában kapcsold le a villant.
XSPK_C_015_T0079,wavs_synthetic_crossspeaker/XSPK_C_015_T0079.wav,C_015,Kapcsold ki a a radiátort a a folyosón
XSPK_C_015_T0080,wavs_synthetic_crossspeaker/XSPK_C_015_T0080.wav,C_015,Húzd fel a redőnyt a konyhába.
XSPK_C_015_T0081,wavs_synthetic_crossspeaker/XSPK_C_015_T0081.wav,C_015,Csold be a fűtést a folyoson
XSPK_C_015_T0082,wavs_synthetic_crossspeaker/XSPK_C_015_T0082.wav,C_015,Kapcsold ki á számítógépet a szobában.
XSPK_C_015_T0083,wavs_synthetic_crossspeaker/XSPK_C_015_T0083.wav,C_015,A kisszobábá húzgy be a függönyt.
XSPK_C_015_T0084,wavs_synthetic_crossspeaker/XSPK_C_015_T0084.wav,C_015,A konyhába halkítsd le a tévét
XSPK_C_015_T0085,wavs_synthetic_crossspeaker/XSPK_C_015_T0085.wav,C_015,A csicsszobában kapcsold ki a ventillátort.
XSPK_C_015_T0086,wavs_synthetic_crossspeaker/XSPK_C_015_T0086.wav,C_015,A számítógépet kapcsold be a szobába
XSPK_C_015_T0087,wavs_synthetic_crossspeaker/XSPK_C_015_T0087.wav,C_015,Konyhában csendesítsd a tévét
XSPK_C_015_T0088,wavs_synthetic_crossspeaker/XSPK_C_015_T0088.wav,C_015,A kisszobában húzd fel a redőnyt
XSPK_C_015_T0089,wavs_synthetic_crossspeaker/XSPK_C_015_T0089.wav,C_015,Besötétedett ezért széthúzhatjuk a függönyt
XSPK_C_015_T0090,wavs_synthetic_crossspeaker/XSPK_C_015_T0090.wav,C_015,Nyisd ki az ajtót a nagyszobában
XSPK_C_015_T0091,wavs_synthetic_crossspeaker/XSPK_C_015_T0091.wav,C_015,Khapcsold le a villanyt a konyhában.
XSPK_C_015_T0092,wavs_synthetic_crossspeaker/XSPK_C_015_T0092.wav,C_015,A folyosó is húzd be a függönyt
XSPK_C_015_T0093,wavs_synthetic_crossspeaker/XSPK_C_015_T0093.wav,C_015,A folyoson kapcsold ki a rádiot
XSPK_C_015_T0094,wavs_synthetic_crossspeaker/XSPK_C_015_T0094.wav,C_015,Kapcsold be a kisszobába a ventilátort
XSPK_C_015_T0095,wavs_synthetic_crossspeaker/XSPK_C_015_T0095.wav,C_015,A konyhában kapcsold be a porszivót.
XSPK_C_015_T0096,wavs_synthetic_crossspeaker/XSPK_C_015_T0096.wav,C_015,Kapcsold ki a ventillátort a folyoson
XSPK_C_015_T0097,wavs_synthetic_crossspeaker/XSPK_C_015_T0097.wav,C_015,A konyhában nyissák nyissa meg az ablakot
XSPK_C_015_T0098,wavs_synthetic_crossspeaker/XSPK_C_015_T0098.wav,C_015,Konyhában húzd be a függönyt.
XSPK_C_015_T0099,wavs_synthetic_crossspeaker/XSPK_C_015_T0099.wav,C_015,A kisszobába nyisd ki az ablakot.
XSPK_C_015_T0100,wavs_synthetic_crossspeaker/XSPK_C_015_T0100.wav,C_015,Csendesícsd a tévét a fürdőszobában.
XSPK_C_015_T0101,wavs_synthetic_crossspeaker/XSPK_C_015_T0101.wav,C_015,Kapcsold be ventillátort a nagyszobában.
XSPK_C_015_T0102,wavs_synthetic_crossspeaker/XSPK_C_015_T0102.wav,C_015,A kisszobában válcs csatornát a rádión.
XSPK_C_015_T0103,wavs_synthetic_crossspeaker/XSPK_C_015_T0103.wav,C_015,A konyhába kapcsold ki a kenyérpirítót.
XSPK_C_015_T0104,wavs_synthetic_crossspeaker/XSPK_C_015_T0104.wav,C_015,A konyhába kapcsold ki a rádiót
XSPK_C_015_T0105,wavs_synthetic_crossspeaker/XSPK_C_015_T0105.wav,C_015,Húzd le a fűtést a fojjosón.
XSPK_C_015_T0106,wavs_synthetic_crossspeaker/XSPK_C_015_T0106.wav,C_015,Kapcsold be a számítógéptpet a kisszobában
XSPK_C_015_T0107,wavs_synthetic_crossspeaker/XSPK_C_015_T0107.wav,C_015,Húzd fel a fűtést a fürdőszobába.
XSPK_C_015_T0108,wavs_synthetic_crossspeaker/XSPK_C_015_T0108.wav,C_015,A mosogépet hatvan kokon kapcsold be a fürdőszobában.
XSPK_C_015_T0109,wavs_synthetic_crossspeaker/XSPK_C_015_T0109.wav,C_015,Kapcsold be rádiót a szobába
XSPK_C_015_T0110,wavs_synthetic_crossspeaker/XSPK_C_015_T0110.wav,C_015,A konyhában válcs csatornát a rádión.
XSPK_C_015_T0111,wavs_synthetic_crossspeaker/XSPK_C_015_T0111.wav,C_015,A nagycobában kapcsold ki a porcívót.
XSPK_C_015_T0112,wavs_synthetic_crossspeaker/XSPK_C_015_T0112.wav,C_015,A kisszobába kapcsold föl a villanyt
XSPK_C_015_T0113,wavs_synthetic_crossspeaker/XSPK_C_015_T0113.wav,C_015,Szoban fel vendilátor
XSPK_C_015_T0114,wavs_synthetic_crossspeaker/XSPK_C_015_T0114.wav,C_015,Válts csatornát a rádión a kisszobába
XSPK_C_015_T0115,wavs_synthetic_crossspeaker/XSPK_C_015_T0115.wav,C_015,A folyoson zárd be az ajtot
XSPK_C_015_T0116,wavs_synthetic_crossspeaker/XSPK_C_015_T0116.wav,C_015,A nagyszobában kapcsold be á ventillátort.
XSPK_C_015_T0117,wavs_synthetic_crossspeaker/XSPK_C_015_T0117.wav,C_015,Kapcsoljuk be a kenyérpirítót
XSPK_C_015_T0118,wavs_synthetic_crossspeaker/XSPK_C_015_T0118.wav,C_015,Kapcsold be a parszivót a fojjosón.
XSPK_C_015_T0119,wavs_synthetic_crossspeaker/XSPK_C_015_T0119.wav,C_015,A számítógépet kapcsold be a konyhába.
XSPK_C_015_T0120,wavs_synthetic_crossspeaker/XSPK_C_015_T0120.wav,C_015,A nagyszobába kapcsold ki a rádiót
XSPK_C_015_T0121,wavs_synthetic_crossspeaker/XSPK_C_015_T0121.wav,C_015,Kapcsold ki a rádiot a kisszobába
XSPK_C_015_T0122,wavs_synthetic_crossspeaker/XSPK_C_015_T0122.wav,C_015,Kapkapnyold ki a porszivót a szobába.
XSPK_C_015_T0123,wavs_synthetic_crossspeaker/XSPK_C_015_T0123.wav,C_015,A ventillátorokat kapcsold ki a konyhába
XSPK_C_015_T0124,wavs_synthetic_crossspeaker/XSPK_C_015_T0124.wav,C_015,A kisszobában kapcsold le a fűtés.
XSPK_C_015_T0125,wavs_synthetic_crossspeaker/XSPK_C_015_T0125.wav,C_015,A konyhába kapcsold be a sütőt
XSPK_C_015_T0126,wavs_synthetic_crossspeaker/XSPK_C_015_T0126.wav,C_015,A nagycobába hangosítsd fel a tévét
XSPK_C_015_T0127,wavs_synthetic_crossspeaker/XSPK_C_015_T0127.wav,C_015,A konyhában kapcsold be a vízforraló.
XSPK_C_015_T0128,wavs_synthetic_crossspeaker/XSPK_C_015_T0128.wav,C_015,Kapcsold bje a radiátort a folyosón
XSPK_C_015_T0129,wavs_synthetic_crossspeaker/XSPK_C_015_T0129.wav,C_015,Kapcsold be a pirítóssütőt a konyhában
XSPK_C_015_T0130,wavs_synthetic_crossspeaker/XSPK_C_015_T0130.wav,C_015,Kapcsold ki á ventillatort a szobában.
XSPK_C_015_T0131,wavs_synthetic_crossspeaker/XSPK_C_015_T0131.wav,C_015,Húzd le a fűtést a konyhába.
XSPK_C_015_T0132,wavs_synthetic_crossspeaker/XSPK_C_015_T0132.wav,C_015,A nagy szobában nyisd ki az ablakot.
XSPK_C_015_T0133,wavs_synthetic_crossspeaker/XSPK_C_015_T0133.wav,C_015,Folyosón húzd le a redőnyt.
XSPK_C_015_T0134,wavs_synthetic_crossspeaker/XSPK_C_015_T0134.wav,C_015,Hangosíts fel a tévét a szobában.
XSPK_C_015_T0135,wavs_synthetic_crossspeaker/XSPK_C_015_T0135.wav,C_015,A kisszobában kapcsold khi a rádiót.
XSPK_C_015_T0136,wavs_synthetic_crossspeaker/XSPK_C_015_T0136.wav,C_015,Folyosón kapcsold be a  villany
XSPK_C_015_T0137,wavs_synthetic_crossspeaker/XSPK_C_015_T0137.wav,C_015,Vál csatornát a tévén a folyosón.
XSPK_C_015_T0138,wavs_synthetic_crossspeaker/XSPK_C_015_T0138.wav,C_015,Huzd le a redönyt a szobaban
XSPK_C_015_T0139,wavs_synthetic_crossspeaker/XSPK_C_015_T0139.wav,C_015,A fördőszobában húzd fel a redőnyt
XSPK_C_015_T0140,wavs_synthetic_crossspeaker/XSPK_C_015_T0140.wav,C_015,Húzd fel a radiátort a kissszobában
XSPK_C_015_T0141,wavs_synthetic_crossspeaker/XSPK_C_015_T0141.wav,C_015,A szobában kapcsold le a villany.
XSPK_C_015_T0142,wavs_synthetic_crossspeaker/XSPK_C_015_T0142.wav,C_015,Nyisd ki az ajtót a fördőszobában
XSPK_C_015_T0143,wavs_synthetic_crossspeaker/XSPK_C_015_T0143.wav,C_015,Nyis ki az ablakot a kisszobába
XSPK_C_015_T0144,wavs_synthetic_crossspeaker/XSPK_C_015_T0144.wav,C_015,A szobába nyisd nyissa meg a nyissa meg az ablakot
XSPK_C_015_T0145,wavs_synthetic_crossspeaker/XSPK_C_015_T0145.wav,C_015,Kapcsold fel á villanyt a fojjosón.
XSPK_C_015_T0146,wavs_synthetic_crossspeaker/XSPK_C_015_T0146.wav,C_015,Húzd be a függönyt a nagyszobákba.
XSPK_C_015_T0147,wavs_synthetic_crossspeaker/XSPK_C_015_T0147.wav,C_015,A fürdőszobában válcs csatornát höhör ádjón.
XSPK_C_015_T0148,wavs_synthetic_crossspeaker/XSPK_C_015_T0148.wav,C_015,Engedd le a redőnyt a nagycobában
XSPK_C_015_T0149,wavs_synthetic_crossspeaker/XSPK_C_015_T0149.wav,C_015,Nagyszobába húzd fel a redőnyt.
XSPK_C_015_T0150,wavs_synthetic_crossspeaker/XSPK_C_015_T0150.wav,C_015,Kapcsold fel a szobába a villant
XSPK_C_015_T0151,wavs_synthetic_crossspeaker/XSPK_C_015_T0151.wav,C_015,A konyhában húzd be a függönyt
XSPK_C_015_T0152,wavs_synthetic_crossspeaker/XSPK_C_015_T0152.wav,C_015,Fojjosón húzd be a függöny.
XSPK_C_015_T0153,wavs_synthetic_crossspeaker/XSPK_C_015_T0153.wav,C_015,Nagyszobába kapcsoljuk ki a ventilátorokat
XSPK_C_015_T0154,wavs_synthetic_crossspeaker/XSPK_C_015_T0154.wav,C_015,A kisszobába nyisd ki az ajtót
XSPK_C_015_T0155,wavs_synthetic_crossspeaker/XSPK_C_015_T0155.wav,C_015,Porszívót kapcsold be a szobába.
XSPK_C_015_T0156,wavs_synthetic_crossspeaker/XSPK_C_015_T0156.wav,C_015,A folyosón fedd fel a radátort
XSPK_C_015_T0157,wavs_synthetic_crossspeaker/XSPK_C_015_T0157.wav,C_015,Kapcsold be a rádiót a nagycobában.
XSPK_C_015_T0158,wavs_synthetic_crossspeaker/XSPK_C_015_T0158.wav,C_015,Húzd le a ledőnyt a konyhában
XSPK_C_015_T0159,wavs_synthetic_crossspeaker/XSPK_C_015_T0159.wav,C_015,A konyhában nyissuk ki az ajtót
XSPK_C_015_T0160,wavs_synthetic_crossspeaker/XSPK_C_015_T0160.wav,C_015,Kapcsold fel a ventilátort a nagyszobába
XSPK_C_015_T0161,wavs_synthetic_crossspeaker/XSPK_C_015_T0161.wav,C_015,Zapcsold be a fürdőszobába harminc fokon mosógépet
XSPK_C_015_T0162,wavs_synthetic_crossspeaker/XSPK_C_015_T0162.wav,C_015,Kapcsold ki a tűzhelyet a konyhába.
XSPK_C_015_T0163,wavs_synthetic_crossspeaker/XSPK_C_015_T0163.wav,C_015,Kapcsold be a számítógépet a fojjosón.
XSPK_C_015_T0164,wavs_synthetic_crossspeaker/XSPK_C_015_T0164.wav,C_015,Vedd feljebb a radiátort a kisszobába
XSPK_C_015_T0165,wavs_synthetic_crossspeaker/XSPK_C_015_T0165.wav,C_015,A porszívót kapcsold be a folyosón
XSPK_C_015_T0166,wavs_synthetic_crossspeaker/XSPK_C_015_T0166.wav,C_015,Konyhába kapcsold be a vízforralót
XSPK_C_015_T0167,wavs_synthetic_crossspeaker/XSPK_C_015_T0167.wav,C_015,A kisszobába zárd össze az ajtót
XSPK_C_015_T0168,wavs_synthetic_crossspeaker/XSPK_C_015_T0168.wav,C_015,A folyosón kapcsold be a porszívót
XSPK_C_015_T0169,wavs_synthetic_crossspeaker/XSPK_C_015_T0169.wav,C_015,Ívd fel a foijamat
XSPK_C_015_T0170,wavs_synthetic_crossspeaker/XSPK_C_015_T0170.wav,C_015,A kisszobába kapcsold be a ventilátor
XSPK_C_015_T0171,wavs_synthetic_crossspeaker/XSPK_C_015_T0171.wav,C_015,A folyosón húzd fel a redőny
XSPK_C_015_T0172,wavs_synthetic_crossspeaker/XSPK_C_015_T0172.wav,C_015,Fürdőszobában harminc fokra állítsd be a mosógépet
XSPK_C_015_T0173,wavs_synthetic_crossspeaker/XSPK_C_015_T0173.wav,C_015,A tévét hangosítsd fel a konyhában
XSPK_C_015_T0174,wavs_synthetic_crossspeaker/XSPK_C_015_T0174.wav,C_015,A fürdőszobában a rádión válts csatornát
XSPK_C_015_T0175,wavs_synthetic_crossspeaker/XSPK_C_015_T0175.wav,C_015,A kis kisszobába zárd be az ablakot
XSPK_C_015_T0176,wavs_synthetic_crossspeaker/XSPK_C_015_T0176.wav,C_015,Kapcsold ki a fűtés a fürdőszobába.
XSPK_C_015_T0177,wavs_synthetic_crossspeaker/XSPK_C_015_T0177.wav,C_015,Nagyszobában kapcsold ki a számítógépet
XSPK_C_015_T0178,wavs_synthetic_crossspeaker/XSPK_C_015_T0178.wav,C_015,Hívd fel a fiamat a telefono.
XSPK_C_015_T0179,wavs_synthetic_crossspeaker/XSPK_C_015_T0179.wav,C_015,Nagyszobába válcsatornát a rádión.
XSPK_C_015_T0180,wavs_synthetic_crossspeaker/XSPK_C_015_T0180.wav,C_015,Kapcsold ki a rádjót a fürdő szhobában.
XSPK_C_015_T0181,wavs_synthetic_crossspeaker/XSPK_C_015_T0181.wav,C_015,Kapcsold ki a ventillátort a konyhában.
XSPK_C_015_T0182,wavs_synthetic_crossspeaker/XSPK_C_015_T0182.wav,C_015,Kapcsold ki a hőmérsékletet a szobába
XSPK_C_015_T0183,wavs_synthetic_crossspeaker/XSPK_C_015_T0183.wav,C_015,Szobába vegyük le a fűtést
XSPK_C_015_T0184,wavs_synthetic_crossspeaker/XSPK_C_015_T0184.wav,C_015,Szobában a tévén emeld meg a hangerőt.
XSPK_C_015_T0185,wavs_synthetic_crossspeaker/XSPK_C_015_T0185.wav,C_015,A nagyszobába nyisd ki az ablakot.
XSPK_C_015_T0186,wavs_synthetic_crossspeaker/XSPK_C_015_T0186.wav,C_015,Hangosítsd a tévét a folyoson
XSPK_C_015_T0187,wavs_synthetic_crossspeaker/XSPK_C_015_T0187.wav,C_015,A kisszobában kapcsold fel a villant.
XSPK_C_015_T0188,wavs_synthetic_crossspeaker/XSPK_C_015_T0188.wav,C_015,Húzd föl a fűtést a szobában.
XSPK_C_015_T0189,wavs_synthetic_crossspeaker/XSPK_C_015_T0189.wav,C_015,A kisszobában húzd le a ledőnyt
XSPK_C_015_T0190,wavs_synthetic_crossspeaker/XSPK_C_015_T0190.wav,C_015,Nyisd ki a konyh az ajtót a nagyszobába
XSPK_C_015_T0191,wavs_synthetic_crossspeaker/XSPK_C_015_T0191.wav,C_015,A szobában kapcsold ki a fűtést
XSPK_C_015_T0192,wavs_synthetic_crossspeaker/XSPK_C_015_T0192.wav,C_015,A nagyszobában csendesíts tévét.
XSPK_C_015_T0193,wavs_synthetic_crossspeaker/XSPK_C_015_T0193.wav,C_015,Szobába vedd lejjebb a radiátort
XSPK_C_015_T0194,wavs_synthetic_crossspeaker/XSPK_C_015_T0194.wav,C_015,Húzd szét a függönyt a folyosóban
XSPK_C_015_T0195,wavs_synthetic_crossspeaker/XSPK_C_015_T0195.wav,C_015,Kapcsold fel a villanyt an kisszobában.
XSPK_C_015_T0196,wavs_synthetic_crossspeaker/XSPK_C_015_T0196.wav,C_015,És a konyhába kapcsold be a radiátort
XSPK_C_015_T0197,wavs_synthetic_crossspeaker/XSPK_C_015_T0197.wav,C_015,A kisszobába húzd le a redőnyt.
XSPK_C_015_T0198,wavs_synthetic_crossspeaker/XSPK_C_015_T0198.wav,C_015,Húzd föl a redőnyt a folyosón
XSPK_C_015_T0199,wavs_synthetic_crossspeaker/XSPK_C_015_T0199.wav,C_015,Kapcsold le a világítást a kisszobában.
XSPK_C_015_T0200,wavs_synthetic_crossspeaker/XSPK_C_015_T0200.wav,C_015,Engedd le a redőny a folyosón.
XSPK_C_015_T0201,wavs_synthetic_crossspeaker/XSPK_C_015_T0201.wav,C_015,A fűjőszobában kapcsold ki a porszivó.
XSPK_C_015_T0202,wavs_synthetic_crossspeaker/XSPK_C_015_T0202.wav,C_015,Folyosóban húzd fel a redőnyt
XSPK_C_015_T0203,wavs_synthetic_crossspeaker/XSPK_C_015_T0203.wav,C_015,A kisszobában kapcsold ki a ventillátort
XSPK_C_015_T0204,wavs_synthetic_crossspeaker/XSPK_C_015_T0204.wav,C_015,Kapcsold le a villanyt a fürdőszobába
XSPK_C_015_T0205,wavs_synthetic_crossspeaker/XSPK_C_015_T0205.wav,C_015,A konyhában húzd szét a függönyt.
XSPK_C_015_T0206,wavs_synthetic_crossspeaker/XSPK_C_015_T0206.wav,C_015,Kisszobába kapcsold ki a számítógépet
XSPK_C_015_T0207,wavs_synthetic_crossspeaker/XSPK_C_015_T0207.wav,C_015,A fürdőszobában válts csatornát a tévén
XSPK_C_015_T0208,wavs_synthetic_crossspeaker/XSPK_C_015_T0208.wav,C_015,Húzd fell a redőnyt a fojjosón.
XSPK_C_015_T0209,wavs_synthetic_crossspeaker/XSPK_C_015_T0209.wav,C_015,A radiátort vedd lejjebb a kisszobába
XSPK_C_016_T0000,wavs_synthetic_crossspeaker/XSPK_C_016_T0000.wav,C_016,A konyhában húzd fel a az radiátort
XSPK_C_016_T0001,wavs_synthetic_crossspeaker/XSPK_C_016_T0001.wav,C_016,A folyosón hangosítsd a televíziót.
XSPK_C_016_T0002,wavs_synthetic_crossspeaker/XSPK_C_016_T0002.wav,C_016,A konyhában khapcsold be a porszivót.
XSPK_C_016_T0003,wavs_synthetic_crossspeaker/XSPK_C_016_T0003.wav,C_016,A folyosón csapcsold be a porszívót
XSPK_C_016_T0004,wavs_synthetic_crossspeaker/XSPK_C_016_T0004.wav,C_016,A nagyszobában hangosicsd a tévé.
XSPK_C_016_T0005,wavs_synthetic_crossspeaker/XSPK_C_016_T0005.wav,C_016,Konyhán válts csatornát a rádion
XSPK_C_016_T0006,wavs_synthetic_crossspeaker/XSPK_C_016_T0006.wav,C_016,Kapcsold a fiam
XSPK_C_016_T0007,wavs_synthetic_crossspeaker/XSPK_C_016_T0007.wav,C_016,Nyisd ki az ablakot a szobába.
XSPK_C_016_T0008,wavs_synthetic_crossspeaker/XSPK_C_016_T0008.wav,C_016,Nyis ki az ablakot a kisszobába
XSPK_C_016_T0009,wavs_synthetic_crossspeaker/XSPK_C_016_T0009.wav,C_016,Folyosón kapcsold be a rádiót.
XSPK_C_016_T0010,wavs_synthetic_crossspeaker/XSPK_C_016_T0010.wav,C_016,A nagyszobában húzd le a radiátort
XSPK_C_016_T0011,wavs_synthetic_crossspeaker/XSPK_C_016_T0011.wav,C_016,Kapcsold be a rádiót a nagyszobában
XSPK_C_016_T0012,wavs_synthetic_crossspeaker/XSPK_C_016_T0012.wav,C_016,A konyhában kapcsold be a pirítóst.
XSPK_C_016_T0013,wavs_synthetic_crossspeaker/XSPK_C_016_T0013.wav,C_016,Fürdőszobába kapcsold ki a rádiót
XSPK_C_016_T0014,wavs_synthetic_crossspeaker/XSPK_C_016_T0014.wav,C_016,A konyhában hatvan fokra kapcsold már be légy szíves a mosógépet
XSPK_C_016_T0015,wavs_synthetic_crossspeaker/XSPK_C_016_T0015.wav,C_016,A füldőszobába kapcsold be a porszívót
XSPK_C_016_T0016,wavs_synthetic_crossspeaker/XSPK_C_016_T0016.wav,C_016,Húzd le a redőnyöket nagyszobában
XSPK_C_016_T0017,wavs_synthetic_crossspeaker/XSPK_C_016_T0017.wav,C_016,Kapcsold ki a tévét a folyoson
XSPK_C_016_T0018,wavs_synthetic_crossspeaker/XSPK_C_016_T0018.wav,C_016,Fürdőszobában hatvan fokra állítsd be a mosógépet
XSPK_C_016_T0019,wavs_synthetic_crossspeaker/XSPK_C_016_T0019.wav,C_016,Nyisd ki az ablakot na nagyszobába
XSPK_C_016_T0020,wavs_synthetic_crossspeaker/XSPK_C_016_T0020.wav,C_016,A kisszoba ajtót nyisd ki legyél szíves
XSPK_C_016_T0021,wavs_synthetic_crossspeaker/XSPK_C_016_T0021.wav,C_016,Fürdőszaba kapcsold ki a tévét
XSPK_C_016_T0022,wavs_synthetic_crossspeaker/XSPK_C_016_T0022.wav,C_016,Zapcsold ki a radidátor a szobában
XSPK_C_016_T0023,wavs_synthetic_crossspeaker/XSPK_C_016_T0023.wav,C_016,A kisszobában a függön húzzuk be
XSPK_C_016_T0024,wavs_synthetic_crossspeaker/XSPK_C_016_T0024.wav,C_016,Konyhában zárd be az ajtót.
XSPK_C_016_T0025,wavs_synthetic_crossspeaker/XSPK_C_016_T0025.wav,C_016,Khapcsold fel a villanyt a nagyszobában.
XSPK_C_016_T0026,wavs_synthetic_crossspeaker/XSPK_C_016_T0026.wav,C_016,Nagyszobában hangosísd fel a televíziót
XSPK_C_016_T0027,wavs_synthetic_crossspeaker/XSPK_C_016_T0027.wav,C_016,Kapcsold be a mosógépet hatvan fokon a konyhába
XSPK_C_016_T0028,wavs_synthetic_crossspeaker/XSPK_C_016_T0028.wav,C_016,A fürdőszobában nyisd ki az ablakot
XSPK_C_016_T0029,wavs_synthetic_crossspeaker/XSPK_C_016_T0029.wav,C_016,Nagycobába kapcsold fel a villanyt
XSPK_C_016_T0030,wavs_synthetic_crossspeaker/XSPK_C_016_T0030.wav,C_016,Válcs latornát a rádijón a kisszobába.
XSPK_C_016_T0031,wavs_synthetic_crossspeaker/XSPK_C_016_T0031.wav,C_016,Kapcsold be a radiátort a konyhába
XSPK_C_016_T0032,wavs_synthetic_crossspeaker/XSPK_C_016_T0032.wav,C_016,A nagyszobába kapcsold be a ventilátort.
XSPK_C_016_T0033,wavs_synthetic_crossspeaker/XSPK_C_016_T0033.wav,C_016,Folyosóban húzd szét a függönyt
XSPK_C_016_T0034,wavs_synthetic_crossspeaker/XSPK_C_016_T0034.wav,C_016,A konyhába húzd szét a függönyt.
XSPK_C_016_T0035,wavs_synthetic_crossspeaker/XSPK_C_016_T0035.wav,C_016,Váltsd csatornát a tévén a konyhába
XSPK_C_016_T0036,wavs_synthetic_crossspeaker/XSPK_C_016_T0036.wav,C_016,A konyhában bekapcsoljuk a mosogatógépen
XSPK_C_016_T0037,wavs_synthetic_crossspeaker/XSPK_C_016_T0037.wav,C_016,A ventillátort kapcsold ki a nagyszobában
XSPK_C_016_T0038,wavs_synthetic_crossspeaker/XSPK_C_016_T0038.wav,C_016,Nagyszobába vedd lejjebb a radiátort
XSPK_C_016_T0039,wavs_synthetic_crossspeaker/XSPK_C_016_T0039.wav,C_016,A fojjosón húzd le a fűtés.
XSPK_C_016_T0040,wavs_synthetic_crossspeaker/XSPK_C_016_T0040.wav,C_016,A fürdőszobában húzd be a függöny.
XSPK_C_016_T0041,wavs_synthetic_crossspeaker/XSPK_C_016_T0041.wav,C_016,A folyosón fedd fel a radátort
XSPK_C_016_T0042,wavs_synthetic_crossspeaker/XSPK_C_016_T0042.wav,C_016,Csendesítö tévét a konyhában.
XSPK_C_016_T0043,wavs_synthetic_crossspeaker/XSPK_C_016_T0043.wav,C_016,A fürdőszobában húzd le a fűtést.
XSPK_C_016_T0044,wavs_synthetic_crossspeaker/XSPK_C_016_T0044.wav,C_016,Kisszobában kapcsold ki a ventilátort
XSPK_C_016_T0045,wavs_synthetic_crossspeaker/XSPK_C_016_T0045.wav,C_016,Kapcsold be a porszivót a szobában.
XSPK_C_016_T0046,wavs_synthetic_crossspeaker/XSPK_C_016_T0046.wav,C_016,Kapcsold be a ventillátort a kis kisszobában.
XSPK_C_016_T0047,wavs_synthetic_crossspeaker/XSPK_C_016_T0047.wav,C_016,A nagycobában nyisd ki az ajtó.
XSPK_C_016_T0048,wavs_synthetic_crossspeaker/XSPK_C_016_T0048.wav,C_016,A nagyszobában zárd be az abrakot
XSPK_C_016_T0049,wavs_synthetic_crossspeaker/XSPK_C_016_T0049.wav,C_016,A fürdőszobába kapcsold be a mosógépet harminc fokon.
XSPK_C_016_T0050,wavs_synthetic_crossspeaker/XSPK_C_016_T0050.wav,C_016,Túl meleg van a konyhában húzzuk be a függönyt
XSPK_C_016_T0051,wavs_synthetic_crossspeaker/XSPK_C_016_T0051.wav,C_016,Kapcsold ki a radiot a konyhába
XSPK_C_016_T0052,wavs_synthetic_crossspeaker/XSPK_C_016_T0052.wav,C_016,A sütőt kapcsold ki a konyhában
XSPK_C_016_T0053,wavs_synthetic_crossspeaker/XSPK_C_016_T0053.wav,C_016,Húzd föl a redőnyt a na nagyszobába
XSPK_C_016_T0054,wavs_synthetic_crossspeaker/XSPK_C_016_T0054.wav,C_016,Engedd le a nagyszobai redőnyt
XSPK_C_016_T0055,wavs_synthetic_crossspeaker/XSPK_C_016_T0055.wav,C_016,Kapcsold ki a porcsivót a nagyszobábán.
XSPK_C_016_T0056,wavs_synthetic_crossspeaker/XSPK_C_016_T0056.wav,C_016,Húzd fell a reddőny a konyhába.
XSPK_C_016_T0057,wavs_synthetic_crossspeaker/XSPK_C_016_T0057.wav,C_016,Fürdőszobába zárd be az ajtót.
XSPK_C_016_T0058,wavs_synthetic_crossspeaker/XSPK_C_016_T0058.wav,C_016,A kisszobában az ajtót nyissuk ki
XSPK_C_016_T0059,wavs_synthetic_crossspeaker/XSPK_C_016_T0059.wav,C_016,Válts csatornát a rádión a szobába
XSPK_C_016_T0060,wavs_synthetic_crossspeaker/XSPK_C_016_T0060.wav,C_016,Kapcsold be a rádjót a nagyszobába.
XSPK_C_016_T0061,wavs_synthetic_crossspeaker/XSPK_C_016_T0061.wav,C_016,Nagyszoban nyisd ki a ao ablakot
XSPK_C_016_T0062,wavs_synthetic_crossspeaker/XSPK_C_016_T0062.wav,C_016,A fürdőszobában kapcsold ki a rádiót.
XSPK_C_016_T0063,wavs_synthetic_crossspeaker/XSPK_C_016_T0063.wav,C_016,A nagyszobában zárd össze az ajtót
XSPK_C_016_T0064,wavs_synthetic_crossspeaker/XSPK_C_016_T0064.wav,C_016,A számítógépet kapcsold be a konyhába.
XSPK_C_016_T0065,wavs_synthetic_crossspeaker/XSPK_C_016_T0065.wav,C_016,Nagyszobában válts csatornát a rádión
XSPK_C_016_T0066,wavs_synthetic_crossspeaker/XSPK_C_016_T0066.wav,C_016,Kapcsold fel a villanyt ac folyosón
XSPK_C_016_T0067,wavs_synthetic_crossspeaker/XSPK_C_016_T0067.wav,C_016,A kisszobába húzd le a fűtést
XSPK_C_016_T0068,wavs_synthetic_crossspeaker/XSPK_C_016_T0068.wav,C_016,Kisszobába nyisd ki az ajtót.
XSPK_C_016_T0069,wavs_synthetic_crossspeaker/XSPK_C_016_T0069.wav,C_016,Halkítsd le a tévét a kisszobaban
XSPK_C_016_T0070,wavs_synthetic_crossspeaker/XSPK_C_016_T0070.wav,C_016,Húzd fel a fűtést a kisszobába.
XSPK_C_016_T0071,wavs_synthetic_crossspeaker/XSPK_C_016_T0071.wav,C_016,Húzd le a ledőnyt a kissobába
XSPK_C_016_T0072,wavs_synthetic_crossspeaker/XSPK_C_016_T0072.wav,C_016,A kisszobában kapcsold be a tévét.
XSPK_C_016_T0073,wavs_synthetic_crossspeaker/XSPK_C_016_T0073.wav,C_016,Túl meleg van kapcsoljuk be a ventilátorokat
XSPK_C_016_T0074,wavs_synthetic_crossspeaker/XSPK_C_016_T0074.wav,C_016,Kikapcsolnád a nagyszobába a rádiót
XSPK_C_016_T0075,wavs_synthetic_crossspeaker/XSPK_C_016_T0075.wav,C_016,A folyoson kapcsold ki a porszívót
XSPK_C_016_T0076,wavs_synthetic_crossspeaker/XSPK_C_016_T0076.wav,C_016,Kapcsold be a rádijót a nagyszobában.
XSPK_C_016_T0077,wavs_synthetic_crossspeaker/XSPK_C_016_T0077.wav,C_016,A szobában a porszívót kapcsold ki
XSPK_C_016_T0078,wavs_synthetic_crossspeaker/XSPK_C_016_T0078.wav,C_016,Hangosítsd le a tévét a nagyszobába
XSPK_C_016_T0079,wavs_synthetic_crossspeaker/XSPK_C_016_T0079.wav,C_016,Válcs csatornát a rádión a konyhába.
XSPK_C_016_T0080,wavs_synthetic_crossspeaker/XSPK_C_016_T0080.wav,C_016,Húzd be a függönyt a f fürdőszobában
XSPK_C_016_T0081,wavs_synthetic_crossspeaker/XSPK_C_016_T0081.wav,C_016,Csendesítsd a televíziót a folyosón.
XSPK_C_016_T0082,wavs_synthetic_crossspeaker/XSPK_C_016_T0082.wav,C_016,Kisszobába kapcsold ki a ventillátor
XSPK_C_016_T0083,wavs_synthetic_crossspeaker/XSPK_C_016_T0083.wav,C_016,Kapcsold be a radiátort a szobába
XSPK_C_016_T0084,wavs_synthetic_crossspeaker/XSPK_C_016_T0084.wav,C_016,Zárjuk be az ablakot a nagyszobában
XSPK_C_016_T0085,wavs_synthetic_crossspeaker/XSPK_C_016_T0085.wav,C_016,Konyhában kapcsold ki a ventillátort
XSPK_C_016_T0086,wavs_synthetic_crossspeaker/XSPK_C_016_T0086.wav,C_016,A szobába kapcsold be a ventilátort
XSPK_C_016_T0087,wavs_synthetic_crossspeaker/XSPK_C_016_T0087.wav,C_016,Szobában kapcsol hangosítsuk a tévét
XSPK_C_016_T0088,wavs_synthetic_crossspeaker/XSPK_C_016_T0088.wav,C_016,Csukd be a nagyszoba ajtaját
XSPK_C_016_T0089,wavs_synthetic_crossspeaker/XSPK_C_016_T0089.wav,C_016,A nagycobámban nyisd ki az ablakot.
XSPK_C_016_T0090,wavs_synthetic_crossspeaker/XSPK_C_016_T0090.wav,C_016,A fojjosón zárd be az ajtó.
XSPK_C_016_T0091,wavs_synthetic_crossspeaker/XSPK_C_016_T0091.wav,C_016,Kapcsold ki a fűtést a kisszobában
XSPK_C_016_T0092,wavs_synthetic_crossspeaker/XSPK_C_016_T0092.wav,C_016,A folyosón nyiss ki az ablakot.
XSPK_C_016_T0093,wavs_synthetic_crossspeaker/XSPK_C_016_T0093.wav,C_016,Az ablakban az ablakot nyissa ki az a konyhában
XSPK_C_016_T0094,wavs_synthetic_crossspeaker/XSPK_C_016_T0094.wav,C_016,Szobába kapcsold ki a fűtést.
XSPK_C_016_T0095,wavs_synthetic_crossspeaker/XSPK_C_016_T0095.wav,C_016,Kapcsol föl a fürdőszobában
XSPK_C_016_T0096,wavs_synthetic_crossspeaker/XSPK_C_016_T0096.wav,C_016,A folyosó kapcsold be a ventilátort
XSPK_C_016_T0097,wavs_synthetic_crossspeaker/XSPK_C_016_T0097.wav,C_016,A fojjojón hangosícs a tévé.
XSPK_C_016_T0098,wavs_synthetic_crossspeaker/XSPK_C_016_T0098.wav,C_016,Kapcsold be a számítógépet a fürdőszobába.
XSPK_C_016_T0099,wavs_synthetic_crossspeaker/XSPK_C_016_T0099.wav,C_016,Húzd be a fűrdőszobai függönyt
XSPK_C_016_T0100,wavs_synthetic_crossspeaker/XSPK_C_016_T0100.wav,C_016,A konyhába kapcsold be a kerék kenyérpirítót
XSPK_C_016_T0101,wavs_synthetic_crossspeaker/XSPK_C_016_T0101.wav,C_016,A szobában húzd fel a red redőnyt
XSPK_C_016_T0102,wavs_synthetic_crossspeaker/XSPK_C_016_T0102.wav,C_016,Nyiss ki az ajtót a fürdőszobában.
XSPK_C_016_T0103,wavs_synthetic_crossspeaker/XSPK_C_016_T0103.wav,C_016,Csapcsold le a villanyt a nagyszobában
XSPK_C_016_T0104,wavs_synthetic_crossspeaker/XSPK_C_016_T0104.wav,C_016,Kapcsold ki a radiátort a folyoson
XSPK_C_016_T0105,wavs_synthetic_crossspeaker/XSPK_C_016_T0105.wav,C_016,Konyhában kapcsold ki a fűtést.
XSPK_C_016_T0106,wavs_synthetic_crossspeaker/XSPK_C_016_T0106.wav,C_016,A fürdőszobán húzd fel a fűtést.
XSPK_C_016_T0107,wavs_synthetic_crossspeaker/XSPK_C_016_T0107.wav,C_016,A konyhában úzd lejjebb a radiátor
XSPK_C_016_T0108,wavs_synthetic_crossspeaker/XSPK_C_016_T0108.wav,C_016,Halkasítsd le a tévét a folyosón
XSPK_C_016_T0109,wavs_synthetic_crossspeaker/XSPK_C_016_T0109.wav,C_016,A kisszobában nyiss ki az ajtót.
XSPK_C_016_T0110,wavs_synthetic_crossspeaker/XSPK_C_016_T0110.wav,C_016,A fürdőszobában huzzunk szét a függöny
XSPK_C_016_T0111,wavs_synthetic_crossspeaker/XSPK_C_016_T0111.wav,C_016,Aa konyhábn kapcsold ki a ventillátort
XSPK_C_016_T0112,wavs_synthetic_crossspeaker/XSPK_C_016_T0112.wav,C_016,Nyisd ki a szoba ablakot
XSPK_C_016_T0113,wavs_synthetic_crossspeaker/XSPK_C_016_T0113.wav,C_016,Kapcsold ki a keménypirítót a konyhában.
XSPK_C_016_T0114,wavs_synthetic_crossspeaker/XSPK_C_016_T0114.wav,C_016,Kapcsold be a rádjót a bolyosón.
XSPK_C_016_T0115,wavs_synthetic_crossspeaker/XSPK_C_016_T0115.wav,C_016,Kisszoba ajtaját zárd be kérlek
XSPK_C_016_T0116,wavs_synthetic_crossspeaker/XSPK_C_016_T0116.wav,C_016,A kisszobában kapcsold be a porszívó
XSPK_C_016_T0117,wavs_synthetic_crossspeaker/XSPK_C_016_T0117.wav,C_016,Zárd be az ablakot a fü nagyszobába
XSPK_C_016_T0118,wavs_synthetic_crossspeaker/XSPK_C_016_T0118.wav,C_016,A kisszobában üsd ki az ablakot.
XSPK_C_016_T0119,wavs_synthetic_crossspeaker/XSPK_C_016_T0119.wav,C_016,Nagyszobába kapcsold be légy szíves a porszívót
XSPK_C_016_T0120,wavs_synthetic_crossspeaker/XSPK_C_016_T0120.wav,C_016,A konyhában kapcsold ki a pirítót
XSPK_C_016_T0121,wavs_synthetic_crossspeaker/XSPK_C_016_T0121.wav,C_016,Kapcsold be á ventillátort a fojjosón.
XSPK_C_016_T0122,wavs_synthetic_crossspeaker/XSPK_C_016_T0122.wav,C_016,A kisszobába nyissa ki az a ablakot
XSPK_C_016_T0123,wavs_synthetic_crossspeaker/XSPK_C_016_T0123.wav,C_016,Zárjuk be az ablakot a szobába
XSPK_C_016_T0124,wavs_synthetic_crossspeaker/XSPK_C_016_T0124.wav,C_016,Vált csatotornát a szobában.
XSPK_C_016_T0125,wavs_synthetic_crossspeaker/XSPK_C_016_T0125.wav,C_016,A kenyérpirítót kapcsold ki a konyhába
XSPK_C_016_T0126,wavs_synthetic_crossspeaker/XSPK_C_016_T0126.wav,C_016,Kapcsold ki a ventilátorokat a konyhába
XSPK_C_016_T0127,wavs_synthetic_crossspeaker/XSPK_C_016_T0127.wav,C_016,A konyhában kapcsold fel a mosógépet hatvan fokra.
XSPK_C_016_T0128,wavs_synthetic_crossspeaker/XSPK_C_016_T0128.wav,C_016,Bezárjuk a ablakot a konyhában
XSPK_C_016_T0129,wavs_synthetic_crossspeaker/XSPK_C_016_T0129.wav,C_016,Hangosítsd le a tévét a szobába
XSPK_C_016_T0130,wavs_synthetic_crossspeaker/XSPK_C_016_T0130.wav,C_016,Folyosón kapcsoljuk ki a porszívót
XSPK_C_016_T0131,wavs_synthetic_crossspeaker/XSPK_C_016_T0131.wav,C_016,Húzd fel a redőny a szobában
XSPK_C_016_T0132,wavs_synthetic_crossspeaker/XSPK_C_016_T0132.wav,C_016,Kapcsold be mosógép a konyh fürdőszobában hatvan fokon
XSPK_C_016_T0133,wavs_synthetic_crossspeaker/XSPK_C_016_T0133.wav,C_016,Húzd le a fűtést a szobába.
XSPK_C_016_T0134,wavs_synthetic_crossspeaker/XSPK_C_016_T0134.wav,C_016,Húzd fel a reedőnyt a konyhába
XSPK_C_016_T0135,wavs_synthetic_crossspeaker/XSPK_C_016_T0135.wav,C_016,Kapcsuld ki a rádiót a nagyszobában
XSPK_C_016_T0136,wavs_synthetic_crossspeaker/XSPK_C_016_T0136.wav,C_016,Fürdőszobában harminc fokra állítsd be a mosógépet
XSPK_C_016_T0137,wavs_synthetic_crossspeaker/XSPK_C_016_T0137.wav,C_016,Az ablakot nyissák ki a nagyszobába
XSPK_C_016_T0138,wavs_synthetic_crossspeaker/XSPK_C_016_T0138.wav,C_016,A kisszobába nyisd ki az ajtót
XSPK_C_016_T0139,wavs_synthetic_crossspeaker/XSPK_C_016_T0139.wav,C_016,A szobában hangosít a tévét.
XSPK_C_016_T0140,wavs_synthetic_crossspeaker/XSPK_C_016_T0140.wav,C_016,A konyhában kapcsold ki á kenyérpirítót.
XSPK_C_016_T0141,wavs_synthetic_crossspeaker/XSPK_C_016_T0141.wav,C_016,Zárd be az ablakto a szobában
XSPK_C_016_T0142,wavs_synthetic_crossspeaker/XSPK_C_016_T0142.wav,C_016,A konyhába kapcsold ki a radiátor
XSPK_C_016_T0143,wavs_synthetic_crossspeaker/XSPK_C_016_T0143.wav,C_016,A nagyszobába húzd szét a függönyt.
XSPK_C_016_T0144,wavs_synthetic_crossspeaker/XSPK_C_016_T0144.wav,C_016,A konyhába kapcsold be a rediát
XSPK_C_016_T0145,wavs_synthetic_crossspeaker/XSPK_C_016_T0145.wav,C_016,A nagyszobában hangosíts fel a tévét
XSPK_C_016_T0146,wavs_synthetic_crossspeaker/XSPK_C_016_T0146.wav,C_016,Kapcsold át a televíziót a kisszobában
XSPK_C_016_T0147,wavs_synthetic_crossspeaker/XSPK_C_016_T0147.wav,C_016,Kisszobába vá vál csatornát a rádión.
XSPK_C_016_T0148,wavs_synthetic_crossspeaker/XSPK_C_016_T0148.wav,C_016,Húzd fel a redőnt a kisszobában
XSPK_C_016_T0149,wavs_synthetic_crossspeaker/XSPK_C_016_T0149.wav,C_016,Kapcsold föl villanyt a konyhába
XSPK_C_016_T0150,wavs_synthetic_crossspeaker/XSPK_C_016_T0150.wav,C_016,A konyhában húzd fle a redőnt.
XSPK_C_016_T0151,wavs_synthetic_crossspeaker/XSPK_C_016_T0151.wav,C_016,Porszívó kapcsold be a konyhába.
XSPK_C_016_T0152,wavs_synthetic_crossspeaker/XSPK_C_016_T0152.wav,C_016,Kapcsold be a mosógépet a konyhában harminc fokon
XSPK_C_016_T0153,wavs_synthetic_crossspeaker/XSPK_C_016_T0153.wav,C_016,A szobában kapccsold ki a ventilátort
XSPK_C_016_T0154,wavs_synthetic_crossspeaker/XSPK_C_016_T0154.wav,C_016,Kapcsoljuk le a szobában a villanyt
XSPK_C_016_T0155,wavs_synthetic_crossspeaker/XSPK_C_016_T0155.wav,C_016,Húzd el redőnyt a kisszobában
XSPK_C_016_T0156,wavs_synthetic_crossspeaker/XSPK_C_016_T0156.wav,C_016,Kisszobába kapcsold ki a porszívót
XSPK_C_016_T0157,wavs_synthetic_crossspeaker/XSPK_C_016_T0157.wav,C_016,Fürdőszobba zárd be az ajtót
XSPK_C_016_T0158,wavs_synthetic_crossspeaker/XSPK_C_016_T0158.wav,C_016,A konyhában húzd fel a redőnt.
XSPK_C_016_T0159,wavs_synthetic_crossspeaker/XSPK_C_016_T0159.wav,C_016,A kisszobában kapcsold ki a ventillátor
XSPK_C_016_T0160,wavs_synthetic_crossspeaker/XSPK_C_016_T0160.wav,C_016,A nagyszobába kapcsold föl fel a villanyt
XSPK_C_016_T0161,wavs_synthetic_crossspeaker/XSPK_C_016_T0161.wav,C_016,Húzd be a függönyt a folyosó
XSPK_C_016_T0162,wavs_synthetic_crossspeaker/XSPK_C_016_T0162.wav,C_016,A fürdőszobába vedd lejjebb a radiátort
XSPK_C_016_T0163,wavs_synthetic_crossspeaker/XSPK_C_016_T0163.wav,C_016,A szobában kapcsold ki a ventilátort
XSPK_C_016_T0164,wavs_synthetic_crossspeaker/XSPK_C_016_T0164.wav,C_016,Húzd le a lell redőnyt a fürdőszobába.
XSPK_C_016_T0165,wavs_synthetic_crossspeaker/XSPK_C_016_T0165.wav,C_016,A nagycobában engedd le a redőnyt
XSPK_C_016_T0166,wavs_synthetic_crossspeaker/XSPK_C_016_T0166.wav,C_016,A kisszobában kapcsold le a fűtés.
XSPK_C_016_T0167,wavs_synthetic_crossspeaker/XSPK_C_016_T0167.wav,C_016,Kapcsold be a ládiót a cobában
XSPK_C_016_T0168,wavs_synthetic_crossspeaker/XSPK_C_016_T0168.wav,C_016,Kapcsold fel a szobába a hőmérsékletet
XSPK_C_016_T0169,wavs_synthetic_crossspeaker/XSPK_C_016_T0169.wav,C_016,Nagyszobában kapcsold be a ventilátort
XSPK_C_016_T0170,wavs_synthetic_crossspeaker/XSPK_C_016_T0170.wav,C_016,A fürdőszobában kapcsold be a tévét.
XSPK_C_016_T0171,wavs_synthetic_crossspeaker/XSPK_C_016_T0171.wav,C_016,Hívd föl a filamat.
XSPK_C_016_T0172,wavs_synthetic_crossspeaker/XSPK_C_016_T0172.wav,C_016,Folyosón kapcsold ki a rádiot
XSPK_C_016_T0173,wavs_synthetic_crossspeaker/XSPK_C_016_T0173.wav,C_016,A nagyszobában kapcsold ki a rádió.
XSPK_C_016_T0174,wavs_synthetic_crossspeaker/XSPK_C_016_T0174.wav,C_016,A fürdőszobaban kapcsold be a hűttő.
XSPK_C_016_T0175,wavs_synthetic_crossspeaker/XSPK_C_016_T0175.wav,C_016,Kapcsold föl a fűtést a konyhában
XSPK_C_016_T0176,wavs_synthetic_crossspeaker/XSPK_C_016_T0176.wav,C_016,Kapcsoljuk le a villanyt a szobában
XSPK_C_016_T0177,wavs_synthetic_crossspeaker/XSPK_C_016_T0177.wav,C_016,Vedd lejjebb a fürdőszobába a fűtést
XSPK_C_016_T0178,wavs_synthetic_crossspeaker/XSPK_C_016_T0178.wav,C_016,Szobában üsd ki az ablakot.
XSPK_C_016_T0179,wavs_synthetic_crossspeaker/XSPK_C_016_T0179.wav,C_016,Engedd le a redőnyt a nagyszobába.
XSPK_C_016_T0180,wavs_synthetic_crossspeaker/XSPK_C_016_T0180.wav,C_016,A kisszobában zárd be a ajtót
XSPK_C_016_T0181,wavs_synthetic_crossspeaker/XSPK_C_016_T0181.wav,C_016,Kisszobába kapcsold be a számítógépet.
XSPK_C_016_T0182,wavs_synthetic_crossspeaker/XSPK_C_016_T0182.wav,C_016,A konyhába húzd fel a redőny
XSPK_C_016_T0183,wavs_synthetic_crossspeaker/XSPK_C_016_T0183.wav,C_016,A konyhában válcs csatornát a rádión.
XSPK_C_016_T0184,wavs_synthetic_crossspeaker/XSPK_C_016_T0184.wav,C_016,A konyhában húzd le a fűté.
XSPK_C_016_T0185,wavs_synthetic_crossspeaker/XSPK_C_016_T0185.wav,C_016,A folyosón csendesítsd a tévét
XSPK_C_016_T0186,wavs_synthetic_crossspeaker/XSPK_C_016_T0186.wav,C_016,A hürdőszobában válts csatornát tévén
XSPK_C_016_T0187,wavs_synthetic_crossspeaker/XSPK_C_016_T0187.wav,C_016,A szobábán kápcsold fell a villanyt.
XSPK_C_016_T0188,wavs_synthetic_crossspeaker/XSPK_C_016_T0188.wav,C_016,A szobába vedd feljebb a radiátort
XSPK_C_016_T0189,wavs_synthetic_crossspeaker/XSPK_C_016_T0189.wav,C_016,Kapcsold fel a villanyt a szobában
XSPK_C_016_T0190,wavs_synthetic_crossspeaker/XSPK_C_016_T0190.wav,C_016,Kapcsold be a rádiót ah konyhába
XSPK_C_016_T0191,wavs_synthetic_crossspeaker/XSPK_C_016_T0191.wav,C_016,A kisszobában indítsd el légy szíves a porszívót
XSPK_C_016_T0192,wavs_synthetic_crossspeaker/XSPK_C_016_T0192.wav,C_016,Zárd be az ablakot a konyhában.
XSPK_C_016_T0193,wavs_synthetic_crossspeaker/XSPK_C_016_T0193.wav,C_016,Zárd be az ajtót a kisszobába
XSPK_C_016_T0194,wavs_synthetic_crossspeaker/XSPK_C_016_T0194.wav,C_016,Folyosón kapcsold be a fűtést
XSPK_C_016_T0195,wavs_synthetic_crossspeaker/XSPK_C_016_T0195.wav,C_016,A kisszobába nyissuk ki az ablakot
XSPK_C_016_T0196,wavs_synthetic_crossspeaker/XSPK_C_016_T0196.wav,C_016,A folyosón kapcsold ki radiátort
XSPK_C_016_T0197,wavs_synthetic_crossspeaker/XSPK_C_016_T0197.wav,C_016,A kisszobaban kapcsold be a fűtést.
XSPK_C_016_T0198,wavs_synthetic_crossspeaker/XSPK_C_016_T0198.wav,C_016,A szobába nyisd nyissa meg a nyissa meg az ablakot
XSPK_C_016_T0199,wavs_synthetic_crossspeaker/XSPK_C_016_T0199.wav,C_016,Kapcsold le a villant a konyhába.
XSPK_C_016_T0200,wavs_synthetic_crossspeaker/XSPK_C_016_T0200.wav,C_016,A konyhában kapcsold be a ventillátort.
XSPK_C_016_T0201,wavs_synthetic_crossspeaker/XSPK_C_016_T0201.wav,C_016,A kisszobában kapcsold át a televíziót
XSPK_C_016_T0202,wavs_synthetic_crossspeaker/XSPK_C_016_T0202.wav,C_016,Húzd le a redőnyt a kis szobába.
XSPK_C_016_T0203,wavs_synthetic_crossspeaker/XSPK_C_016_T0203.wav,C_016,A konyhában húzd szét a függönyt.
XSPK_C_016_T0204,wavs_synthetic_crossspeaker/XSPK_C_016_T0204.wav,C_016,A fürdőszobában csendesítsd a tévét.
XSPK_C_016_T0205,wavs_synthetic_crossspeaker/XSPK_C_016_T0205.wav,C_016,Kisszobába húzzuk szét a függönyöket
XSPK_C_016_T0206,wavs_synthetic_crossspeaker/XSPK_C_016_T0206.wav,C_016,A fürdőszobában kapcsold fel a villanyt
XSPK_C_016_T0207,wavs_synthetic_crossspeaker/XSPK_C_016_T0207.wav,C_016,A nagyszobában húzd szét a függönyt.
XSPK_C_016_T0208,wavs_synthetic_crossspeaker/XSPK_C_016_T0208.wav,C_016,Kapcsold ki a ventillátort a konyhába
XSPK_C_016_T0209,wavs_synthetic_crossspeaker/XSPK_C_016_T0209.wav,C_016,Kapcsold fel a folyosón a villanyt
XSPK_C_017_T0000,wavs_synthetic_crossspeaker/XSPK_C_017_T0000.wav,C_017,Másik csatornára tedd át a tévét a kisszobába
XSPK_C_017_T0001,wavs_synthetic_crossspeaker/XSPK_C_017_T0001.wav,C_017,A fürdőszobaban húzd le a redönyt
XSPK_C_017_T0002,wavs_synthetic_crossspeaker/XSPK_C_017_T0002.wav,C_017,Kapcsold be a ventilátort a nagyszobában.
XSPK_C_017_T0003,wavs_synthetic_crossspeaker/XSPK_C_017_T0003.wav,C_017,Kapcsold ki a tévét a kisszobában
XSPK_C_017_T0004,wavs_synthetic_crossspeaker/XSPK_C_017_T0004.wav,C_017,A nagyszobában nyissuk az ajtón
XSPK_C_017_T0005,wavs_synthetic_crossspeaker/XSPK_C_017_T0005.wav,C_017,Kapcsold be a mosogetógépet a konyhában.
XSPK_C_017_T0006,wavs_synthetic_crossspeaker/XSPK_C_017_T0006.wav,C_017,A szobában válts csatornát a rádión.
XSPK_C_017_T0007,wavs_synthetic_crossspeaker/XSPK_C_017_T0007.wav,C_017,A szobába hangosítsd le a tévét
XSPK_C_017_T0008,wavs_synthetic_crossspeaker/XSPK_C_017_T0008.wav,C_017,Fütés ki konyha
XSPK_C_017_T0009,wavs_synthetic_crossspeaker/XSPK_C_017_T0009.wav,C_017,Halkítsuk a tévét a folyosón
XSPK_C_017_T0010,wavs_synthetic_crossspeaker/XSPK_C_017_T0010.wav,C_017,Kapcsold át a televíziót a nagyzobában
XSPK_C_017_T0011,wavs_synthetic_crossspeaker/XSPK_C_017_T0011.wav,C_017,A nagyszobai függönyt húzd be
XSPK_C_017_T0012,wavs_synthetic_crossspeaker/XSPK_C_017_T0012.wav,C_017,A fürdőszobába kapcsold be a ventillátort
XSPK_C_017_T0013,wavs_synthetic_crossspeaker/XSPK_C_017_T0013.wav,C_017,Engedd le a reg re redőnyt a konyhába.
XSPK_C_017_T0014,wavs_synthetic_crossspeaker/XSPK_C_017_T0014.wav,C_017,Hívd föl a lányom
XSPK_C_017_T0015,wavs_synthetic_crossspeaker/XSPK_C_017_T0015.wav,C_017,Nagyszoban fűtés ke ki
XSPK_C_017_T0016,wavs_synthetic_crossspeaker/XSPK_C_017_T0016.wav,C_017,Kapcsold ki a mosógépet a konyhában.
XSPK_C_017_T0017,wavs_synthetic_crossspeaker/XSPK_C_017_T0017.wav,C_017,Tedd át a tévét a szobába a másik csatornára
XSPK_C_017_T0018,wavs_synthetic_crossspeaker/XSPK_C_017_T0018.wav,C_017,Konyhába kapcsold ki a vízforralót.
XSPK_C_017_T0019,wavs_synthetic_crossspeaker/XSPK_C_017_T0019.wav,C_017,A kis szobában hangosícsd fel a tévét.
XSPK_C_017_T0020,wavs_synthetic_crossspeaker/XSPK_C_017_T0020.wav,C_017,A kisszobában kapcsold ki a ventillátor
XSPK_C_017_T0021,wavs_synthetic_crossspeaker/XSPK_C_017_T0021.wav,C_017,Halkítsd le a tévét kisszobában
XSPK_C_017_T0022,wavs_synthetic_crossspeaker/XSPK_C_017_T0022.wav,C_017,Kapcsold be a ventilátort a szobába.
XSPK_C_017_T0023,wavs_synthetic_crossspeaker/XSPK_C_017_T0023.wav,C_017,A konyhában zárd be a ajtót
XSPK_C_017_T0024,wavs_synthetic_crossspeaker/XSPK_C_017_T0024.wav,C_017,Kapcsold ki a rádiót a fojjosón.
XSPK_C_017_T0025,wavs_synthetic_crossspeaker/XSPK_C_017_T0025.wav,C_017,A szobában húzd fejjebb a radidátort
XSPK_C_017_T0026,wavs_synthetic_crossspeaker/XSPK_C_017_T0026.wav,C_017,Nyisd ki légy szíves a fürdőszoba ajtót
XSPK_C_017_T0027,wavs_synthetic_crossspeaker/XSPK_C_017_T0027.wav,C_017,Folyosó húzd fel a redőnyt
XSPK_C_017_T0028,wavs_synthetic_crossspeaker/XSPK_C_017_T0028.wav,C_017,Szobában hangosítsd föl a televíziót
XSPK_C_017_T0029,wavs_synthetic_crossspeaker/XSPK_C_017_T0029.wav,C_017,A folyosón kapcsold ki a porszívó.
XSPK_C_017_T0030,wavs_synthetic_crossspeaker/XSPK_C_017_T0030.wav,C_017,Kapcsold be a ventilátort a nagyszobába.
XSPK_C_017_T0031,wavs_synthetic_crossspeaker/XSPK_C_017_T0031.wav,C_017,Kapcsold be a pirítós a konyhában
XSPK_C_017_T0032,wavs_synthetic_crossspeaker/XSPK_C_017_T0032.wav,C_017,Konyhába kapcsoljuk be a rádiót
XSPK_C_017_T0033,wavs_synthetic_crossspeaker/XSPK_C_017_T0033.wav,C_017,Szobában húzd föl a redőnyt
XSPK_C_017_T0034,wavs_synthetic_crossspeaker/XSPK_C_017_T0034.wav,C_017,Konyhában kapcsold be a fűtés.
XSPK_C_017_T0035,wavs_synthetic_crossspeaker/XSPK_C_017_T0035.wav,C_017,Kapcsold be a büdés a fürdőszobában.
XSPK_C_017_T0036,wavs_synthetic_crossspeaker/XSPK_C_017_T0036.wav,C_017,Válcs totornát a rádión a folyosón.
XSPK_C_017_T0037,wavs_synthetic_crossspeaker/XSPK_C_017_T0037.wav,C_017,Nagyszobába kapcsold be a rádiót
XSPK_C_017_T0038,wavs_synthetic_crossspeaker/XSPK_C_017_T0038.wav,C_017,Húzd le a fűtést a nagycobában.
XSPK_C_017_T0039,wavs_synthetic_crossspeaker/XSPK_C_017_T0039.wav,C_017,Kapcsold be légy szíves a termosztátot a kisszobába
XSPK_C_017_T0040,wavs_synthetic_crossspeaker/XSPK_C_017_T0040.wav,C_017,Fürdőszobában kapcsold fel a villanyt
XSPK_C_017_T0041,wavs_synthetic_crossspeaker/XSPK_C_017_T0041.wav,C_017,A redőnyt a fürdőszobában húzd hogy van ez húzd fel
XSPK_C_017_T0042,wavs_synthetic_crossspeaker/XSPK_C_017_T0042.wav,C_017,A folysón kapcsold fel a villanyt
XSPK_C_017_T0043,wavs_synthetic_crossspeaker/XSPK_C_017_T0043.wav,C_017,Húzd le a füttés a fürdőszobába.
XSPK_C_017_T0044,wavs_synthetic_crossspeaker/XSPK_C_017_T0044.wav,C_017,A számítógépet kapcsold ö be a kisszo a kiszobában
XSPK_C_017_T0045,wavs_synthetic_crossspeaker/XSPK_C_017_T0045.wav,C_017,A fürdőszobaba kapcsold fel a villanyt
XSPK_C_017_T0046,wavs_synthetic_crossspeaker/XSPK_C_017_T0046.wav,C_017,Hangosicsd a tévét a kisszobában.
XSPK_C_017_T0047,wavs_synthetic_crossspeaker/XSPK_C_017_T0047.wav,C_017,A fűtést kapcsold ki a folyosón.
XSPK_C_017_T0048,wavs_synthetic_crossspeaker/XSPK_C_017_T0048.wav,C_017,Konyha hőmérsékletét kapcsold le
XSPK_C_017_T0049,wavs_synthetic_crossspeaker/XSPK_C_017_T0049.wav,C_017,Nyissuk ki az ablakot a nagyszobába
XSPK_C_017_T0050,wavs_synthetic_crossspeaker/XSPK_C_017_T0050.wav,C_017,Kapcsold be a mosógépet hatvan fokos hőmérséklet esetén a fürdőszobába
XSPK_C_017_T0051,wavs_synthetic_crossspeaker/XSPK_C_017_T0051.wav,C_017,Zárd be az ajtót a konyhán
XSPK_C_017_T0052,wavs_synthetic_crossspeaker/XSPK_C_017_T0052.wav,C_017,Csapcsold be a rádiót a konyhában
XSPK_C_017_T0053,wavs_synthetic_crossspeaker/XSPK_C_017_T0053.wav,C_017,A nagyszobában hangosícs a tévét.
XSPK_C_017_T0054,wavs_synthetic_crossspeaker/XSPK_C_017_T0054.wav,C_017,A konyhába húzd szét a függönyt.
XSPK_C_017_T0055,wavs_synthetic_crossspeaker/XSPK_C_017_T0055.wav,C_017,Folyoson húzd szét a függönyt
XSPK_C_017_T0056,wavs_synthetic_crossspeaker/XSPK_C_017_T0056.wav,C_017,Csukd be légy szíves a konyhai ajtót
XSPK_C_017_T0057,wavs_synthetic_crossspeaker/XSPK_C_017_T0057.wav,C_017,Fürdőszobába nyissuk ki az ajtót
XSPK_C_017_T0058,wavs_synthetic_crossspeaker/XSPK_C_017_T0058.wav,C_017,Porszívó be szobában
XSPK_C_017_T0059,wavs_synthetic_crossspeaker/XSPK_C_017_T0059.wav,C_017,A fürdőszobában zárd beg az ajtót
XSPK_C_017_T0060,wavs_synthetic_crossspeaker/XSPK_C_017_T0060.wav,C_017,A sütőt kapcsold ki a konyhában
XSPK_C_017_T0061,wavs_synthetic_crossspeaker/XSPK_C_017_T0061.wav,C_017,Zárd be a ajtót a szobában
XSPK_C_017_T0062,wavs_synthetic_crossspeaker/XSPK_C_017_T0062.wav,C_017,Kapcsold be a mosógépet a fühldőszobában harminc fokon
XSPK_C_017_T0063,wavs_synthetic_crossspeaker/XSPK_C_017_T0063.wav,C_017,A nagyszobában válts cs csatornát a rádión
XSPK_C_017_T0064,wavs_synthetic_crossspeaker/XSPK_C_017_T0064.wav,C_017,A nágyszobában kapcsold ki a ventillátort
XSPK_C_017_T0065,wavs_synthetic_crossspeaker/XSPK_C_017_T0065.wav,C_017,Csendesít a tévét a nagycobában.
XSPK_C_017_T0066,wavs_synthetic_crossspeaker/XSPK_C_017_T0066.wav,C_017,És kapcsold be a nagyszobában a kenyérpirítót
XSPK_C_017_T0067,wavs_synthetic_crossspeaker/XSPK_C_017_T0067.wav,C_017,Húzd föl a redőnyt a nagyszobában.
XSPK_C_017_T0068,wavs_synthetic_crossspeaker/XSPK_C_017_T0068.wav,C_017,Kapcsold be a parszivót a fojjosón.
XSPK_C_017_T0069,wavs_synthetic_crossspeaker/XSPK_C_017_T0069.wav,C_017,És a kisszobában kapcsold be a ventilátor
XSPK_C_017_T0070,wavs_synthetic_crossspeaker/XSPK_C_017_T0070.wav,C_017,A fürdőben kapcsold le a villanyt
XSPK_C_017_T0071,wavs_synthetic_crossspeaker/XSPK_C_017_T0071.wav,C_017,Kapcsold be a konyhába a mosogatógépet
XSPK_C_017_T0072,wavs_synthetic_crossspeaker/XSPK_C_017_T0072.wav,C_017,Válts csatornát a nagszobába
XSPK_C_017_T0073,wavs_synthetic_crossspeaker/XSPK_C_017_T0073.wav,C_017,Válcs csatornát a tévén a fojjosón.
XSPK_C_017_T0074,wavs_synthetic_crossspeaker/XSPK_C_017_T0074.wav,C_017,A naccobában kapcsold le a villant.
XSPK_C_017_T0075,wavs_synthetic_crossspeaker/XSPK_C_017_T0075.wav,C_017,Válcs csatornát a rádjón a kinnuoban.
XSPK_C_017_T0076,wavs_synthetic_crossspeaker/XSPK_C_017_T0076.wav,C_017,A szobába húzd le a fűtést
XSPK_C_017_T0077,wavs_synthetic_crossspeaker/XSPK_C_017_T0077.wav,C_017,Konyhában vál váltsd csatornát a tévén
XSPK_C_017_T0078,wavs_synthetic_crossspeaker/XSPK_C_017_T0078.wav,C_017,Szobába válts csatornát a tévén
XSPK_C_017_T0079,wavs_synthetic_crossspeaker/XSPK_C_017_T0079.wav,C_017,Húzd fel a radiátort a knagyszobában
XSPK_C_017_T0080,wavs_synthetic_crossspeaker/XSPK_C_017_T0080.wav,C_017,A nagyszobábá húzd szét a függönyt.
XSPK_C_017_T0081,wavs_synthetic_crossspeaker/XSPK_C_017_T0081.wav,C_017,Konyhában kapcsold ki a ventilátort
XSPK_C_017_T0082,wavs_synthetic_crossspeaker/XSPK_C_017_T0082.wav,C_017,A fürdőszobába vedd föl a fűtést
XSPK_C_017_T0083,wavs_synthetic_crossspeaker/XSPK_C_017_T0083.wav,C_017,A kisszobában nyiss ki az ablakot.
XSPK_C_017_T0084,wavs_synthetic_crossspeaker/XSPK_C_017_T0084.wav,C_017,A fürdőszobában zárjuk be az ajtón
XSPK_C_017_T0085,wavs_synthetic_crossspeaker/XSPK_C_017_T0085.wav,C_017,Csapcsold be a porszívót a konyhában
XSPK_C_017_T0086,wavs_synthetic_crossspeaker/XSPK_C_017_T0086.wav,C_017,A számítógépet kapcsold ki a nagycobában
XSPK_C_017_T0087,wavs_synthetic_crossspeaker/XSPK_C_017_T0087.wav,C_017,A folyosón kapcsold ki a rádiót.
XSPK_C_017_T0088,wavs_synthetic_crossspeaker/XSPK_C_017_T0088.wav,C_017,Nyisdki az ajtót a szobában.
XSPK_C_017_T0089,wavs_synthetic_crossspeaker/XSPK_C_017_T0089.wav,C_017,Konyhába kapcsold ki a poszívót
XSPK_C_017_T0090,wavs_synthetic_crossspeaker/XSPK_C_017_T0090.wav,C_017,A cobában kapcsold le a villan.
XSPK_C_017_T0091,wavs_synthetic_crossspeaker/XSPK_C_017_T0091.wav,C_017,Húzd lejjebb a folyosón aj ja
XSPK_C_017_T0092,wavs_synthetic_crossspeaker/XSPK_C_017_T0092.wav,C_017,A szobában húzd le a radioátort
XSPK_C_017_T0093,wavs_synthetic_crossspeaker/XSPK_C_017_T0093.wav,C_017,A konyhában kapcsold ki a rádiót.
XSPK_C_017_T0094,wavs_synthetic_crossspeaker/XSPK_C_017_T0094.wav,C_017,Kacsvold fel a villanyt a kisszobában
XSPK_C_017_T0095,wavs_synthetic_crossspeaker/XSPK_C_017_T0095.wav,C_017,A porszívót kapcsold ki a folyosón
XSPK_C_017_T0096,wavs_synthetic_crossspeaker/XSPK_C_017_T0096.wav,C_017,Húzd le a ledőnyt a konyhában
XSPK_C_017_T0097,wavs_synthetic_crossspeaker/XSPK_C_017_T0097.wav,C_017,A hürdőszobában válts csatornát tévén
XSPK_C_017_T0098,wavs_synthetic_crossspeaker/XSPK_C_017_T0098.wav,C_017,A folyosón kapcsőd ki a forszívót
XSPK_C_017_T0099,wavs_synthetic_crossspeaker/XSPK_C_017_T0099.wav,C_017,A nagyszobaban húzd be a függönyt.
XSPK_C_017_T0100,wavs_synthetic_crossspeaker/XSPK_C_017_T0100.wav,C_017,Zárd be légy szíves a fürdőszoba ajtót
XSPK_C_017_T0101,wavs_synthetic_crossspeaker/XSPK_C_017_T0101.wav,C_017,A naccobában húzd le a redőnyöket
XSPK_C_017_T0102,wavs_synthetic_crossspeaker/XSPK_C_017_T0102.wav,C_017,A konyhában az ah nyisd ki az ajtót
XSPK_C_017_T0103,wavs_synthetic_crossspeaker/XSPK_C_017_T0103.wav,C_017,Nyisd kí az ablakot a nagyszobában.
XSPK_C_017_T0104,wavs_synthetic_crossspeaker/XSPK_C_017_T0104.wav,C_017,Kapcsold be a radiátort a szobában
XSPK_C_017_T0105,wavs_synthetic_crossspeaker/XSPK_C_017_T0105.wav,C_017,A kisszobába rotobe a számítógépet.
XSPK_C_017_T0106,wavs_synthetic_crossspeaker/XSPK_C_017_T0106.wav,C_017,Kapcsold be a számítógépet a naccobában.
XSPK_C_017_T0107,wavs_synthetic_crossspeaker/XSPK_C_017_T0107.wav,C_017,Kapcsold fel a villanyt a kisszobába
XSPK_C_017_T0108,wavs_synthetic_crossspeaker/XSPK_C_017_T0108.wav,C_017,Zárd be az ant a kisszobába
XSPK_C_017_T0109,wavs_synthetic_crossspeaker/XSPK_C_017_T0109.wav,C_017,A konyhába kapcsold be a kenyérpirítót
XSPK_C_017_T0110,wavs_synthetic_crossspeaker/XSPK_C_017_T0110.wav,C_017,Húzd szét a fügönnt a konyhában.
XSPK_C_017_T0111,wavs_synthetic_crossspeaker/XSPK_C_017_T0111.wav,C_017,Húzd be a függönyt a nagycobába
XSPK_C_017_T0112,wavs_synthetic_crossspeaker/XSPK_C_017_T0112.wav,C_017,Húzd le a hűttés a zobába.
XSPK_C_017_T0113,wavs_synthetic_crossspeaker/XSPK_C_017_T0113.wav,C_017,A konyhában válts csatornát a rádión
XSPK_C_017_T0114,wavs_synthetic_crossspeaker/XSPK_C_017_T0114.wav,C_017,A nagyszobába zárd be az ablakot
XSPK_C_017_T0115,wavs_synthetic_crossspeaker/XSPK_C_017_T0115.wav,C_017,Kapcsold le a enyérpirítót a kisszobában
XSPK_C_017_T0116,wavs_synthetic_crossspeaker/XSPK_C_017_T0116.wav,C_017,Konyhában kapcsold be a vízforralót
XSPK_C_017_T0117,wavs_synthetic_crossspeaker/XSPK_C_017_T0117.wav,C_017,Húzd föl a redőnyt a fürdőszobába.
XSPK_C_017_T0118,wavs_synthetic_crossspeaker/XSPK_C_017_T0118.wav,C_017,A nagyszobában váltsd csatornát a tévén
XSPK_C_017_T0119,wavs_synthetic_crossspeaker/XSPK_C_017_T0119.wav,C_017,Válcs csatornát a rádión a kisszobában
XSPK_C_017_T0120,wavs_synthetic_crossspeaker/XSPK_C_017_T0120.wav,C_017,Kapcsold be a mosógépet harminc fokra a konyhában
XSPK_C_017_T0121,wavs_synthetic_crossspeaker/XSPK_C_017_T0121.wav,C_017,A ventillátort kapcsold ki a konyhába
XSPK_C_017_T0122,wavs_synthetic_crossspeaker/XSPK_C_017_T0122.wav,C_017,Zárjuk be az ablakot a szobában
XSPK_C_017_T0123,wavs_synthetic_crossspeaker/XSPK_C_017_T0123.wav,C_017,A nagyszobábá hángosítsd a tévét.
XSPK_C_017_T0124,wavs_synthetic_crossspeaker/XSPK_C_017_T0124.wav,C_017,Kapcsold be a ventillátort a dolcóbában.
XSPK_C_017_T0125,wavs_synthetic_crossspeaker/XSPK_C_017_T0125.wav,C_017,Húzd fel a fűtést a kisszobában.
XSPK_C_017_T0126,wavs_synthetic_crossspeaker/XSPK_C_017_T0126.wav,C_017,Hívd fel légy szíves a lányom
XSPK_C_017_T0127,wavs_synthetic_crossspeaker/XSPK_C_017_T0127.wav,C_017,A konyhában kapcsold föl a villanyt légy szíves
XSPK_C_017_T0128,wavs_synthetic_crossspeaker/XSPK_C_017_T0128.wav,C_017,A porszívót kapcsold ki a kiszobába
XSPK_C_017_T0129,wavs_synthetic_crossspeaker/XSPK_C_017_T0129.wav,C_017,A fojjosón hangosicsd a tévé.
XSPK_C_017_T0130,wavs_synthetic_crossspeaker/XSPK_C_017_T0130.wav,C_017,Váltsál csatornát a fürdőszobai rádión
XSPK_C_017_T0131,wavs_synthetic_crossspeaker/XSPK_C_017_T0131.wav,C_017,Kapcsold fel a fűtést a nagyszobába
XSPK_C_017_T0132,wavs_synthetic_crossspeaker/XSPK_C_017_T0132.wav,C_017,Válts csatornát a kony a rádión a konyhában
XSPK_C_017_T0133,wavs_synthetic_crossspeaker/XSPK_C_017_T0133.wav,C_017,A fürdőszobába húzd szét a függöny
XSPK_C_017_T0134,wavs_synthetic_crossspeaker/XSPK_C_017_T0134.wav,C_017,A rádiót kapcsold be a kisszobába
XSPK_C_017_T0135,wavs_synthetic_crossspeaker/XSPK_C_017_T0135.wav,C_017,Húzd föl a redőnyt a szobában.
XSPK_C_017_T0136,wavs_synthetic_crossspeaker/XSPK_C_017_T0136.wav,C_017,A ventillárort kapcsold be a nagycobában
XSPK_C_017_T0137,wavs_synthetic_crossspeaker/XSPK_C_017_T0137.wav,C_017,Válcs tatornát a rádión a nagycobában.
XSPK_C_017_T0138,wavs_synthetic_crossspeaker/XSPK_C_017_T0138.wav,C_017,A konyhába kapcsold fel a villanyt.
XSPK_C_017_T0139,wavs_synthetic_crossspeaker/XSPK_C_017_T0139.wav,C_017,A mosógépet kapcsold föl hatvan fokra a konyhában
XSPK_C_017_T0140,wavs_synthetic_crossspeaker/XSPK_C_017_T0140.wav,C_017,Húzd le a rod a redőnyt a konyh a kisszobában
XSPK_C_017_T0141,wavs_synthetic_crossspeaker/XSPK_C_017_T0141.wav,C_017,A kisszobában hangosítsd a televíziót.
XSPK_C_017_T0142,wavs_synthetic_crossspeaker/XSPK_C_017_T0142.wav,C_017,Csendesítsd a televíziót a szobában.
XSPK_C_017_T0143,wavs_synthetic_crossspeaker/XSPK_C_017_T0143.wav,C_017,Kapcsold be a fűtést a fojjosón.
XSPK_C_017_T0144,wavs_synthetic_crossspeaker/XSPK_C_017_T0144.wav,C_017,Húzd le a fütést a kisszobábá.
XSPK_C_017_T0145,wavs_synthetic_crossspeaker/XSPK_C_017_T0145.wav,C_017,A nagyszobában kapcsold be á ventillátort.
XSPK_C_017_T0146,wavs_synthetic_crossspeaker/XSPK_C_017_T0146.wav,C_017,A kisszobában kapcsold le a lámp zát
XSPK_C_017_T0147,wavs_synthetic_crossspeaker/XSPK_C_017_T0147.wav,C_017,Húzd szét a függönyt a szobábán.
XSPK_C_017_T0148,wavs_synthetic_crossspeaker/XSPK_C_017_T0148.wav,C_017,Kapcsolj be a vízforral a gonyhába.
XSPK_C_017_T0149,wavs_synthetic_crossspeaker/XSPK_C_017_T0149.wav,C_017,A folyosón csator válts csatornát a rádión
XSPK_C_017_T0150,wavs_synthetic_crossspeaker/XSPK_C_017_T0150.wav,C_017,Fürdőszobába kapcsold ki a ventilátort
XSPK_C_017_T0151,wavs_synthetic_crossspeaker/XSPK_C_017_T0151.wav,C_017,A szobában kapcsold ki a ventillátort
XSPK_C_017_T0152,wavs_synthetic_crossspeaker/XSPK_C_017_T0152.wav,C_017,Folyosó kapcsold ki a porszívót
XSPK_C_017_T0153,wavs_synthetic_crossspeaker/XSPK_C_017_T0153.wav,C_017,A kisszobába kapcsold be a porszívót
XSPK_C_017_T0154,wavs_synthetic_crossspeaker/XSPK_C_017_T0154.wav,C_017,Kapcsold be a kenyérpirító konyhában.
XSPK_C_017_T0155,wavs_synthetic_crossspeaker/XSPK_C_017_T0155.wav,C_017,Folyosón kapcsold le a villanyfölkapcsolót
XSPK_C_017_T0156,wavs_synthetic_crossspeaker/XSPK_C_017_T0156.wav,C_017,A konyhába vedd a konyhába vedd ki a két pirítóst kész vannak
XSPK_C_017_T0157,wavs_synthetic_crossspeaker/XSPK_C_017_T0157.wav,C_017,A fojjofőn hángosítsd a tévét.
XSPK_C_017_T0158,wavs_synthetic_crossspeaker/XSPK_C_017_T0158.wav,C_017,A fürdőszobában kapcsold be ventilátor
XSPK_C_017_T0159,wavs_synthetic_crossspeaker/XSPK_C_017_T0159.wav,C_017,Kapcsold be harminc fokon a mosógépet a fürdő szobában.
XSPK_C_017_T0160,wavs_synthetic_crossspeaker/XSPK_C_017_T0160.wav,C_017,Kapcsold le a konyhába a villanyt
XSPK_C_017_T0161,wavs_synthetic_crossspeaker/XSPK_C_017_T0161.wav,C_017,Kapcsold ki a rádiót a fürdőszobába
XSPK_C_017_T0162,wavs_synthetic_crossspeaker/XSPK_C_017_T0162.wav,C_017,A nagyszobában kapcsold be a számítógépet
XSPK_C_017_T0163,wavs_synthetic_crossspeaker/XSPK_C_017_T0163.wav,C_017,Kapcsold ki a porszivót a szobában.
XSPK_C_017_T0164,wavs_synthetic_crossspeaker/XSPK_C_017_T0164.wav,C_017,Konyhában zárd be az ajtót
XSPK_C_017_T0165,wavs_synthetic_crossspeaker/XSPK_C_017_T0165.wav,C_017,Kapcsold be a ventillátort a folyosón
XSPK_C_017_T0166,wavs_synthetic_crossspeaker/XSPK_C_017_T0166.wav,C_017,Kapcsold be a kisszobai ventilátort
XSPK_C_017_T0167,wavs_synthetic_crossspeaker/XSPK_C_017_T0167.wav,C_017,Szobában kapcsold föl a villanyt.
XSPK_C_017_T0168,wavs_synthetic_crossspeaker/XSPK_C_017_T0168.wav,C_017,Kapcsold be a sütőt a konyhában.
XSPK_C_017_T0169,wavs_synthetic_crossspeaker/XSPK_C_017_T0169.wav,C_017,A konyhába kapcsold be a mosogatógépet.
XSPK_C_017_T0170,wavs_synthetic_crossspeaker/XSPK_C_017_T0170.wav,C_017,Konyhába kapcsold le a villany
XSPK_C_017_T0171,wavs_synthetic_crossspeaker/XSPK_C_017_T0171.wav,C_017,Zárd be az ablakot a folyoson
XSPK_C_017_T0172,wavs_synthetic_crossspeaker/XSPK_C_017_T0172.wav,C_017,A villanyt a szobába kapcsold le
XSPK_C_017_T0173,wavs_synthetic_crossspeaker/XSPK_C_017_T0173.wav,C_017,A nagyszobában húzd le a redőnt.
XSPK_C_017_T0174,wavs_synthetic_crossspeaker/XSPK_C_017_T0174.wav,C_017,Khapcsold be harminc fokon a mosógépet a fürdőszo a konyhában.
XSPK_C_017_T0175,wavs_synthetic_crossspeaker/XSPK_C_017_T0175.wav,C_017,A kisszobába zárd be az ablakot.
XSPK_C_017_T0176,wavs_synthetic_crossspeaker/XSPK_C_017_T0176.wav,C_017,A fürdőszobába kapcsold be a fűtést.
XSPK_C_017_T0177,wavs_synthetic_crossspeaker/XSPK_C_017_T0177.wav,C_017,Hívd föl a fiamat
XSPK_C_017_T0178,wavs_synthetic_crossspeaker/XSPK_C_017_T0178.wav,C_017,A folyosón kapcsold ki a rádjót.
XSPK_C_017_T0179,wavs_synthetic_crossspeaker/XSPK_C_017_T0179.wav,C_017,Húzd ki szét a függönyt a nagyszobában
XSPK_C_017_T0180,wavs_synthetic_crossspeaker/XSPK_C_017_T0180.wav,C_017,Fürdőszobba zárd be az ajtót
XSPK_C_017_T0181,wavs_synthetic_crossspeaker/XSPK_C_017_T0181.wav,C_017,A konyhába kapcsold ki a kenyékpirítót
XSPK_C_017_T0182,wavs_synthetic_crossspeaker/XSPK_C_017_T0182.wav,C_017,A kisszobábafon húzd le a fűtés
XSPK_C_017_T0183,wavs_synthetic_crossspeaker/XSPK_C_017_T0183.wav,C_017,Kapcold ki a ventillátort a szobában
XSPK_C_017_T0184,wavs_synthetic_crossspeaker/XSPK_C_017_T0184.wav,C_017,A nagyszobában kapcsold ki a tévét.
XSPK_C_017_T0185,wavs_synthetic_crossspeaker/XSPK_C_017_T0185.wav,C_017,Kapcsold be a tévét a folyosón
XSPK_C_017_T0186,wavs_synthetic_crossspeaker/XSPK_C_017_T0186.wav,C_017,A nagyszobában húzd be a függönyt.
XSPK_C_017_T0187,wavs_synthetic_crossspeaker/XSPK_C_017_T0187.wav,C_017,A kisszobában a ventilláton kapcsold ki
XSPK_C_017_T0188,wavs_synthetic_crossspeaker/XSPK_C_017_T0188.wav,C_017,Szobában kapcsold le a villanyt.
XSPK_C_017_T0189,wavs_synthetic_crossspeaker/XSPK_C_017_T0189.wav,C_017,A kisszobábá húzgy be a függönyt.
XSPK_C_017_T0190,wavs_synthetic_crossspeaker/XSPK_C_017_T0190.wav,C_017,Húzd vell a redőnyt a nagyszobábán.
XSPK_C_017_T0191,wavs_synthetic_crossspeaker/XSPK_C_017_T0191.wav,C_017,Úzd lejjebb a konyhában a radiátor
XSPK_C_017_T0192,wavs_synthetic_crossspeaker/XSPK_C_017_T0192.wav,C_017,Konyhában hangosítcs a tévét
XSPK_C_017_T0193,wavs_synthetic_crossspeaker/XSPK_C_017_T0193.wav,C_017,A fürdőszobába hangosítsd fel a tévét
XSPK_C_017_T0194,wavs_synthetic_crossspeaker/XSPK_C_017_T0194.wav,C_017,Kapcsold ki a ventilátort a folyoson
XSPK_C_017_T0195,wavs_synthetic_crossspeaker/XSPK_C_017_T0195.wav,C_017,A nagyszobában kapcsold be a porszívót.
XSPK_C_017_T0196,wavs_synthetic_crossspeaker/XSPK_C_017_T0196.wav,C_017,Kapcsold ki légy szíves a porszívót a folyosón
XSPK_C_017_T0197,wavs_synthetic_crossspeaker/XSPK_C_017_T0197.wav,C_017,A nagyszobába válts csatornát a rádión
XSPK_C_017_T0198,wavs_synthetic_crossspeaker/XSPK_C_017_T0198.wav,C_017,A fürdőszobában nyisd ki az ajtot
XSPK_C_017_T0199,wavs_synthetic_crossspeaker/XSPK_C_017_T0199.wav,C_017,A konyhába kapcsold be a kerék kenyérpirítót
XSPK_C_017_T0200,wavs_synthetic_crossspeaker/XSPK_C_017_T0200.wav,C_017,A szobában kapcsold be a tévét
XSPK_C_017_T0201,wavs_synthetic_crossspeaker/XSPK_C_017_T0201.wav,C_017,A szobába kapcsold be a ra a radiátort
XSPK_C_017_T0202,wavs_synthetic_crossspeaker/XSPK_C_017_T0202.wav,C_017,Kapcsold ki a hőmérsékletet a folyosón
XSPK_C_017_T0203,wavs_synthetic_crossspeaker/XSPK_C_017_T0203.wav,C_017,Vedd lejjebb a fürdőszobába a fűtést
XSPK_C_017_T0204,wavs_synthetic_crossspeaker/XSPK_C_017_T0204.wav,C_017,Szobába kapcsold ki a rádiot
XSPK_C_017_T0205,wavs_synthetic_crossspeaker/XSPK_C_017_T0205.wav,C_017,Fürdőszobába kapcsold ki légy szíves a porszívót
XSPK_C_017_T0206,wavs_synthetic_crossspeaker/XSPK_C_017_T0206.wav,C_017,Hangosícsd a tévét a kisszobában.
XSPK_C_017_T0207,wavs_synthetic_crossspeaker/XSPK_C_017_T0207.wav,C_017,Húz szét a függönyt a fürdőszobában
XSPK_C_017_T0208,wavs_synthetic_crossspeaker/XSPK_C_017_T0208.wav,C_017,Csendesítsd a televíziót a folyosón.
XSPK_C_017_T0209,wavs_synthetic_crossspeaker/XSPK_C_017_T0209.wav,C_017,A konhában zárd be az ablakot
XSPK_C_018_T0000,wavs_synthetic_crossspeaker/XSPK_C_018_T0000.wav,C_018,A fürdőszobában kapcsold fel a villant
XSPK_C_018_T0001,wavs_synthetic_crossspeaker/XSPK_C_018_T0001.wav,C_018,Kapcsold fel a ventilátort a fürdőszobába
XSPK_C_018_T0002,wavs_synthetic_crossspeaker/XSPK_C_018_T0002.wav,C_018,Válts csatornát tévét a szobában
XSPK_C_018_T0003,wavs_synthetic_crossspeaker/XSPK_C_018_T0003.wav,C_018,Tedd följebb a fűtést légy szíves a kisszobába
XSPK_C_018_T0004,wavs_synthetic_crossspeaker/XSPK_C_018_T0004.wav,C_018,Konyhában kapcsold ki a ventilátort
XSPK_C_018_T0005,wavs_synthetic_crossspeaker/XSPK_C_018_T0005.wav,C_018,A nagyszobába kapcsold be a fűtést
XSPK_C_018_T0006,wavs_synthetic_crossspeaker/XSPK_C_018_T0006.wav,C_018,A fürdőszobában nyisd ki arrojtót.
XSPK_C_018_T0007,wavs_synthetic_crossspeaker/XSPK_C_018_T0007.wav,C_018,Kapcsold be a porszívót a nagycobában.
XSPK_C_018_T0008,wavs_synthetic_crossspeaker/XSPK_C_018_T0008.wav,C_018,A fojjosón kapcsold be a számítógépet.
XSPK_C_018_T0009,wavs_synthetic_crossspeaker/XSPK_C_018_T0009.wav,C_018,Kapcsold ki a tűzhelyet
XSPK_C_018_T0010,wavs_synthetic_crossspeaker/XSPK_C_018_T0010.wav,C_018,A kisszobában kapcsold ki a fűtést
XSPK_C_018_T0011,wavs_synthetic_crossspeaker/XSPK_C_018_T0011.wav,C_018,Húz be a függöny a kisszobában
XSPK_C_018_T0012,wavs_synthetic_crossspeaker/XSPK_C_018_T0012.wav,C_018,Konyhába kapcsoljuk be a porszívót
XSPK_C_018_T0013,wavs_synthetic_crossspeaker/XSPK_C_018_T0013.wav,C_018,A szobában húzd le a fűtést.
XSPK_C_018_T0014,wavs_synthetic_crossspeaker/XSPK_C_018_T0014.wav,C_018,A kizobába húzd mel a fűtés.
XSPK_C_018_T0015,wavs_synthetic_crossspeaker/XSPK_C_018_T0015.wav,C_018,A folyosón válts csatornát
XSPK_C_018_T0016,wavs_synthetic_crossspeaker/XSPK_C_018_T0016.wav,C_018,A szobában kapcsold ki a rádiót
XSPK_C_018_T0017,wavs_synthetic_crossspeaker/XSPK_C_018_T0017.wav,C_018,A nagyszobában kapcsold ki a porszívó.
XSPK_C_018_T0018,wavs_synthetic_crossspeaker/XSPK_C_018_T0018.wav,C_018,Hívd fel a lányom.
XSPK_C_018_T0019,wavs_synthetic_crossspeaker/XSPK_C_018_T0019.wav,C_018,A kisszobában húzd le a redőnt.
XSPK_C_018_T0020,wavs_synthetic_crossspeaker/XSPK_C_018_T0020.wav,C_018,Konyhába han hangosícsd fel a tévé.
XSPK_C_018_T0021,wavs_synthetic_crossspeaker/XSPK_C_018_T0021.wav,C_018,A konyhában hatvan fokra kapcsold már be légy szíves a mosógépet
XSPK_C_018_T0022,wavs_synthetic_crossspeaker/XSPK_C_018_T0022.wav,C_018,Húzd fel a redőnt a nagycobában.
XSPK_C_018_T0023,wavs_synthetic_crossspeaker/XSPK_C_018_T0023.wav,C_018,Kapcsold fel a világítást a nagyszobában.
XSPK_C_018_T0024,wavs_synthetic_crossspeaker/XSPK_C_018_T0024.wav,C_018,Kiszobában húzd le a fűtés.
XSPK_C_018_T0025,wavs_synthetic_crossspeaker/XSPK_C_018_T0025.wav,C_018,Konyhában kapcsold ki a fűtés.
XSPK_C_018_T0026,wavs_synthetic_crossspeaker/XSPK_C_018_T0026.wav,C_018,Fürdőszobában csendesítsd tévét.
XSPK_C_018_T0027,wavs_synthetic_crossspeaker/XSPK_C_018_T0027.wav,C_018,A kisszobában kápcsold le a villányt.
XSPK_C_018_T0028,wavs_synthetic_crossspeaker/XSPK_C_018_T0028.wav,C_018,Szobában húzd le a hüttő.
XSPK_C_018_T0029,wavs_synthetic_crossspeaker/XSPK_C_018_T0029.wav,C_018,Kapcsold be légy szíves a kisszobai rádiót
XSPK_C_018_T0030,wavs_synthetic_crossspeaker/XSPK_C_018_T0030.wav,C_018,A szobbában húzd szét a függönyt.
XSPK_C_018_T0031,wavs_synthetic_crossspeaker/XSPK_C_018_T0031.wav,C_018,Kapcsold be a számítógéept a kisszobában
XSPK_C_018_T0032,wavs_synthetic_crossspeaker/XSPK_C_018_T0032.wav,C_018,Kapcsold be a ventilátort a kisszobában
XSPK_C_018_T0033,wavs_synthetic_crossspeaker/XSPK_C_018_T0033.wav,C_018,Kapcsold be a szobai ventilátort
XSPK_C_018_T0034,wavs_synthetic_crossspeaker/XSPK_C_018_T0034.wav,C_018,A szobába húzd fel a fűté.
XSPK_C_018_T0035,wavs_synthetic_crossspeaker/XSPK_C_018_T0035.wav,C_018,Kapcsold lejjebb a fűtést a kisszobában
XSPK_C_018_T0036,wavs_synthetic_crossspeaker/XSPK_C_018_T0036.wav,C_018,A fürdőszobában húzd le a fűtés.
XSPK_C_018_T0037,wavs_synthetic_crossspeaker/XSPK_C_018_T0037.wav,C_018,Fürdőszobába kapcsoljuk le a villanyt
XSPK_C_018_T0038,wavs_synthetic_crossspeaker/XSPK_C_018_T0038.wav,C_018,Kapcsold le a szobában
XSPK_C_018_T0039,wavs_synthetic_crossspeaker/XSPK_C_018_T0039.wav,C_018,Kisszobában húzd fel a radiátort
XSPK_C_018_T0040,wavs_synthetic_crossspeaker/XSPK_C_018_T0040.wav,C_018,Fürdőszobába nyisd ki a ajtót
XSPK_C_018_T0041,wavs_synthetic_crossspeaker/XSPK_C_018_T0041.wav,C_018,Az fürdőszobában kapcsold be a harminc fokon a munkcogépet
XSPK_C_018_T0042,wavs_synthetic_crossspeaker/XSPK_C_018_T0042.wav,C_018,Fürdőszobában kapcsold ki a ventilát
XSPK_C_018_T0043,wavs_synthetic_crossspeaker/XSPK_C_018_T0043.wav,C_018,Válcs csatornát a tévén a nagyszobában.
XSPK_C_018_T0044,wavs_synthetic_crossspeaker/XSPK_C_018_T0044.wav,C_018,A kettest szeretném nézni
XSPK_C_018_T0045,wavs_synthetic_crossspeaker/XSPK_C_018_T0045.wav,C_018,A nagyszobába a tévén válcs csatornát.
XSPK_C_018_T0046,wavs_synthetic_crossspeaker/XSPK_C_018_T0046.wav,C_018,A kiszobában zárd be az ablakot.
XSPK_C_018_T0047,wavs_synthetic_crossspeaker/XSPK_C_018_T0047.wav,C_018,A kisszobában kapcsold be a villany.
XSPK_C_018_T0048,wavs_synthetic_crossspeaker/XSPK_C_018_T0048.wav,C_018,Kapcsold be a fürdőszobában a számítógépet.
XSPK_C_018_T0049,wavs_synthetic_crossspeaker/XSPK_C_018_T0049.wav,C_018,Szobába vegyük le a fűtést
XSPK_C_018_T0050,wavs_synthetic_crossspeaker/XSPK_C_018_T0050.wav,C_018,Kapcsold ki a porszívót a kisszobában
XSPK_C_018_T0051,wavs_synthetic_crossspeaker/XSPK_C_018_T0051.wav,C_018,Zárják ki az ablakot a szobába
XSPK_C_018_T0052,wavs_synthetic_crossspeaker/XSPK_C_018_T0052.wav,C_018,Be piritós konyhában
XSPK_C_018_T0053,wavs_synthetic_crossspeaker/XSPK_C_018_T0053.wav,C_018,Vedd lejjebb a fűtést a folyosón
XSPK_C_018_T0054,wavs_synthetic_crossspeaker/XSPK_C_018_T0054.wav,C_018,A hűtést a szobában kapcsold ki
XSPK_C_018_T0055,wavs_synthetic_crossspeaker/XSPK_C_018_T0055.wav,C_018,Kapcsold be légy szíves a fürdőszobai ventilátort
XSPK_C_018_T0056,wavs_synthetic_crossspeaker/XSPK_C_018_T0056.wav,C_018,Nyisd ki az ajtót a folyos
XSPK_C_018_T0057,wavs_synthetic_crossspeaker/XSPK_C_018_T0057.wav,C_018,Kapcsold ki a rádiot a kisszobában
XSPK_C_018_T0058,wavs_synthetic_crossspeaker/XSPK_C_018_T0058.wav,C_018,Szobaban húzd fel a fűtést.
XSPK_C_018_T0059,wavs_synthetic_crossspeaker/XSPK_C_018_T0059.wav,C_018,Konyhába húzd szét a függöny.
XSPK_C_018_T0060,wavs_synthetic_crossspeaker/XSPK_C_018_T0060.wav,C_018,Váltsál csatornát a fürdőszobai rádión
XSPK_C_018_T0061,wavs_synthetic_crossspeaker/XSPK_C_018_T0061.wav,C_018,Csendesítsd a tévét a folyosón.
XSPK_C_018_T0062,wavs_synthetic_crossspeaker/XSPK_C_018_T0062.wav,C_018,Konyhába kapcsold be a radiátort
XSPK_C_018_T0063,wavs_synthetic_crossspeaker/XSPK_C_018_T0063.wav,C_018,Húzd be a függönyt a fürdőszobába.
XSPK_C_018_T0064,wavs_synthetic_crossspeaker/XSPK_C_018_T0064.wav,C_018,A kisszobában hangosicsd a tévé.
XSPK_C_018_T0065,wavs_synthetic_crossspeaker/XSPK_C_018_T0065.wav,C_018,Kapcsold fel a villanyt a kisszobába
XSPK_C_018_T0066,wavs_synthetic_crossspeaker/XSPK_C_018_T0066.wav,C_018,A fürdőszobába kapcsold be a mosógépet hatvan fokon.
XSPK_C_018_T0067,wavs_synthetic_crossspeaker/XSPK_C_018_T0067.wav,C_018,Nagyszobába húzzuk be a függönyöket
XSPK_C_018_T0068,wavs_synthetic_crossspeaker/XSPK_C_018_T0068.wav,C_018,Válts csatornát a tévét a szobában
XSPK_C_018_T0069,wavs_synthetic_crossspeaker/XSPK_C_018_T0069.wav,C_018,Nyisd ki a l ablakot a kisszubában
XSPK_C_018_T0070,wavs_synthetic_crossspeaker/XSPK_C_018_T0070.wav,C_018,Válts csatornát tévén a fürdőszobában
XSPK_C_018_T0071,wavs_synthetic_crossspeaker/XSPK_C_018_T0071.wav,C_018,A nagycobában kapcsold fel a villant
XSPK_C_018_T0072,wavs_synthetic_crossspeaker/XSPK_C_018_T0072.wav,C_018,A konyhában indítsd be a mosógépet harminc fokon
XSPK_C_018_T0073,wavs_synthetic_crossspeaker/XSPK_C_018_T0073.wav,C_018,Kapcsoljuk le a szobában a villanyt
XSPK_C_018_T0074,wavs_synthetic_crossspeaker/XSPK_C_018_T0074.wav,C_018,A nagyszobában kapcsold le a villany.
XSPK_C_018_T0075,wavs_synthetic_crossspeaker/XSPK_C_018_T0075.wav,C_018,A nagyszobában kapcsold be a rádijó.
XSPK_C_018_T0076,wavs_synthetic_crossspeaker/XSPK_C_018_T0076.wav,C_018,A szobában válcs csatornát a rádión.
XSPK_C_018_T0077,wavs_synthetic_crossspeaker/XSPK_C_018_T0077.wav,C_018,A szobába válcs csatornát a tévén.
XSPK_C_018_T0078,wavs_synthetic_crossspeaker/XSPK_C_018_T0078.wav,C_018,A konyhában kapcsold be a tűzhelyet.
XSPK_C_018_T0079,wavs_synthetic_crossspeaker/XSPK_C_018_T0079.wav,C_018,A fürdőszobában hangosítsd fel a tévét.
XSPK_C_018_T0080,wavs_synthetic_crossspeaker/XSPK_C_018_T0080.wav,C_018,Kapcsold ki a számítógéept a szobában
XSPK_C_018_T0081,wavs_synthetic_crossspeaker/XSPK_C_018_T0081.wav,C_018,A kisszobában engedd le a redőnt.
XSPK_C_018_T0082,wavs_synthetic_crossspeaker/XSPK_C_018_T0082.wav,C_018,Kapcsold ki légy szíves a termosztátot a kisszobában
XSPK_C_018_T0083,wavs_synthetic_crossspeaker/XSPK_C_018_T0083.wav,C_018,A szobában kapcsold be a porszivót.
XSPK_C_018_T0084,wavs_synthetic_crossspeaker/XSPK_C_018_T0084.wav,C_018,A nagycobában kapcsold ki a számítógépet
XSPK_C_018_T0085,wavs_synthetic_crossspeaker/XSPK_C_018_T0085.wav,C_018,Fürdőszoban le lámpam
XSPK_C_018_T0086,wavs_synthetic_crossspeaker/XSPK_C_018_T0086.wav,C_018,Húzd le a fűtést a szobába
XSPK_C_018_T0087,wavs_synthetic_crossspeaker/XSPK_C_018_T0087.wav,C_018,A kisszobába hangosítsd le a tévét
XSPK_C_018_T0088,wavs_synthetic_crossspeaker/XSPK_C_018_T0088.wav,C_018,A kisszobában kapcsold fel a világítást.
XSPK_C_018_T0089,wavs_synthetic_crossspeaker/XSPK_C_018_T0089.wav,C_018,Kapcsold be légy szíves a ventilátort a konyhában
XSPK_C_018_T0090,wavs_synthetic_crossspeaker/XSPK_C_018_T0090.wav,C_018,Ventilát nagyszobában kapcsold be
XSPK_C_018_T0091,wavs_synthetic_crossspeaker/XSPK_C_018_T0091.wav,C_018,Kapcsold fel a világítást a konyhában.
XSPK_C_018_T0092,wavs_synthetic_crossspeaker/XSPK_C_018_T0092.wav,C_018,Vedd föl a konyhába a fűtést
XSPK_C_018_T0093,wavs_synthetic_crossspeaker/XSPK_C_018_T0093.wav,C_018,Húzd le a redőnyt a konyhában
XSPK_C_018_T0094,wavs_synthetic_crossspeaker/XSPK_C_018_T0094.wav,C_018,Halkítsd le a tévét a kisszobában.
XSPK_C_018_T0095,wavs_synthetic_crossspeaker/XSPK_C_018_T0095.wav,C_018,Nyisd ki az ablakot a naccobában.
XSPK_C_018_T0096,wavs_synthetic_crossspeaker/XSPK_C_018_T0096.wav,C_018,Kisszobába hőzd be a függöny
XSPK_C_018_T0097,wavs_synthetic_crossspeaker/XSPK_C_018_T0097.wav,C_018,A folyosón halkítsd le a tévét
XSPK_C_018_T0098,wavs_synthetic_crossspeaker/XSPK_C_018_T0098.wav,C_018,Zárd ki az ajtót a nagyszobába
XSPK_C_018_T0099,wavs_synthetic_crossspeaker/XSPK_C_018_T0099.wav,C_018,Kapcsold ki a rádiót a fürdőszobába.
XSPK_C_018_T0100,wavs_synthetic_crossspeaker/XSPK_C_018_T0100.wav,C_018,A konyhában a ventillátort kapcsold be
XSPK_C_018_T0101,wavs_synthetic_crossspeaker/XSPK_C_018_T0101.wav,C_018,Kapcsold ki a porszívót a nagyszobába
XSPK_C_018_T0102,wavs_synthetic_crossspeaker/XSPK_C_018_T0102.wav,C_018,A nagyszobaban kapcsold be a számtógep
XSPK_C_018_T0103,wavs_synthetic_crossspeaker/XSPK_C_018_T0103.wav,C_018,A nagycobában zárd be az ablakot
XSPK_C_018_T0104,wavs_synthetic_crossspeaker/XSPK_C_018_T0104.wav,C_018,Válts csatornát a kisszo a szobába a tévékészüléken
XSPK_C_018_T0105,wavs_synthetic_crossspeaker/XSPK_C_018_T0105.wav,C_018,Zárd már be légy szíves a kisszoba ajtaját
XSPK_C_018_T0106,wavs_synthetic_crossspeaker/XSPK_C_018_T0106.wav,C_018,Zárd be az ajtót a folyoson
XSPK_C_018_T0107,wavs_synthetic_crossspeaker/XSPK_C_018_T0107.wav,C_018,A konyhába húz le a fűtést
XSPK_C_018_T0108,wavs_synthetic_crossspeaker/XSPK_C_018_T0108.wav,C_018,A konyhába kapcsold föl a villanyfölkapcsolót
XSPK_C_018_T0109,wavs_synthetic_crossspeaker/XSPK_C_018_T0109.wav,C_018,Válcs csatornát a rádjón a nagyszobában.
XSPK_C_018_T0110,wavs_synthetic_crossspeaker/XSPK_C_018_T0110.wav,C_018,A konyhába húzd le a radiátort
XSPK_C_018_T0111,wavs_synthetic_crossspeaker/XSPK_C_018_T0111.wav,C_018,Hangosítsuk a tévét a fürdőszobába
XSPK_C_018_T0112,wavs_synthetic_crossspeaker/XSPK_C_018_T0112.wav,C_018,Szobaban ki számítotgép
XSPK_C_018_T0113,wavs_synthetic_crossspeaker/XSPK_C_018_T0113.wav,C_018,Kapcsold ki a mosogatógépet a konyhában.
XSPK_C_018_T0114,wavs_synthetic_crossspeaker/XSPK_C_018_T0114.wav,C_018,Fürdőszobába vedd le a fűtést
XSPK_C_018_T0115,wavs_synthetic_crossspeaker/XSPK_C_018_T0115.wav,C_018,Kapcsold be a villanyt a fürdőszobában.
XSPK_C_018_T0116,wavs_synthetic_crossspeaker/XSPK_C_018_T0116.wav,C_018,Konyhában kapcsold be a kenyérpirítót
XSPK_C_018_T0117,wavs_synthetic_crossspeaker/XSPK_C_018_T0117.wav,C_018,Váltsd át a csator csata csatornát a konyhában
XSPK_C_018_T0118,wavs_synthetic_crossspeaker/XSPK_C_018_T0118.wav,C_018,Konyhába csukd be az ablakot
XSPK_C_018_T0119,wavs_synthetic_crossspeaker/XSPK_C_018_T0119.wav,C_018,A fürdőszobába kapcsold ki a számítógépet.
XSPK_C_018_T0120,wavs_synthetic_crossspeaker/XSPK_C_018_T0120.wav,C_018,A nagyszobában kapcsold ki a ventillátort
XSPK_C_018_T0121,wavs_synthetic_crossspeaker/XSPK_C_018_T0121.wav,C_018,Halkítsd le a tévét a folyoson
XSPK_C_018_T0122,wavs_synthetic_crossspeaker/XSPK_C_018_T0122.wav,C_018,Kapcsold ki a folyosói ventilátort
XSPK_C_018_T0123,wavs_synthetic_crossspeaker/XSPK_C_018_T0123.wav,C_018,A naccobában kapcsold le a villant.
XSPK_C_018_T0124,wavs_synthetic_crossspeaker/XSPK_C_018_T0124.wav,C_018,Kapcsold föl a villanyt a nagyszobába.
XSPK_C_018_T0125,wavs_synthetic_crossspeaker/XSPK_C_018_T0125.wav,C_018,A fürdőszobába vedd fel a radiátort
XSPK_C_018_T0126,wavs_synthetic_crossspeaker/XSPK_C_018_T0126.wav,C_018,Kapcsold fel a villanyt a nagyszobába.
XSPK_C_018_T0127,wavs_synthetic_crossspeaker/XSPK_C_018_T0127.wav,C_018,Húzd szét a függönyt a foly folyosón
XSPK_C_018_T0128,wavs_synthetic_crossspeaker/XSPK_C_018_T0128.wav,C_018,Csukd be a nagyszoba ajtaját
XSPK_C_018_T0129,wavs_synthetic_crossspeaker/XSPK_C_018_T0129.wav,C_018,A fürdőszobában kapcsold be hatvan fokon a mosógépet
XSPK_C_018_T0130,wavs_synthetic_crossspeaker/XSPK_C_018_T0130.wav,C_018,Konyhába húzzuk el a függönyöket
XSPK_C_018_T0131,wavs_synthetic_crossspeaker/XSPK_C_018_T0131.wav,C_018,Kapcsold be a számítógépet a kisszobába.
XSPK_C_018_T0132,wavs_synthetic_crossspeaker/XSPK_C_018_T0132.wav,C_018,A folyosón kapcsold ki a rádiót
XSPK_C_018_T0133,wavs_synthetic_crossspeaker/XSPK_C_018_T0133.wav,C_018,Hűt le a fűtést a folyosón.
XSPK_C_018_T0134,wavs_synthetic_crossspeaker/XSPK_C_018_T0134.wav,C_018,Húzd fel a fütést a szobában.
XSPK_C_018_T0135,wavs_synthetic_crossspeaker/XSPK_C_018_T0135.wav,C_018,Húzd fel a redőnyt a nagyszobában.
XSPK_C_018_T0136,wavs_synthetic_crossspeaker/XSPK_C_018_T0136.wav,C_018,Hangosít a tévét a konyhában.
XSPK_C_018_T0137,wavs_synthetic_crossspeaker/XSPK_C_018_T0137.wav,C_018,Konyhában megy mosógép mosógépet mosogépet bekapcsolni
XSPK_C_018_T0138,wavs_synthetic_crossspeaker/XSPK_C_018_T0138.wav,C_018,A konyhaban huzd le a redönyt
XSPK_C_018_T0139,wavs_synthetic_crossspeaker/XSPK_C_018_T0139.wav,C_018,Bekapcsolhatod a ventilátorokat a kisszobába is
XSPK_C_018_T0140,wavs_synthetic_crossspeaker/XSPK_C_018_T0140.wav,C_018,A konyhában kapcsold le a villanyt.
XSPK_C_018_T0141,wavs_synthetic_crossspeaker/XSPK_C_018_T0141.wav,C_018,Húzd be a függönyt a szobába
XSPK_C_018_T0142,wavs_synthetic_crossspeaker/XSPK_C_018_T0142.wav,C_018,Kapcsold le a villanyt a nagyszobaban
XSPK_C_018_T0143,wavs_synthetic_crossspeaker/XSPK_C_018_T0143.wav,C_018,Húzd le a ledőnyt a folyosón
XSPK_C_018_T0144,wavs_synthetic_crossspeaker/XSPK_C_018_T0144.wav,C_018,Fürdőszobában nyisd ki az ajtót
XSPK_C_018_T0145,wavs_synthetic_crossspeaker/XSPK_C_018_T0145.wav,C_018,Kapcsold ki a radiátort a kisszobába
XSPK_C_018_T0146,wavs_synthetic_crossspeaker/XSPK_C_018_T0146.wav,C_018,A kisszobában kapcsold ki a ventillátort
XSPK_C_018_T0147,wavs_synthetic_crossspeaker/XSPK_C_018_T0147.wav,C_018,A szobába is kapcsold ki a ventillátort
XSPK_C_018_T0148,wavs_synthetic_crossspeaker/XSPK_C_018_T0148.wav,C_018,Kapcsold le a villanyt  fürdőszobában
XSPK_C_018_T0149,wavs_synthetic_crossspeaker/XSPK_C_018_T0149.wav,C_018,A szobában vedd lejjebb a televíziót
XSPK_C_018_T0150,wavs_synthetic_crossspeaker/XSPK_C_018_T0150.wav,C_018,Kapcsold ki a fűtést a szobába
XSPK_C_018_T0151,wavs_synthetic_crossspeaker/XSPK_C_018_T0151.wav,C_018,Konyhában húzd le a fűtést.
XSPK_C_018_T0152,wavs_synthetic_crossspeaker/XSPK_C_018_T0152.wav,C_018,Nyisd ki a konyha ablakot
XSPK_C_018_T0153,wavs_synthetic_crossspeaker/XSPK_C_018_T0153.wav,C_018,Kapcsold be a számítógéptpet a kisszobában
XSPK_C_018_T0154,wavs_synthetic_crossspeaker/XSPK_C_018_T0154.wav,C_018,A fürdőszobában válcs csatornát höhör ádjón.
XSPK_C_018_T0155,wavs_synthetic_crossspeaker/XSPK_C_018_T0155.wav,C_018,Nyisd ki a ablakot a szobában
XSPK_C_018_T0156,wavs_synthetic_crossspeaker/XSPK_C_018_T0156.wav,C_018,A nagyszobába válts csodát válts csatornát a a rádión
XSPK_C_018_T0157,wavs_synthetic_crossspeaker/XSPK_C_018_T0157.wav,C_018,A kisszobban húzd be a függönyt
XSPK_C_018_T0158,wavs_synthetic_crossspeaker/XSPK_C_018_T0158.wav,C_018,Húzd fel a redőnyt a szobába.
XSPK_C_018_T0159,wavs_synthetic_crossspeaker/XSPK_C_018_T0159.wav,C_018,Nagyszobába válts csatornát a rádion
XSPK_C_018_T0160,wavs_synthetic_crossspeaker/XSPK_C_018_T0160.wav,C_018,Kapcsold ki a forszívót a kisszobában
XSPK_C_018_T0161,wavs_synthetic_crossspeaker/XSPK_C_018_T0161.wav,C_018,A konyhában nyisd ki az ajtó.
XSPK_C_018_T0162,wavs_synthetic_crossspeaker/XSPK_C_018_T0162.wav,C_018,Nyisd ki az ajtót a nacobában.
XSPK_C_018_T0163,wavs_synthetic_crossspeaker/XSPK_C_018_T0163.wav,C_018,Válts csatornát a rádión a fürdőszobában
XSPK_C_018_T0164,wavs_synthetic_crossspeaker/XSPK_C_018_T0164.wav,C_018,A fürdúszobában a fűtést kapcsold be
XSPK_C_018_T0165,wavs_synthetic_crossspeaker/XSPK_C_018_T0165.wav,C_018,A nagyszobában kápcsold ki á számítógépet.
XSPK_C_018_T0166,wavs_synthetic_crossspeaker/XSPK_C_018_T0166.wav,C_018,A szobába válts csatorna
XSPK_C_018_T0167,wavs_synthetic_crossspeaker/XSPK_C_018_T0167.wav,C_018,A szobában húzzuk be a függöny
XSPK_C_018_T0168,wavs_synthetic_crossspeaker/XSPK_C_018_T0168.wav,C_018,A fürdőszobábn húzd szét a függöny
XSPK_C_018_T0169,wavs_synthetic_crossspeaker/XSPK_C_018_T0169.wav,C_018,Folyosón hangosítsd a tévét
XSPK_C_018_T0170,wavs_synthetic_crossspeaker/XSPK_C_018_T0170.wav,C_018,A fürdőszobába húzd le a radiátor
XSPK_C_018_T0171,wavs_synthetic_crossspeaker/XSPK_C_018_T0171.wav,C_018,Kisszobába halkítsd le a tévét
XSPK_C_018_T0172,wavs_synthetic_crossspeaker/XSPK_C_018_T0172.wav,C_018,A fürdőszobában kapcsold ki a fűtést
XSPK_C_018_T0173,wavs_synthetic_crossspeaker/XSPK_C_018_T0173.wav,C_018,Kapcsold be a porszívót a kiszobában.
XSPK_C_018_T0174,wavs_synthetic_crossspeaker/XSPK_C_018_T0174.wav,C_018,A szobában húzd föl a redőnyt.
XSPK_C_018_T0175,wavs_synthetic_crossspeaker/XSPK_C_018_T0175.wav,C_018,Halkíd a kévét a nagyszobában
XSPK_C_018_T0176,wavs_synthetic_crossspeaker/XSPK_C_018_T0176.wav,C_018,Kapcsold be a rádjót a kisszobába.
XSPK_C_018_T0177,wavs_synthetic_crossspeaker/XSPK_C_018_T0177.wav,C_018,Kisszobában csukjuk be az ajtót
XSPK_C_018_T0178,wavs_synthetic_crossspeaker/XSPK_C_018_T0178.wav,C_018,Nagyszobába kapcsoljuk ki a számítógépet
XSPK_C_018_T0179,wavs_synthetic_crossspeaker/XSPK_C_018_T0179.wav,C_018,Kapcsold fel a villanyt konyhában
XSPK_C_018_T0180,wavs_synthetic_crossspeaker/XSPK_C_018_T0180.wav,C_018,A konyhában kapcsold be a mosógépet és állítsd hatvan fokra
XSPK_C_018_T0181,wavs_synthetic_crossspeaker/XSPK_C_018_T0181.wav,C_018,A fürdőszobaban nyisd ki az ablakot
XSPK_C_018_T0182,wavs_synthetic_crossspeaker/XSPK_C_018_T0182.wav,C_018,Engedd le a redőny a folyosón.
XSPK_C_018_T0183,wavs_synthetic_crossspeaker/XSPK_C_018_T0183.wav,C_018,Konyhában kapcsold föl a villanyt
XSPK_C_018_T0184,wavs_synthetic_crossspeaker/XSPK_C_018_T0184.wav,C_018,Úzd lejjebb a konyhában a radiátor
XSPK_C_018_T0185,wavs_synthetic_crossspeaker/XSPK_C_018_T0185.wav,C_018,Kapcsold lejjebb a fűtést konyhában
XSPK_C_018_T0186,wavs_synthetic_crossspeaker/XSPK_C_018_T0186.wav,C_018,A nagyszobábá húzgy be a függönyt.
XSPK_C_018_T0187,wavs_synthetic_crossspeaker/XSPK_C_018_T0187.wav,C_018,Konyhába húzd le a fűtés
XSPK_C_018_T0188,wavs_synthetic_crossspeaker/XSPK_C_018_T0188.wav,C_018,Zárd be légy szíves a fürdőszoba ajtót
XSPK_C_018_T0189,wavs_synthetic_crossspeaker/XSPK_C_018_T0189.wav,C_018,Túl világos van süt a nap ezért húzzuk be a függönyt
XSPK_C_018_T0190,wavs_synthetic_crossspeaker/XSPK_C_018_T0190.wav,C_018,Kapcsold be a konyhába a mosogatógépet
XSPK_C_018_T0191,wavs_synthetic_crossspeaker/XSPK_C_018_T0191.wav,C_018,Kapcsold be a fütést a fürdőszobába
XSPK_C_018_T0192,wavs_synthetic_crossspeaker/XSPK_C_018_T0192.wav,C_018,A nagyszobában húzd fel légy szíves a redőnyt
XSPK_C_018_T0193,wavs_synthetic_crossspeaker/XSPK_C_018_T0193.wav,C_018,Fürdőszobába hangosítsd a tévét.
XSPK_C_018_T0194,wavs_synthetic_crossspeaker/XSPK_C_018_T0194.wav,C_018,A kisszobában kapcsold le a villanyt.
XSPK_C_018_T0195,wavs_synthetic_crossspeaker/XSPK_C_018_T0195.wav,C_018,Hangosítsd fel a tévét a szobába
XSPK_C_018_T0196,wavs_synthetic_crossspeaker/XSPK_C_018_T0196.wav,C_018,A függönyt húzd szét a konyhában.
XSPK_C_018_T0197,wavs_synthetic_crossspeaker/XSPK_C_018_T0197.wav,C_018,Kapcsold be hatvan fokon a mosógépet a fürdőszobába
XSPK_C_018_T0198,wavs_synthetic_crossspeaker/XSPK_C_018_T0198.wav,C_018,A nagyszobában húzd el a ledőnyt
XSPK_C_018_T0199,wavs_synthetic_crossspeaker/XSPK_C_018_T0199.wav,C_018,Váltsd át a rádiócsatornát a szobában
XSPK_C_018_T0200,wavs_synthetic_crossspeaker/XSPK_C_018_T0200.wav,C_018,A szobában zárjuk be az ajtón
XSPK_C_018_T0201,wavs_synthetic_crossspeaker/XSPK_C_018_T0201.wav,C_018,A ventillátort kapcsold ki a szobában.
XSPK_C_018_T0202,wavs_synthetic_crossspeaker/XSPK_C_018_T0202.wav,C_018,Apcsold be a számítógépet a kisszobában
XSPK_C_018_T0203,wavs_synthetic_crossspeaker/XSPK_C_018_T0203.wav,C_018,A szobában kapcsold ki a rádidót
XSPK_C_018_T0204,wavs_synthetic_crossspeaker/XSPK_C_018_T0204.wav,C_018,Fürdőszobában mosógéped harminc fokon
XSPK_C_018_T0205,wavs_synthetic_crossspeaker/XSPK_C_018_T0205.wav,C_018,Kapcsold ki a kisszobai ventilátort
XSPK_C_018_T0206,wavs_synthetic_crossspeaker/XSPK_C_018_T0206.wav,C_018,Nagyszobában zárd be az ajt
XSPK_C_018_T0207,wavs_synthetic_crossspeaker/XSPK_C_018_T0207.wav,C_018,A folyosón kapcsold ki a rádiot
XSPK_C_018_T0208,wavs_synthetic_crossspeaker/XSPK_C_018_T0208.wav,C_018,A folyoszón kapcsold ki a ventillátort
XSPK_C_018_T0209,wavs_synthetic_crossspeaker/XSPK_C_018_T0209.wav,C_018,Konyhába huzd le a redönyt
XSPK_C_020_T0000,wavs_synthetic_crossspeaker/XSPK_C_020_T0000.wav,C_020,A konyhában kapcsold le a villant.
XSPK_C_020_T0001,wavs_synthetic_crossspeaker/XSPK_C_020_T0001.wav,C_020,A nagyszobában válts csatornát a rádión
XSPK_C_020_T0002,wavs_synthetic_crossspeaker/XSPK_C_020_T0002.wav,C_020,A folyoson zárd be az ajtot
XSPK_C_020_T0003,wavs_synthetic_crossspeaker/XSPK_C_020_T0003.wav,C_020,Aa konyhábn kapcsold ki a ventillátort
XSPK_C_020_T0004,wavs_synthetic_crossspeaker/XSPK_C_020_T0004.wav,C_020,Folyosón kapcsold ki a porszívót.
XSPK_C_020_T0005,wavs_synthetic_crossspeaker/XSPK_C_020_T0005.wav,C_020,Húzd fel a nagyszobai redőnyt
XSPK_C_020_T0006,wavs_synthetic_crossspeaker/XSPK_C_020_T0006.wav,C_020,Halkítsd le a tévét a kisszobaban
XSPK_C_020_T0007,wavs_synthetic_crossspeaker/XSPK_C_020_T0007.wav,C_020,Kapcsold ki a tardiót a konyhában.
XSPK_C_020_T0008,wavs_synthetic_crossspeaker/XSPK_C_020_T0008.wav,C_020,Kapcsold be a ventillátort a folyosón
XSPK_C_020_T0009,wavs_synthetic_crossspeaker/XSPK_C_020_T0009.wav,C_020,Kapcsold be a kisszobai ventilátort
XSPK_C_020_T0010,wavs_synthetic_crossspeaker/XSPK_C_020_T0010.wav,C_020,Kisszobába kapcsold ki a ventillátor
XSPK_C_020_T0011,wavs_synthetic_crossspeaker/XSPK_C_020_T0011.wav,C_020,Folyosón kapcsold ki a fűtést
XSPK_C_020_T0012,wavs_synthetic_crossspeaker/XSPK_C_020_T0012.wav,C_020,A tévét a szobába hangosítsd fel
XSPK_C_020_T0013,wavs_synthetic_crossspeaker/XSPK_C_020_T0013.wav,C_020,Kisszobában kapcsold ki a rádió.
XSPK_C_020_T0014,wavs_synthetic_crossspeaker/XSPK_C_020_T0014.wav,C_020,Húzd fel a függönyt a konyhában.
XSPK_C_020_T0015,wavs_synthetic_crossspeaker/XSPK_C_020_T0015.wav,C_020,Nyisd ki az ablakot a nagyszobába.
XSPK_C_020_T0016,wavs_synthetic_crossspeaker/XSPK_C_020_T0016.wav,C_020,Kapcsold fell a villanyt a fürdőszobába.
XSPK_C_020_T0017,wavs_synthetic_crossspeaker/XSPK_C_020_T0017.wav,C_020,Zárd be az ajtót a konyha kisszobába
XSPK_C_020_T0018,wavs_synthetic_crossspeaker/XSPK_C_020_T0018.wav,C_020,A konyhába kapcsold be a porszívót.
XSPK_C_020_T0019,wavs_synthetic_crossspeaker/XSPK_C_020_T0019.wav,C_020,A folyoson húzd le a fűtést
XSPK_C_020_T0020,wavs_synthetic_crossspeaker/XSPK_C_020_T0020.wav,C_020,Nagyszobában kapcsold fel a vilanyt
XSPK_C_020_T0021,wavs_synthetic_crossspeaker/XSPK_C_020_T0021.wav,C_020,Kapcsold be a tévét a nagyszobában.
XSPK_C_020_T0022,wavs_synthetic_crossspeaker/XSPK_C_020_T0022.wav,C_020,Válcs csatornán a tévén a nagyszobában.
XSPK_C_020_T0023,wavs_synthetic_crossspeaker/XSPK_C_020_T0023.wav,C_020,Úzd lejjebb a fürdőszobában a radirátor
XSPK_C_020_T0024,wavs_synthetic_crossspeaker/XSPK_C_020_T0024.wav,C_020,Hangosítsd fel a szobában a tévét
XSPK_C_020_T0025,wavs_synthetic_crossspeaker/XSPK_C_020_T0025.wav,C_020,Húzd be a függönyt a kisszobaba.
XSPK_C_020_T0026,wavs_synthetic_crossspeaker/XSPK_C_020_T0026.wav,C_020,A konyhába nyisd ki az ablakot.
XSPK_C_020_T0027,wavs_synthetic_crossspeaker/XSPK_C_020_T0027.wav,C_020,Konyhába zárd be az ajtó
XSPK_C_020_T0028,wavs_synthetic_crossspeaker/XSPK_C_020_T0028.wav,C_020,A kisszobai redőnyt engedd le
XSPK_C_020_T0029,wavs_synthetic_crossspeaker/XSPK_C_020_T0029.wav,C_020,Húzgy be a függönyt a kisszobában.
XSPK_C_020_T0030,wavs_synthetic_crossspeaker/XSPK_C_020_T0030.wav,C_020,Halkítsd le a tévét a szobába
XSPK_C_020_T0031,wavs_synthetic_crossspeaker/XSPK_C_020_T0031.wav,C_020,Húzd le a redőnyt a kis szobába.
XSPK_C_020_T0032,wavs_synthetic_crossspeaker/XSPK_C_020_T0032.wav,C_020,Halkítsuk a tévét a kisszobába
XSPK_C_020_T0033,wavs_synthetic_crossspeaker/XSPK_C_020_T0033.wav,C_020,Fürdőszobába kapcsold ki a porszívót.
XSPK_C_020_T0034,wavs_synthetic_crossspeaker/XSPK_C_020_T0034.wav,C_020,Húzd be a függönyt a kisszobában.
XSPK_C_020_T0035,wavs_synthetic_crossspeaker/XSPK_C_020_T0035.wav,C_020,A szobába kapcsold be a porszívót.
XSPK_C_020_T0036,wavs_synthetic_crossspeaker/XSPK_C_020_T0036.wav,C_020,A nagyszobába hangosítsd fel a tévét
XSPK_C_020_T0037,wavs_synthetic_crossspeaker/XSPK_C_020_T0037.wav,C_020,Nyisd ki a konyhába az ablakot
XSPK_C_020_T0038,wavs_synthetic_crossspeaker/XSPK_C_020_T0038.wav,C_020,Engedd le a fürdőszobai redőnyt
XSPK_C_020_T0039,wavs_synthetic_crossspeaker/XSPK_C_020_T0039.wav,C_020,A fürdőszobábá húsd vell a redőnyt.
XSPK_C_020_T0040,wavs_synthetic_crossspeaker/XSPK_C_020_T0040.wav,C_020,Kapcsold ki a fűtést a kisszobában
XSPK_C_020_T0041,wavs_synthetic_crossspeaker/XSPK_C_020_T0041.wav,C_020,Húzd le a fűtést a szobába
XSPK_C_020_T0042,wavs_synthetic_crossspeaker/XSPK_C_020_T0042.wav,C_020,A mosógépet indítsd el és állítsd be hatvan fokra
XSPK_C_020_T0043,wavs_synthetic_crossspeaker/XSPK_C_020_T0043.wav,C_020,A folyosón válts csatornát
XSPK_C_020_T0044,wavs_synthetic_crossspeaker/XSPK_C_020_T0044.wav,C_020,Nagyszobaban kapcsold be a ventillátort.
XSPK_C_020_T0045,wavs_synthetic_crossspeaker/XSPK_C_020_T0045.wav,C_020,Húzd aza függönyt a konyhában
XSPK_C_020_T0046,wavs_synthetic_crossspeaker/XSPK_C_020_T0046.wav,C_020,Fürdőszobába kapcsold be a ventilátor.
XSPK_C_020_T0047,wavs_synthetic_crossspeaker/XSPK_C_020_T0047.wav,C_020,Kapcsold ki a rádiót a konyhában
XSPK_C_020_T0048,wavs_synthetic_crossspeaker/XSPK_C_020_T0048.wav,C_020,Kapcsold ki a fűtést a konyhában
XSPK_C_020_T0049,wavs_synthetic_crossspeaker/XSPK_C_020_T0049.wav,C_020,Kapcsold bje a radiátort a folyosón
XSPK_C_020_T0050,wavs_synthetic_crossspeaker/XSPK_C_020_T0050.wav,C_020,A fürdőszobába kapcsold be a rádiót
XSPK_C_020_T0051,wavs_synthetic_crossspeaker/XSPK_C_020_T0051.wav,C_020,Zárd be az ajtót a folyosóba
XSPK_C_020_T0052,wavs_synthetic_crossspeaker/XSPK_C_020_T0052.wav,C_020,Válts csatornát tévét a szobában
XSPK_C_020_T0053,wavs_synthetic_crossspeaker/XSPK_C_020_T0053.wav,C_020,A szobába kapcsold fel a villanyt.
XSPK_C_020_T0054,wavs_synthetic_crossspeaker/XSPK_C_020_T0054.wav,C_020,Kapcsold be a fürdőszobában a porszívót
XSPK_C_020_T0055,wavs_synthetic_crossspeaker/XSPK_C_020_T0055.wav,C_020,A ventilátort kapcsold be a konyhába
XSPK_C_020_T0056,wavs_synthetic_crossspeaker/XSPK_C_020_T0056.wav,C_020,Sz ö porszívot ki szoba
XSPK_C_020_T0057,wavs_synthetic_crossspeaker/XSPK_C_020_T0057.wav,C_020,Konyhába kapcsold be a számítógépet.
XSPK_C_020_T0058,wavs_synthetic_crossspeaker/XSPK_C_020_T0058.wav,C_020,Kapcsold be a porszivót a fürdőszobában.
XSPK_C_020_T0059,wavs_synthetic_crossspeaker/XSPK_C_020_T0059.wav,C_020,Nagyszobába válcsatornát a tévén.
XSPK_C_020_T0060,wavs_synthetic_crossspeaker/XSPK_C_020_T0060.wav,C_020,Húzd be a függönyt kisszobába
XSPK_C_020_T0061,wavs_synthetic_crossspeaker/XSPK_C_020_T0061.wav,C_020,A nagyszobában kapcsold le a lámpát zárt
XSPK_C_020_T0062,wavs_synthetic_crossspeaker/XSPK_C_020_T0062.wav,C_020,Ventilátorokat kapcsold be a folyosón
XSPK_C_020_T0063,wavs_synthetic_crossspeaker/XSPK_C_020_T0063.wav,C_020,A rádiót kapcsold be nagyszobába
XSPK_C_020_T0064,wavs_synthetic_crossspeaker/XSPK_C_020_T0064.wav,C_020,Húz be a függöny a kisszobában
XSPK_C_020_T0065,wavs_synthetic_crossspeaker/XSPK_C_020_T0065.wav,C_020,A konyhai ventilátort kapcsold be légy szíves
XSPK_C_020_T0066,wavs_synthetic_crossspeaker/XSPK_C_020_T0066.wav,C_020,Konyha hőmérsékletét kapcsold be
XSPK_C_020_T0067,wavs_synthetic_crossspeaker/XSPK_C_020_T0067.wav,C_020,A konyhában kapcsold ki a fűtés.
XSPK_C_020_T0068,wavs_synthetic_crossspeaker/XSPK_C_020_T0068.wav,C_020,Fürdőszobába húzd szét a redőnyt
XSPK_C_020_T0069,wavs_synthetic_crossspeaker/XSPK_C_020_T0069.wav,C_020,Vál csatornát a rádión a folyosón.
XSPK_C_020_T0070,wavs_synthetic_crossspeaker/XSPK_C_020_T0070.wav,C_020,A szobaban kapcsold be a ventillatort
XSPK_C_020_T0071,wavs_synthetic_crossspeaker/XSPK_C_020_T0071.wav,C_020,Húzd tét a csötétítőt a konyhában.
XSPK_C_020_T0072,wavs_synthetic_crossspeaker/XSPK_C_020_T0072.wav,C_020,A kisszobában kapcsold át a televíziót
XSPK_C_020_T0073,wavs_synthetic_crossspeaker/XSPK_C_020_T0073.wav,C_020,A ventilátort kapcsold be a kiszobába
XSPK_C_020_T0074,wavs_synthetic_crossspeaker/XSPK_C_020_T0074.wav,C_020,Kapcsold be a mosógépet hatvan fokra a konyhában
XSPK_C_020_T0075,wavs_synthetic_crossspeaker/XSPK_C_020_T0075.wav,C_020,A villanyt kapcsold ki a szobába
XSPK_C_020_T0076,wavs_synthetic_crossspeaker/XSPK_C_020_T0076.wav,C_020,Húzd fel a redpnyt a folyosón
XSPK_C_020_T0077,wavs_synthetic_crossspeaker/XSPK_C_020_T0077.wav,C_020,Kapcsold ki a szobába a számítógépet
XSPK_C_020_T0078,wavs_synthetic_crossspeaker/XSPK_C_020_T0078.wav,C_020,Húzd szét a függönyt a folyosóban
XSPK_C_020_T0079,wavs_synthetic_crossspeaker/XSPK_C_020_T0079.wav,C_020,Kapcsold be a számítógépet a konyhába.
XSPK_C_020_T0080,wavs_synthetic_crossspeaker/XSPK_C_020_T0080.wav,C_020,Fürdőszobába kapcsold ki a fűtés
XSPK_C_020_T0081,wavs_synthetic_crossspeaker/XSPK_C_020_T0081.wav,C_020,Zárd be az ajtót a nagyszobaban.
XSPK_C_020_T0082,wavs_synthetic_crossspeaker/XSPK_C_020_T0082.wav,C_020,Húz be a függönyty a konyhában
XSPK_C_020_T0083,wavs_synthetic_crossspeaker/XSPK_C_020_T0083.wav,C_020,Kisszobában húzd fel a fűtés.
XSPK_C_020_T0084,wavs_synthetic_crossspeaker/XSPK_C_020_T0084.wav,C_020,A konyhában húzd le a fürdő fűtés.
XSPK_C_020_T0085,wavs_synthetic_crossspeaker/XSPK_C_020_T0085.wav,C_020,Kiszába nyisd ki az ajtót
XSPK_C_020_T0086,wavs_synthetic_crossspeaker/XSPK_C_020_T0086.wav,C_020,A fürdőszobában kápcsold be a porszivót.
XSPK_C_020_T0087,wavs_synthetic_crossspeaker/XSPK_C_020_T0087.wav,C_020,Zárd be az ajtót a fürdőszobába
XSPK_C_020_T0088,wavs_synthetic_crossspeaker/XSPK_C_020_T0088.wav,C_020,Zárd be az ablakot a konyhába
XSPK_C_020_T0089,wavs_synthetic_crossspeaker/XSPK_C_020_T0089.wav,C_020,A kisszobába kapcsold ki a ventilátor
XSPK_C_020_T0090,wavs_synthetic_crossspeaker/XSPK_C_020_T0090.wav,C_020,Konyhába engedd le a redőnyt.
XSPK_C_020_T0091,wavs_synthetic_crossspeaker/XSPK_C_020_T0091.wav,C_020,A szobába zárd be az ajtót.
XSPK_C_020_T0092,wavs_synthetic_crossspeaker/XSPK_C_020_T0092.wav,C_020,Nagyszobába húzd fel a fűtés
XSPK_C_020_T0093,wavs_synthetic_crossspeaker/XSPK_C_020_T0093.wav,C_020,A konyhában kapcold ki a ventillátor
XSPK_C_020_T0094,wavs_synthetic_crossspeaker/XSPK_C_020_T0094.wav,C_020,Kapcsold be a villanytűzhelyet
XSPK_C_020_T0095,wavs_synthetic_crossspeaker/XSPK_C_020_T0095.wav,C_020,Nyissuk ki az ablakot a nagyszobában
XSPK_C_020_T0096,wavs_synthetic_crossspeaker/XSPK_C_020_T0096.wav,C_020,Húzd be a függönyt a fürdőszobában.
XSPK_C_020_T0097,wavs_synthetic_crossspeaker/XSPK_C_020_T0097.wav,C_020,Kapcsold ki a porszívót a szobába
XSPK_C_020_T0098,wavs_synthetic_crossspeaker/XSPK_C_020_T0098.wav,C_020,A fürdőszobában nyisd ki az ablakot.
XSPK_C_020_T0099,wavs_synthetic_crossspeaker/XSPK_C_020_T0099.wav,C_020,A nagyszobába húzd le a redőnyt.
XSPK_C_020_T0100,wavs_synthetic_crossspeaker/XSPK_C_020_T0100.wav,C_020,A konyhában zárd be az ajtót.
XSPK_C_020_T0101,wavs_synthetic_crossspeaker/XSPK_C_020_T0101.wav,C_020,A szobában húzd le a fűtést.
XSPK_C_020_T0102,wavs_synthetic_crossspeaker/XSPK_C_020_T0102.wav,C_020,Kapcsold be a fórszívót a nagyszobában
XSPK_C_020_T0103,wavs_synthetic_crossspeaker/XSPK_C_020_T0103.wav,C_020,Kapcsold ki a mosogatógépet a konyhábán.
XSPK_C_020_T0104,wavs_synthetic_crossspeaker/XSPK_C_020_T0104.wav,C_020,Válts csatornát a radan anan nem nagyszobaban
XSPK_C_020_T0105,wavs_synthetic_crossspeaker/XSPK_C_020_T0105.wav,C_020,Kisszobába kapcsold fel a lámpát.
XSPK_C_020_T0106,wavs_synthetic_crossspeaker/XSPK_C_020_T0106.wav,C_020,A nagycobába kapcsold be a rádiót
XSPK_C_020_T0107,wavs_synthetic_crossspeaker/XSPK_C_020_T0107.wav,C_020,Húzd le a függönyt a nagyszobába
XSPK_C_020_T0108,wavs_synthetic_crossspeaker/XSPK_C_020_T0108.wav,C_020,A rádiót a nagyszobába kapcsold be
XSPK_C_020_T0109,wavs_synthetic_crossspeaker/XSPK_C_020_T0109.wav,C_020,A kisszobában húzd le a redőny.
XSPK_C_020_T0110,wavs_synthetic_crossspeaker/XSPK_C_020_T0110.wav,C_020,Konyhában kapcsold be harminc fokon a a mosógépet.
XSPK_C_020_T0111,wavs_synthetic_crossspeaker/XSPK_C_020_T0111.wav,C_020,Húzd szét a függönyt a nagy nagyszobába
XSPK_C_020_T0112,wavs_synthetic_crossspeaker/XSPK_C_020_T0112.wav,C_020,A porszívót kapcsold ki a kiszobába
XSPK_C_020_T0113,wavs_synthetic_crossspeaker/XSPK_C_020_T0113.wav,C_020,Húzd fell a reddőny a konyhába.
XSPK_C_020_T0114,wavs_synthetic_crossspeaker/XSPK_C_020_T0114.wav,C_020,A fürdőszobán húzd fel a fűtést.
XSPK_C_020_T0115,wavs_synthetic_crossspeaker/XSPK_C_020_T0115.wav,C_020,A fojjosón kapcsold ki a porszívó.
XSPK_C_020_T0116,wavs_synthetic_crossspeaker/XSPK_C_020_T0116.wav,C_020,Kinyitjuk a ablakot a konyhában
XSPK_C_020_T0117,wavs_synthetic_crossspeaker/XSPK_C_020_T0117.wav,C_020,Halkíd a kévét a nagyszobában
XSPK_C_020_T0118,wavs_synthetic_crossspeaker/XSPK_C_020_T0118.wav,C_020,A szobában kapcsoljuk fel a villanyt
XSPK_C_020_T0119,wavs_synthetic_crossspeaker/XSPK_C_020_T0119.wav,C_020,A nagyszobában kapcsold ki a porszívó.
XSPK_C_020_T0120,wavs_synthetic_crossspeaker/XSPK_C_020_T0120.wav,C_020,Zárd be a ajtót a konyhában
XSPK_C_020_T0121,wavs_synthetic_crossspeaker/XSPK_C_020_T0121.wav,C_020,A nagyszobában a televízióban váltsál csatornát
XSPK_C_020_T0122,wavs_synthetic_crossspeaker/XSPK_C_020_T0122.wav,C_020,Konyhában kapcsold ki a sütőt
XSPK_C_020_T0123,wavs_synthetic_crossspeaker/XSPK_C_020_T0123.wav,C_020,A kisszobában kapcsold ki a ventillátort.
XSPK_C_020_T0124,wavs_synthetic_crossspeaker/XSPK_C_020_T0124.wav,C_020,A konyhában kapcsold ki a pirítót
XSPK_C_020_T0125,wavs_synthetic_crossspeaker/XSPK_C_020_T0125.wav,C_020,Kapcsold ki á számítógépet a konyhábá.
XSPK_C_020_T0126,wavs_synthetic_crossspeaker/XSPK_C_020_T0126.wav,C_020,Kapcsold ki a ventilátorokat a kisszobába
XSPK_C_020_T0127,wavs_synthetic_crossspeaker/XSPK_C_020_T0127.wav,C_020,Kapcsold ki a fűtés a nagyszobában.
XSPK_C_020_T0128,wavs_synthetic_crossspeaker/XSPK_C_020_T0128.wav,C_020,Kapcsold ki a ventilát a folyosón
XSPK_C_020_T0129,wavs_synthetic_crossspeaker/XSPK_C_020_T0129.wav,C_020,Konyhába kapcsold ki a fűtés
XSPK_C_020_T0130,wavs_synthetic_crossspeaker/XSPK_C_020_T0130.wav,C_020,Kapcsold be harminc fokon a mosogépet a fürdőszobában.
XSPK_C_020_T0131,wavs_synthetic_crossspeaker/XSPK_C_020_T0131.wav,C_020,A fürdőszobába kapcsold ki a ventillátorokat
XSPK_C_020_T0132,wavs_synthetic_crossspeaker/XSPK_C_020_T0132.wav,C_020,Porszívó be szobában
XSPK_C_020_T0133,wavs_synthetic_crossspeaker/XSPK_C_020_T0133.wav,C_020,A szobában húzd fel a redőnyt
XSPK_C_020_T0134,wavs_synthetic_crossspeaker/XSPK_C_020_T0134.wav,C_020,Kapcsold be a sütőt a konyhába
XSPK_C_020_T0135,wavs_synthetic_crossspeaker/XSPK_C_020_T0135.wav,C_020,A folyosón húzd feljebb a ra radirátor
XSPK_C_020_T0136,wavs_synthetic_crossspeaker/XSPK_C_020_T0136.wav,C_020,Húzd le a radiátort a kisszobába
XSPK_C_020_T0137,wavs_synthetic_crossspeaker/XSPK_C_020_T0137.wav,C_020,Nyissák meg az ablakot a kisszobába
XSPK_C_020_T0138,wavs_synthetic_crossspeaker/XSPK_C_020_T0138.wav,C_020,A szobába kapcsold ki a rádiót
XSPK_C_020_T0139,wavs_synthetic_crossspeaker/XSPK_C_020_T0139.wav,C_020,A folyosón kapcsold be a ventillátorokat
XSPK_C_020_T0140,wavs_synthetic_crossspeaker/XSPK_C_020_T0140.wav,C_020,A fojjosón kapcsold fel a villany.
XSPK_C_020_T0141,wavs_synthetic_crossspeaker/XSPK_C_020_T0141.wav,C_020,Folyosón felkapcsolni lámpam
XSPK_C_020_T0142,wavs_synthetic_crossspeaker/XSPK_C_020_T0142.wav,C_020,Az kisszobába húzd szét a függönyt
XSPK_C_020_T0143,wavs_synthetic_crossspeaker/XSPK_C_020_T0143.wav,C_020,Kapcsold be a fütést a nagyszobába
XSPK_C_020_T0144,wavs_synthetic_crossspeaker/XSPK_C_020_T0144.wav,C_020,Húzd fel a reedőnyt a szobában
XSPK_C_020_T0145,wavs_synthetic_crossspeaker/XSPK_C_020_T0145.wav,C_020,A konyhában kapcsold ki a mosogatógépet.
XSPK_C_020_T0146,wavs_synthetic_crossspeaker/XSPK_C_020_T0146.wav,C_020,A konyhába kapcsold be a rádiót.
XSPK_C_020_T0147,wavs_synthetic_crossspeaker/XSPK_C_020_T0147.wav,C_020,Kapcsold be harminc fokon a mosógépet a fürdő szobában.
XSPK_C_020_T0148,wavs_synthetic_crossspeaker/XSPK_C_020_T0148.wav,C_020,Nagyszobába kapcsold fel a ventillátort
XSPK_C_020_T0149,wavs_synthetic_crossspeaker/XSPK_C_020_T0149.wav,C_020,Zárjuk be a ajtón a folyosón
XSPK_C_020_T0150,wavs_synthetic_crossspeaker/XSPK_C_020_T0150.wav,C_020,Húzd fel a radiátort a kissszobában
XSPK_C_020_T0151,wavs_synthetic_crossspeaker/XSPK_C_020_T0151.wav,C_020,A nagyszobában kapcsold be a ventilátort
XSPK_C_020_T0152,wavs_synthetic_crossspeaker/XSPK_C_020_T0152.wav,C_020,A kisszobába csinálj csatorna váltást
XSPK_C_020_T0153,wavs_synthetic_crossspeaker/XSPK_C_020_T0153.wav,C_020,A fürdőszobában húzd szét a függöny
XSPK_C_020_T0154,wavs_synthetic_crossspeaker/XSPK_C_020_T0154.wav,C_020,Húzd be a függönyt a fürdöszobába
XSPK_C_020_T0155,wavs_synthetic_crossspeaker/XSPK_C_020_T0155.wav,C_020,Hívd fel a lányom
XSPK_C_020_T0156,wavs_synthetic_crossspeaker/XSPK_C_020_T0156.wav,C_020,Kisszobába kapcsold be a fűtést
XSPK_C_020_T0157,wavs_synthetic_crossspeaker/XSPK_C_020_T0157.wav,C_020,Nyisd ki az ablakot a naccobában.
XSPK_C_020_T0158,wavs_synthetic_crossspeaker/XSPK_C_020_T0158.wav,C_020,Nyisd ki az ajtót a fürdőszobába.
XSPK_C_020_T0159,wavs_synthetic_crossspeaker/XSPK_C_020_T0159.wav,C_020,Itt vannak az unokák zárjuk be az ajtót
XSPK_C_020_T0160,wavs_synthetic_crossspeaker/XSPK_C_020_T0160.wav,C_020,A konyhában nyisd ki az ajtó.
XSPK_C_020_T0161,wavs_synthetic_crossspeaker/XSPK_C_020_T0161.wav,C_020,Konyhában kapcsold ki a ventillátort
XSPK_C_020_T0162,wavs_synthetic_crossspeaker/XSPK_C_020_T0162.wav,C_020,Kapcsold be a porszívót a folyosó.
XSPK_C_020_T0163,wavs_synthetic_crossspeaker/XSPK_C_020_T0163.wav,C_020,A nagyszobában kapcsold be a porszívót.
XSPK_C_020_T0164,wavs_synthetic_crossspeaker/XSPK_C_020_T0164.wav,C_020,A folyosón kapcsold föl a villanyt.
XSPK_C_020_T0165,wavs_synthetic_crossspeaker/XSPK_C_020_T0165.wav,C_020,Bekocsol rádió szobában
XSPK_C_020_T0166,wavs_synthetic_crossspeaker/XSPK_C_020_T0166.wav,C_020,Ak szobába kapcsold be a porszív
XSPK_C_020_T0167,wavs_synthetic_crossspeaker/XSPK_C_020_T0167.wav,C_020,A konyhában kapcsold ki a ventillátort
XSPK_C_020_T0168,wavs_synthetic_crossspeaker/XSPK_C_020_T0168.wav,C_020,A szobában vedd feljebb a televíziót
XSPK_C_020_T0169,wavs_synthetic_crossspeaker/XSPK_C_020_T0169.wav,C_020,A folyosón kapcsold lejjebb a fűtést
XSPK_C_020_T0170,wavs_synthetic_crossspeaker/XSPK_C_020_T0170.wav,C_020,Zárjuk be az ablakot a szobában
XSPK_C_020_T0171,wavs_synthetic_crossspeaker/XSPK_C_020_T0171.wav,C_020,Nagyszobába kapcsold le a  villanyt
XSPK_C_020_T0172,wavs_synthetic_crossspeaker/XSPK_C_020_T0172.wav,C_020,A nagyszobában kapcsold ki a rádit
XSPK_C_020_T0173,wavs_synthetic_crossspeaker/XSPK_C_020_T0173.wav,C_020,A konyhában kapcsold be a pirítós
XSPK_C_020_T0174,wavs_synthetic_crossspeaker/XSPK_C_020_T0174.wav,C_020,Kapcsold be a rádiót a szobába
XSPK_C_020_T0175,wavs_synthetic_crossspeaker/XSPK_C_020_T0175.wav,C_020,A fürdőszobába kapcsold ki a radiátort
XSPK_C_020_T0176,wavs_synthetic_crossspeaker/XSPK_C_020_T0176.wav,C_020,Kapcsold be a ventillatort a szobaban
XSPK_C_020_T0177,wavs_synthetic_crossspeaker/XSPK_C_020_T0177.wav,C_020,Fürdőszoba hőmérsékletét kapcsold le
XSPK_C_020_T0178,wavs_synthetic_crossspeaker/XSPK_C_020_T0178.wav,C_020,Szoba ajtót csukd be légy szíves
XSPK_C_020_T0179,wavs_synthetic_crossspeaker/XSPK_C_020_T0179.wav,C_020,A fürdőszobában kapcsold be a ventillátort.
XSPK_C_020_T0180,wavs_synthetic_crossspeaker/XSPK_C_020_T0180.wav,C_020,Úzd lejjebb a konyhában a radiátor
XSPK_C_020_T0181,wavs_synthetic_crossspeaker/XSPK_C_020_T0181.wav,C_020,A fürdőszobában kapcsold be a rádiót.
XSPK_C_020_T0182,wavs_synthetic_crossspeaker/XSPK_C_020_T0182.wav,C_020,A folyosón kapcsold ki a porszívó.
XSPK_C_020_T0183,wavs_synthetic_crossspeaker/XSPK_C_020_T0183.wav,C_020,A fürdőszobában kapcsold be a tévét.
XSPK_C_020_T0184,wavs_synthetic_crossspeaker/XSPK_C_020_T0184.wav,C_020,A konyhában húzd be a függönyt
XSPK_C_020_T0185,wavs_synthetic_crossspeaker/XSPK_C_020_T0185.wav,C_020,Kapcsold ki a rádiot a kisszobában
XSPK_C_020_T0186,wavs_synthetic_crossspeaker/XSPK_C_020_T0186.wav,C_020,Kapcsold át a tévét a másik csatornára a konyhában
XSPK_C_020_T0187,wavs_synthetic_crossspeaker/XSPK_C_020_T0187.wav,C_020,Kapcsold be a ventilátort a konyhában
XSPK_C_020_T0188,wavs_synthetic_crossspeaker/XSPK_C_020_T0188.wav,C_020,A konyhában kapcsold be a porszivót.
XSPK_C_020_T0189,wavs_synthetic_crossspeaker/XSPK_C_020_T0189.wav,C_020,Szobában kapcsold ki a számítógépet
XSPK_C_020_T0190,wavs_synthetic_crossspeaker/XSPK_C_020_T0190.wav,C_020,Folyosón kapcsold ki a ventilátor.
XSPK_C_020_T0191,wavs_synthetic_crossspeaker/XSPK_C_020_T0191.wav,C_020,Konyhába kapcsold be a fűtés
XSPK_C_020_T0192,wavs_synthetic_crossspeaker/XSPK_C_020_T0192.wav,C_020,A nagyszobába kapcsold fel a villant
XSPK_C_020_T0193,wavs_synthetic_crossspeaker/XSPK_C_020_T0193.wav,C_020,A szobában kapcsold fell a villanyt.
XSPK_C_020_T0194,wavs_synthetic_crossspeaker/XSPK_C_020_T0194.wav,C_020,A folyosó húzd le a redőnyt
XSPK_C_020_T0195,wavs_synthetic_crossspeaker/XSPK_C_020_T0195.wav,C_020,Húzd be a psz függönyt a folyoson
XSPK_C_020_T0196,wavs_synthetic_crossspeaker/XSPK_C_020_T0196.wav,C_020,Kapcsold ki a szobában a számítógépet
XSPK_C_020_T0197,wavs_synthetic_crossspeaker/XSPK_C_020_T0197.wav,C_020,A konyhába kapcsold be a mosogatógépet
XSPK_C_020_T0198,wavs_synthetic_crossspeaker/XSPK_C_020_T0198.wav,C_020,Fürdőszobában zárd be az ablakot.
XSPK_C_020_T0199,wavs_synthetic_crossspeaker/XSPK_C_020_T0199.wav,C_020,A konyhában zárd be az ablakot.
XSPK_C_020_T0200,wavs_synthetic_crossspeaker/XSPK_C_020_T0200.wav,C_020,Kapcsold ki a rádiót a nagycobában.
XSPK_C_020_T0201,wavs_synthetic_crossspeaker/XSPK_C_020_T0201.wav,C_020,A konyhába kapcsold ki a fűtést.
XSPK_C_020_T0202,wavs_synthetic_crossspeaker/XSPK_C_020_T0202.wav,C_020,A konyhában hangosís fel a tévét.
XSPK_C_020_T0203,wavs_synthetic_crossspeaker/XSPK_C_020_T0203.wav,C_020,A konyhába kapcsold ki a rádiót.
XSPK_C_020_T0204,wavs_synthetic_crossspeaker/XSPK_C_020_T0204.wav,C_020,Nagyszobai fűtést vedd föl légy szíves
XSPK_C_020_T0205,wavs_synthetic_crossspeaker/XSPK_C_020_T0205.wav,C_020,A szobában húzd fel a függöny
XSPK_C_020_T0206,wavs_synthetic_crossspeaker/XSPK_C_020_T0206.wav,C_020,A szobában húzd föl a redőnyt.
XSPK_C_020_T0207,wavs_synthetic_crossspeaker/XSPK_C_020_T0207.wav,C_020,Fürdőszobába nyisd ki a ajtót
XSPK_C_020_T0208,wavs_synthetic_crossspeaker/XSPK_C_020_T0208.wav,C_020,Nyisd ki az ajtót a folyos
XSPK_C_020_T0209,wavs_synthetic_crossspeaker/XSPK_C_020_T0209.wav,C_020,A szobában kapcshold ki a rádiót.
XSPK_C_021_T0000,wavs_synthetic_crossspeaker/XSPK_C_021_T0000.wav,C_021,Kapcsold be a rádiót a fühldőszobába
XSPK_C_021_T0001,wavs_synthetic_crossspeaker/XSPK_C_021_T0001.wav,C_021,Kapcsold ki a rádiót a kisszobaban.
XSPK_C_021_T0002,wavs_synthetic_crossspeaker/XSPK_C_021_T0002.wav,C_021,Húzd be a fürdőszoba függönyét
XSPK_C_021_T0003,wavs_synthetic_crossspeaker/XSPK_C_021_T0003.wav,C_021,A nagyszobában kapcsold be a ventillátor.
XSPK_C_021_T0004,wavs_synthetic_crossspeaker/XSPK_C_021_T0004.wav,C_021,A fürdőszobában a rádión válts csatornát
XSPK_C_021_T0005,wavs_synthetic_crossspeaker/XSPK_C_021_T0005.wav,C_021,Vedd lejjebb a folyosó fűtését
XSPK_C_021_T0006,wavs_synthetic_crossspeaker/XSPK_C_021_T0006.wav,C_021,Nagyszobába kapcsold ki a ventilátort
XSPK_C_021_T0007,wavs_synthetic_crossspeaker/XSPK_C_021_T0007.wav,C_021,A szobábá húzd fel a fütés.
XSPK_C_021_T0008,wavs_synthetic_crossspeaker/XSPK_C_021_T0008.wav,C_021,Konyhában kapcsold ki a gáztűzhelyt.
XSPK_C_021_T0009,wavs_synthetic_crossspeaker/XSPK_C_021_T0009.wav,C_021,Húzzuk be a függönyt a konyhában
XSPK_C_021_T0010,wavs_synthetic_crossspeaker/XSPK_C_021_T0010.wav,C_021,Engedd le a nagyszobai redőnyt
XSPK_C_021_T0011,wavs_synthetic_crossspeaker/XSPK_C_021_T0011.wav,C_021,A fojjosón húzd le a redőny.
XSPK_C_021_T0012,wavs_synthetic_crossspeaker/XSPK_C_021_T0012.wav,C_021,A folyosón hangosítsd föl a tévét
XSPK_C_021_T0013,wavs_synthetic_crossspeaker/XSPK_C_021_T0013.wav,C_021,A kisszubában zárd be a zazakot
XSPK_C_021_T0014,wavs_synthetic_crossspeaker/XSPK_C_021_T0014.wav,C_021,A konyhában húzd be a függönt.
XSPK_C_021_T0015,wavs_synthetic_crossspeaker/XSPK_C_021_T0015.wav,C_021,Zárd be az ablakot a kisszobábá.
XSPK_C_021_T0016,wavs_synthetic_crossspeaker/XSPK_C_021_T0016.wav,C_021,Nagyszobába kapcsold be a porszívó
XSPK_C_021_T0017,wavs_synthetic_crossspeaker/XSPK_C_021_T0017.wav,C_021,A nagyszobába kapcsold ki a számítógépet.
XSPK_C_021_T0018,wavs_synthetic_crossspeaker/XSPK_C_021_T0018.wav,C_021,A kiszobában kapcsold ki a rádjó.
XSPK_C_021_T0019,wavs_synthetic_crossspeaker/XSPK_C_021_T0019.wav,C_021,Nyisd ki az ablakot a folyo folyosón
XSPK_C_021_T0020,wavs_synthetic_crossspeaker/XSPK_C_021_T0020.wav,C_021,A kisszobában hangosítsd a tévét
XSPK_C_021_T0021,wavs_synthetic_crossspeaker/XSPK_C_021_T0021.wav,C_021,A konyhába kapcsold ki a tűzhelyet.
XSPK_C_021_T0022,wavs_synthetic_crossspeaker/XSPK_C_021_T0022.wav,C_021,Fürdőszobába kapcsold ki a porszívót
XSPK_C_021_T0023,wavs_synthetic_crossspeaker/XSPK_C_021_T0023.wav,C_021,Csukd be a szoba ablakot
XSPK_C_021_T0024,wavs_synthetic_crossspeaker/XSPK_C_021_T0024.wav,C_021,Kisszobában kapcsold be a rádiót
XSPK_C_021_T0025,wavs_synthetic_crossspeaker/XSPK_C_021_T0025.wav,C_021,Húzd be a redőnyt a kh fürdőszobába
XSPK_C_021_T0026,wavs_synthetic_crossspeaker/XSPK_C_021_T0026.wav,C_021,Fürdőszobában nyisd ki az ajtót
XSPK_C_021_T0027,wavs_synthetic_crossspeaker/XSPK_C_021_T0027.wav,C_021,Konyhába huzd fel a fűtést
XSPK_C_021_T0028,wavs_synthetic_crossspeaker/XSPK_C_021_T0028.wav,C_021,A fürdőszobában kapcsold le a villanyt.
XSPK_C_021_T0029,wavs_synthetic_crossspeaker/XSPK_C_021_T0029.wav,C_021,A konyhába kapcsold ki a fűtést
XSPK_C_021_T0030,wavs_synthetic_crossspeaker/XSPK_C_021_T0030.wav,C_021,A rádiót kapcsold be a konyhába.
XSPK_C_021_T0031,wavs_synthetic_crossspeaker/XSPK_C_021_T0031.wav,C_021,A fürdőszobában a rádiót kapcsold be
XSPK_C_021_T0032,wavs_synthetic_crossspeaker/XSPK_C_021_T0032.wav,C_021,Húzd be a folyosói függönyt
XSPK_C_021_T0033,wavs_synthetic_crossspeaker/XSPK_C_021_T0033.wav,C_021,Kapcsold be a rádjót a bolyosón.
XSPK_C_021_T0034,wavs_synthetic_crossspeaker/XSPK_C_021_T0034.wav,C_021,Húzd le a fűtést a kiszobában.
XSPK_C_021_T0035,wavs_synthetic_crossspeaker/XSPK_C_021_T0035.wav,C_021,Kapcsold le a enyérpirítót a kisszobában
XSPK_C_021_T0036,wavs_synthetic_crossspeaker/XSPK_C_021_T0036.wav,C_021,A konyhában kapcsold be a ke kenyérpirítót.
XSPK_C_021_T0037,wavs_synthetic_crossspeaker/XSPK_C_021_T0037.wav,C_021,A konyhába húzzlea fűtés.
XSPK_C_021_T0038,wavs_synthetic_crossspeaker/XSPK_C_021_T0038.wav,C_021,A fürdőszobában kapcsold be a ventillátort
XSPK_C_021_T0039,wavs_synthetic_crossspeaker/XSPK_C_021_T0039.wav,C_021,A folyosóban kapcsold be a ventilátort
XSPK_C_021_T0040,wavs_synthetic_crossspeaker/XSPK_C_021_T0040.wav,C_021,A nagycobában engedd le a redőnyt
XSPK_C_021_T0041,wavs_synthetic_crossspeaker/XSPK_C_021_T0041.wav,C_021,A radiátort kapcsold be a folyosón
XSPK_C_021_T0042,wavs_synthetic_crossspeaker/XSPK_C_021_T0042.wav,C_021,Húzd szét a kisszobai függönyöket légy szíves
XSPK_C_021_T0043,wavs_synthetic_crossspeaker/XSPK_C_021_T0043.wav,C_021,Kapcsold be a rádiót a cobába
XSPK_C_021_T0044,wavs_synthetic_crossspeaker/XSPK_C_021_T0044.wav,C_021,Kapcsoljuk le a villanyt a szobában
XSPK_C_021_T0045,wavs_synthetic_crossspeaker/XSPK_C_021_T0045.wav,C_021,Halkcuk a tévét a fürdőszobában
XSPK_C_021_T0046,wavs_synthetic_crossspeaker/XSPK_C_021_T0046.wav,C_021,A konyhába a vízforralót kapcsold be.
XSPK_C_021_T0047,wavs_synthetic_crossspeaker/XSPK_C_021_T0047.wav,C_021,Kapcsold be a ventilátort a kisszobában a nagyszobában
XSPK_C_021_T0048,wavs_synthetic_crossspeaker/XSPK_C_021_T0048.wav,C_021,Kapcsold be a konyhában a mosást harminc fokon
XSPK_C_021_T0049,wavs_synthetic_crossspeaker/XSPK_C_021_T0049.wav,C_021,A szobába kapcsold be a számítógépet.
XSPK_C_021_T0050,wavs_synthetic_crossspeaker/XSPK_C_021_T0050.wav,C_021,A konyhában húzzad fel a redőnyt.
XSPK_C_021_T0051,wavs_synthetic_crossspeaker/XSPK_C_021_T0051.wav,C_021,Kapcsold ki a konyhában a rádiót
XSPK_C_021_T0052,wavs_synthetic_crossspeaker/XSPK_C_021_T0052.wav,C_021,Kapcsold ki a kisszobai ventilátort
XSPK_C_021_T0053,wavs_synthetic_crossspeaker/XSPK_C_021_T0053.wav,C_021,Kisszobában kapcsold be a radiátort
XSPK_C_021_T0054,wavs_synthetic_crossspeaker/XSPK_C_021_T0054.wav,C_021,Halkítsd le a tévét kisszobában
XSPK_C_021_T0055,wavs_synthetic_crossspeaker/XSPK_C_021_T0055.wav,C_021,Kapcsold fel a villanyt a fűrdőszobába
XSPK_C_021_T0056,wavs_synthetic_crossspeaker/XSPK_C_021_T0056.wav,C_021,Konyhában kapcsold be a sütőt
XSPK_C_021_T0057,wavs_synthetic_crossspeaker/XSPK_C_021_T0057.wav,C_021,Kapcsold ki a ventilátort a naccobába
XSPK_C_021_T0058,wavs_synthetic_crossspeaker/XSPK_C_021_T0058.wav,C_021,A nagyszobában válts csatornát a rádión.
XSPK_C_021_T0059,wavs_synthetic_crossspeaker/XSPK_C_021_T0059.wav,C_021,A konyhában húzd le a fűtést.
XSPK_C_021_T0060,wavs_synthetic_crossspeaker/XSPK_C_021_T0060.wav,C_021,A konyhábankapcsold ki porszívó.
XSPK_C_021_T0061,wavs_synthetic_crossspeaker/XSPK_C_021_T0061.wav,C_021,A kis szobában kapcsold be a számítógépet.
XSPK_C_021_T0062,wavs_synthetic_crossspeaker/XSPK_C_021_T0062.wav,C_021,A nagyszobában kapcsold be a rádiot
XSPK_C_021_T0063,wavs_synthetic_crossspeaker/XSPK_C_021_T0063.wav,C_021,A konyhába tapcsold ki a tévét
XSPK_C_021_T0064,wavs_synthetic_crossspeaker/XSPK_C_021_T0064.wav,C_021,Kapcsold ki a tévét a fürdőszobában.
XSPK_C_021_T0065,wavs_synthetic_crossspeaker/XSPK_C_021_T0065.wav,C_021,Konyhában kapcsoljál csatornát a rádióban
XSPK_C_021_T0066,wavs_synthetic_crossspeaker/XSPK_C_021_T0066.wav,C_021,Zapcsold ki a radidátor a nagyszobában
XSPK_C_021_T0067,wavs_synthetic_crossspeaker/XSPK_C_021_T0067.wav,C_021,Kapcsuld ki a rádiót a nagyszobában
XSPK_C_021_T0068,wavs_synthetic_crossspeaker/XSPK_C_021_T0068.wav,C_021,A szobába húzd szét a függönyt
XSPK_C_021_T0069,wavs_synthetic_crossspeaker/XSPK_C_021_T0069.wav,C_021,Kapcsold be rádiót a nagyszobába
XSPK_C_021_T0070,wavs_synthetic_crossspeaker/XSPK_C_021_T0070.wav,C_021,Kapcsold be a rádiót a kisszobába
XSPK_C_021_T0071,wavs_synthetic_crossspeaker/XSPK_C_021_T0071.wav,C_021,A fürdőszobaban nyisd ki az ablakot
XSPK_C_021_T0072,wavs_synthetic_crossspeaker/XSPK_C_021_T0072.wav,C_021,A konyhában válts csatornát a tévéd
XSPK_C_021_T0073,wavs_synthetic_crossspeaker/XSPK_C_021_T0073.wav,C_021,Konyhában mosógép hat fokon
XSPK_C_021_T0074,wavs_synthetic_crossspeaker/XSPK_C_021_T0074.wav,C_021,Naccobába zárd be az ajtót.
XSPK_C_021_T0075,wavs_synthetic_crossspeaker/XSPK_C_021_T0075.wav,C_021,A konyhában húzd le a fűtés.
XSPK_C_021_T0076,wavs_synthetic_crossspeaker/XSPK_C_021_T0076.wav,C_021,Kapcsold ki a rádiót a szobába
XSPK_C_021_T0077,wavs_synthetic_crossspeaker/XSPK_C_021_T0077.wav,C_021,Khapcsold föl a villanyt a kisszobaban.
XSPK_C_021_T0078,wavs_synthetic_crossspeaker/XSPK_C_021_T0078.wav,C_021,A fürdőszobában kapcsold be a ventillátort.
XSPK_C_021_T0079,wavs_synthetic_crossspeaker/XSPK_C_021_T0079.wav,C_021,A kisszobába húzd fel a függönyt
XSPK_C_021_T0080,wavs_synthetic_crossspeaker/XSPK_C_021_T0080.wav,C_021,Fürdőszobában kapcsold be a rádiót.
XSPK_C_021_T0081,wavs_synthetic_crossspeaker/XSPK_C_021_T0081.wav,C_021,Húzd le a ladiátort a nagyszobában
XSPK_C_021_T0082,wavs_synthetic_crossspeaker/XSPK_C_021_T0082.wav,C_021,A folyosón hangosítsd a televíziót.
XSPK_C_021_T0083,wavs_synthetic_crossspeaker/XSPK_C_021_T0083.wav,C_021,Nyomd fel a fűtést a nagyszobába
XSPK_C_021_T0084,wavs_synthetic_crossspeaker/XSPK_C_021_T0084.wav,C_021,Zárd be az ablakto a nagyszobában
XSPK_C_021_T0085,wavs_synthetic_crossspeaker/XSPK_C_021_T0085.wav,C_021,Válts csatornát a tévén a folyoso
XSPK_C_021_T0086,wavs_synthetic_crossspeaker/XSPK_C_021_T0086.wav,C_021,Csapcsold ki a porszívót a nagycsobában
XSPK_C_021_T0087,wavs_synthetic_crossspeaker/XSPK_C_021_T0087.wav,C_021,Kapcsold be a fűtést a fürdőszobában.
XSPK_C_021_T0088,wavs_synthetic_crossspeaker/XSPK_C_021_T0088.wav,C_021,Nyiss az ablakot a folyosón
XSPK_C_021_T0089,wavs_synthetic_crossspeaker/XSPK_C_021_T0089.wav,C_021,Nyissák ki a szobába
XSPK_C_021_T0090,wavs_synthetic_crossspeaker/XSPK_C_021_T0090.wav,C_021,A konyhába kapcold ki a rádiot
XSPK_C_021_T0091,wavs_synthetic_crossspeaker/XSPK_C_021_T0091.wav,C_021,Kapcsold le a villányt a nagyszobában.
XSPK_C_021_T0092,wavs_synthetic_crossspeaker/XSPK_C_021_T0092.wav,C_021,Folyosón zárd be az ablakot
XSPK_C_021_T0093,wavs_synthetic_crossspeaker/XSPK_C_021_T0093.wav,C_021,Konyhában kapcsold ki a tűzhelyet
XSPK_C_021_T0094,wavs_synthetic_crossspeaker/XSPK_C_021_T0094.wav,C_021,Kapcsold be a mosógépet a konyhában
XSPK_C_021_T0095,wavs_synthetic_crossspeaker/XSPK_C_021_T0095.wav,C_021,Kapcsold fel a villanyt a fojjosón.
XSPK_C_021_T0096,wavs_synthetic_crossspeaker/XSPK_C_021_T0096.wav,C_021,A nagyszobába kapcsold ki a porszívót.
XSPK_C_021_T0097,wavs_synthetic_crossspeaker/XSPK_C_021_T0097.wav,C_021,Válcs csatornát a tévén a folyosón.
XSPK_C_021_T0098,wavs_synthetic_crossspeaker/XSPK_C_021_T0098.wav,C_021,A fürdőszobábán kápcsold le a villányt.
XSPK_C_021_T0099,wavs_synthetic_crossspeaker/XSPK_C_021_T0099.wav,C_021,A folyosón csendesítsd a televíziót.
XSPK_C_021_T0100,wavs_synthetic_crossspeaker/XSPK_C_021_T0100.wav,C_021,A nagyszobában húzd le a redőnyt
XSPK_C_021_T0101,wavs_synthetic_crossspeaker/XSPK_C_021_T0101.wav,C_021,Nagyszobában kapkcsold ki a fűtés.
XSPK_C_021_T0102,wavs_synthetic_crossspeaker/XSPK_C_021_T0102.wav,C_021,Konyhába kapcsold ki a mosogatógépet.
XSPK_C_021_T0103,wavs_synthetic_crossspeaker/XSPK_C_021_T0103.wav,C_021,Nagyszobába kapcsold ki a porszívót
XSPK_C_021_T0104,wavs_synthetic_crossspeaker/XSPK_C_021_T0104.wav,C_021,A nagyszobában nyisd ki az ajtot
XSPK_C_021_T0105,wavs_synthetic_crossspeaker/XSPK_C_021_T0105.wav,C_021,A kisszobában hangosítsd a televíziót.
XSPK_C_021_T0106,wavs_synthetic_crossspeaker/XSPK_C_021_T0106.wav,C_021,Nagyszobába hangosícs fel a tévét.
XSPK_C_021_T0107,wavs_synthetic_crossspeaker/XSPK_C_021_T0107.wav,C_021,Húzd le a redőnyt a nagyszobábán.
XSPK_C_021_T0108,wavs_synthetic_crossspeaker/XSPK_C_021_T0108.wav,C_021,Folyosóba zárd be az ajtót
XSPK_C_021_T0109,wavs_synthetic_crossspeaker/XSPK_C_021_T0109.wav,C_021,Húzzuk szét a függönyt a konyhába
XSPK_C_021_T0110,wavs_synthetic_crossspeaker/XSPK_C_021_T0110.wav,C_021,Hangosítsd fel a tévét a fürdőszobába
XSPK_C_021_T0111,wavs_synthetic_crossspeaker/XSPK_C_021_T0111.wav,C_021,A fürdőszobában khapcsold ki a rádió.
XSPK_C_021_T0112,wavs_synthetic_crossspeaker/XSPK_C_021_T0112.wav,C_021,Natobában egy porszívót bekapcsolni
XSPK_C_021_T0113,wavs_synthetic_crossspeaker/XSPK_C_021_T0113.wav,C_021,Bezárjuk a ablakot a konyhában
XSPK_C_021_T0114,wavs_synthetic_crossspeaker/XSPK_C_021_T0114.wav,C_021,Vedd lejjebb a szoba fűtését légy szíves
XSPK_C_021_T0115,wavs_synthetic_crossspeaker/XSPK_C_021_T0115.wav,C_021,Kapcsold be légy szíves a termosztátot a kisszobába
XSPK_C_021_T0116,wavs_synthetic_crossspeaker/XSPK_C_021_T0116.wav,C_021,Kapcsold ki a porszivót a folyoson
XSPK_C_021_T0117,wavs_synthetic_crossspeaker/XSPK_C_021_T0117.wav,C_021,Engedd le a redőnt a szobában.
XSPK_C_021_T0118,wavs_synthetic_crossspeaker/XSPK_C_021_T0118.wav,C_021,A kisszobában kapcsold be a fűtést.
XSPK_C_021_T0119,wavs_synthetic_crossspeaker/XSPK_C_021_T0119.wav,C_021,Kisszobában kapcsold le a villanyt
XSPK_C_021_T0120,wavs_synthetic_crossspeaker/XSPK_C_021_T0120.wav,C_021,Kisszoba hőmérsékletét kapcsold be
XSPK_C_021_T0121,wavs_synthetic_crossspeaker/XSPK_C_021_T0121.wav,C_021,Zárd be az ablakot a fürdőszobáb.
XSPK_C_021_T0122,wavs_synthetic_crossspeaker/XSPK_C_021_T0122.wav,C_021,Kisszobába kapcsold be a rádi radiátort
XSPK_C_021_T0123,wavs_synthetic_crossspeaker/XSPK_C_021_T0123.wav,C_021,A kisszobábá húzgy be a függönyt.
XSPK_C_021_T0124,wavs_synthetic_crossspeaker/XSPK_C_021_T0124.wav,C_021,Nagyszobába tedd följebb a fűtést légy szíves
XSPK_C_021_T0125,wavs_synthetic_crossspeaker/XSPK_C_021_T0125.wav,C_021,Kisszobába kacsold be a ventilátort
XSPK_C_021_T0126,wavs_synthetic_crossspeaker/XSPK_C_021_T0126.wav,C_021,Húzd le a radiátort a konyhába
XSPK_C_021_T0127,wavs_synthetic_crossspeaker/XSPK_C_021_T0127.wav,C_021,A konyhában kapcsold be a rádijót.
XSPK_C_021_T0128,wavs_synthetic_crossspeaker/XSPK_C_021_T0128.wav,C_021,Nagyszobába kapcsoljuk ki a porszívót
XSPK_C_021_T0129,wavs_synthetic_crossspeaker/XSPK_C_021_T0129.wav,C_021,A folyosón kapcsold fel a villant.
XSPK_C_021_T0130,wavs_synthetic_crossspeaker/XSPK_C_021_T0130.wav,C_021,A konyhába nyisd csi az ajtót
XSPK_C_021_T0131,wavs_synthetic_crossspeaker/XSPK_C_021_T0131.wav,C_021,Kapcsold ki a porszivót a fürdőszobában.
XSPK_C_021_T0132,wavs_synthetic_crossspeaker/XSPK_C_021_T0132.wav,C_021,Kapcsold ki a rádjót a nagyszobában.
XSPK_C_021_T0133,wavs_synthetic_crossspeaker/XSPK_C_021_T0133.wav,C_021,A fürdőszobába kapcsold ki a rádiót.
XSPK_C_021_T0134,wavs_synthetic_crossspeaker/XSPK_C_021_T0134.wav,C_021,Válcs csatornát a rádión.
XSPK_C_021_T0135,wavs_synthetic_crossspeaker/XSPK_C_021_T0135.wav,C_021,Vedd lejjebb a kisszobába a fűtést
XSPK_C_021_T0136,wavs_synthetic_crossspeaker/XSPK_C_021_T0136.wav,C_021,A ciccobábán húzd le a redőnyt.
XSPK_C_021_T0137,wavs_synthetic_crossspeaker/XSPK_C_021_T0137.wav,C_021,A konhában zárd be az ablakot
XSPK_C_021_T0138,wavs_synthetic_crossspeaker/XSPK_C_021_T0138.wav,C_021,Húzd fel a redőnyt a nagyszobában.
XSPK_C_021_T0139,wavs_synthetic_crossspeaker/XSPK_C_021_T0139.wav,C_021,Nyisd ki a a folyosón az ajtót
XSPK_C_021_T0140,wavs_synthetic_crossspeaker/XSPK_C_021_T0140.wav,C_021,Válts csatornát a kony a rádión a konyhában
XSPK_C_021_T0141,wavs_synthetic_crossspeaker/XSPK_C_021_T0141.wav,C_021,A szobában zárd be az ablakot.
XSPK_C_021_T0142,wavs_synthetic_crossspeaker/XSPK_C_021_T0142.wav,C_021,Kisszobában kapcsold be a nagy számítógépet
XSPK_C_021_T0143,wavs_synthetic_crossspeaker/XSPK_C_021_T0143.wav,C_021,Kapcsold be a kennérpirittót a konyhában.
XSPK_C_021_T0144,wavs_synthetic_crossspeaker/XSPK_C_021_T0144.wav,C_021,Kapcsold be a számítógép szobában
XSPK_C_021_T0145,wavs_synthetic_crossspeaker/XSPK_C_021_T0145.wav,C_021,A fürdőszobábán hangosítsd a tévét.
XSPK_C_021_T0146,wavs_synthetic_crossspeaker/XSPK_C_021_T0146.wav,C_021,Bezárjuk a ablakot a szobában
XSPK_C_021_T0147,wavs_synthetic_crossspeaker/XSPK_C_021_T0147.wav,C_021,Kisszobában csukjuk be az ajtót
XSPK_C_021_T0148,wavs_synthetic_crossspeaker/XSPK_C_021_T0148.wav,C_021,Kacsvold be a ventillátort a konyhában
XSPK_C_021_T0149,wavs_synthetic_crossspeaker/XSPK_C_021_T0149.wav,C_021,Válcs totornát a rádión a folyosón.
XSPK_C_021_T0150,wavs_synthetic_crossspeaker/XSPK_C_021_T0150.wav,C_021,Konyhába zárd be az ablakot.
XSPK_C_021_T0151,wavs_synthetic_crossspeaker/XSPK_C_021_T0151.wav,C_021,Kisszobába vedd lejjebb a tévét
XSPK_C_021_T0152,wavs_synthetic_crossspeaker/XSPK_C_021_T0152.wav,C_021,A konyhában indítsd el a mosógépet harinc fokos programon
XSPK_C_021_T0153,wavs_synthetic_crossspeaker/XSPK_C_021_T0153.wav,C_021,A konyhába kapcsold be a radiá
XSPK_C_021_T0154,wavs_synthetic_crossspeaker/XSPK_C_021_T0154.wav,C_021,Bekapcsolnád a nagyszobai rádiót
XSPK_C_021_T0155,wavs_synthetic_crossspeaker/XSPK_C_021_T0155.wav,C_021,A fojjosón húzd fel a fűtés.
XSPK_C_021_T0156,wavs_synthetic_crossspeaker/XSPK_C_021_T0156.wav,C_021,Kapcsold be a kenyérpirítót a konyhába.
XSPK_C_021_T0157,wavs_synthetic_crossspeaker/XSPK_C_021_T0157.wav,C_021,Kapcsold be a radiátort a fürdőszobába
XSPK_C_021_T0158,wavs_synthetic_crossspeaker/XSPK_C_021_T0158.wav,C_021,Húzd be a függönyt
XSPK_C_021_T0159,wavs_synthetic_crossspeaker/XSPK_C_021_T0159.wav,C_021,Vedd le a hangot a televízióban a kisszo a szobában
XSPK_C_021_T0160,wavs_synthetic_crossspeaker/XSPK_C_021_T0160.wav,C_021,Nyissuk ki az ablakot a nagyszobába
XSPK_C_021_T0161,wavs_synthetic_crossspeaker/XSPK_C_021_T0161.wav,C_021,Kapcsold be a ventilátort a szobában.
XSPK_C_021_T0162,wavs_synthetic_crossspeaker/XSPK_C_021_T0162.wav,C_021,A konyhában a redőnyt engedd le
XSPK_C_021_T0163,wavs_synthetic_crossspeaker/XSPK_C_021_T0163.wav,C_021,A nagyszobában kapcsold le a villanyt.
XSPK_C_021_T0164,wavs_synthetic_crossspeaker/XSPK_C_021_T0164.wav,C_021,Nagyszobába húzd fel a függönyt
XSPK_C_021_T0165,wavs_synthetic_crossspeaker/XSPK_C_021_T0165.wav,C_021,A nagycobában zárd be az ajtót
XSPK_C_021_T0166,wavs_synthetic_crossspeaker/XSPK_C_021_T0166.wav,C_021,Kapcsold ki a rádiót a fühldőszobába
XSPK_C_021_T0167,wavs_synthetic_crossspeaker/XSPK_C_021_T0167.wav,C_021,A konyhában csatornát váltson a tévén
XSPK_C_021_T0168,wavs_synthetic_crossspeaker/XSPK_C_021_T0168.wav,C_021,Fürdőszobába kapcsold be a ventilátor.
XSPK_C_021_T0169,wavs_synthetic_crossspeaker/XSPK_C_021_T0169.wav,C_021,A szobában kapcsold be a porszivót.
XSPK_C_021_T0170,wavs_synthetic_crossspeaker/XSPK_C_021_T0170.wav,C_021,A szobába válts csatornát a tévén
XSPK_C_021_T0171,wavs_synthetic_crossspeaker/XSPK_C_021_T0171.wav,C_021,A konyhában kapcsold be a zam a gáztűzhelyet
XSPK_C_021_T0172,wavs_synthetic_crossspeaker/XSPK_C_021_T0172.wav,C_021,Kapcsold föl a villanyt a nagyszobába.
XSPK_C_021_T0173,wavs_synthetic_crossspeaker/XSPK_C_021_T0173.wav,C_021,A ventilátort kapcsold be a füldőszoba
XSPK_C_021_T0174,wavs_synthetic_crossspeaker/XSPK_C_021_T0174.wav,C_021,Kisszobában kapcsold fel a villanyt
XSPK_C_021_T0175,wavs_synthetic_crossspeaker/XSPK_C_021_T0175.wav,C_021,A szobában hangosíts a tévét.
XSPK_C_021_T0176,wavs_synthetic_crossspeaker/XSPK_C_021_T0176.wav,C_021,Kapcsold be a fűtést a folyosón
XSPK_C_021_T0177,wavs_synthetic_crossspeaker/XSPK_C_021_T0177.wav,C_021,A konyhában emeld meg a fűtés.
XSPK_C_021_T0178,wavs_synthetic_crossspeaker/XSPK_C_021_T0178.wav,C_021,Kapcsold ki a számítógépet a nagyszobába.
XSPK_C_021_T0179,wavs_synthetic_crossspeaker/XSPK_C_021_T0179.wav,C_021,A fürdőszobában kapcsold be harminc fokon a mosógépet.
XSPK_C_021_T0180,wavs_synthetic_crossspeaker/XSPK_C_021_T0180.wav,C_021,Üsd ki az ablakot a folyosón.
XSPK_C_021_T0181,wavs_synthetic_crossspeaker/XSPK_C_021_T0181.wav,C_021,A konyhában kapcsold ki a kenyérpirító.
XSPK_C_021_T0182,wavs_synthetic_crossspeaker/XSPK_C_021_T0182.wav,C_021,Kisszobába kapcsold ki a ventilátort
XSPK_C_021_T0183,wavs_synthetic_crossspeaker/XSPK_C_021_T0183.wav,C_021,Kisszobában kapcsold feljebb a fűtést
XSPK_C_021_T0184,wavs_synthetic_crossspeaker/XSPK_C_021_T0184.wav,C_021,Üsd ki az ajtót a nagyszobában.
XSPK_C_021_T0185,wavs_synthetic_crossspeaker/XSPK_C_021_T0185.wav,C_021,Nagyszobában kapcsold ki a fűtést a porszívót na
XSPK_C_021_T0186,wavs_synthetic_crossspeaker/XSPK_C_021_T0186.wav,C_021,A mosógépet kapcsold föl hatvan fokra a konyhában
XSPK_C_021_T0187,wavs_synthetic_crossspeaker/XSPK_C_021_T0187.wav,C_021,Nagyszobába vedd feljebb a radiátort
XSPK_C_021_T0188,wavs_synthetic_crossspeaker/XSPK_C_021_T0188.wav,C_021,A fojjosón kapcsold ki a fűté.
XSPK_C_021_T0189,wavs_synthetic_crossspeaker/XSPK_C_021_T0189.wav,C_021,Szobába húzd le a redőny
XSPK_C_021_T0190,wavs_synthetic_crossspeaker/XSPK_C_021_T0190.wav,C_021,A fürdőszobában kapcsold ki a rádiót.
XSPK_C_021_T0191,wavs_synthetic_crossspeaker/XSPK_C_021_T0191.wav,C_021,Vál csatornát a rádión a kisszobába.
XSPK_C_021_T0192,wavs_synthetic_crossspeaker/XSPK_C_021_T0192.wav,C_021,Á fürdőszobaban zárd be az ajtót.
XSPK_C_021_T0193,wavs_synthetic_crossspeaker/XSPK_C_021_T0193.wav,C_021,Konyhában megy mosógép mosógépet mosogépet bekapcsolni
XSPK_C_021_T0194,wavs_synthetic_crossspeaker/XSPK_C_021_T0194.wav,C_021,A szobaban kapcsold ki a rádiót
XSPK_C_021_T0195,wavs_synthetic_crossspeaker/XSPK_C_021_T0195.wav,C_021,Zárd be az ajtót a konyhán
XSPK_C_021_T0196,wavs_synthetic_crossspeaker/XSPK_C_021_T0196.wav,C_021,A rolót en engedjük lejjebb
XSPK_C_021_T0197,wavs_synthetic_crossspeaker/XSPK_C_021_T0197.wav,C_021,A konyhában nyiss ki ajtót.
XSPK_C_021_T0198,wavs_synthetic_crossspeaker/XSPK_C_021_T0198.wav,C_021,A konyhába s húzd szét a fügönyt
XSPK_C_021_T0199,wavs_synthetic_crossspeaker/XSPK_C_021_T0199.wav,C_021,Kapcsold fel a villanyt a szobába.
XSPK_C_021_T0200,wavs_synthetic_crossspeaker/XSPK_C_021_T0200.wav,C_021,Húzd le a redőnyöket a konyhában
XSPK_C_021_T0201,wavs_synthetic_crossspeaker/XSPK_C_021_T0201.wav,C_021,Nagyszobában kapcsold fel a vilanyt
XSPK_C_021_T0202,wavs_synthetic_crossspeaker/XSPK_C_021_T0202.wav,C_021,Kapcsold fel a villanyszo nagyszobában.
XSPK_C_021_T0203,wavs_synthetic_crossspeaker/XSPK_C_021_T0203.wav,C_021,Kapcsold ki a ventillátort a kisszobababan.
XSPK_C_021_T0204,wavs_synthetic_crossspeaker/XSPK_C_021_T0204.wav,C_021,Folyosón nyisd ki az ajtót.
XSPK_C_021_T0205,wavs_synthetic_crossspeaker/XSPK_C_021_T0205.wav,C_021,Hangosícsd a tévét a kisszobában.
XSPK_C_021_T0206,wavs_synthetic_crossspeaker/XSPK_C_021_T0206.wav,C_021,Kapcsold ki a fűtést a nagyszobában.
XSPK_C_021_T0207,wavs_synthetic_crossspeaker/XSPK_C_021_T0207.wav,C_021,Kapcsold be a konyhában a pirítós
XSPK_C_021_T0208,wavs_synthetic_crossspeaker/XSPK_C_021_T0208.wav,C_021,Húzd be a függönyt a nagycobában.
XSPK_C_021_T0209,wavs_synthetic_crossspeaker/XSPK_C_021_T0209.wav,C_021,Kisszobába vá vál csatornát a rádión.
XSPK_C_022_T0000,wavs_synthetic_crossspeaker/XSPK_C_022_T0000.wav,C_022,A konyhában kapcsold le a villany.
XSPK_C_022_T0001,wavs_synthetic_crossspeaker/XSPK_C_022_T0001.wav,C_022,A konyhában zárd be az ablakot
XSPK_C_022_T0002,wavs_synthetic_crossspeaker/XSPK_C_022_T0002.wav,C_022,Kapcsold ki a porszívót igen a szobában
XSPK_C_022_T0003,wavs_synthetic_crossspeaker/XSPK_C_022_T0003.wav,C_022,Nyisd ki a konyh az ajtót a nagyszobába
XSPK_C_022_T0004,wavs_synthetic_crossspeaker/XSPK_C_022_T0004.wav,C_022,Húzd be a függönyt a kisszobaba.
XSPK_C_022_T0005,wavs_synthetic_crossspeaker/XSPK_C_022_T0005.wav,C_022,Vedd feljebb a radiátort a kisszobába
XSPK_C_022_T0006,wavs_synthetic_crossspeaker/XSPK_C_022_T0006.wav,C_022,Húzd föl a fűtést a folyosón.
XSPK_C_022_T0007,wavs_synthetic_crossspeaker/XSPK_C_022_T0007.wav,C_022,Ventilátorokat kapcsold be a folyosón
XSPK_C_022_T0008,wavs_synthetic_crossspeaker/XSPK_C_022_T0008.wav,C_022,A számítógépet kapcsold be a nagyszobában.
XSPK_C_022_T0009,wavs_synthetic_crossspeaker/XSPK_C_022_T0009.wav,C_022,A szobában húzd föl a redőnyt.
XSPK_C_022_T0010,wavs_synthetic_crossspeaker/XSPK_C_022_T0010.wav,C_022,A szobában kapcsold le a fűtés.
XSPK_C_022_T0011,wavs_synthetic_crossspeaker/XSPK_C_022_T0011.wav,C_022,Hángosítsd a tévét a nagyszobábán.
XSPK_C_022_T0012,wavs_synthetic_crossspeaker/XSPK_C_022_T0012.wav,C_022,Kapcsold be a fűtést a nagyszobába
XSPK_C_022_T0013,wavs_synthetic_crossspeaker/XSPK_C_022_T0013.wav,C_022,A konyhában kapcsold ki a vízmelegítőt.
XSPK_C_022_T0014,wavs_synthetic_crossspeaker/XSPK_C_022_T0014.wav,C_022,A radiátor kapcsold be a kisszobába
XSPK_C_022_T0015,wavs_synthetic_crossspeaker/XSPK_C_022_T0015.wav,C_022,Nagyszobában a rádiót kapcsold ki
XSPK_C_022_T0016,wavs_synthetic_crossspeaker/XSPK_C_022_T0016.wav,C_022,Szobában kapcsold ki a rádiót
XSPK_C_022_T0017,wavs_synthetic_crossspeaker/XSPK_C_022_T0017.wav,C_022,Húzd le a raedőnyt a kisszobába.
XSPK_C_022_T0018,wavs_synthetic_crossspeaker/XSPK_C_022_T0018.wav,C_022,A konyhában húz szé a függönyt
XSPK_C_022_T0019,wavs_synthetic_crossspeaker/XSPK_C_022_T0019.wav,C_022,Kapcsold be a mosógépet harminc fokon a fürdőszobában.
XSPK_C_022_T0020,wavs_synthetic_crossspeaker/XSPK_C_022_T0020.wav,C_022,Válcsál csatornát a konyhában.
XSPK_C_022_T0021,wavs_synthetic_crossspeaker/XSPK_C_022_T0021.wav,C_022,Konyhában húzd föl a redőnyt
XSPK_C_022_T0022,wavs_synthetic_crossspeaker/XSPK_C_022_T0022.wav,C_022,Zárd be az ajtót á fojjosón.
XSPK_C_022_T0023,wavs_synthetic_crossspeaker/XSPK_C_022_T0023.wav,C_022,Váltsál csatornát televízióban a kisszobában
XSPK_C_022_T0024,wavs_synthetic_crossspeaker/XSPK_C_022_T0024.wav,C_022,Kapcsold ki a rádiót a konyhában
XSPK_C_022_T0025,wavs_synthetic_crossspeaker/XSPK_C_022_T0025.wav,C_022,Szobába kapcsold be a fűtést
XSPK_C_022_T0026,wavs_synthetic_crossspeaker/XSPK_C_022_T0026.wav,C_022,Hangosítsuk a tévét a folyosón
XSPK_C_022_T0027,wavs_synthetic_crossspeaker/XSPK_C_022_T0027.wav,C_022,Kapcsold ki a tardiót a konyhában.
XSPK_C_022_T0028,wavs_synthetic_crossspeaker/XSPK_C_022_T0028.wav,C_022,A folyosón húz be a függöny
XSPK_C_022_T0029,wavs_synthetic_crossspeaker/XSPK_C_022_T0029.wav,C_022,Nyiss ki az ajtót a folyosón.
XSPK_C_022_T0030,wavs_synthetic_crossspeaker/XSPK_C_022_T0030.wav,C_022,A konyhába kapcsold ki a ventilátorokat
XSPK_C_022_T0031,wavs_synthetic_crossspeaker/XSPK_C_022_T0031.wav,C_022,A folyosón válcs tatornát a rádión.
XSPK_C_022_T0032,wavs_synthetic_crossspeaker/XSPK_C_022_T0032.wav,C_022,Kapcsold be a villanyt a kisszobába.
XSPK_C_022_T0033,wavs_synthetic_crossspeaker/XSPK_C_022_T0033.wav,C_022,A nagycobában felkapcsoljuk a fűtés
XSPK_C_022_T0034,wavs_synthetic_crossspeaker/XSPK_C_022_T0034.wav,C_022,A fürdőszobában khapcsold ki a rádió.
XSPK_C_022_T0035,wavs_synthetic_crossspeaker/XSPK_C_022_T0035.wav,C_022,A fürdőszobában zárjuk be az ablakot
XSPK_C_022_T0036,wavs_synthetic_crossspeaker/XSPK_C_022_T0036.wav,C_022,A szobában húzd fel a fűtést.
XSPK_C_022_T0037,wavs_synthetic_crossspeaker/XSPK_C_022_T0037.wav,C_022,Fürdőszobában húzd össz be a függönyt
XSPK_C_022_T0038,wavs_synthetic_crossspeaker/XSPK_C_022_T0038.wav,C_022,A nagyszobában hangosítsd fel a tévét.
XSPK_C_022_T0039,wavs_synthetic_crossspeaker/XSPK_C_022_T0039.wav,C_022,Harminc fokon kapcsold be a mosogépet a fürdőszobába
XSPK_C_022_T0040,wavs_synthetic_crossspeaker/XSPK_C_022_T0040.wav,C_022,Folyosón hússzét a függönyt.
XSPK_C_022_T0041,wavs_synthetic_crossspeaker/XSPK_C_022_T0041.wav,C_022,A nagycobában kapcsold fel a villanyt.
XSPK_C_022_T0042,wavs_synthetic_crossspeaker/XSPK_C_022_T0042.wav,C_022,A kisszobaban halkítsd le a tévét
XSPK_C_022_T0043,wavs_synthetic_crossspeaker/XSPK_C_022_T0043.wav,C_022,Húz le a ledőnyt a füfürdőszobában
XSPK_C_022_T0044,wavs_synthetic_crossspeaker/XSPK_C_022_T0044.wav,C_022,A szobában kapcsold be a radiátor
XSPK_C_022_T0045,wavs_synthetic_crossspeaker/XSPK_C_022_T0045.wav,C_022,Szobában kapcsold be a rádiot
XSPK_C_022_T0046,wavs_synthetic_crossspeaker/XSPK_C_022_T0046.wav,C_022,A fürdőszobába húzd le a fűtést.
XSPK_C_022_T0047,wavs_synthetic_crossspeaker/XSPK_C_022_T0047.wav,C_022,Kapcsold be a porszívót a kisszobában
XSPK_C_022_T0048,wavs_synthetic_crossspeaker/XSPK_C_022_T0048.wav,C_022,Kisszobába húzd fel a redőnyt.
XSPK_C_022_T0049,wavs_synthetic_crossspeaker/XSPK_C_022_T0049.wav,C_022,A konyhába kapcsold be a radiá
XSPK_C_022_T0050,wavs_synthetic_crossspeaker/XSPK_C_022_T0050.wav,C_022,Válcs rá a rádión a nagyszobába csatornát.
XSPK_C_022_T0051,wavs_synthetic_crossspeaker/XSPK_C_022_T0051.wav,C_022,A ventilátort kapcsold ki a konyhába
XSPK_C_022_T0052,wavs_synthetic_crossspeaker/XSPK_C_022_T0052.wav,C_022,Válcs csatornát a tévén a nagyszobában.
XSPK_C_022_T0053,wavs_synthetic_crossspeaker/XSPK_C_022_T0053.wav,C_022,Kapcsold fel a lámpát a folyosón.
XSPK_C_022_T0054,wavs_synthetic_crossspeaker/XSPK_C_022_T0054.wav,C_022,Csendesítsd a tévét a konyhábá.
XSPK_C_022_T0055,wavs_synthetic_crossspeaker/XSPK_C_022_T0055.wav,C_022,Nyisd ki a a folyosón az ajtót
XSPK_C_022_T0056,wavs_synthetic_crossspeaker/XSPK_C_022_T0056.wav,C_022,Huzd fel a fűtést a folyoson
XSPK_C_022_T0057,wavs_synthetic_crossspeaker/XSPK_C_022_T0057.wav,C_022,A fürdőszobában kapcsold be a rádiót.
XSPK_C_022_T0058,wavs_synthetic_crossspeaker/XSPK_C_022_T0058.wav,C_022,Kapcsold be a vízforralót a konyhában.
XSPK_C_022_T0059,wavs_synthetic_crossspeaker/XSPK_C_022_T0059.wav,C_022,Kapcsold be á ventillátort a szobábán.
XSPK_C_022_T0060,wavs_synthetic_crossspeaker/XSPK_C_022_T0060.wav,C_022,Kapcsold ki a rádiót a fühldőszobába
XSPK_C_022_T0061,wavs_synthetic_crossspeaker/XSPK_C_022_T0061.wav,C_022,Húzd fel aredőnt a nagyszobában.
XSPK_C_022_T0062,wavs_synthetic_crossspeaker/XSPK_C_022_T0062.wav,C_022,Vedd lejjebb a radiátort a nagyszobában
XSPK_C_022_T0063,wavs_synthetic_crossspeaker/XSPK_C_022_T0063.wav,C_022,A fürdőszobában nyisd ki az ablakot
XSPK_C_022_T0064,wavs_synthetic_crossspeaker/XSPK_C_022_T0064.wav,C_022,A folyosón húzd be a függönyt.
XSPK_C_022_T0065,wavs_synthetic_crossspeaker/XSPK_C_022_T0065.wav,C_022,Folyosón húzd föl a fűtést.
XSPK_C_022_T0066,wavs_synthetic_crossspeaker/XSPK_C_022_T0066.wav,C_022,A szobában kapcsold a ventilátort
XSPK_C_022_T0067,wavs_synthetic_crossspeaker/XSPK_C_022_T0067.wav,C_022,Kapcsolj be a vízforral a gonyhába.
XSPK_C_022_T0068,wavs_synthetic_crossspeaker/XSPK_C_022_T0068.wav,C_022,Ablakot nyisd ki a folyoson
XSPK_C_022_T0069,wavs_synthetic_crossspeaker/XSPK_C_022_T0069.wav,C_022,Kapcsold be a szobába a ventilátort
XSPK_C_022_T0070,wavs_synthetic_crossspeaker/XSPK_C_022_T0070.wav,C_022,És a nagszobában pedig kapcsold be kenyérpirítót
XSPK_C_022_T0071,wavs_synthetic_crossspeaker/XSPK_C_022_T0071.wav,C_022,Telefonon hívd fol a lányomat
XSPK_C_022_T0072,wavs_synthetic_crossspeaker/XSPK_C_022_T0072.wav,C_022,A szobában csendesícsd a tévé.
XSPK_C_022_T0073,wavs_synthetic_crossspeaker/XSPK_C_022_T0073.wav,C_022,A szobába vedd feljebb a tévét
XSPK_C_022_T0074,wavs_synthetic_crossspeaker/XSPK_C_022_T0074.wav,C_022,Hút fel a fűtést a fürdőszobában.
XSPK_C_022_T0075,wavs_synthetic_crossspeaker/XSPK_C_022_T0075.wav,C_022,Ki rádió konyhában
XSPK_C_022_T0076,wavs_synthetic_crossspeaker/XSPK_C_022_T0076.wav,C_022,A porszívót kapcsold ki a fürdőszobába
XSPK_C_022_T0077,wavs_synthetic_crossspeaker/XSPK_C_022_T0077.wav,C_022,A kisszobában a függön húzzuk be
XSPK_C_022_T0078,wavs_synthetic_crossspeaker/XSPK_C_022_T0078.wav,C_022,A szobába hangosítsd le a tévét
XSPK_C_022_T0079,wavs_synthetic_crossspeaker/XSPK_C_022_T0079.wav,C_022,A nagyszobában válts csatornát a rádión
XSPK_C_022_T0080,wavs_synthetic_crossspeaker/XSPK_C_022_T0080.wav,C_022,Nyisd ki az a ablakot a szobában.
XSPK_C_022_T0081,wavs_synthetic_crossspeaker/XSPK_C_022_T0081.wav,C_022,A konyhában húzdol a redőnyt
XSPK_C_022_T0082,wavs_synthetic_crossspeaker/XSPK_C_022_T0082.wav,C_022,Kapcsold be a ventilátorokat a folyosón
XSPK_C_022_T0083,wavs_synthetic_crossspeaker/XSPK_C_022_T0083.wav,C_022,A fürdőszobában csendesícsd a tévé.
XSPK_C_022_T0084,wavs_synthetic_crossspeaker/XSPK_C_022_T0084.wav,C_022,Kapcsold ki a ventilátort a kiszobába
XSPK_C_022_T0085,wavs_synthetic_crossspeaker/XSPK_C_022_T0085.wav,C_022,Hangosícsd a tévét a folyosón.
XSPK_C_022_T0086,wavs_synthetic_crossspeaker/XSPK_C_022_T0086.wav,C_022,Vál csatornát a tévén a konyhában.
XSPK_C_022_T0087,wavs_synthetic_crossspeaker/XSPK_C_022_T0087.wav,C_022,Fürdőszobába porszívót kapcsold ki.
XSPK_C_022_T0088,wavs_synthetic_crossspeaker/XSPK_C_022_T0088.wav,C_022,A konyhában kapcsold ki a pirítós
XSPK_C_022_T0089,wavs_synthetic_crossspeaker/XSPK_C_022_T0089.wav,C_022,Zárd ki az ajtót a nagyszobába
XSPK_C_022_T0090,wavs_synthetic_crossspeaker/XSPK_C_022_T0090.wav,C_022,Folyosón zárd be az ajtót.
XSPK_C_022_T0091,wavs_synthetic_crossspeaker/XSPK_C_022_T0091.wav,C_022,A fojjosón kapcsoldbe a porszívó.
XSPK_C_022_T0092,wavs_synthetic_crossspeaker/XSPK_C_022_T0092.wav,C_022,Húzd szét a függönyt a fojjosón.
XSPK_C_022_T0093,wavs_synthetic_crossspeaker/XSPK_C_022_T0093.wav,C_022,Kisszobában zárd be az ajtó.
XSPK_C_022_T0094,wavs_synthetic_crossspeaker/XSPK_C_022_T0094.wav,C_022,A nagyszobába kapcsold ki a radiátor
XSPK_C_022_T0095,wavs_synthetic_crossspeaker/XSPK_C_022_T0095.wav,C_022,A fürdőszobában a porszívót kapcsold ki
XSPK_C_022_T0096,wavs_synthetic_crossspeaker/XSPK_C_022_T0096.wav,C_022,A nagyszobába kapcsold fel a villant
XSPK_C_022_T0097,wavs_synthetic_crossspeaker/XSPK_C_022_T0097.wav,C_022,Húzd le a re redőnyt a folyosón
XSPK_C_022_T0098,wavs_synthetic_crossspeaker/XSPK_C_022_T0098.wav,C_022,A fürdőszobában kapcsold ki a rádiot
XSPK_C_022_T0099,wavs_synthetic_crossspeaker/XSPK_C_022_T0099.wav,C_022,Húzd be a fűrdőszobai függönyt
XSPK_C_022_T0100,wavs_synthetic_crossspeaker/XSPK_C_022_T0100.wav,C_022,Magasabb fokra kapcsoldjuk a fűtést a folyosón
XSPK_C_022_T0101,wavs_synthetic_crossspeaker/XSPK_C_022_T0101.wav,C_022,Zárd be a folyosón az ablakot.
XSPK_C_022_T0102,wavs_synthetic_crossspeaker/XSPK_C_022_T0102.wav,C_022,Vedd lejjebb a folyosó fűtését
XSPK_C_022_T0103,wavs_synthetic_crossspeaker/XSPK_C_022_T0103.wav,C_022,Kapcsold be a porszívót a folyosóban
XSPK_C_022_T0104,wavs_synthetic_crossspeaker/XSPK_C_022_T0104.wav,C_022,A kisszobába vedd lejjebb a radiátort
XSPK_C_022_T0105,wavs_synthetic_crossspeaker/XSPK_C_022_T0105.wav,C_022,Húzd le a fűtést a fojjosón.
XSPK_C_022_T0106,wavs_synthetic_crossspeaker/XSPK_C_022_T0106.wav,C_022,Nyissuk ki az ajtót a konyhában
XSPK_C_022_T0107,wavs_synthetic_crossspeaker/XSPK_C_022_T0107.wav,C_022,A ventillárort kapcsold be a nagycobában
XSPK_C_022_T0108,wavs_synthetic_crossspeaker/XSPK_C_022_T0108.wav,C_022,A szoba függönyt húzd be légy szíves
XSPK_C_022_T0109,wavs_synthetic_crossspeaker/XSPK_C_022_T0109.wav,C_022,Nyisd ki az ajtót a szobába
XSPK_C_022_T0110,wavs_synthetic_crossspeaker/XSPK_C_022_T0110.wav,C_022,A kisszobába kapcsold be a radiátort
XSPK_C_022_T0111,wavs_synthetic_crossspeaker/XSPK_C_022_T0111.wav,C_022,Nagyszobában húzd fel a radiátort
XSPK_C_022_T0112,wavs_synthetic_crossspeaker/XSPK_C_022_T0112.wav,C_022,A nagyszobában emeld meg a hangerőt a tévén.
XSPK_C_022_T0113,wavs_synthetic_crossspeaker/XSPK_C_022_T0113.wav,C_022,Kapcsold ki a rádiot a na nagyszobában
XSPK_C_022_T0114,wavs_synthetic_crossspeaker/XSPK_C_022_T0114.wav,C_022,Szobában nyisd ki az ajtót
XSPK_C_022_T0115,wavs_synthetic_crossspeaker/XSPK_C_022_T0115.wav,C_022,Szobába nyisd ki az ablakot
XSPK_C_022_T0116,wavs_synthetic_crossspeaker/XSPK_C_022_T0116.wav,C_022,Kapcsold ki a fűtést a fürdőszobába.
XSPK_C_022_T0117,wavs_synthetic_crossspeaker/XSPK_C_022_T0117.wav,C_022,A kisszobában zárd be az ablakon
XSPK_C_022_T0118,wavs_synthetic_crossspeaker/XSPK_C_022_T0118.wav,C_022,Kapcsold be a ládiót a konyhában
XSPK_C_022_T0119,wavs_synthetic_crossspeaker/XSPK_C_022_T0119.wav,C_022,A ventillátorokat kapcsold ki a konyhába
XSPK_C_022_T0120,wavs_synthetic_crossspeaker/XSPK_C_022_T0120.wav,C_022,A szobában válcs totornát delvion.
XSPK_C_022_T0121,wavs_synthetic_crossspeaker/XSPK_C_022_T0121.wav,C_022,Húzd szét a függönyt a konyhán
XSPK_C_022_T0122,wavs_synthetic_crossspeaker/XSPK_C_022_T0122.wav,C_022,Húzd szét a függönyt a fürdő szobában.
XSPK_C_022_T0123,wavs_synthetic_crossspeaker/XSPK_C_022_T0123.wav,C_022,Kapcsold be a radiátor a folyosón
XSPK_C_022_T0124,wavs_synthetic_crossspeaker/XSPK_C_022_T0124.wav,C_022,Hívjad föl a fiamat
XSPK_C_022_T0125,wavs_synthetic_crossspeaker/XSPK_C_022_T0125.wav,C_022,A sütőt kapcsold ki a konyhában
XSPK_C_022_T0126,wavs_synthetic_crossspeaker/XSPK_C_022_T0126.wav,C_022,Szoba hőmérsékletét kapcsold ki
XSPK_C_022_T0127,wavs_synthetic_crossspeaker/XSPK_C_022_T0127.wav,C_022,Konyhába kapcsold ki a radio
XSPK_C_022_T0128,wavs_synthetic_crossspeaker/XSPK_C_022_T0128.wav,C_022,Válcs csatornát a tévén a szobában.
XSPK_C_022_T0129,wavs_synthetic_crossspeaker/XSPK_C_022_T0129.wav,C_022,A folyoszón nyiszd ki az ajtót
XSPK_C_022_T0130,wavs_synthetic_crossspeaker/XSPK_C_022_T0130.wav,C_022,A konyhában hangosítsuk a tévét
XSPK_C_022_T0131,wavs_synthetic_crossspeaker/XSPK_C_022_T0131.wav,C_022,Kapcsold be a gáztűzhelyt a konyhába.
XSPK_C_022_T0132,wavs_synthetic_crossspeaker/XSPK_C_022_T0132.wav,C_022,Kapcsvold ki a számítógépet a nagyszobában
XSPK_C_022_T0133,wavs_synthetic_crossspeaker/XSPK_C_022_T0133.wav,C_022,Csúkd be az ablakot a fürdőszobában
XSPK_C_022_T0134,wavs_synthetic_crossspeaker/XSPK_C_022_T0134.wav,C_022,Engedd le a redőnyt a nagycobában
XSPK_C_022_T0135,wavs_synthetic_crossspeaker/XSPK_C_022_T0135.wav,C_022,A fürdőszobában a mosógépet hatvan fokra kapcsold be
XSPK_C_022_T0136,wavs_synthetic_crossspeaker/XSPK_C_022_T0136.wav,C_022,Húzd le a ládiátort a konyhában
XSPK_C_022_T0137,wavs_synthetic_crossspeaker/XSPK_C_022_T0137.wav,C_022,Kapcsold be a vízforralót a konyhába.
XSPK_C_022_T0138,wavs_synthetic_crossspeaker/XSPK_C_022_T0138.wav,C_022,A konyhában engedd le a redőnyt.
XSPK_C_022_T0139,wavs_synthetic_crossspeaker/XSPK_C_022_T0139.wav,C_022,Kapcsold be mosógép a konyh fürdőszobában hatvan fokon
XSPK_C_022_T0140,wavs_synthetic_crossspeaker/XSPK_C_022_T0140.wav,C_022,Fürdőszoba hőmérsékletét kapcsold ki
XSPK_C_022_T0141,wavs_synthetic_crossspeaker/XSPK_C_022_T0141.wav,C_022,Szobában húzd fel a redőnyt
XSPK_C_022_T0142,wavs_synthetic_crossspeaker/XSPK_C_022_T0142.wav,C_022,Hangosítsd a tévét a szobába
XSPK_C_022_T0143,wavs_synthetic_crossspeaker/XSPK_C_022_T0143.wav,C_022,A folyosón vál csatornát a rádión.
XSPK_C_022_T0144,wavs_synthetic_crossspeaker/XSPK_C_022_T0144.wav,C_022,Nyisd ki az ablakot kisszobába
XSPK_C_022_T0145,wavs_synthetic_crossspeaker/XSPK_C_022_T0145.wav,C_022,Kapcsold be a ventillátor a kisszobába.
XSPK_C_022_T0146,wavs_synthetic_crossspeaker/XSPK_C_022_T0146.wav,C_022,Nyisd ki az ablakot a folyoson
XSPK_C_022_T0147,wavs_synthetic_crossspeaker/XSPK_C_022_T0147.wav,C_022,Nagyszobában kapkcsold ki a fűtés.
XSPK_C_022_T0148,wavs_synthetic_crossspeaker/XSPK_C_022_T0148.wav,C_022,Konyhában kapcsoljál csatornát a rádióban
XSPK_C_022_T0149,wavs_synthetic_crossspeaker/XSPK_C_022_T0149.wav,C_022,A fürdőszobában húzd le a fűtés.
XSPK_C_022_T0150,wavs_synthetic_crossspeaker/XSPK_C_022_T0150.wav,C_022,Húzd be a folyosón a függönyt légy szíves
XSPK_C_022_T0151,wavs_synthetic_crossspeaker/XSPK_C_022_T0151.wav,C_022,A szobába nyisd ki az ablakot
XSPK_C_022_T0152,wavs_synthetic_crossspeaker/XSPK_C_022_T0152.wav,C_022,Húzd le a ledőnyt a kissobába
XSPK_C_022_T0153,wavs_synthetic_crossspeaker/XSPK_C_022_T0153.wav,C_022,A kisszobában kapcsold be a porszívó.
XSPK_C_022_T0154,wavs_synthetic_crossspeaker/XSPK_C_022_T0154.wav,C_022,A kony a nagyszobában halkítsd a tévét
XSPK_C_022_T0155,wavs_synthetic_crossspeaker/XSPK_C_022_T0155.wav,C_022,A nagyszobában kapcsold be a ventilátor
XSPK_C_022_T0156,wavs_synthetic_crossspeaker/XSPK_C_022_T0156.wav,C_022,Szobába vegyük le a fűtést
XSPK_C_022_T0157,wavs_synthetic_crossspeaker/XSPK_C_022_T0157.wav,C_022,Szobába húzd szét a függönt.
XSPK_C_022_T0158,wavs_synthetic_crossspeaker/XSPK_C_022_T0158.wav,C_022,A folyoson húzd le a fűtést
XSPK_C_022_T0159,wavs_synthetic_crossspeaker/XSPK_C_022_T0159.wav,C_022,A kisszobába hangosítsd a tévét
XSPK_C_022_T0160,wavs_synthetic_crossspeaker/XSPK_C_022_T0160.wav,C_022,A szobában lehúzzuk a redőnyt
XSPK_C_022_T0161,wavs_synthetic_crossspeaker/XSPK_C_022_T0161.wav,C_022,A szobában válcs tatornát a rádión.
XSPK_C_022_T0162,wavs_synthetic_crossspeaker/XSPK_C_022_T0162.wav,C_022,Kapcsold ki a vendilátort a folyosón
XSPK_C_022_T0163,wavs_synthetic_crossspeaker/XSPK_C_022_T0163.wav,C_022,A konyhába kapcsold be a vízforralót.
XSPK_C_022_T0164,wavs_synthetic_crossspeaker/XSPK_C_022_T0164.wav,C_022,A szobában kapcsold be a ventallártort
XSPK_C_022_T0165,wavs_synthetic_crossspeaker/XSPK_C_022_T0165.wav,C_022,Szobába vedd le a fűtést
XSPK_C_022_T0166,wavs_synthetic_crossspeaker/XSPK_C_022_T0166.wav,C_022,Kapcsold le a szobába a villanyt
XSPK_C_022_T0167,wavs_synthetic_crossspeaker/XSPK_C_022_T0167.wav,C_022,A kisszobába nyisd ki az ajtót
XSPK_C_022_T0168,wavs_synthetic_crossspeaker/XSPK_C_022_T0168.wav,C_022,A folyosón pedig zárd be az ajtót
XSPK_C_022_T0169,wavs_synthetic_crossspeaker/XSPK_C_022_T0169.wav,C_022,Kisszobába válts csatornát
XSPK_C_022_T0170,wavs_synthetic_crossspeaker/XSPK_C_022_T0170.wav,C_022,Húzd szét a függönyt a kisszobába.
XSPK_C_022_T0171,wavs_synthetic_crossspeaker/XSPK_C_022_T0171.wav,C_022,A fürdőszobába tedd följebb a fűtést légyszi
XSPK_C_022_T0172,wavs_synthetic_crossspeaker/XSPK_C_022_T0172.wav,C_022,A kisszobában kapcsold ki a számítógépet jó
XSPK_C_022_T0173,wavs_synthetic_crossspeaker/XSPK_C_022_T0173.wav,C_022,A kisszobába válts csatornát a rádión
XSPK_C_022_T0174,wavs_synthetic_crossspeaker/XSPK_C_022_T0174.wav,C_022,A fürdőszobában nyiss ki az ablakot.
XSPK_C_022_T0175,wavs_synthetic_crossspeaker/XSPK_C_022_T0175.wav,C_022,A radiátort kapcsold be a fürdőszo
XSPK_C_022_T0176,wavs_synthetic_crossspeaker/XSPK_C_022_T0176.wav,C_022,Folyosón húzd le a fűtő fűtést
XSPK_C_022_T0177,wavs_synthetic_crossspeaker/XSPK_C_022_T0177.wav,C_022,Válcs csatornát a rádijón a szobában.
XSPK_C_022_T0178,wavs_synthetic_crossspeaker/XSPK_C_022_T0178.wav,C_022,A kisszobába kapcsold ki a számítógépet.
XSPK_C_022_T0179,wavs_synthetic_crossspeaker/XSPK_C_022_T0179.wav,C_022,Zárd be az ablakot a fürdő szobában.
XSPK_C_022_T0180,wavs_synthetic_crossspeaker/XSPK_C_022_T0180.wav,C_022,Az folyosón zárd be az ajtót
XSPK_C_022_T0181,wavs_synthetic_crossspeaker/XSPK_C_022_T0181.wav,C_022,Fürdőszobába húzd be a függönyt
XSPK_C_022_T0182,wavs_synthetic_crossspeaker/XSPK_C_022_T0182.wav,C_022,Kapcsold ki a kámítógépet a kisszobában
XSPK_C_022_T0183,wavs_synthetic_crossspeaker/XSPK_C_022_T0183.wav,C_022,Kapcsold el le a villanyt a nagyszobában
XSPK_C_022_T0184,wavs_synthetic_crossspeaker/XSPK_C_022_T0184.wav,C_022,Kisszoba ajtaját zárd be kérlek
XSPK_C_022_T0185,wavs_synthetic_crossspeaker/XSPK_C_022_T0185.wav,C_022,Kapcsold ki a fűtést a nagyszobában.
XSPK_C_022_T0186,wavs_synthetic_crossspeaker/XSPK_C_022_T0186.wav,C_022,Kapcsold kia radiátiort a konyhában
XSPK_C_022_T0187,wavs_synthetic_crossspeaker/XSPK_C_022_T0187.wav,C_022,Húzd ki szét a függönyt a nagyszobában
XSPK_C_022_T0188,wavs_synthetic_crossspeaker/XSPK_C_022_T0188.wav,C_022,A folyosón kapcsold be a rádiót.
XSPK_C_022_T0189,wavs_synthetic_crossspeaker/XSPK_C_022_T0189.wav,C_022,Kapcsold fel a mosógépet harminc fokra a konyhában
XSPK_C_022_T0190,wavs_synthetic_crossspeaker/XSPK_C_022_T0190.wav,C_022,A konyhában húzd le a fűtést
XSPK_C_022_T0191,wavs_synthetic_crossspeaker/XSPK_C_022_T0191.wav,C_022,Szobába kapcsold fel a villanyt
XSPK_C_022_T0192,wavs_synthetic_crossspeaker/XSPK_C_022_T0192.wav,C_022,A fojjosón nyisd ki az ajtót.
XSPK_C_022_T0193,wavs_synthetic_crossspeaker/XSPK_C_022_T0193.wav,C_022,A kisszobaban zárd be az ajtót.
XSPK_C_022_T0194,wavs_synthetic_crossspeaker/XSPK_C_022_T0194.wav,C_022,Zárjuk be az ajtón a fügrőszobában
XSPK_C_022_T0195,wavs_synthetic_crossspeaker/XSPK_C_022_T0195.wav,C_022,A fürdőszobában kapcsold be a ki a porszívót
XSPK_C_022_T0196,wavs_synthetic_crossspeaker/XSPK_C_022_T0196.wav,C_022,A kisszobába rotobe a számítógépet.
XSPK_C_022_T0197,wavs_synthetic_crossspeaker/XSPK_C_022_T0197.wav,C_022,Kapcsold be a porszivót a szobában.
XSPK_C_022_T0198,wavs_synthetic_crossspeaker/XSPK_C_022_T0198.wav,C_022,Nagyszobába válcsatornát a tévén.
XSPK_C_022_T0199,wavs_synthetic_crossspeaker/XSPK_C_022_T0199.wav,C_022,A konyhába kapcsold ki a tűzhelyet.
XSPK_C_022_T0200,wavs_synthetic_crossspeaker/XSPK_C_022_T0200.wav,C_022,Huzd le le a redönyt a fürdöszobaban
XSPK_C_022_T0201,wavs_synthetic_crossspeaker/XSPK_C_022_T0201.wav,C_022,Húzd be a konyhai függönyt
XSPK_C_022_T0202,wavs_synthetic_crossspeaker/XSPK_C_022_T0202.wav,C_022,A kisszobában kapcsold ki a radidátor
XSPK_C_022_T0203,wavs_synthetic_crossspeaker/XSPK_C_022_T0203.wav,C_022,Hangosítsd a televíziót a fürdőszobában.
XSPK_C_022_T0204,wavs_synthetic_crossspeaker/XSPK_C_022_T0204.wav,C_022,Kapcsold le a villanyt a fürdősozában
XSPK_C_022_T0205,wavs_synthetic_crossspeaker/XSPK_C_022_T0205.wav,C_022,Kapcsold fel a villanyt szobaba
XSPK_C_022_T0206,wavs_synthetic_crossspeaker/XSPK_C_022_T0206.wav,C_022,A fürdőszobába bekapcsoljuk a mosógépet és harminc fokra állítjuk
XSPK_C_022_T0207,wavs_synthetic_crossspeaker/XSPK_C_022_T0207.wav,C_022,Konyhába kapcsold fel a villanyt.
XSPK_C_022_T0208,wavs_synthetic_crossspeaker/XSPK_C_022_T0208.wav,C_022,A nagyszobába nyisd ki az ajtót.
XSPK_C_022_T0209,wavs_synthetic_crossspeaker/XSPK_C_022_T0209.wav,C_022,Szobába kap kapcsold ki a porszívó.
XSPK_C_023_T0000,wavs_synthetic_crossspeaker/XSPK_C_023_T0000.wav,C_023,A szobában zárd be az ablakot.
XSPK_C_023_T0001,wavs_synthetic_crossspeaker/XSPK_C_023_T0001.wav,C_023,A konyhában kapcsold le a villant.
XSPK_C_023_T0002,wavs_synthetic_crossspeaker/XSPK_C_023_T0002.wav,C_023,Kapcsold be légy szíves a termosztátot a szobába
XSPK_C_023_T0003,wavs_synthetic_crossspeaker/XSPK_C_023_T0003.wav,C_023,Szobában nyit a ajtom
XSPK_C_023_T0004,wavs_synthetic_crossspeaker/XSPK_C_023_T0004.wav,C_023,Hívd fel a fiamat.
XSPK_C_023_T0005,wavs_synthetic_crossspeaker/XSPK_C_023_T0005.wav,C_023,A mosogépet hatvan kokon kapcsold be a fürdőszobában.
XSPK_C_023_T0006,wavs_synthetic_crossspeaker/XSPK_C_023_T0006.wav,C_023,Húz be a függöny a kfolyosón
XSPK_C_023_T0007,wavs_synthetic_crossspeaker/XSPK_C_023_T0007.wav,C_023,Kapcsold be a szobában a fűtés.
XSPK_C_023_T0008,wavs_synthetic_crossspeaker/XSPK_C_023_T0008.wav,C_023,A folyosón az ajtót zárjuk be
XSPK_C_023_T0009,wavs_synthetic_crossspeaker/XSPK_C_023_T0009.wav,C_023,Vedd lejjebb a radiátort a kisszobában
XSPK_C_023_T0010,wavs_synthetic_crossspeaker/XSPK_C_023_T0010.wav,C_023,Ventilátorokat kapcsold be
XSPK_C_023_T0011,wavs_synthetic_crossspeaker/XSPK_C_023_T0011.wav,C_023,A konyhában zárd be az ablakot
XSPK_C_023_T0012,wavs_synthetic_crossspeaker/XSPK_C_023_T0012.wav,C_023,A konyhában kapcold ki a ventillátor
XSPK_C_023_T0013,wavs_synthetic_crossspeaker/XSPK_C_023_T0013.wav,C_023,A fürdőszobában a porszívót kapcsold ki
XSPK_C_023_T0014,wavs_synthetic_crossspeaker/XSPK_C_023_T0014.wav,C_023,A fojjosón kapcsold ki a tévét.
XSPK_C_023_T0015,wavs_synthetic_crossspeaker/XSPK_C_023_T0015.wav,C_023,Zapcsold be a fürdőszobába harminc fokon mosógépet
XSPK_C_023_T0016,wavs_synthetic_crossspeaker/XSPK_C_023_T0016.wav,C_023,Kapcsold fel a fűtést a szobában
XSPK_C_023_T0017,wavs_synthetic_crossspeaker/XSPK_C_023_T0017.wav,C_023,Szobába kapcsold be a porszívót.
XSPK_C_023_T0018,wavs_synthetic_crossspeaker/XSPK_C_023_T0018.wav,C_023,Szét függöny szobában
XSPK_C_023_T0019,wavs_synthetic_crossspeaker/XSPK_C_023_T0019.wav,C_023,A kisszobában kapcsold be a porszívó.
XSPK_C_023_T0020,wavs_synthetic_crossspeaker/XSPK_C_023_T0020.wav,C_023,Húzd be a konyhai függönyt
XSPK_C_023_T0021,wavs_synthetic_crossspeaker/XSPK_C_023_T0021.wav,C_023,A szobában kapcsold be a tévét.
XSPK_C_023_T0022,wavs_synthetic_crossspeaker/XSPK_C_023_T0022.wav,C_023,Kapcold ki a ventillátort a szobában
XSPK_C_023_T0023,wavs_synthetic_crossspeaker/XSPK_C_023_T0023.wav,C_023,A szobában kapcsold ki a forszívót
XSPK_C_023_T0024,wavs_synthetic_crossspeaker/XSPK_C_023_T0024.wav,C_023,Kapcsold ki a mosogatógépet a konyhába.
XSPK_C_023_T0025,wavs_synthetic_crossspeaker/XSPK_C_023_T0025.wav,C_023,Nagyszobában zárd be az ablakot
XSPK_C_023_T0026,wavs_synthetic_crossspeaker/XSPK_C_023_T0026.wav,C_023,A konyhában ód el a ledőnyt
XSPK_C_023_T0027,wavs_synthetic_crossspeaker/XSPK_C_023_T0027.wav,C_023,A nagyszobába vedd feljebb a tévét
XSPK_C_023_T0028,wavs_synthetic_crossspeaker/XSPK_C_023_T0028.wav,C_023,A redőnyt a szobában húzd fel
XSPK_C_023_T0029,wavs_synthetic_crossspeaker/XSPK_C_023_T0029.wav,C_023,A szobábaö kapcsold fel a világítás.
XSPK_C_023_T0030,wavs_synthetic_crossspeaker/XSPK_C_023_T0030.wav,C_023,Folyosóba zárd be az ajtót
XSPK_C_023_T0031,wavs_synthetic_crossspeaker/XSPK_C_023_T0031.wav,C_023,A szobába kapcsold be a radiátort
XSPK_C_023_T0032,wavs_synthetic_crossspeaker/XSPK_C_023_T0032.wav,C_023,A konyhában a mocsogépet hatvan fokon kapcsold ki.
XSPK_C_023_T0033,wavs_synthetic_crossspeaker/XSPK_C_023_T0033.wav,C_023,A porszívót kapcsold ki a fürdőszobába
XSPK_C_023_T0034,wavs_synthetic_crossspeaker/XSPK_C_023_T0034.wav,C_023,Válts csatornát a rádin a kisszobába
XSPK_C_023_T0035,wavs_synthetic_crossspeaker/XSPK_C_023_T0035.wav,C_023,A fürdőszobában kapcsold le a villan
XSPK_C_023_T0036,wavs_synthetic_crossspeaker/XSPK_C_023_T0036.wav,C_023,Telefonon hívd fol a lányomat
XSPK_C_023_T0037,wavs_synthetic_crossspeaker/XSPK_C_023_T0037.wav,C_023,Kisszobába kapcsold ki a fűtést
XSPK_C_023_T0038,wavs_synthetic_crossspeaker/XSPK_C_023_T0038.wav,C_023,Vedd feljebb a radiátort a folyosón
XSPK_C_023_T0039,wavs_synthetic_crossspeaker/XSPK_C_023_T0039.wav,C_023,A kisszobába kapcsold ki a számítógépe
XSPK_C_023_T0040,wavs_synthetic_crossspeaker/XSPK_C_023_T0040.wav,C_023,Harminc fokra öaö indítsd már el légy szíves a mosógépet a fürdőszobában
XSPK_C_023_T0041,wavs_synthetic_crossspeaker/XSPK_C_023_T0041.wav,C_023,A kisszobába a tévén válcs csatornát.
XSPK_C_023_T0042,wavs_synthetic_crossspeaker/XSPK_C_023_T0042.wav,C_023,Folyosn húzd le a fűtő.
XSPK_C_023_T0043,wavs_synthetic_crossspeaker/XSPK_C_023_T0043.wav,C_023,A kiszobábá kapcsold be a rádiót.
XSPK_C_023_T0044,wavs_synthetic_crossspeaker/XSPK_C_023_T0044.wav,C_023,A szobába nyomd fel a fűtést
XSPK_C_023_T0045,wavs_synthetic_crossspeaker/XSPK_C_023_T0045.wav,C_023,Zárd be az ablakto a nagyszobában
XSPK_C_023_T0046,wavs_synthetic_crossspeaker/XSPK_C_023_T0046.wav,C_023,Konyhában kapcsold be a tűzhelyet.
XSPK_C_023_T0047,wavs_synthetic_crossspeaker/XSPK_C_023_T0047.wav,C_023,Húzd le a redőnyt a nagyszobában.
XSPK_C_023_T0048,wavs_synthetic_crossspeaker/XSPK_C_023_T0048.wav,C_023,Kapcsold be a mosógépet a konyhában.
XSPK_C_023_T0049,wavs_synthetic_crossspeaker/XSPK_C_023_T0049.wav,C_023,A konyhában kapcsold be a tévét
XSPK_C_023_T0050,wavs_synthetic_crossspeaker/XSPK_C_023_T0050.wav,C_023,Bekapcsolnád a nagyszobai rádiót
XSPK_C_023_T0051,wavs_synthetic_crossspeaker/XSPK_C_023_T0051.wav,C_023,A konyhai redőnyt húzd le kérlek
XSPK_C_023_T0052,wavs_synthetic_crossspeaker/XSPK_C_023_T0052.wav,C_023,Hangosítsd a televíziót a fürdőszobában.
XSPK_C_023_T0053,wavs_synthetic_crossspeaker/XSPK_C_023_T0053.wav,C_023,A kisszobába húzd le a redőnyt.
XSPK_C_023_T0054,wavs_synthetic_crossspeaker/XSPK_C_023_T0054.wav,C_023,A szobába kapcsold be a fűtés
XSPK_C_023_T0055,wavs_synthetic_crossspeaker/XSPK_C_023_T0055.wav,C_023,Húzd fell a redőnyt a fojjosón.
XSPK_C_023_T0056,wavs_synthetic_crossspeaker/XSPK_C_023_T0056.wav,C_023,Konyhában kapcsold be a kenyérpirítót
XSPK_C_023_T0057,wavs_synthetic_crossspeaker/XSPK_C_023_T0057.wav,C_023,Kapkapnyold ki a porszivót a szobába.
XSPK_C_023_T0058,wavs_synthetic_crossspeaker/XSPK_C_023_T0058.wav,C_023,Húzd le a redőnyt a folyosóban
XSPK_C_023_T0059,wavs_synthetic_crossspeaker/XSPK_C_023_T0059.wav,C_023,Húzd fel a aliátort a nagyszobában
XSPK_C_023_T0060,wavs_synthetic_crossspeaker/XSPK_C_023_T0060.wav,C_023,Zárd be az ajtót a ö fürdőszobában
XSPK_C_023_T0061,wavs_synthetic_crossspeaker/XSPK_C_023_T0061.wav,C_023,A nagyszobai függönyt húzd be
XSPK_C_023_T0062,wavs_synthetic_crossspeaker/XSPK_C_023_T0062.wav,C_023,Válts csatornát a kisszobában a rádión
XSPK_C_023_T0063,wavs_synthetic_crossspeaker/XSPK_C_023_T0063.wav,C_023,Válts csatornát a nagyszobában
XSPK_C_023_T0064,wavs_synthetic_crossspeaker/XSPK_C_023_T0064.wav,C_023,Kapcsold be a porszívót a nagyszobaban.
XSPK_C_023_T0065,wavs_synthetic_crossspeaker/XSPK_C_023_T0065.wav,C_023,Húzd fel a rolót a konyhában.
XSPK_C_023_T0066,wavs_synthetic_crossspeaker/XSPK_C_023_T0066.wav,C_023,Kapcsold ki a tévét a kisszobába
XSPK_C_023_T0067,wavs_synthetic_crossspeaker/XSPK_C_023_T0067.wav,C_023,A nagyszobában kapcsold be a fűtést.
XSPK_C_023_T0068,wavs_synthetic_crossspeaker/XSPK_C_023_T0068.wav,C_023,A fojjosón kapcsold ki a rádiót.
XSPK_C_023_T0069,wavs_synthetic_crossspeaker/XSPK_C_023_T0069.wav,C_023,Húzd fel a redőnyt a fürdőszobában
XSPK_C_023_T0070,wavs_synthetic_crossspeaker/XSPK_C_023_T0070.wav,C_023,Edvecsísd a tévét a fürdőszobában.
XSPK_C_023_T0071,wavs_synthetic_crossspeaker/XSPK_C_023_T0071.wav,C_023,A szobádba kapcsold ki a rádiót
XSPK_C_023_T0072,wavs_synthetic_crossspeaker/XSPK_C_023_T0072.wav,C_023,Kapcsold ki légy szíves a szobai rádiót
XSPK_C_023_T0073,wavs_synthetic_crossspeaker/XSPK_C_023_T0073.wav,C_023,Fűtést tedd följebb légy szíves üm lejjebb a fü a szobába
XSPK_C_023_T0074,wavs_synthetic_crossspeaker/XSPK_C_023_T0074.wav,C_023,Kapcsold be a mosógépet hatvan fokra a konyhában.
XSPK_C_023_T0075,wavs_synthetic_crossspeaker/XSPK_C_023_T0075.wav,C_023,A konyhában kapcsold ki a rádió.
XSPK_C_023_T0076,wavs_synthetic_crossspeaker/XSPK_C_023_T0076.wav,C_023,Húzd le a redőnyt azszobában
XSPK_C_023_T0077,wavs_synthetic_crossspeaker/XSPK_C_023_T0077.wav,C_023,Konyhába kapcsold ki a ventilátor
XSPK_C_023_T0078,wavs_synthetic_crossspeaker/XSPK_C_023_T0078.wav,C_023,Kisszobába kapcsoljuk be a porszívót
XSPK_C_023_T0079,wavs_synthetic_crossspeaker/XSPK_C_023_T0079.wav,C_023,Kapcsold le a villányt a fürdőszobábán.
XSPK_C_023_T0080,wavs_synthetic_crossspeaker/XSPK_C_023_T0080.wav,C_023,Kapcsold be a mosógépet hatvan fokon a fürdőszobában.
XSPK_C_023_T0081,wavs_synthetic_crossspeaker/XSPK_C_023_T0081.wav,C_023,Húzd el redőnyt a kisszobában
XSPK_C_023_T0082,wavs_synthetic_crossspeaker/XSPK_C_023_T0082.wav,C_023,Konyhában kapcsold be a tévét
XSPK_C_023_T0083,wavs_synthetic_crossspeaker/XSPK_C_023_T0083.wav,C_023,Vedd le a hangot a tévén a konyhában.
XSPK_C_023_T0084,wavs_synthetic_crossspeaker/XSPK_C_023_T0084.wav,C_023,A konyhába kapcsold ki a pirítót
XSPK_C_023_T0085,wavs_synthetic_crossspeaker/XSPK_C_023_T0085.wav,C_023,A nagyszobában koptolt ki a számítógépe.
XSPK_C_023_T0086,wavs_synthetic_crossspeaker/XSPK_C_023_T0086.wav,C_023,A kisszobában húzd fel a fűtés.
XSPK_C_023_T0087,wavs_synthetic_crossspeaker/XSPK_C_023_T0087.wav,C_023,Halkítsd le a tévét a szobaban
XSPK_C_023_T0088,wavs_synthetic_crossspeaker/XSPK_C_023_T0088.wav,C_023,A konyhában válcs csatornát a rádión.
XSPK_C_023_T0089,wavs_synthetic_crossspeaker/XSPK_C_023_T0089.wav,C_023,Szobába kapcsold ki a rádiot
XSPK_C_023_T0090,wavs_synthetic_crossspeaker/XSPK_C_023_T0090.wav,C_023,A szobába kapcsold ki a ventilátort
XSPK_C_023_T0091,wavs_synthetic_crossspeaker/XSPK_C_023_T0091.wav,C_023,Fürdőszobáb nyisd ki az ablakot.
XSPK_C_023_T0092,wavs_synthetic_crossspeaker/XSPK_C_023_T0092.wav,C_023,A kisszobába zárd be az ablakot
XSPK_C_023_T0093,wavs_synthetic_crossspeaker/XSPK_C_023_T0093.wav,C_023,A kisszobába rotobe a számítógépet.
XSPK_C_023_T0094,wavs_synthetic_crossspeaker/XSPK_C_023_T0094.wav,C_023,A folyosón kapcsold be a villanyt
XSPK_C_023_T0095,wavs_synthetic_crossspeaker/XSPK_C_023_T0095.wav,C_023,Nagyszobába válts csatornát a rádion
XSPK_C_023_T0096,wavs_synthetic_crossspeaker/XSPK_C_023_T0096.wav,C_023,A fürdőszobaban nyisd ki az ablakot
XSPK_C_023_T0097,wavs_synthetic_crossspeaker/XSPK_C_023_T0097.wav,C_023,Zárd be az ajtót a fürdőszobába.
XSPK_C_023_T0098,wavs_synthetic_crossspeaker/XSPK_C_023_T0098.wav,C_023,Zárd be az ablakot a konyhábá.
XSPK_C_023_T0099,wavs_synthetic_crossspeaker/XSPK_C_023_T0099.wav,C_023,Kapcsold ki a folyosói ventilátort
XSPK_C_023_T0100,wavs_synthetic_crossspeaker/XSPK_C_023_T0100.wav,C_023,És a kisszobában kapcsold be a ventilátor
XSPK_C_023_T0101,wavs_synthetic_crossspeaker/XSPK_C_023_T0101.wav,C_023,A szobában kapcsold ki a radidátort
XSPK_C_023_T0102,wavs_synthetic_crossspeaker/XSPK_C_023_T0102.wav,C_023,A fürdőszobába kapcsold be a ventilátort
XSPK_C_023_T0103,wavs_synthetic_crossspeaker/XSPK_C_023_T0103.wav,C_023,Vedd le a fűtést a nagyszobába
XSPK_C_023_T0104,wavs_synthetic_crossspeaker/XSPK_C_023_T0104.wav,C_023,Folysosó szár ajtó
XSPK_C_023_T0105,wavs_synthetic_crossspeaker/XSPK_C_023_T0105.wav,C_023,Szobában húzd le a hüttő.
XSPK_C_023_T0106,wavs_synthetic_crossspeaker/XSPK_C_023_T0106.wav,C_023,Szobába kapcsoljuk fel a fűtést
XSPK_C_023_T0107,wavs_synthetic_crossspeaker/XSPK_C_023_T0107.wav,C_023,Konyha hőmérsékletét kapcsold ki
XSPK_C_023_T0108,wavs_synthetic_crossspeaker/XSPK_C_023_T0108.wav,C_023,A nagycobában engedd le a redőnyt
XSPK_C_023_T0109,wavs_synthetic_crossspeaker/XSPK_C_023_T0109.wav,C_023,Kapcsold be a radiátor a folyosón
XSPK_C_023_T0110,wavs_synthetic_crossspeaker/XSPK_C_023_T0110.wav,C_023,Kapcsold be ventillátort a nagyszobában.
XSPK_C_023_T0111,wavs_synthetic_crossspeaker/XSPK_C_023_T0111.wav,C_023,A számítógépet kapcsold ö be a kisszo a kiszobában
XSPK_C_023_T0112,wavs_synthetic_crossspeaker/XSPK_C_023_T0112.wav,C_023,Á szobábán hángosítsd á tévét.
XSPK_C_023_T0113,wavs_synthetic_crossspeaker/XSPK_C_023_T0113.wav,C_023,Hatvan fokra állítsd a állítsd a mosógépet
XSPK_C_023_T0114,wavs_synthetic_crossspeaker/XSPK_C_023_T0114.wav,C_023,A konyhában kapcsold ki a porszivót.
XSPK_C_023_T0115,wavs_synthetic_crossspeaker/XSPK_C_023_T0115.wav,C_023,Kisszobába vegyük le a tévéhangot
XSPK_C_023_T0116,wavs_synthetic_crossspeaker/XSPK_C_023_T0116.wav,C_023,Nagyszobába húzzuk be a függönyöket
XSPK_C_023_T0117,wavs_synthetic_crossspeaker/XSPK_C_023_T0117.wav,C_023,Nagyszobában kapcsold be a számítógépet
XSPK_C_023_T0118,wavs_synthetic_crossspeaker/XSPK_C_023_T0118.wav,C_023,A kisszobában kapcsold ki a ventillátor
XSPK_C_023_T0119,wavs_synthetic_crossspeaker/XSPK_C_023_T0119.wav,C_023,Kapcsold fel a villanyszo nagyszobában.
XSPK_C_023_T0120,wavs_synthetic_crossspeaker/XSPK_C_023_T0120.wav,C_023,Kapcsold be a porszívót a kiszobában.
XSPK_C_023_T0121,wavs_synthetic_crossspeaker/XSPK_C_023_T0121.wav,C_023,Nagyszobába kapcsold be a ventilátorokat
XSPK_C_023_T0122,wavs_synthetic_crossspeaker/XSPK_C_023_T0122.wav,C_023,A folyosón a fűtést kapcsold be
XSPK_C_023_T0123,wavs_synthetic_crossspeaker/XSPK_C_023_T0123.wav,C_023,Csendesícsd a tévét konyhában.
XSPK_C_023_T0124,wavs_synthetic_crossspeaker/XSPK_C_023_T0124.wav,C_023,A nagyszobában húzd fel a fűtést
XSPK_C_023_T0125,wavs_synthetic_crossspeaker/XSPK_C_023_T0125.wav,C_023,Nyis ki az ajtót a konyhába
XSPK_C_023_T0126,wavs_synthetic_crossspeaker/XSPK_C_023_T0126.wav,C_023,A konyhában válcsatornát a rádijón.
XSPK_C_023_T0127,wavs_synthetic_crossspeaker/XSPK_C_023_T0127.wav,C_023,Kapcsold le a világítást a kisszobában.
XSPK_C_023_T0128,wavs_synthetic_crossspeaker/XSPK_C_023_T0128.wav,C_023,A nagyszobába kapcsold ki a számógépet
XSPK_C_023_T0129,wavs_synthetic_crossspeaker/XSPK_C_023_T0129.wav,C_023,A nagyszobábá hángosítsd a tévét.
XSPK_C_023_T0130,wavs_synthetic_crossspeaker/XSPK_C_023_T0130.wav,C_023,Válts csatornát a nagszobába
XSPK_C_023_T0131,wavs_synthetic_crossspeaker/XSPK_C_023_T0131.wav,C_023,Válts csatornát a kisszobában a zá na a rádión
XSPK_C_023_T0132,wavs_synthetic_crossspeaker/XSPK_C_023_T0132.wav,C_023,A naccobában kapcsold le a villant.
XSPK_C_023_T0133,wavs_synthetic_crossspeaker/XSPK_C_023_T0133.wav,C_023,Konyhában csendesíts tévét.
XSPK_C_023_T0134,wavs_synthetic_crossspeaker/XSPK_C_023_T0134.wav,C_023,Kapcsold be a mosógépet hatvan fokon a konyhába
XSPK_C_023_T0135,wavs_synthetic_crossspeaker/XSPK_C_023_T0135.wav,C_023,A fürdőszobába vál csatornát a rádión.
XSPK_C_023_T0136,wavs_synthetic_crossspeaker/XSPK_C_023_T0136.wav,C_023,A szobában válts csatornát a rádión
XSPK_C_023_T0137,wavs_synthetic_crossspeaker/XSPK_C_023_T0137.wav,C_023,Konyhában kapcsold be a vízforralót
XSPK_C_023_T0138,wavs_synthetic_crossspeaker/XSPK_C_023_T0138.wav,C_023,Az ablakban az ablakot nyissa ki az a konyhában
XSPK_C_023_T0139,wavs_synthetic_crossspeaker/XSPK_C_023_T0139.wav,C_023,A kiccobában húzd föl a fűtést.
XSPK_C_023_T0140,wavs_synthetic_crossspeaker/XSPK_C_023_T0140.wav,C_023,Fürdőszobába húzd fel a rolót
XSPK_C_023_T0141,wavs_synthetic_crossspeaker/XSPK_C_023_T0141.wav,C_023,Kapcsold be a rádiót a fűrdőszobában
XSPK_C_023_T0142,wavs_synthetic_crossspeaker/XSPK_C_023_T0142.wav,C_023,Be sütőben konyhában
XSPK_C_023_T0143,wavs_synthetic_crossspeaker/XSPK_C_023_T0143.wav,C_023,A fürdőszobában engedd le a redőnt.
XSPK_C_023_T0144,wavs_synthetic_crossspeaker/XSPK_C_023_T0144.wav,C_023,A szobában húzd szét a függönyt.
XSPK_C_023_T0145,wavs_synthetic_crossspeaker/XSPK_C_023_T0145.wav,C_023,Nyisd ki az ablakot a folyo folyosón
XSPK_C_023_T0146,wavs_synthetic_crossspeaker/XSPK_C_023_T0146.wav,C_023,Kapcsold be a pirítót
XSPK_C_023_T0147,wavs_synthetic_crossspeaker/XSPK_C_023_T0147.wav,C_023,Kapcsold be harminc fokon a mosogépet a fürdőszobában.
XSPK_C_023_T0148,wavs_synthetic_crossspeaker/XSPK_C_023_T0148.wav,C_023,Kisszobában kapcsold le a villant.
XSPK_C_023_T0149,wavs_synthetic_crossspeaker/XSPK_C_023_T0149.wav,C_023,Kikapcsoltad a porszívót
XSPK_C_023_T0150,wavs_synthetic_crossspeaker/XSPK_C_023_T0150.wav,C_023,A fürdőszobában húzd szét a függöny
XSPK_C_023_T0151,wavs_synthetic_crossspeaker/XSPK_C_023_T0151.wav,C_023,A fürdőszobába vedd fel a radiátort
XSPK_C_023_T0152,wavs_synthetic_crossspeaker/XSPK_C_023_T0152.wav,C_023,Húzd le a hűttés a zobába.
XSPK_C_023_T0153,wavs_synthetic_crossspeaker/XSPK_C_023_T0153.wav,C_023,A konyhába ka nyissuk ki az ablakot
XSPK_C_023_T0154,wavs_synthetic_crossspeaker/XSPK_C_023_T0154.wav,C_023,Nyisd ki az ajtót a a kisszobában
XSPK_C_023_T0155,wavs_synthetic_crossspeaker/XSPK_C_023_T0155.wav,C_023,Fürdőszobában nyisd ki az ajtót.
XSPK_C_023_T0156,wavs_synthetic_crossspeaker/XSPK_C_023_T0156.wav,C_023,Fürdőszobába csukjuk be az ajtót
XSPK_C_023_T0157,wavs_synthetic_crossspeaker/XSPK_C_023_T0157.wav,C_023,Zárd be az ablakot a konyhába.
XSPK_C_023_T0158,wavs_synthetic_crossspeaker/XSPK_C_023_T0158.wav,C_023,Szobában kapcsold fel a fűtést
XSPK_C_023_T0159,wavs_synthetic_crossspeaker/XSPK_C_023_T0159.wav,C_023,Válts csatornát a tévét a nagyszobában
XSPK_C_023_T0160,wavs_synthetic_crossspeaker/XSPK_C_023_T0160.wav,C_023,A nagyszobában kapcsold ki a rádjót.
XSPK_C_023_T0161,wavs_synthetic_crossspeaker/XSPK_C_023_T0161.wav,C_023,Kapcsold be a számítógépet a nagyszobába.
XSPK_C_023_T0162,wavs_synthetic_crossspeaker/XSPK_C_023_T0162.wav,C_023,Kapcsold be a tévét a kisszobában
XSPK_C_023_T0163,wavs_synthetic_crossspeaker/XSPK_C_023_T0163.wav,C_023,Kapcsold be a radidátor a nagyszobában
XSPK_C_023_T0164,wavs_synthetic_crossspeaker/XSPK_C_023_T0164.wav,C_023,Zárjuk be az ablakot a szobában
XSPK_C_023_T0165,wavs_synthetic_crossspeaker/XSPK_C_023_T0165.wav,C_023,A kisszobában a tévén válts csatornát
XSPK_C_023_T0166,wavs_synthetic_crossspeaker/XSPK_C_023_T0166.wav,C_023,Nyisd ki a szoba ablakot
XSPK_C_023_T0167,wavs_synthetic_crossspeaker/XSPK_C_023_T0167.wav,C_023,Folyoson zárd az ajtót
XSPK_C_023_T0168,wavs_synthetic_crossspeaker/XSPK_C_023_T0168.wav,C_023,Kapcsold be a számítógépet a naccobában.
XSPK_C_023_T0169,wavs_synthetic_crossspeaker/XSPK_C_023_T0169.wav,C_023,A számítógépet kapcsold ki a ki a szobában.
XSPK_C_023_T0170,wavs_synthetic_crossspeaker/XSPK_C_023_T0170.wav,C_023,Nyisd ki a nagyszobaajtót
XSPK_C_023_T0171,wavs_synthetic_crossspeaker/XSPK_C_023_T0171.wav,C_023,Kapcsold ki a fórszívót a fürdőszobában
XSPK_C_023_T0172,wavs_synthetic_crossspeaker/XSPK_C_023_T0172.wav,C_023,Kapcsold be a kisszobai ventilátort
XSPK_C_023_T0173,wavs_synthetic_crossspeaker/XSPK_C_023_T0173.wav,C_023,Kapcsold a lány
XSPK_C_023_T0174,wavs_synthetic_crossspeaker/XSPK_C_023_T0174.wav,C_023,Konyhában kapcsold be a rádiót.
XSPK_C_023_T0175,wavs_synthetic_crossspeaker/XSPK_C_023_T0175.wav,C_023,Konyhába vál csatornát a tévén.
XSPK_C_023_T0176,wavs_synthetic_crossspeaker/XSPK_C_023_T0176.wav,C_023,A fojjón kapcsold be a ventillátor.
XSPK_C_023_T0177,wavs_synthetic_crossspeaker/XSPK_C_023_T0177.wav,C_023,Nagyszobába kapcsold be a rádiót.
XSPK_C_023_T0178,wavs_synthetic_crossspeaker/XSPK_C_023_T0178.wav,C_023,A konyhában nyiszd ki az ajtyót
XSPK_C_023_T0179,wavs_synthetic_crossspeaker/XSPK_C_023_T0179.wav,C_023,Kapcsold le a lámpát a folyosón.
XSPK_C_023_T0180,wavs_synthetic_crossspeaker/XSPK_C_023_T0180.wav,C_023,A nagyszobában húzd el a ledőnyt
XSPK_C_023_T0181,wavs_synthetic_crossspeaker/XSPK_C_023_T0181.wav,C_023,A vohányban zárd be az ablakot
XSPK_C_023_T0182,wavs_synthetic_crossspeaker/XSPK_C_023_T0182.wav,C_023,A kisszobábafon húzd le a fűtés
XSPK_C_023_T0183,wavs_synthetic_crossspeaker/XSPK_C_023_T0183.wav,C_023,Nyisd ki a ablakot
XSPK_C_023_T0184,wavs_synthetic_crossspeaker/XSPK_C_023_T0184.wav,C_023,Halkítsd le a tévét a szobában
XSPK_C_023_T0185,wavs_synthetic_crossspeaker/XSPK_C_023_T0185.wav,C_023,A szobában kapcsold fhel a villanyt.
XSPK_C_023_T0186,wavs_synthetic_crossspeaker/XSPK_C_023_T0186.wav,C_023,A nagycobában kapcsold ki a számítógépet
XSPK_C_023_T0187,wavs_synthetic_crossspeaker/XSPK_C_023_T0187.wav,C_023,A rádiót kapcsold ki a kisszobában.
XSPK_C_023_T0188,wavs_synthetic_crossspeaker/XSPK_C_023_T0188.wav,C_023,A nagyszobába kapcsold fel a villant
XSPK_C_023_T0189,wavs_synthetic_crossspeaker/XSPK_C_023_T0189.wav,C_023,Kapcsold be a porcsivót a kisszobában.
XSPK_C_023_T0190,wavs_synthetic_crossspeaker/XSPK_C_023_T0190.wav,C_023,A konyhában huzd szét a függönyt.
XSPK_C_023_T0191,wavs_synthetic_crossspeaker/XSPK_C_023_T0191.wav,C_023,A vízmelegítőt kapcsold be a nagyszobában.
XSPK_C_023_T0192,wavs_synthetic_crossspeaker/XSPK_C_023_T0192.wav,C_023,Kapcsold ki a porszivót a kisszobába.
XSPK_C_023_T0193,wavs_synthetic_crossspeaker/XSPK_C_023_T0193.wav,C_023,Húzd le a redőnyt a konyhábá.
XSPK_C_023_T0194,wavs_synthetic_crossspeaker/XSPK_C_023_T0194.wav,C_023,A konyhába váltsál csatornát a rádin
XSPK_C_023_T0195,wavs_synthetic_crossspeaker/XSPK_C_023_T0195.wav,C_023,Konyhába nyisd ki az ajtót
XSPK_C_023_T0196,wavs_synthetic_crossspeaker/XSPK_C_023_T0196.wav,C_023,Konyhába kapcsold ki a kenyérpirítót
XSPK_C_023_T0197,wavs_synthetic_crossspeaker/XSPK_C_023_T0197.wav,C_023,Konyhába kapcsold ki a porszívót
XSPK_C_023_T0198,wavs_synthetic_crossspeaker/XSPK_C_023_T0198.wav,C_023,A szobában kapcsold be á számítógépet.
XSPK_C_023_T0199,wavs_synthetic_crossspeaker/XSPK_C_023_T0199.wav,C_023,És húzd szét a függönyt is a nagyszobában
XSPK_C_023_T0200,wavs_synthetic_crossspeaker/XSPK_C_023_T0200.wav,C_023,A nagyszobába vál csatornát a rádión.
XSPK_C_023_T0201,wavs_synthetic_crossspeaker/XSPK_C_023_T0201.wav,C_023,Kapcsold ki a kenyérpirítót
XSPK_C_023_T0202,wavs_synthetic_crossspeaker/XSPK_C_023_T0202.wav,C_023,A folyosón kapcsold le a villanyt
XSPK_C_023_T0203,wavs_synthetic_crossspeaker/XSPK_C_023_T0203.wav,C_023,Csukd be a ajtót a nagyszobába
XSPK_C_023_T0204,wavs_synthetic_crossspeaker/XSPK_C_023_T0204.wav,C_023,A fürdőszobában felerősítjük a fűtést
XSPK_C_023_T0205,wavs_synthetic_crossspeaker/XSPK_C_023_T0205.wav,C_023,A konyhában kapcsold be a rádiót.
XSPK_C_023_T0206,wavs_synthetic_crossspeaker/XSPK_C_023_T0206.wav,C_023,Zár be az ajtót a kisszobában
XSPK_C_023_T0207,wavs_synthetic_crossspeaker/XSPK_C_023_T0207.wav,C_023,Úzd lejjebb a fürdőszobában a radirátor
XSPK_C_023_T0208,wavs_synthetic_crossspeaker/XSPK_C_023_T0208.wav,C_023,A nagyszobába vedd le a fűtést
XSPK_C_023_T0209,wavs_synthetic_crossspeaker/XSPK_C_023_T0209.wav,C_023,A konyhában kapcsold ki a számítgépet.
XSPK_C_024_T0000,wavs_synthetic_crossspeaker/XSPK_C_024_T0000.wav,C_024,Nyisd ki a a folyosón az ajtót
XSPK_C_024_T0001,wavs_synthetic_crossspeaker/XSPK_C_024_T0001.wav,C_024,A fürdőszobában a rádiót kapcsold be
XSPK_C_024_T0002,wavs_synthetic_crossspeaker/XSPK_C_024_T0002.wav,C_024,Váltsál csatornát légy szíves a kisszobában
XSPK_C_024_T0003,wavs_synthetic_crossspeaker/XSPK_C_024_T0003.wav,C_024,A nagyszobai radiátort vedd föl légy szíves
XSPK_C_024_T0004,wavs_synthetic_crossspeaker/XSPK_C_024_T0004.wav,C_024,A fürdőszobábá húsd vell a redőnyt.
XSPK_C_024_T0005,wavs_synthetic_crossspeaker/XSPK_C_024_T0005.wav,C_024,A nagyszobában kapcsold föl a villany.
XSPK_C_024_T0006,wavs_synthetic_crossspeaker/XSPK_C_024_T0006.wav,C_024,Fürdőszobába húzd fel a redőnyt.
XSPK_C_024_T0007,wavs_synthetic_crossspeaker/XSPK_C_024_T0007.wav,C_024,A rádiót kapcsold ki a kisszobába.
XSPK_C_024_T0008,wavs_synthetic_crossspeaker/XSPK_C_024_T0008.wav,C_024,Nyisd ki az ablakot a kisszobába.
XSPK_C_024_T0009,wavs_synthetic_crossspeaker/XSPK_C_024_T0009.wav,C_024,Kapcsold ki a kisszobába a ventilátort
XSPK_C_024_T0010,wavs_synthetic_crossspeaker/XSPK_C_024_T0010.wav,C_024,Válcs latornát a rádijón a kisszobába.
XSPK_C_024_T0011,wavs_synthetic_crossspeaker/XSPK_C_024_T0011.wav,C_024,A folyosón kapcsold ki a fűtést.
XSPK_C_024_T0012,wavs_synthetic_crossspeaker/XSPK_C_024_T0012.wav,C_024,Hangosítsd fel a tévét a nagyszobába
XSPK_C_024_T0013,wavs_synthetic_crossspeaker/XSPK_C_024_T0013.wav,C_024,A kisszobában kapcsold ki a rádiót.
XSPK_C_024_T0014,wavs_synthetic_crossspeaker/XSPK_C_024_T0014.wav,C_024,A tobába húzd le a fűté.
XSPK_C_024_T0015,wavs_synthetic_crossspeaker/XSPK_C_024_T0015.wav,C_024,Kinyitjuk az ablakot a fürdőszobában
XSPK_C_024_T0016,wavs_synthetic_crossspeaker/XSPK_C_024_T0016.wav,C_024,Konyhába kapcsold be a mossogatógépet.
XSPK_C_024_T0017,wavs_synthetic_crossspeaker/XSPK_C_024_T0017.wav,C_024,Konyhában kapcsold be a kenyérpirítót
XSPK_C_024_T0018,wavs_synthetic_crossspeaker/XSPK_C_024_T0018.wav,C_024,A nagyszobában vedd feljebb a televíziót
XSPK_C_024_T0019,wavs_synthetic_crossspeaker/XSPK_C_024_T0019.wav,C_024,A ventillátort kapcsold be a konyhában.
XSPK_C_024_T0020,wavs_synthetic_crossspeaker/XSPK_C_024_T0020.wav,C_024,Kapcsold ki a porszívót a szobában.
XSPK_C_024_T0021,wavs_synthetic_crossspeaker/XSPK_C_024_T0021.wav,C_024,A nagycobában felkapcsoljuk a fűtés
XSPK_C_024_T0022,wavs_synthetic_crossspeaker/XSPK_C_024_T0022.wav,C_024,Zárd be az ajtót a konyhába.
XSPK_C_024_T0023,wavs_synthetic_crossspeaker/XSPK_C_024_T0023.wav,C_024,A szobaban kapcsold ki a rádiót
XSPK_C_024_T0024,wavs_synthetic_crossspeaker/XSPK_C_024_T0024.wav,C_024,Nagyszobában zárd be az ablakot
XSPK_C_024_T0025,wavs_synthetic_crossspeaker/XSPK_C_024_T0025.wav,C_024,Fürdőszobában csendesítsd tévét.
XSPK_C_024_T0026,wavs_synthetic_crossspeaker/XSPK_C_024_T0026.wav,C_024,A nagyszobában kapcsold ki a tévét
XSPK_C_024_T0027,wavs_synthetic_crossspeaker/XSPK_C_024_T0027.wav,C_024,Kapcsold be a fűtést a folyoson
XSPK_C_024_T0028,wavs_synthetic_crossspeaker/XSPK_C_024_T0028.wav,C_024,Kisszobába kapcsold be a számítógépet
XSPK_C_024_T0029,wavs_synthetic_crossspeaker/XSPK_C_024_T0029.wav,C_024,És a konyhába húzd be a függönyt
XSPK_C_024_T0030,wavs_synthetic_crossspeaker/XSPK_C_024_T0030.wav,C_024,A kisszobába kapcsold ki a fűtés
XSPK_C_024_T0031,wavs_synthetic_crossspeaker/XSPK_C_024_T0031.wav,C_024,Csatornát váltunk a televízión a nagyszobába
XSPK_C_024_T0032,wavs_synthetic_crossspeaker/XSPK_C_024_T0032.wav,C_024,Kapcsold be a ventilátort a kony a konyhában
XSPK_C_024_T0033,wavs_synthetic_crossspeaker/XSPK_C_024_T0033.wav,C_024,Kapcsold be rádiót a fürdőszobában.
XSPK_C_024_T0034,wavs_synthetic_crossspeaker/XSPK_C_024_T0034.wav,C_024,A konyhában nyisd ki az ajtót.
XSPK_C_024_T0035,wavs_synthetic_crossspeaker/XSPK_C_024_T0035.wav,C_024,A konyhában a fűtést kapcsold be
XSPK_C_024_T0036,wavs_synthetic_crossspeaker/XSPK_C_024_T0036.wav,C_024,A folyosón kapcsold be a rádiátort
XSPK_C_024_T0037,wavs_synthetic_crossspeaker/XSPK_C_024_T0037.wav,C_024,A szobában kapcsold be a sradiátort
XSPK_C_024_T0038,wavs_synthetic_crossspeaker/XSPK_C_024_T0038.wav,C_024,Nyisd ki az ajtót szobába.
XSPK_C_024_T0039,wavs_synthetic_crossspeaker/XSPK_C_024_T0039.wav,C_024,Nagyszobába zárd be az ablakot.
XSPK_C_024_T0040,wavs_synthetic_crossspeaker/XSPK_C_024_T0040.wav,C_024,Kapcsold ki a számítóépet a kisobában
XSPK_C_024_T0041,wavs_synthetic_crossspeaker/XSPK_C_024_T0041.wav,C_024,A nagyszobába kapcsold be a forszívót
XSPK_C_024_T0042,wavs_synthetic_crossspeaker/XSPK_C_024_T0042.wav,C_024,A konyhába a vízforralót kapcsold be.
XSPK_C_024_T0043,wavs_synthetic_crossspeaker/XSPK_C_024_T0043.wav,C_024,A redőnyt húzd fel a nagyszobába
XSPK_C_024_T0044,wavs_synthetic_crossspeaker/XSPK_C_024_T0044.wav,C_024,Konyhába kapcsold le a villany
XSPK_C_024_T0045,wavs_synthetic_crossspeaker/XSPK_C_024_T0045.wav,C_024,A fürdőszobában a porszívót kapcsold ki
XSPK_C_024_T0046,wavs_synthetic_crossspeaker/XSPK_C_024_T0046.wav,C_024,Rádiót kapcsold ki a konyhában
XSPK_C_024_T0047,wavs_synthetic_crossspeaker/XSPK_C_024_T0047.wav,C_024,Nagyszobába vedd lejjebb a radiátort
XSPK_C_024_T0048,wavs_synthetic_crossspeaker/XSPK_C_024_T0048.wav,C_024,A konyhában kapcold ki a ventillátor
XSPK_C_024_T0049,wavs_synthetic_crossspeaker/XSPK_C_024_T0049.wav,C_024,A kiszobában kapcsold be a ventilátort
XSPK_C_024_T0050,wavs_synthetic_crossspeaker/XSPK_C_024_T0050.wav,C_024,Konyhában kapcsold be a porszívót.
XSPK_C_024_T0051,wavs_synthetic_crossspeaker/XSPK_C_024_T0051.wav,C_024,A konyhában kapcsold le a fűtés.
XSPK_C_024_T0052,wavs_synthetic_crossspeaker/XSPK_C_024_T0052.wav,C_024,Szobába tekerd föl a radiátor gombot
XSPK_C_024_T0053,wavs_synthetic_crossspeaker/XSPK_C_024_T0053.wav,C_024,A foggyosó húzd be a függönyt.
XSPK_C_024_T0054,wavs_synthetic_crossspeaker/XSPK_C_024_T0054.wav,C_024,Kapcsold ki á ventillátort a konyhábá.
XSPK_C_024_T0055,wavs_synthetic_crossspeaker/XSPK_C_024_T0055.wav,C_024,Nyisd ki az ajtót a nagyszobában
XSPK_C_024_T0056,wavs_synthetic_crossspeaker/XSPK_C_024_T0056.wav,C_024,Kapcsold ki a tévét a folyoson
XSPK_C_024_T0057,wavs_synthetic_crossspeaker/XSPK_C_024_T0057.wav,C_024,Kapcsold be a számítógéptpet a szobában
XSPK_C_024_T0058,wavs_synthetic_crossspeaker/XSPK_C_024_T0058.wav,C_024,A fürdőszobában húzd le a redőnyt.
XSPK_C_024_T0059,wavs_synthetic_crossspeaker/XSPK_C_024_T0059.wav,C_024,Nyísd ki az ajtót a kisszobámban
XSPK_C_024_T0060,wavs_synthetic_crossspeaker/XSPK_C_024_T0060.wav,C_024,Kapcsold ki légy szíves a a termosztátot a nagyszobába
XSPK_C_024_T0061,wavs_synthetic_crossspeaker/XSPK_C_024_T0061.wav,C_024,Csatornát válts a tévén a fürdőszobában
XSPK_C_024_T0062,wavs_synthetic_crossspeaker/XSPK_C_024_T0062.wav,C_024,Konyhában kapcsold be a porszivót.
XSPK_C_024_T0063,wavs_synthetic_crossspeaker/XSPK_C_024_T0063.wav,C_024,Kapcsold be ah rádjót a konyhában.
XSPK_C_024_T0064,wavs_synthetic_crossspeaker/XSPK_C_024_T0064.wav,C_024,Kapcsold be a mosógépet a fürdőszobában harminc fokra
XSPK_C_024_T0065,wavs_synthetic_crossspeaker/XSPK_C_024_T0065.wav,C_024,konyhában felkapcsolod lámpam
XSPK_C_024_T0066,wavs_synthetic_crossspeaker/XSPK_C_024_T0066.wav,C_024,Zárd be az ablako a konyhába
XSPK_C_024_T0067,wavs_synthetic_crossspeaker/XSPK_C_024_T0067.wav,C_024,A konyhába húzd le a radiátort
XSPK_C_024_T0068,wavs_synthetic_crossspeaker/XSPK_C_024_T0068.wav,C_024,Kapcsold ki a ventillátort a szobában.
XSPK_C_024_T0069,wavs_synthetic_crossspeaker/XSPK_C_024_T0069.wav,C_024,A konyhában vál csatornát tévén.
XSPK_C_024_T0070,wavs_synthetic_crossspeaker/XSPK_C_024_T0070.wav,C_024,Függönyt a kisszobában ö húzd szét
XSPK_C_024_T0071,wavs_synthetic_crossspeaker/XSPK_C_024_T0071.wav,C_024,Konyhába vedd fel  a radiátor
XSPK_C_024_T0072,wavs_synthetic_crossspeaker/XSPK_C_024_T0072.wav,C_024,Csendesít a tévét a nagycobában.
XSPK_C_024_T0073,wavs_synthetic_crossspeaker/XSPK_C_024_T0073.wav,C_024,A kisszobában kapcsold fel a villanyt
XSPK_C_024_T0074,wavs_synthetic_crossspeaker/XSPK_C_024_T0074.wav,C_024,Hangosítsd fel a tévét a nagycobába
XSPK_C_024_T0075,wavs_synthetic_crossspeaker/XSPK_C_024_T0075.wav,C_024,Szobában kapcsold föl a villanyt.
XSPK_C_024_T0076,wavs_synthetic_crossspeaker/XSPK_C_024_T0076.wav,C_024,Kapcsold ki a porszivót a kisszobába.
XSPK_C_024_T0077,wavs_synthetic_crossspeaker/XSPK_C_024_T0077.wav,C_024,Fürdőszobába húzd be a függönyt
XSPK_C_024_T0078,wavs_synthetic_crossspeaker/XSPK_C_024_T0078.wav,C_024,A szobába kapcsold ki a ventilátorokat
XSPK_C_024_T0079,wavs_synthetic_crossspeaker/XSPK_C_024_T0079.wav,C_024,A fojjosón kapcsold le a villany.
XSPK_C_024_T0080,wavs_synthetic_crossspeaker/XSPK_C_024_T0080.wav,C_024,A folyoson húzd le a fűtést
XSPK_C_024_T0081,wavs_synthetic_crossspeaker/XSPK_C_024_T0081.wav,C_024,Zárd be az ablakot a kisszobába.
XSPK_C_024_T0082,wavs_synthetic_crossspeaker/XSPK_C_024_T0082.wav,C_024,Nyisd ki az ajtót a szobában
XSPK_C_024_T0083,wavs_synthetic_crossspeaker/XSPK_C_024_T0083.wav,C_024,A konyhában kapcsold be a bentillátort
XSPK_C_024_T0084,wavs_synthetic_crossspeaker/XSPK_C_024_T0084.wav,C_024,Nyisd ki az ajtót a a kisszobában
XSPK_C_024_T0085,wavs_synthetic_crossspeaker/XSPK_C_024_T0085.wav,C_024,Kapcsold be a ventillátort a fürdőszobában
XSPK_C_024_T0086,wavs_synthetic_crossspeaker/XSPK_C_024_T0086.wav,C_024,A szobában kapcsold ki a radidátort
XSPK_C_024_T0087,wavs_synthetic_crossspeaker/XSPK_C_024_T0087.wav,C_024,Húzd le a fűtés a folyosón.
XSPK_C_024_T0088,wavs_synthetic_crossspeaker/XSPK_C_024_T0088.wav,C_024,Kapcsold ki a porszivót a konyhában.
XSPK_C_024_T0089,wavs_synthetic_crossspeaker/XSPK_C_024_T0089.wav,C_024,Kapcsold be a rádiót a folyosón.
XSPK_C_024_T0090,wavs_synthetic_crossspeaker/XSPK_C_024_T0090.wav,C_024,A konyhába s húzd szét a fügönyt
XSPK_C_024_T0091,wavs_synthetic_crossspeaker/XSPK_C_024_T0091.wav,C_024,A nagyszobába válcs csatornát a televízión.
XSPK_C_024_T0092,wavs_synthetic_crossspeaker/XSPK_C_024_T0092.wav,C_024,Kapcsold ki a ventilátorokat a fürdőszobába
XSPK_C_024_T0093,wavs_synthetic_crossspeaker/XSPK_C_024_T0093.wav,C_024,Zárd be az atót a konyhában
XSPK_C_024_T0094,wavs_synthetic_crossspeaker/XSPK_C_024_T0094.wav,C_024,Folyosón vál csatornát a tévén.
XSPK_C_024_T0095,wavs_synthetic_crossspeaker/XSPK_C_024_T0095.wav,C_024,Fürdőszobába kapcsold ki a rádiót
XSPK_C_024_T0096,wavs_synthetic_crossspeaker/XSPK_C_024_T0096.wav,C_024,Szobába kapcsold be a porszívót.
XSPK_C_024_T0097,wavs_synthetic_crossspeaker/XSPK_C_024_T0097.wav,C_024,Kapcsold ki a ventillátort a folyoson
XSPK_C_024_T0098,wavs_synthetic_crossspeaker/XSPK_C_024_T0098.wav,C_024,Vált csatotornát a szobában.
XSPK_C_024_T0099,wavs_synthetic_crossspeaker/XSPK_C_024_T0099.wav,C_024,Kapcsold be a szoba hőmérsékletét a konyhába
XSPK_C_024_T0100,wavs_synthetic_crossspeaker/XSPK_C_024_T0100.wav,C_024,Halkítsd le a tévét a nagy nagyszobaban
XSPK_C_024_T0101,wavs_synthetic_crossspeaker/XSPK_C_024_T0101.wav,C_024,Kapcsold föl a villanyt a nagyszobába
XSPK_C_024_T0102,wavs_synthetic_crossspeaker/XSPK_C_024_T0102.wav,C_024,A szobában kapcsold fel a villany.
XSPK_C_024_T0103,wavs_synthetic_crossspeaker/XSPK_C_024_T0103.wav,C_024,Kapcsold ki a rádijót a szobában.
XSPK_C_024_T0104,wavs_synthetic_crossspeaker/XSPK_C_024_T0104.wav,C_024,Vedd lejjebb a folyosó fűtését
XSPK_C_024_T0105,wavs_synthetic_crossspeaker/XSPK_C_024_T0105.wav,C_024,Vál csatornát a rádión a nagyszobába.
XSPK_C_024_T0106,wavs_synthetic_crossspeaker/XSPK_C_024_T0106.wav,C_024,Konyhában kapcsold be a rádiot
XSPK_C_024_T0107,wavs_synthetic_crossspeaker/XSPK_C_024_T0107.wav,C_024,A rádiót a nagyszobába kapcsold be
XSPK_C_024_T0108,wavs_synthetic_crossspeaker/XSPK_C_024_T0108.wav,C_024,Kapcsold be a számítógépet a szobában
XSPK_C_024_T0109,wavs_synthetic_crossspeaker/XSPK_C_024_T0109.wav,C_024,Válcs csatontornát a rádión a nagyszobában.
XSPK_C_024_T0110,wavs_synthetic_crossspeaker/XSPK_C_024_T0110.wav,C_024,Vegyük kisebbre a fűtést a kisszobába
XSPK_C_024_T0111,wavs_synthetic_crossspeaker/XSPK_C_024_T0111.wav,C_024,Konyhában kapcsold be a vízforralót
XSPK_C_024_T0112,wavs_synthetic_crossspeaker/XSPK_C_024_T0112.wav,C_024,Folyosón zárd be az ablakot
XSPK_C_024_T0113,wavs_synthetic_crossspeaker/XSPK_C_024_T0113.wav,C_024,Húzd fel a redőnt a szobában.
XSPK_C_024_T0114,wavs_synthetic_crossspeaker/XSPK_C_024_T0114.wav,C_024,Zárd be az ablakot a fűrdőszobában
XSPK_C_024_T0115,wavs_synthetic_crossspeaker/XSPK_C_024_T0115.wav,C_024,Kapcsold be a fűtést a nagycobában.
XSPK_C_024_T0116,wavs_synthetic_crossspeaker/XSPK_C_024_T0116.wav,C_024,Kapcsold föl villanyt a konyhába
XSPK_C_024_T0117,wavs_synthetic_crossspeaker/XSPK_C_024_T0117.wav,C_024,A mosogépet hatvan kokon kapcsold be a fürdőszobában.
XSPK_C_024_T0118,wavs_synthetic_crossspeaker/XSPK_C_024_T0118.wav,C_024,A konyhában kapcsold be a kenyérpiritót.
XSPK_C_024_T0119,wavs_synthetic_crossspeaker/XSPK_C_024_T0119.wav,C_024,Khapcsold le a villanyt a kisszobában.
XSPK_C_024_T0120,wavs_synthetic_crossspeaker/XSPK_C_024_T0120.wav,C_024,A nagyszobában kapcsold be a fűtés.
XSPK_C_024_T0121,wavs_synthetic_crossspeaker/XSPK_C_024_T0121.wav,C_024,A konyhába kapcsold be a mosógépet és állítsd hatvan harminc fokra
XSPK_C_024_T0122,wavs_synthetic_crossspeaker/XSPK_C_024_T0122.wav,C_024,A szobámban kapcsold be á porszívót.
XSPK_C_024_T0123,wavs_synthetic_crossspeaker/XSPK_C_024_T0123.wav,C_024,Nagyszobában kapcsold be a ventilátort
XSPK_C_024_T0124,wavs_synthetic_crossspeaker/XSPK_C_024_T0124.wav,C_024,Kapcsold ki a fűtés a fürdőszobában
XSPK_C_024_T0125,wavs_synthetic_crossspeaker/XSPK_C_024_T0125.wav,C_024,Kapcsol föl a fürdőszobában
XSPK_C_024_T0126,wavs_synthetic_crossspeaker/XSPK_C_024_T0126.wav,C_024,Vedd föl a fűtést a folyosón
XSPK_C_024_T0127,wavs_synthetic_crossspeaker/XSPK_C_024_T0127.wav,C_024,A fürdőszobában khapcsold ki a rádió.
XSPK_C_024_T0128,wavs_synthetic_crossspeaker/XSPK_C_024_T0128.wav,C_024,A nagyszobában húzd le a redőnyt.
XSPK_C_024_T0129,wavs_synthetic_crossspeaker/XSPK_C_024_T0129.wav,C_024,Kapcsold fel a villant a konyhaban
XSPK_C_024_T0130,wavs_synthetic_crossspeaker/XSPK_C_024_T0130.wav,C_024,A fojjosón kapcsold ki á ventillátor.
XSPK_C_024_T0131,wavs_synthetic_crossspeaker/XSPK_C_024_T0131.wav,C_024,A kisszobában zárd be az atót
XSPK_C_024_T0132,wavs_synthetic_crossspeaker/XSPK_C_024_T0132.wav,C_024,A nagyszobaba kapcsold be a redőt
XSPK_C_024_T0133,wavs_synthetic_crossspeaker/XSPK_C_024_T0133.wav,C_024,Konyhába kapcsold be a porszíivót
XSPK_C_024_T0134,wavs_synthetic_crossspeaker/XSPK_C_024_T0134.wav,C_024,Kapcsold le a villany a konyhában
XSPK_C_024_T0135,wavs_synthetic_crossspeaker/XSPK_C_024_T0135.wav,C_024,A kisszobában kápcsold le a villányt.
XSPK_C_024_T0136,wavs_synthetic_crossspeaker/XSPK_C_024_T0136.wav,C_024,A kisszobába a fűtést nyomd fel
XSPK_C_024_T0137,wavs_synthetic_crossspeaker/XSPK_C_024_T0137.wav,C_024,Fürdőszobába porszívót kapcsold ki.
XSPK_C_024_T0138,wavs_synthetic_crossspeaker/XSPK_C_024_T0138.wav,C_024,A villanyt kapcsodl fel a folyosón
XSPK_C_024_T0139,wavs_synthetic_crossspeaker/XSPK_C_024_T0139.wav,C_024,Kapcsold be a sütőbe a sütőt a konyhában
XSPK_C_024_T0140,wavs_synthetic_crossspeaker/XSPK_C_024_T0140.wav,C_024,A kisszobában kap nem hangosíd fel a tévét
XSPK_C_024_T0141,wavs_synthetic_crossspeaker/XSPK_C_024_T0141.wav,C_024,A fürdőszobába vál csatornát a rádión.
XSPK_C_024_T0142,wavs_synthetic_crossspeaker/XSPK_C_024_T0142.wav,C_024,Kapcsold be légy szíves a kisszobai radiátort
XSPK_C_024_T0143,wavs_synthetic_crossspeaker/XSPK_C_024_T0143.wav,C_024,Kapcsold ki a fűtés a kisszobába
XSPK_C_024_T0144,wavs_synthetic_crossspeaker/XSPK_C_024_T0144.wav,C_024,Nyisd ki az ajtót a kisszobában
XSPK_C_024_T0145,wavs_synthetic_crossspeaker/XSPK_C_024_T0145.wav,C_024,Huzd fel a redönyt a fo a folyosón
XSPK_C_024_T0146,wavs_synthetic_crossspeaker/XSPK_C_024_T0146.wav,C_024,A fürdőszán kapcsold ki a rádió
XSPK_C_024_T0147,wavs_synthetic_crossspeaker/XSPK_C_024_T0147.wav,C_024,A porszívót kapcsold ki a kiszobába
XSPK_C_024_T0148,wavs_synthetic_crossspeaker/XSPK_C_024_T0148.wav,C_024,Nagyszobaban vál csatornát a tévén.
XSPK_C_024_T0149,wavs_synthetic_crossspeaker/XSPK_C_024_T0149.wav,C_024,Kapcsold le a villányt a nagyszobában.
XSPK_C_024_T0150,wavs_synthetic_crossspeaker/XSPK_C_024_T0150.wav,C_024,A folyosón csapcsold be a porszívót
XSPK_C_024_T0151,wavs_synthetic_crossspeaker/XSPK_C_024_T0151.wav,C_024,A szobában kapcsold be a rádió.
XSPK_C_024_T0152,wavs_synthetic_crossspeaker/XSPK_C_024_T0152.wav,C_024,Nyisd ki az ablakot a szobában
XSPK_C_024_T0153,wavs_synthetic_crossspeaker/XSPK_C_024_T0153.wav,C_024,Huzd fel a fűtést a konyhába
XSPK_C_024_T0154,wavs_synthetic_crossspeaker/XSPK_C_024_T0154.wav,C_024,A szobában hangosídd fel a tévét
XSPK_C_024_T0155,wavs_synthetic_crossspeaker/XSPK_C_024_T0155.wav,C_024,A fürdőszobába kapcsold be a mosógépet hatvan fokon.
XSPK_C_024_T0156,wavs_synthetic_crossspeaker/XSPK_C_024_T0156.wav,C_024,Nagyszobában válts csatornát
XSPK_C_024_T0157,wavs_synthetic_crossspeaker/XSPK_C_024_T0157.wav,C_024,Nyisd ki az ablakot a a szobában.
XSPK_C_024_T0158,wavs_synthetic_crossspeaker/XSPK_C_024_T0158.wav,C_024,Csendesíd a tévét a kisszobában
XSPK_C_024_T0159,wavs_synthetic_crossspeaker/XSPK_C_024_T0159.wav,C_024,A nagyszobában kápcsold be a számítógépet.
XSPK_C_024_T0160,wavs_synthetic_crossspeaker/XSPK_C_024_T0160.wav,C_024,A fürdőszobába kapcsold ki a ventilátort
XSPK_C_024_T0161,wavs_synthetic_crossspeaker/XSPK_C_024_T0161.wav,C_024,Kapcsold be a radiátort a kis a szobában
XSPK_C_024_T0162,wavs_synthetic_crossspeaker/XSPK_C_024_T0162.wav,C_024,Emeld meg a hangerőt a tévén a szobában.
XSPK_C_024_T0163,wavs_synthetic_crossspeaker/XSPK_C_024_T0163.wav,C_024,A cobába húzd le a ledőnyt
XSPK_C_024_T0164,wavs_synthetic_crossspeaker/XSPK_C_024_T0164.wav,C_024,A nagyszobában hangosícsd a tévét.
XSPK_C_024_T0165,wavs_synthetic_crossspeaker/XSPK_C_024_T0165.wav,C_024,A kisszobában kapcsold ki légy szíves a számítógépet
XSPK_C_024_T0166,wavs_synthetic_crossspeaker/XSPK_C_024_T0166.wav,C_024,Halkítsd le a tévét a szobaban
XSPK_C_024_T0167,wavs_synthetic_crossspeaker/XSPK_C_024_T0167.wav,C_024,Kapcsold ki a forszívót a konyhában
XSPK_C_024_T0168,wavs_synthetic_crossspeaker/XSPK_C_024_T0168.wav,C_024,Kapcsold be a mosógépet állítsd harminc fokra a fürdőszobába
XSPK_C_024_T0169,wavs_synthetic_crossspeaker/XSPK_C_024_T0169.wav,C_024,Kapcsold fell a villanyt a kisszobában.
XSPK_C_024_T0170,wavs_synthetic_crossspeaker/XSPK_C_024_T0170.wav,C_024,Zárd ki az ajtót a konyhába
XSPK_C_024_T0171,wavs_synthetic_crossspeaker/XSPK_C_024_T0171.wav,C_024,A szobában kapcsold be  számítógépet
XSPK_C_024_T0172,wavs_synthetic_crossspeaker/XSPK_C_024_T0172.wav,C_024,Nyisd ki az ablakot a nagyszobában
XSPK_C_024_T0173,wavs_synthetic_crossspeaker/XSPK_C_024_T0173.wav,C_024,A folyosón kap húzd fel a radiátort
XSPK_C_024_T0174,wavs_synthetic_crossspeaker/XSPK_C_024_T0174.wav,C_024,A kisszobába kapcsold ki a fűté.
XSPK_C_024_T0175,wavs_synthetic_crossspeaker/XSPK_C_024_T0175.wav,C_024,A kisszobában válts csatornát a tévén.
XSPK_C_024_T0176,wavs_synthetic_crossspeaker/XSPK_C_024_T0176.wav,C_024,Vedd feljebb a radiátort a fürdőszobába
XSPK_C_024_T0177,wavs_synthetic_crossspeaker/XSPK_C_024_T0177.wav,C_024,Hangosítsd le a tévét a nagyszobába
XSPK_C_024_T0178,wavs_synthetic_crossspeaker/XSPK_C_024_T0178.wav,C_024,Zárd be az ajtót a konyhán
XSPK_C_024_T0179,wavs_synthetic_crossspeaker/XSPK_C_024_T0179.wav,C_024,Kapcsold be a konyhában a rádiót
XSPK_C_024_T0180,wavs_synthetic_crossspeaker/XSPK_C_024_T0180.wav,C_024,Kapcsold be a konyhába a vízforralót
XSPK_C_024_T0181,wavs_synthetic_crossspeaker/XSPK_C_024_T0181.wav,C_024,Hangosics fel a tévét a nagyszobában
XSPK_C_024_T0182,wavs_synthetic_crossspeaker/XSPK_C_024_T0182.wav,C_024,Bekapcsoldnád a mosogatógépet a konyhában
XSPK_C_024_T0183,wavs_synthetic_crossspeaker/XSPK_C_024_T0183.wav,C_024,A szobában hangosics fel a tévét
XSPK_C_024_T0184,wavs_synthetic_crossspeaker/XSPK_C_024_T0184.wav,C_024,Kisszobába kapcsold ki a porszivó.
XSPK_C_024_T0185,wavs_synthetic_crossspeaker/XSPK_C_024_T0185.wav,C_024,Kapcsold ki a gáztűzhelyet a konyhába.
XSPK_C_024_T0186,wavs_synthetic_crossspeaker/XSPK_C_024_T0186.wav,C_024,Zárd be a fürdőszobában az ablakot
XSPK_C_024_T0187,wavs_synthetic_crossspeaker/XSPK_C_024_T0187.wav,C_024,A fojjosón kapcsold ki a porszívó.
XSPK_C_024_T0188,wavs_synthetic_crossspeaker/XSPK_C_024_T0188.wav,C_024,Fürdőszobába kapcsold ki a porszívót
XSPK_C_024_T0189,wavs_synthetic_crossspeaker/XSPK_C_024_T0189.wav,C_024,A porszívót kapcsold ki a folyosón
XSPK_C_024_T0190,wavs_synthetic_crossspeaker/XSPK_C_024_T0190.wav,C_024,Kapcsold ki a mosógépet a konyhában.
XSPK_C_024_T0191,wavs_synthetic_crossspeaker/XSPK_C_024_T0191.wav,C_024,Nagyszobában húzd fel a radiátort
XSPK_C_024_T0192,wavs_synthetic_crossspeaker/XSPK_C_024_T0192.wav,C_024,A konyhába porszívót kapcsold ki.
XSPK_C_024_T0193,wavs_synthetic_crossspeaker/XSPK_C_024_T0193.wav,C_024,Vál csatornát a tévén a nagyszobában.
XSPK_C_024_T0194,wavs_synthetic_crossspeaker/XSPK_C_024_T0194.wav,C_024,A kisszobába váltsál csatornát a rádión
XSPK_C_024_T0195,wavs_synthetic_crossspeaker/XSPK_C_024_T0195.wav,C_024,Nagyszobába vedd fel a radiát
XSPK_C_024_T0196,wavs_synthetic_crossspeaker/XSPK_C_024_T0196.wav,C_024,Húzd aza függönyt a konyhában
XSPK_C_024_T0197,wavs_synthetic_crossspeaker/XSPK_C_024_T0197.wav,C_024,Kapcsold be a büdés a fürdőszobában.
XSPK_C_024_T0198,wavs_synthetic_crossspeaker/XSPK_C_024_T0198.wav,C_024,A konyhában húzzad fel a redőnyt.
XSPK_C_024_T0199,wavs_synthetic_crossspeaker/XSPK_C_024_T0199.wav,C_024,Nyisd ki a folyosói ajtót
XSPK_C_024_T0200,wavs_synthetic_crossspeaker/XSPK_C_024_T0200.wav,C_024,Szobába kapcsold le a lámpát.
XSPK_C_024_T0201,wavs_synthetic_crossspeaker/XSPK_C_024_T0201.wav,C_024,Folyosón húzd szét a függönyt
XSPK_C_024_T0202,wavs_synthetic_crossspeaker/XSPK_C_024_T0202.wav,C_024,Kapcsoljuk ki a fűtést a nagyszobába
XSPK_C_024_T0203,wavs_synthetic_crossspeaker/XSPK_C_024_T0203.wav,C_024,Kapcsold be a ventilátort a folyosónban
XSPK_C_024_T0204,wavs_synthetic_crossspeaker/XSPK_C_024_T0204.wav,C_024,Válcs csatornát a tévén a nagyszobában.
XSPK_C_024_T0205,wavs_synthetic_crossspeaker/XSPK_C_024_T0205.wav,C_024,Konyhában kapcsold be a vízforraló.
XSPK_C_024_T0206,wavs_synthetic_crossspeaker/XSPK_C_024_T0206.wav,C_024,Fojján húzd fel a redőny.
XSPK_C_024_T0207,wavs_synthetic_crossspeaker/XSPK_C_024_T0207.wav,C_024,Kapcsold be a a kámítógépet a nagycobában
XSPK_C_024_T0208,wavs_synthetic_crossspeaker/XSPK_C_024_T0208.wav,C_024,Kisszobába váltsál csatornát a rádión
XSPK_C_024_T0209,wavs_synthetic_crossspeaker/XSPK_C_024_T0209.wav,C_024,Kisszobában húzd szét a függönyt
XSPK_C_025_T0000,wavs_synthetic_crossspeaker/XSPK_C_025_T0000.wav,C_025,Zárjuk be az ajtónt a konyhában
XSPK_C_025_T0001,wavs_synthetic_crossspeaker/XSPK_C_025_T0001.wav,C_025,A függönt húzd szét a nagycobában.
XSPK_C_025_T0002,wavs_synthetic_crossspeaker/XSPK_C_025_T0002.wav,C_025,Konyhában húzd le fűtést
XSPK_C_025_T0003,wavs_synthetic_crossspeaker/XSPK_C_025_T0003.wav,C_025,A konyhában hangosís fel a tévét.
XSPK_C_025_T0004,wavs_synthetic_crossspeaker/XSPK_C_025_T0004.wav,C_025,Folyosón kapcsold ki a porszívót.
XSPK_C_025_T0005,wavs_synthetic_crossspeaker/XSPK_C_025_T0005.wav,C_025,A kisszobába húzd be a függönyt
XSPK_C_025_T0006,wavs_synthetic_crossspeaker/XSPK_C_025_T0006.wav,C_025,Kapcsold be a ventilátort a szobába
XSPK_C_025_T0007,wavs_synthetic_crossspeaker/XSPK_C_025_T0007.wav,C_025,A szobábaö kapcsold fel a világítás.
XSPK_C_025_T0008,wavs_synthetic_crossspeaker/XSPK_C_025_T0008.wav,C_025,A vízmelegítőt kapcsold be a nagyszobában.
XSPK_C_025_T0009,wavs_synthetic_crossspeaker/XSPK_C_025_T0009.wav,C_025,Húzd fell a redőnyt a fojjosón.
XSPK_C_025_T0010,wavs_synthetic_crossspeaker/XSPK_C_025_T0010.wav,C_025,Kapcsold ki a porszivót a folyoson
XSPK_C_025_T0011,wavs_synthetic_crossspeaker/XSPK_C_025_T0011.wav,C_025,Kapcsold be a mosógéept a konyhában
XSPK_C_025_T0012,wavs_synthetic_crossspeaker/XSPK_C_025_T0012.wav,C_025,Nyisd ki az ablakot a konyhában
XSPK_C_025_T0013,wavs_synthetic_crossspeaker/XSPK_C_025_T0013.wav,C_025,Szobába kapcsold ki a fűtést.
XSPK_C_025_T0014,wavs_synthetic_crossspeaker/XSPK_C_025_T0014.wav,C_025,A folyosói redőnyt húzd fel
XSPK_C_025_T0015,wavs_synthetic_crossspeaker/XSPK_C_025_T0015.wav,C_025,Fürdőszobába csukjuk be az ajtót
XSPK_C_025_T0016,wavs_synthetic_crossspeaker/XSPK_C_025_T0016.wav,C_025,Engedd le a redőnyt a nagycobában
XSPK_C_025_T0017,wavs_synthetic_crossspeaker/XSPK_C_025_T0017.wav,C_025,Hangosítsd fel a tévét a nagyszobaban
XSPK_C_025_T0018,wavs_synthetic_crossspeaker/XSPK_C_025_T0018.wav,C_025,A kisszobában vál csatornát a rádión.
XSPK_C_025_T0019,wavs_synthetic_crossspeaker/XSPK_C_025_T0019.wav,C_025,Kapcsold feljebb a fűtést a nagyszobábam
XSPK_C_025_T0020,wavs_synthetic_crossspeaker/XSPK_C_025_T0020.wav,C_025,Kapcsol le a jadiátort a kisszobában
XSPK_C_025_T0021,wavs_synthetic_crossspeaker/XSPK_C_025_T0021.wav,C_025,A kisszobába zárd be az ajtót
XSPK_C_025_T0022,wavs_synthetic_crossspeaker/XSPK_C_025_T0022.wav,C_025,Ventilátort a für a folyosón ö kapcsold be
XSPK_C_025_T0023,wavs_synthetic_crossspeaker/XSPK_C_025_T0023.wav,C_025,A nagyszobában zárd be az ajtót
XSPK_C_025_T0024,wavs_synthetic_crossspeaker/XSPK_C_025_T0024.wav,C_025,Konyhába kapcsold ki a poszívót
XSPK_C_025_T0025,wavs_synthetic_crossspeaker/XSPK_C_025_T0025.wav,C_025,Húzd fel a reedőnyt a szobában
XSPK_C_025_T0026,wavs_synthetic_crossspeaker/XSPK_C_025_T0026.wav,C_025,Kapcsold be a mosógépet a fürdőszobában harminc fokra
XSPK_C_025_T0027,wavs_synthetic_crossspeaker/XSPK_C_025_T0027.wav,C_025,A szobában válts csatornát a rádión.
XSPK_C_025_T0028,wavs_synthetic_crossspeaker/XSPK_C_025_T0028.wav,C_025,Zárd be a fürdőszobában az ablakot
XSPK_C_025_T0029,wavs_synthetic_crossspeaker/XSPK_C_025_T0029.wav,C_025,Fürdőszobában hatvan fokra állítsd be a mosógépet
XSPK_C_025_T0030,wavs_synthetic_crossspeaker/XSPK_C_025_T0030.wav,C_025,A radiátort vedd le a szobába
XSPK_C_025_T0031,wavs_synthetic_crossspeaker/XSPK_C_025_T0031.wav,C_025,A szobába a számítógépet kapcsold be.
XSPK_C_025_T0032,wavs_synthetic_crossspeaker/XSPK_C_025_T0032.wav,C_025,Nagyszobába kapcsold be a fűtést
XSPK_C_025_T0033,wavs_synthetic_crossspeaker/XSPK_C_025_T0033.wav,C_025,A szobában alkítsd le a tévét
XSPK_C_025_T0034,wavs_synthetic_crossspeaker/XSPK_C_025_T0034.wav,C_025,Bezárjuk a ablakot a nagyszobában
XSPK_C_025_T0035,wavs_synthetic_crossspeaker/XSPK_C_025_T0035.wav,C_025,Csendesítsd a tévét a konyhában
XSPK_C_025_T0036,wavs_synthetic_crossspeaker/XSPK_C_025_T0036.wav,C_025,Fürdőszobába kapcsold föl a villanyt
XSPK_C_025_T0037,wavs_synthetic_crossspeaker/XSPK_C_025_T0037.wav,C_025,A szobában kapcsodl be a ventillátort
XSPK_C_025_T0038,wavs_synthetic_crossspeaker/XSPK_C_025_T0038.wav,C_025,A villanyt a szobába kapcsold le
XSPK_C_025_T0039,wavs_synthetic_crossspeaker/XSPK_C_025_T0039.wav,C_025,A szobában húzd be a függönt.
XSPK_C_025_T0040,wavs_synthetic_crossspeaker/XSPK_C_025_T0040.wav,C_025,Felkapcsoljuk a szobában a fűtés
XSPK_C_025_T0041,wavs_synthetic_crossspeaker/XSPK_C_025_T0041.wav,C_025,Kapcsold be a mosógépet hatvan fokon a konyhába.
XSPK_C_025_T0042,wavs_synthetic_crossspeaker/XSPK_C_025_T0042.wav,C_025,A nagyszobába kapcsold be a rádiót.
XSPK_C_025_T0043,wavs_synthetic_crossspeaker/XSPK_C_025_T0043.wav,C_025,A konyhába kapcsold föl a villanyfölkapcsolót
XSPK_C_025_T0044,wavs_synthetic_crossspeaker/XSPK_C_025_T0044.wav,C_025,A konyhában húzd ki az ajtót.
XSPK_C_025_T0045,wavs_synthetic_crossspeaker/XSPK_C_025_T0045.wav,C_025,A kisszobában csendesítsd a televíziót.
XSPK_C_025_T0046,wavs_synthetic_crossspeaker/XSPK_C_025_T0046.wav,C_025,Magasabb fokra kapcsoldjuk a fűtést a folyosón
XSPK_C_025_T0047,wavs_synthetic_crossspeaker/XSPK_C_025_T0047.wav,C_025,A fojjón kapcsold be a ventillátor.
XSPK_C_025_T0048,wavs_synthetic_crossspeaker/XSPK_C_025_T0048.wav,C_025,Szobában kapcsold be a porszívót.
XSPK_C_025_T0049,wavs_synthetic_crossspeaker/XSPK_C_025_T0049.wav,C_025,A fürdőszobában engedd le a redőnyt
XSPK_C_025_T0050,wavs_synthetic_crossspeaker/XSPK_C_025_T0050.wav,C_025,Konyhában húzd szét a függönyt.
XSPK_C_025_T0051,wavs_synthetic_crossspeaker/XSPK_C_025_T0051.wav,C_025,Kapcsold be a számítógéget számítógépet a szobában
XSPK_C_025_T0052,wavs_synthetic_crossspeaker/XSPK_C_025_T0052.wav,C_025,Húzd feljebb a radirátort a fürdőszobában
XSPK_C_025_T0053,wavs_synthetic_crossspeaker/XSPK_C_025_T0053.wav,C_025,Lekapcsoldjuk a fűtést a folyosón
XSPK_C_025_T0054,wavs_synthetic_crossspeaker/XSPK_C_025_T0054.wav,C_025,Zárd be atót a folyosón
XSPK_C_025_T0055,wavs_synthetic_crossspeaker/XSPK_C_025_T0055.wav,C_025,Fürdőzában kapcsold le a villanyt
XSPK_C_025_T0056,wavs_synthetic_crossspeaker/XSPK_C_025_T0056.wav,C_025,Konyhában ö öj pi porszívót bekapcsolni
XSPK_C_025_T0057,wavs_synthetic_crossspeaker/XSPK_C_025_T0057.wav,C_025,A radiátort vedd lejjebb a folyosón
XSPK_C_025_T0058,wavs_synthetic_crossspeaker/XSPK_C_025_T0058.wav,C_025,Nyics ki az ajtót a kisszobában.
XSPK_C_025_T0059,wavs_synthetic_crossspeaker/XSPK_C_025_T0059.wav,C_025,Halkítsuk a tévét a folyosón
XSPK_C_025_T0060,wavs_synthetic_crossspeaker/XSPK_C_025_T0060.wav,C_025,Kapcsold fel a világítást a szobában.
XSPK_C_025_T0061,wavs_synthetic_crossspeaker/XSPK_C_025_T0061.wav,C_025,A számítógépet kapcsold be a nagyszobába
XSPK_C_025_T0062,wavs_synthetic_crossspeaker/XSPK_C_025_T0062.wav,C_025,Zárd be az ablakot a kisszobaban
XSPK_C_025_T0063,wavs_synthetic_crossspeaker/XSPK_C_025_T0063.wav,C_025,A konyhában kapcsold be a ventilátort
XSPK_C_025_T0064,wavs_synthetic_crossspeaker/XSPK_C_025_T0064.wav,C_025,A fürdőszobában kapcsold le a villanyt.
XSPK_C_025_T0065,wavs_synthetic_crossspeaker/XSPK_C_025_T0065.wav,C_025,Nyissuk ki az ablakot a konyhába
XSPK_C_025_T0066,wavs_synthetic_crossspeaker/XSPK_C_025_T0066.wav,C_025,Kapcsold ki a számítógépet a kis szobában.
XSPK_C_025_T0067,wavs_synthetic_crossspeaker/XSPK_C_025_T0067.wav,C_025,Konyhába ki sütött
XSPK_C_025_T0068,wavs_synthetic_crossspeaker/XSPK_C_025_T0068.wav,C_025,Szobában húzd föl a fűtést.
XSPK_C_025_T0069,wavs_synthetic_crossspeaker/XSPK_C_025_T0069.wav,C_025,A fürdőszobába húzd fel a függönyt
XSPK_C_025_T0070,wavs_synthetic_crossspeaker/XSPK_C_025_T0070.wav,C_025,Nagyszobába nyomd fel a fűtést
XSPK_C_025_T0071,wavs_synthetic_crossspeaker/XSPK_C_025_T0071.wav,C_025,Kapcsold be a fűtést a konyhában
XSPK_C_025_T0072,wavs_synthetic_crossspeaker/XSPK_C_025_T0072.wav,C_025,Kapcsold fel a villanyszo nagyszobában.
XSPK_C_025_T0073,wavs_synthetic_crossspeaker/XSPK_C_025_T0073.wav,C_025,A nagyszobában kapcsold le a villany.
XSPK_C_025_T0074,wavs_synthetic_crossspeaker/XSPK_C_025_T0074.wav,C_025,Kisszobába kapcsold be a fűtést.
XSPK_C_025_T0075,wavs_synthetic_crossspeaker/XSPK_C_025_T0075.wav,C_025,A konyhában húzd le a fűtés.
XSPK_C_025_T0076,wavs_synthetic_crossspeaker/XSPK_C_025_T0076.wav,C_025,Nyisd ki az ablakot kisszobába.
XSPK_C_025_T0077,wavs_synthetic_crossspeaker/XSPK_C_025_T0077.wav,C_025,Kisszobába kapcsoljuk fel a villanyt
XSPK_C_025_T0078,wavs_synthetic_crossspeaker/XSPK_C_025_T0078.wav,C_025,Húzd fell a reddőny a konyhába.
XSPK_C_025_T0079,wavs_synthetic_crossspeaker/XSPK_C_025_T0079.wav,C_025,A folyosó ajtaját becsuknád
XSPK_C_025_T0080,wavs_synthetic_crossspeaker/XSPK_C_025_T0080.wav,C_025,A folyosón halkítsd le a tévét
XSPK_C_025_T0081,wavs_synthetic_crossspeaker/XSPK_C_025_T0081.wav,C_025,A szobában kapcsold fel a villanyt.
XSPK_C_025_T0082,wavs_synthetic_crossspeaker/XSPK_C_025_T0082.wav,C_025,Kapcsold be a ventillátort asz fürdőszobában
XSPK_C_025_T0083,wavs_synthetic_crossspeaker/XSPK_C_025_T0083.wav,C_025,Zárd be az ajtót a kisszobámban.
XSPK_C_025_T0084,wavs_synthetic_crossspeaker/XSPK_C_025_T0084.wav,C_025,A konyhába húzd be a függönyt.
XSPK_C_025_T0085,wavs_synthetic_crossspeaker/XSPK_C_025_T0085.wav,C_025,Húzd le a redőny a fürdőszobába
XSPK_C_025_T0086,wavs_synthetic_crossspeaker/XSPK_C_025_T0086.wav,C_025,Kapcsold be a porszívót a nagyszobában.
XSPK_C_025_T0087,wavs_synthetic_crossspeaker/XSPK_C_025_T0087.wav,C_025,Folyosón zárd be az ablakot
XSPK_C_025_T0088,wavs_synthetic_crossspeaker/XSPK_C_025_T0088.wav,C_025,A rádiót kapcsold ki a szobába
XSPK_C_025_T0089,wavs_synthetic_crossspeaker/XSPK_C_025_T0089.wav,C_025,Vedd feljebb a radiátort a konyhába
XSPK_C_025_T0090,wavs_synthetic_crossspeaker/XSPK_C_025_T0090.wav,C_025,Fürdőszoban nyisd ki a
XSPK_C_025_T0091,wavs_synthetic_crossspeaker/XSPK_C_025_T0091.wav,C_025,Csendesícs a tévét a szobába.
XSPK_C_025_T0092,wavs_synthetic_crossspeaker/XSPK_C_025_T0092.wav,C_025,Fürdőszobában húzd föl a redőnyt
XSPK_C_025_T0093,wavs_synthetic_crossspeaker/XSPK_C_025_T0093.wav,C_025,Konyhai függönyt húzd be
XSPK_C_025_T0094,wavs_synthetic_crossspeaker/XSPK_C_025_T0094.wav,C_025,Kapcsold be a a kámítógépet a nagycobában
XSPK_C_025_T0095,wavs_synthetic_crossspeaker/XSPK_C_025_T0095.wav,C_025,Kapcsold be a rádiót a fürdőszobába.
XSPK_C_025_T0096,wavs_synthetic_crossspeaker/XSPK_C_025_T0096.wav,C_025,A redőnyt a szobában húzd fel
XSPK_C_025_T0097,wavs_synthetic_crossspeaker/XSPK_C_025_T0097.wav,C_025,Nagyszobába húzzuk be a függönyöket
XSPK_C_025_T0098,wavs_synthetic_crossspeaker/XSPK_C_025_T0098.wav,C_025,Kapcsold ki a számítógépet a konyhánk a konyhában.
XSPK_C_025_T0099,wavs_synthetic_crossspeaker/XSPK_C_025_T0099.wav,C_025,A szobában kapcsold fel a villany.
XSPK_C_025_T0100,wavs_synthetic_crossspeaker/XSPK_C_025_T0100.wav,C_025,Kapcsold ki a rádiót a fürdőszobában.
XSPK_C_025_T0101,wavs_synthetic_crossspeaker/XSPK_C_025_T0101.wav,C_025,Kapcsold be a számítógépet a kisszobaban
XSPK_C_025_T0102,wavs_synthetic_crossspeaker/XSPK_C_025_T0102.wav,C_025,Kapcsold be a rádijót a szobában.
XSPK_C_025_T0103,wavs_synthetic_crossspeaker/XSPK_C_025_T0103.wav,C_025,Kapcsold föl a villanyfölkapcsolót a fürdőszobába
XSPK_C_025_T0104,wavs_synthetic_crossspeaker/XSPK_C_025_T0104.wav,C_025,Halkítsd le a tévét a nagyszobába
XSPK_C_025_T0105,wavs_synthetic_crossspeaker/XSPK_C_025_T0105.wav,C_025,Khapcsold be rádiót a kisszobában.
XSPK_C_025_T0106,wavs_synthetic_crossspeaker/XSPK_C_025_T0106.wav,C_025,A polyosón pedig kapcsold ki
XSPK_C_025_T0107,wavs_synthetic_crossspeaker/XSPK_C_025_T0107.wav,C_025,Zapcsold be a fürdőszobába harminc fokon mosógépet
XSPK_C_025_T0108,wavs_synthetic_crossspeaker/XSPK_C_025_T0108.wav,C_025,A konyhában kapcsold ki a fűtést
XSPK_C_025_T0109,wavs_synthetic_crossspeaker/XSPK_C_025_T0109.wav,C_025,Zárd be az ablakot a fürdő szobában.
XSPK_C_025_T0110,wavs_synthetic_crossspeaker/XSPK_C_025_T0110.wav,C_025,A ventilátort kapcsold be a naccobába
XSPK_C_025_T0111,wavs_synthetic_crossspeaker/XSPK_C_025_T0111.wav,C_025,A konyhába a vízforralót kapcsold be
XSPK_C_025_T0112,wavs_synthetic_crossspeaker/XSPK_C_025_T0112.wav,C_025,Fürdőszobában kapcsold be a fűtést
XSPK_C_025_T0113,wavs_synthetic_crossspeaker/XSPK_C_025_T0113.wav,C_025,Csapcsold be a rádiót a konyhában
XSPK_C_025_T0114,wavs_synthetic_crossspeaker/XSPK_C_025_T0114.wav,C_025,Vál csatornát a rádión a fojjosón.
XSPK_C_025_T0115,wavs_synthetic_crossspeaker/XSPK_C_025_T0115.wav,C_025,Kapcsold ki a ventilátort a szobában
XSPK_C_025_T0116,wavs_synthetic_crossspeaker/XSPK_C_025_T0116.wav,C_025,Kapcsold be a ventilátort a fürdőszobában
XSPK_C_025_T0117,wavs_synthetic_crossspeaker/XSPK_C_025_T0117.wav,C_025,A szobába kapcsold le a villanyt.
XSPK_C_025_T0118,wavs_synthetic_crossspeaker/XSPK_C_025_T0118.wav,C_025,A nagszobában kapcsold ki a ventillátort
XSPK_C_025_T0119,wavs_synthetic_crossspeaker/XSPK_C_025_T0119.wav,C_025,A nagycobában zárd be az ablakot
XSPK_C_025_T0120,wavs_synthetic_crossspeaker/XSPK_C_025_T0120.wav,C_025,Konyhába húzd szét a függöny.
XSPK_C_025_T0121,wavs_synthetic_crossspeaker/XSPK_C_025_T0121.wav,C_025,A nagyszobában tej csendesícsd a tévé.
XSPK_C_025_T0122,wavs_synthetic_crossspeaker/XSPK_C_025_T0122.wav,C_025,Kapcsold ki a rádjót a konyhában.
XSPK_C_025_T0123,wavs_synthetic_crossspeaker/XSPK_C_025_T0123.wav,C_025,Nagyszobába kapcsold be a ventilátorokat
XSPK_C_025_T0124,wavs_synthetic_crossspeaker/XSPK_C_025_T0124.wav,C_025,A konyhában kapcsold ki a ventillátort
XSPK_C_025_T0125,wavs_synthetic_crossspeaker/XSPK_C_025_T0125.wav,C_025,Nyisd ki az ablakot a nagyszobaba
XSPK_C_025_T0126,wavs_synthetic_crossspeaker/XSPK_C_025_T0126.wav,C_025,Szobába húzd le a redőny
XSPK_C_025_T0127,wavs_synthetic_crossspeaker/XSPK_C_025_T0127.wav,C_025,Konyhában kapcsold ki a porszívót
XSPK_C_025_T0128,wavs_synthetic_crossspeaker/XSPK_C_025_T0128.wav,C_025,Húzd be a függönyt a folyosón.
XSPK_C_025_T0129,wavs_synthetic_crossspeaker/XSPK_C_025_T0129.wav,C_025,Folyoson zárd be az ajtót
XSPK_C_025_T0130,wavs_synthetic_crossspeaker/XSPK_C_025_T0130.wav,C_025,Válcs csatotornát a ládión a szobában.
XSPK_C_025_T0131,wavs_synthetic_crossspeaker/XSPK_C_025_T0131.wav,C_025,Válts csatornát a tévén a nagyszobában
XSPK_C_025_T0132,wavs_synthetic_crossspeaker/XSPK_C_025_T0132.wav,C_025,A fürdőszobában kapcsold be a porszívót
XSPK_C_025_T0133,wavs_synthetic_crossspeaker/XSPK_C_025_T0133.wav,C_025,Kapcsold feljebb a fűtést a a kisszobában
XSPK_C_025_T0134,wavs_synthetic_crossspeaker/XSPK_C_025_T0134.wav,C_025,A konyhai ajtót nyisd ki
XSPK_C_025_T0135,wavs_synthetic_crossspeaker/XSPK_C_025_T0135.wav,C_025,A nagyszobában hangosícsd a tévét.
XSPK_C_025_T0136,wavs_synthetic_crossspeaker/XSPK_C_025_T0136.wav,C_025,A fűdőszobába kapcsold ki a ventilátort
XSPK_C_025_T0137,wavs_synthetic_crossspeaker/XSPK_C_025_T0137.wav,C_025,A szobában nyisd ki a ablakot
XSPK_C_025_T0138,wavs_synthetic_crossspeaker/XSPK_C_025_T0138.wav,C_025,Folyosón hússzét a függönyt.
XSPK_C_025_T0139,wavs_synthetic_crossspeaker/XSPK_C_025_T0139.wav,C_025,A kisszéában kapcsold ki a számítógépet
XSPK_C_025_T0140,wavs_synthetic_crossspeaker/XSPK_C_025_T0140.wav,C_025,Kenyérpirító kapcsold be a konyhába
XSPK_C_025_T0141,wavs_synthetic_crossspeaker/XSPK_C_025_T0141.wav,C_025,Húzd szét a függönyt a nagyszobában.
XSPK_C_025_T0142,wavs_synthetic_crossspeaker/XSPK_C_025_T0142.wav,C_025,Folyosón zárd be az ablakot.
XSPK_C_025_T0143,wavs_synthetic_crossspeaker/XSPK_C_025_T0143.wav,C_025,Kapcsold be a porszívót a konyhában
XSPK_C_025_T0144,wavs_synthetic_crossspeaker/XSPK_C_025_T0144.wav,C_025,Kapcsold be a porszívót a folyosóban
XSPK_C_025_T0145,wavs_synthetic_crossspeaker/XSPK_C_025_T0145.wav,C_025,Válcs csatornát a rádjón a szobában.
XSPK_C_025_T0146,wavs_synthetic_crossspeaker/XSPK_C_025_T0146.wav,C_025,Vál csatornát a tévén a szobában.
XSPK_C_025_T0147,wavs_synthetic_crossspeaker/XSPK_C_025_T0147.wav,C_025,Folyosón kapcsold ki a porszívót
XSPK_C_025_T0148,wavs_synthetic_crossspeaker/XSPK_C_025_T0148.wav,C_025,Kapcsold be a forszívót a nagyszobában
XSPK_C_025_T0149,wavs_synthetic_crossspeaker/XSPK_C_025_T0149.wav,C_025,A folyosón kapcsold ki a radiátort
XSPK_C_025_T0150,wavs_synthetic_crossspeaker/XSPK_C_025_T0150.wav,C_025,Kapcsold ki a pirítót a konyhába
XSPK_C_025_T0151,wavs_synthetic_crossspeaker/XSPK_C_025_T0151.wav,C_025,A konyhában húzd szét a függöny
XSPK_C_025_T0152,wavs_synthetic_crossspeaker/XSPK_C_025_T0152.wav,C_025,Kapcsold be a konyhában a tűzhelyet.
XSPK_C_025_T0153,wavs_synthetic_crossspeaker/XSPK_C_025_T0153.wav,C_025,A szobába zád be az ablakot
XSPK_C_025_T0154,wavs_synthetic_crossspeaker/XSPK_C_025_T0154.wav,C_025,Zárd be az ablakot a kisszobába.
XSPK_C_025_T0155,wavs_synthetic_crossspeaker/XSPK_C_025_T0155.wav,C_025,Szobába válts csatornát a tévén
XSPK_C_025_T0156,wavs_synthetic_crossspeaker/XSPK_C_025_T0156.wav,C_025,A nagyszobában kapcsold le a villan
XSPK_C_025_T0157,wavs_synthetic_crossspeaker/XSPK_C_025_T0157.wav,C_025,Hangosítsd a tévét a folyoson
XSPK_C_025_T0158,wavs_synthetic_crossspeaker/XSPK_C_025_T0158.wav,C_025,Kapcsold be a mosógépet harminc fokon a nagy a konyhában
XSPK_C_025_T0159,wavs_synthetic_crossspeaker/XSPK_C_025_T0159.wav,C_025,Húzd le a redőnt a konyhában.
XSPK_C_025_T0160,wavs_synthetic_crossspeaker/XSPK_C_025_T0160.wav,C_025,Nagyszobában zárd be az ajtót.
XSPK_C_025_T0161,wavs_synthetic_crossspeaker/XSPK_C_025_T0161.wav,C_025,Konyhában kapcsold ki a tévét
XSPK_C_025_T0162,wavs_synthetic_crossspeaker/XSPK_C_025_T0162.wav,C_025,Kapcsoljuk ki a fűtést a nagyszobába
XSPK_C_025_T0163,wavs_synthetic_crossspeaker/XSPK_C_025_T0163.wav,C_025,Kapcsold be a ventilátort a kisszobába
XSPK_C_025_T0164,wavs_synthetic_crossspeaker/XSPK_C_025_T0164.wav,C_025,Hangosítsd fel a tévét a folyosón.
XSPK_C_025_T0165,wavs_synthetic_crossspeaker/XSPK_C_025_T0165.wav,C_025,Kisszobában húzd le légy szíves a redőnyt
XSPK_C_025_T0166,wavs_synthetic_crossspeaker/XSPK_C_025_T0166.wav,C_025,A naccobában húzd le a redőnyöket
XSPK_C_025_T0167,wavs_synthetic_crossspeaker/XSPK_C_025_T0167.wav,C_025,A nagyszobában kapcskold fel a villany
XSPK_C_025_T0168,wavs_synthetic_crossspeaker/XSPK_C_025_T0168.wav,C_025,Húzd vell a redőnyt a nagyszobábán.
XSPK_C_025_T0169,wavs_synthetic_crossspeaker/XSPK_C_025_T0169.wav,C_025,Kapcsold ki a szobába a számítógépet
XSPK_C_025_T0170,wavs_synthetic_crossspeaker/XSPK_C_025_T0170.wav,C_025,Zapcsold ki a radidátor a szobában
XSPK_C_025_T0171,wavs_synthetic_crossspeaker/XSPK_C_025_T0171.wav,C_025,Kapcsold ki a fűtés a fojjosón.
XSPK_C_025_T0172,wavs_synthetic_crossspeaker/XSPK_C_025_T0172.wav,C_025,A kisszobába kapcsold föl a villanyt
XSPK_C_025_T0173,wavs_synthetic_crossspeaker/XSPK_C_025_T0173.wav,C_025,A kisszobában engedd le a redőnyt
XSPK_C_025_T0174,wavs_synthetic_crossspeaker/XSPK_C_025_T0174.wav,C_025,A nagyszobában csendesíts tévét.
XSPK_C_025_T0175,wavs_synthetic_crossspeaker/XSPK_C_025_T0175.wav,C_025,Kapcsold be a fo folyosón
XSPK_C_025_T0176,wavs_synthetic_crossspeaker/XSPK_C_025_T0176.wav,C_025,A ventilátort kapcsold be a füldőszoba
XSPK_C_025_T0177,wavs_synthetic_crossspeaker/XSPK_C_025_T0177.wav,C_025,Húzd fel a redőnyöket a kisszobában
XSPK_C_025_T0178,wavs_synthetic_crossspeaker/XSPK_C_025_T0178.wav,C_025,Húzd föl a redőnyt a folyosón.
XSPK_C_025_T0179,wavs_synthetic_crossspeaker/XSPK_C_025_T0179.wav,C_025,Huzzuk szét a függönyt a szobában
XSPK_C_025_T0180,wavs_synthetic_crossspeaker/XSPK_C_025_T0180.wav,C_025,Fürdőszobába nyissuk ki az ajtót
XSPK_C_025_T0181,wavs_synthetic_crossspeaker/XSPK_C_025_T0181.wav,C_025,Kapcsold fel a villanyt a kíszobába.
XSPK_C_025_T0182,wavs_synthetic_crossspeaker/XSPK_C_025_T0182.wav,C_025,Fürdőszobában kapcsold ki a porszívót
XSPK_C_025_T0183,wavs_synthetic_crossspeaker/XSPK_C_025_T0183.wav,C_025,Kapcsold te a villanyt a nagyszobába.
XSPK_C_025_T0184,wavs_synthetic_crossspeaker/XSPK_C_025_T0184.wav,C_025,Kapcsold be a radiátort a fürdőszobában
XSPK_C_025_T0185,wavs_synthetic_crossspeaker/XSPK_C_025_T0185.wav,C_025,Zárják ki az ablakot a szobába
XSPK_C_025_T0186,wavs_synthetic_crossspeaker/XSPK_C_025_T0186.wav,C_025,Nyisd ki az ajtót a konyhába.
XSPK_C_025_T0187,wavs_synthetic_crossspeaker/XSPK_C_025_T0187.wav,C_025,Khapcsold be a porszívót a konyhában.
XSPK_C_025_T0188,wavs_synthetic_crossspeaker/XSPK_C_025_T0188.wav,C_025,Kapcsold ki a porszívót a kiszobában.
XSPK_C_025_T0189,wavs_synthetic_crossspeaker/XSPK_C_025_T0189.wav,C_025,A nagyszobában húzd szét a függönyt.
XSPK_C_025_T0190,wavs_synthetic_crossspeaker/XSPK_C_025_T0190.wav,C_025,A folyosón nyisd kí az ablakot.
XSPK_C_025_T0191,wavs_synthetic_crossspeaker/XSPK_C_025_T0191.wav,C_025,A konyhában kapcsold be a mosógépet hatvan fokra.
XSPK_C_025_T0192,wavs_synthetic_crossspeaker/XSPK_C_025_T0192.wav,C_025,Bezárjuk a ablakot a konyhában
XSPK_C_025_T0193,wavs_synthetic_crossspeaker/XSPK_C_025_T0193.wav,C_025,Folyosó kapcsold ki a tévét
XSPK_C_025_T0194,wavs_synthetic_crossspeaker/XSPK_C_025_T0194.wav,C_025,A kisszobában hangosítsd a televíziót.
XSPK_C_025_T0195,wavs_synthetic_crossspeaker/XSPK_C_025_T0195.wav,C_025,A szobában kapcsold fel a villanyt
XSPK_C_025_T0196,wavs_synthetic_crossspeaker/XSPK_C_025_T0196.wav,C_025,A nagyszobában húzd szét a függöny
XSPK_C_025_T0197,wavs_synthetic_crossspeaker/XSPK_C_025_T0197.wav,C_025,Kapcsold fel a villanyt kisszobában
XSPK_C_025_T0198,wavs_synthetic_crossspeaker/XSPK_C_025_T0198.wav,C_025,A konyhába kapcsold be a kenyérpirítót.
XSPK_C_025_T0199,wavs_synthetic_crossspeaker/XSPK_C_025_T0199.wav,C_025,A kisszobábán nyissd ki az ajtót.
XSPK_C_025_T0200,wavs_synthetic_crossspeaker/XSPK_C_025_T0200.wav,C_025,A kisszobaban huzd le a redöny
XSPK_C_025_T0201,wavs_synthetic_crossspeaker/XSPK_C_025_T0201.wav,C_025,Konyhába húzle a fűtést.
XSPK_C_025_T0202,wavs_synthetic_crossspeaker/XSPK_C_025_T0202.wav,C_025,Vedd feljebb a radiátort a kisszobába
XSPK_C_025_T0203,wavs_synthetic_crossspeaker/XSPK_C_025_T0203.wav,C_025,A fürdőszobában kapcsold le a villan
XSPK_C_025_T0204,wavs_synthetic_crossspeaker/XSPK_C_025_T0204.wav,C_025,A folyosón zárd be az ajtót.
XSPK_C_025_T0205,wavs_synthetic_crossspeaker/XSPK_C_025_T0205.wav,C_025,Nyiss ki az ajtót a fürdőszobában.
XSPK_C_025_T0206,wavs_synthetic_crossspeaker/XSPK_C_025_T0206.wav,C_025,A kisszobában húzd szét a függöny.
XSPK_C_025_T0207,wavs_synthetic_crossspeaker/XSPK_C_025_T0207.wav,C_025,A konyhába kapcsold be a mosógépet hatvan fokos hőmérséklet esetén
XSPK_C_025_T0208,wavs_synthetic_crossspeaker/XSPK_C_025_T0208.wav,C_025,Fürdőszoban csatorna válni
XSPK_C_025_T0209,wavs_synthetic_crossspeaker/XSPK_C_025_T0209.wav,C_025,A nagyszobába kapcsold be a porszivó.
XSPK_C_026_T0000,wavs_synthetic_crossspeaker/XSPK_C_026_T0000.wav,C_026,A kisszobában kapcsold ki a számítógépet jó
XSPK_C_026_T0001,wavs_synthetic_crossspeaker/XSPK_C_026_T0001.wav,C_026,Kapcsold fel a világítást a fürdőszobában.
XSPK_C_026_T0002,wavs_synthetic_crossspeaker/XSPK_C_026_T0002.wav,C_026,Húzd föl a redőnyt a na nagyszobába
XSPK_C_026_T0003,wavs_synthetic_crossspeaker/XSPK_C_026_T0003.wav,C_026,Csendesítsd a televíziót a kisszobában.
XSPK_C_026_T0004,wavs_synthetic_crossspeaker/XSPK_C_026_T0004.wav,C_026,Folyosón kapcsoljuk fel a villanyt
XSPK_C_026_T0005,wavs_synthetic_crossspeaker/XSPK_C_026_T0005.wav,C_026,Hívd fel a fiam.
XSPK_C_026_T0006,wavs_synthetic_crossspeaker/XSPK_C_026_T0006.wav,C_026,Khapcsold le a villanyt a kisszobában.
XSPK_C_026_T0007,wavs_synthetic_crossspeaker/XSPK_C_026_T0007.wav,C_026,A konyhában kapcsold ki a rádió.
XSPK_C_026_T0008,wavs_synthetic_crossspeaker/XSPK_C_026_T0008.wav,C_026,A konyhában vacsocsornát a rádión.
XSPK_C_026_T0009,wavs_synthetic_crossspeaker/XSPK_C_026_T0009.wav,C_026,Nyísd ki az ajtót a szobában
XSPK_C_026_T0010,wavs_synthetic_crossspeaker/XSPK_C_026_T0010.wav,C_026,A porszívó be a fürdőszobában
XSPK_C_026_T0011,wavs_synthetic_crossspeaker/XSPK_C_026_T0011.wav,C_026,A fürdőszoba kapcsold be a rádiót
XSPK_C_026_T0012,wavs_synthetic_crossspeaker/XSPK_C_026_T0012.wav,C_026,A fürdőszobába kapcsold be hatvan fokon a mosógépet
XSPK_C_026_T0013,wavs_synthetic_crossspeaker/XSPK_C_026_T0013.wav,C_026,Kapcsold be a rediát a konyhában
XSPK_C_026_T0014,wavs_synthetic_crossspeaker/XSPK_C_026_T0014.wav,C_026,Húzd szét a függöny a szobában.
XSPK_C_026_T0015,wavs_synthetic_crossspeaker/XSPK_C_026_T0015.wav,C_026,Konyhában bekapcsolni piri
XSPK_C_026_T0016,wavs_synthetic_crossspeaker/XSPK_C_026_T0016.wav,C_026,Konyhába húzd le a fűtés
XSPK_C_026_T0017,wavs_synthetic_crossspeaker/XSPK_C_026_T0017.wav,C_026,Szobában kapcsold be a villanyt
XSPK_C_026_T0018,wavs_synthetic_crossspeaker/XSPK_C_026_T0018.wav,C_026,Hangosod a tévét a kisszoubában
XSPK_C_026_T0019,wavs_synthetic_crossspeaker/XSPK_C_026_T0019.wav,C_026,Vedd le a fűtést a kisszobába
XSPK_C_026_T0020,wavs_synthetic_crossspeaker/XSPK_C_026_T0020.wav,C_026,Kikapcsoltad a porszívót
XSPK_C_026_T0021,wavs_synthetic_crossspeaker/XSPK_C_026_T0021.wav,C_026,A kérgiszobában nyisd ki az ablakot.
XSPK_C_026_T0022,wavs_synthetic_crossspeaker/XSPK_C_026_T0022.wav,C_026,Szobában húzd föl a fűtést.
XSPK_C_026_T0023,wavs_synthetic_crossspeaker/XSPK_C_026_T0023.wav,C_026,A rádiót kapcsold ki a kisszobába.
XSPK_C_026_T0024,wavs_synthetic_crossspeaker/XSPK_C_026_T0024.wav,C_026,Úzd lejjebb a szobában a nadirátort
XSPK_C_026_T0025,wavs_synthetic_crossspeaker/XSPK_C_026_T0025.wav,C_026,Kisszobában csukjuk be az ajtót
XSPK_C_026_T0026,wavs_synthetic_crossspeaker/XSPK_C_026_T0026.wav,C_026,Válts csatornát a nagycobába
XSPK_C_026_T0027,wavs_synthetic_crossspeaker/XSPK_C_026_T0027.wav,C_026,Kapcsold le a villányt a nagyszobában.
XSPK_C_026_T0028,wavs_synthetic_crossspeaker/XSPK_C_026_T0028.wav,C_026,Nyissd ki az ajtót a szobában.
XSPK_C_026_T0029,wavs_synthetic_crossspeaker/XSPK_C_026_T0029.wav,C_026,Szobába kapcsold föl a villanyfölkapcsolót
XSPK_C_026_T0030,wavs_synthetic_crossspeaker/XSPK_C_026_T0030.wav,C_026,Húzd föl a redőnyt a nagyszobában.
XSPK_C_026_T0031,wavs_synthetic_crossspeaker/XSPK_C_026_T0031.wav,C_026,Kapcsold be a mosógépet harminc fokon a fürdőszobába
XSPK_C_026_T0032,wavs_synthetic_crossspeaker/XSPK_C_026_T0032.wav,C_026,Konyhában kapcsold be asógépet harminc fokon.
XSPK_C_026_T0033,wavs_synthetic_crossspeaker/XSPK_C_026_T0033.wav,C_026,Szobában húzd le a hüttő.
XSPK_C_026_T0034,wavs_synthetic_crossspeaker/XSPK_C_026_T0034.wav,C_026,Csendesícsd le a tévét a nagyszobában.
XSPK_C_026_T0035,wavs_synthetic_crossspeaker/XSPK_C_026_T0035.wav,C_026,A kisszobábán kapcsold ki á porsívót.
XSPK_C_026_T0036,wavs_synthetic_crossspeaker/XSPK_C_026_T0036.wav,C_026,Kenyérpirító kapcsold be a konyhába
XSPK_C_026_T0037,wavs_synthetic_crossspeaker/XSPK_C_026_T0037.wav,C_026,Húzd föl a fűtést a kisszobába.
XSPK_C_026_T0038,wavs_synthetic_crossspeaker/XSPK_C_026_T0038.wav,C_026,Kapcsold be a számítógépet a nagyszobában.
XSPK_C_026_T0039,wavs_synthetic_crossspeaker/XSPK_C_026_T0039.wav,C_026,Kapcsold ki a rádiót a nagyszobába
XSPK_C_026_T0040,wavs_synthetic_crossspeaker/XSPK_C_026_T0040.wav,C_026,Fürdőszobában húzd be a függöny
XSPK_C_026_T0041,wavs_synthetic_crossspeaker/XSPK_C_026_T0041.wav,C_026,A nagyszobában húzd be a függönyt
XSPK_C_026_T0042,wavs_synthetic_crossspeaker/XSPK_C_026_T0042.wav,C_026,Húzd fel a redőnyt a kisszobába
XSPK_C_026_T0043,wavs_synthetic_crossspeaker/XSPK_C_026_T0043.wav,C_026,A folyosón a számítógépet kapcsold ki.
XSPK_C_026_T0044,wavs_synthetic_crossspeaker/XSPK_C_026_T0044.wav,C_026,A  fojjosón kapcsold ki a számítógépet.
XSPK_C_026_T0045,wavs_synthetic_crossspeaker/XSPK_C_026_T0045.wav,C_026,Nyissd ki az ajtót a nagyszobábán.
XSPK_C_026_T0046,wavs_synthetic_crossspeaker/XSPK_C_026_T0046.wav,C_026,A na cobában válts catonár a rádión
XSPK_C_026_T0047,wavs_synthetic_crossspeaker/XSPK_C_026_T0047.wav,C_026,Kapcsold be a konyhában a pirítós
XSPK_C_026_T0048,wavs_synthetic_crossspeaker/XSPK_C_026_T0048.wav,C_026,Hózd szét a függönyt kisszobában
XSPK_C_026_T0049,wavs_synthetic_crossspeaker/XSPK_C_026_T0049.wav,C_026,Konyhába kapcsold be a rádiot
XSPK_C_026_T0050,wavs_synthetic_crossspeaker/XSPK_C_026_T0050.wav,C_026,Szobába kapcsold le a villanyfölkapcsolót
XSPK_C_026_T0051,wavs_synthetic_crossspeaker/XSPK_C_026_T0051.wav,C_026,A folyoson válts csatornát a rádion
XSPK_C_026_T0052,wavs_synthetic_crossspeaker/XSPK_C_026_T0052.wav,C_026,Nagyszobai rádión légy szíves csatornát váltani
XSPK_C_026_T0053,wavs_synthetic_crossspeaker/XSPK_C_026_T0053.wav,C_026,Konyhában húzd be a függönyt
XSPK_C_026_T0054,wavs_synthetic_crossspeaker/XSPK_C_026_T0054.wav,C_026,Húzd fel a nagyszobai redőnyt
XSPK_C_026_T0055,wavs_synthetic_crossspeaker/XSPK_C_026_T0055.wav,C_026,A folyosó ajtaját becsuknád
XSPK_C_026_T0056,wavs_synthetic_crossspeaker/XSPK_C_026_T0056.wav,C_026,Kapcsold le a sütőt a konyhába
XSPK_C_026_T0057,wavs_synthetic_crossspeaker/XSPK_C_026_T0057.wav,C_026,Húzd be a függönyt a konyhában
XSPK_C_026_T0058,wavs_synthetic_crossspeaker/XSPK_C_026_T0058.wav,C_026,Csold be a fűtést a folyoson
XSPK_C_026_T0059,wavs_synthetic_crossspeaker/XSPK_C_026_T0059.wav,C_026,A folyoson húzd fel a redőny
XSPK_C_026_T0060,wavs_synthetic_crossspeaker/XSPK_C_026_T0060.wav,C_026,Vedd föl légy szíves a nagyszobába a radiátort
XSPK_C_026_T0061,wavs_synthetic_crossspeaker/XSPK_C_026_T0061.wav,C_026,Kapcsold be a ventilátort a kisszobában a nagyszobában
XSPK_C_026_T0062,wavs_synthetic_crossspeaker/XSPK_C_026_T0062.wav,C_026,A szobába vegyük már lejjebb a fűtést
XSPK_C_026_T0063,wavs_synthetic_crossspeaker/XSPK_C_026_T0063.wav,C_026,Kapcsold ki a rádiót a konyhába
XSPK_C_026_T0064,wavs_synthetic_crossspeaker/XSPK_C_026_T0064.wav,C_026,Válcs csatornát a tévén a szobában.
XSPK_C_026_T0065,wavs_synthetic_crossspeaker/XSPK_C_026_T0065.wav,C_026,Kapcsold át a rádiót a szobában
XSPK_C_026_T0066,wavs_synthetic_crossspeaker/XSPK_C_026_T0066.wav,C_026,Kapcsold föl szobába a villanyt
XSPK_C_026_T0067,wavs_synthetic_crossspeaker/XSPK_C_026_T0067.wav,C_026,Fürdőszoba hőmérsékletét kapcsold be
XSPK_C_026_T0068,wavs_synthetic_crossspeaker/XSPK_C_026_T0068.wav,C_026,A nagyszobában kapcsold föl a villany.
XSPK_C_026_T0069,wavs_synthetic_crossspeaker/XSPK_C_026_T0069.wav,C_026,Kapcsold fel a világítást a folyosón.
XSPK_C_026_T0070,wavs_synthetic_crossspeaker/XSPK_C_026_T0070.wav,C_026,Kapcsold be harminc fokra a mosógépet a fürdőszobába.
XSPK_C_026_T0071,wavs_synthetic_crossspeaker/XSPK_C_026_T0071.wav,C_026,Az kisszobába húzd szét a függönyt
XSPK_C_026_T0072,wavs_synthetic_crossspeaker/XSPK_C_026_T0072.wav,C_026,Fürdőszobában kapcsold lejjebb a fűtést
XSPK_C_026_T0073,wavs_synthetic_crossspeaker/XSPK_C_026_T0073.wav,C_026,A kisszobában kapcsold be a fűtés.
XSPK_C_026_T0074,wavs_synthetic_crossspeaker/XSPK_C_026_T0074.wav,C_026,Kapcsold ki a ventilátorokat a folyosón
XSPK_C_026_T0075,wavs_synthetic_crossspeaker/XSPK_C_026_T0075.wav,C_026,Folyosó hőmérsékletét kapcsold
XSPK_C_026_T0076,wavs_synthetic_crossspeaker/XSPK_C_026_T0076.wav,C_026,Nyisd ki az ajt ablakot a folyosón.
XSPK_C_026_T0077,wavs_synthetic_crossspeaker/XSPK_C_026_T0077.wav,C_026,Hangosicsd a tévét a fojjosón.
XSPK_C_026_T0078,wavs_synthetic_crossspeaker/XSPK_C_026_T0078.wav,C_026,Hívd fel a lányom a telefonon.
XSPK_C_026_T0079,wavs_synthetic_crossspeaker/XSPK_C_026_T0079.wav,C_026,Szobába húzd szét a függönt.
XSPK_C_026_T0080,wavs_synthetic_crossspeaker/XSPK_C_026_T0080.wav,C_026,Halkítsd fel a folyosón a tévét
XSPK_C_026_T0081,wavs_synthetic_crossspeaker/XSPK_C_026_T0081.wav,C_026,Kapcsold ki a rádiót a szobában.
XSPK_C_026_T0082,wavs_synthetic_crossspeaker/XSPK_C_026_T0082.wav,C_026,A szobába vedd feljebb a tévét
XSPK_C_026_T0083,wavs_synthetic_crossspeaker/XSPK_C_026_T0083.wav,C_026,A kisszobába kapcsold ki a porszívót.
XSPK_C_026_T0084,wavs_synthetic_crossspeaker/XSPK_C_026_T0084.wav,C_026,A szobába húzd le a fűtés
XSPK_C_026_T0085,wavs_synthetic_crossspeaker/XSPK_C_026_T0085.wav,C_026,A naccobában engedd te  redőnt.
XSPK_C_026_T0086,wavs_synthetic_crossspeaker/XSPK_C_026_T0086.wav,C_026,Húzd be a f a függönyt a nagyszobába.
XSPK_C_026_T0087,wavs_synthetic_crossspeaker/XSPK_C_026_T0087.wav,C_026,A konyhában hangosítsd fel a tévét.
XSPK_C_026_T0088,wavs_synthetic_crossspeaker/XSPK_C_026_T0088.wav,C_026,Kisszobába válts csatornát a rádión
XSPK_C_026_T0089,wavs_synthetic_crossspeaker/XSPK_C_026_T0089.wav,C_026,Kisszobába kapcsold le a  villanyt
XSPK_C_026_T0090,wavs_synthetic_crossspeaker/XSPK_C_026_T0090.wav,C_026,Hangosicsd a tévét a kisszobában.
XSPK_C_026_T0091,wavs_synthetic_crossspeaker/XSPK_C_026_T0091.wav,C_026,Nagyszobai rádión váltsál légy szíves csatornát
XSPK_C_026_T0092,wavs_synthetic_crossspeaker/XSPK_C_026_T0092.wav,C_026,A szobába vedd fel a radiátort
XSPK_C_026_T0093,wavs_synthetic_crossspeaker/XSPK_C_026_T0093.wav,C_026,Húzd le a redőnyt a nagyszobába
XSPK_C_026_T0094,wavs_synthetic_crossspeaker/XSPK_C_026_T0094.wav,C_026,A folyosón kapcsold ki a rádiót
XSPK_C_026_T0095,wavs_synthetic_crossspeaker/XSPK_C_026_T0095.wav,C_026,A nagyszobába válts csatornát a rádión
XSPK_C_026_T0096,wavs_synthetic_crossspeaker/XSPK_C_026_T0096.wav,C_026,A fürdőszobában kapcsold ki a tévét
XSPK_C_026_T0097,wavs_synthetic_crossspeaker/XSPK_C_026_T0097.wav,C_026,Szobába kapcsold le a lámpát.
XSPK_C_026_T0098,wavs_synthetic_crossspeaker/XSPK_C_026_T0098.wav,C_026,A folyosón nyisd meg az ajtót
XSPK_C_026_T0099,wavs_synthetic_crossspeaker/XSPK_C_026_T0099.wav,C_026,A szobába kapcsold ki a radiátor
XSPK_C_026_T0100,wavs_synthetic_crossspeaker/XSPK_C_026_T0100.wav,C_026,A konyhába kapcsold ki a pirítót
XSPK_C_026_T0101,wavs_synthetic_crossspeaker/XSPK_C_026_T0101.wav,C_026,Huzd fel a redönyt a kisszobába
XSPK_C_026_T0102,wavs_synthetic_crossspeaker/XSPK_C_026_T0102.wav,C_026,Halkítsd le a tévét a folyoson
XSPK_C_026_T0103,wavs_synthetic_crossspeaker/XSPK_C_026_T0103.wav,C_026,A konyhában kapcsold ki a kenyérpirítóst
XSPK_C_026_T0104,wavs_synthetic_crossspeaker/XSPK_C_026_T0104.wav,C_026,Kapcsoljuk be a kenyérpirítót
XSPK_C_026_T0105,wavs_synthetic_crossspeaker/XSPK_C_026_T0105.wav,C_026,A folyoson nyis ki az ajtót
XSPK_C_026_T0106,wavs_synthetic_crossspeaker/XSPK_C_026_T0106.wav,C_026,Csukd be légy szíves a konyhai ajtót
XSPK_C_026_T0107,wavs_synthetic_crossspeaker/XSPK_C_026_T0107.wav,C_026,A kisszubában nyisd ki az ablakot
XSPK_C_026_T0108,wavs_synthetic_crossspeaker/XSPK_C_026_T0108.wav,C_026,A nagyszobába na kapcsold ki a radirátor
XSPK_C_026_T0109,wavs_synthetic_crossspeaker/XSPK_C_026_T0109.wav,C_026,A folyosón húzd le a redőnyöket
XSPK_C_026_T0110,wavs_synthetic_crossspeaker/XSPK_C_026_T0110.wav,C_026,Nagyszobába hangosícs fel a tévét.
XSPK_C_026_T0111,wavs_synthetic_crossspeaker/XSPK_C_026_T0111.wav,C_026,A ventilátort kapcsold ki a szobába
XSPK_C_026_T0112,wavs_synthetic_crossspeaker/XSPK_C_026_T0112.wav,C_026,Kapcsold be a kennérpirittót a konyhában.
XSPK_C_026_T0113,wavs_synthetic_crossspeaker/XSPK_C_026_T0113.wav,C_026,Kapcsold ki a ventillátort a fürdőszobában
XSPK_C_026_T0114,wavs_synthetic_crossspeaker/XSPK_C_026_T0114.wav,C_026,Húzd le a fűtés a konyhába
XSPK_C_026_T0115,wavs_synthetic_crossspeaker/XSPK_C_026_T0115.wav,C_026,Nagyszobába kapcsold ki a ventilátort
XSPK_C_026_T0116,wavs_synthetic_crossspeaker/XSPK_C_026_T0116.wav,C_026,Kapcsold be a ventillátort a nagycobában.
XSPK_C_026_T0117,wavs_synthetic_crossspeaker/XSPK_C_026_T0117.wav,C_026,Kiszobában kapcsold be a porszívót.
XSPK_C_026_T0118,wavs_synthetic_crossspeaker/XSPK_C_026_T0118.wav,C_026,A fürdőszobába húzd le a fűté.
XSPK_C_026_T0119,wavs_synthetic_crossspeaker/XSPK_C_026_T0119.wav,C_026,Húzd vell a redőnyt a nagyszobábán.
XSPK_C_026_T0120,wavs_synthetic_crossspeaker/XSPK_C_026_T0120.wav,C_026,A kisszobában kapcsold be a rádiót
XSPK_C_026_T0121,wavs_synthetic_crossspeaker/XSPK_C_026_T0121.wav,C_026,A nagyszobába húzd szét a függönyt
XSPK_C_026_T0122,wavs_synthetic_crossspeaker/XSPK_C_026_T0122.wav,C_026,A fürdőszobáába húzd be légy szíves a függönyt
XSPK_C_026_T0123,wavs_synthetic_crossspeaker/XSPK_C_026_T0123.wav,C_026,Fütésben nagyszoban
XSPK_C_026_T0124,wavs_synthetic_crossspeaker/XSPK_C_026_T0124.wav,C_026,Kapcsold föl a fürdőszoba villanyát
XSPK_C_026_T0125,wavs_synthetic_crossspeaker/XSPK_C_026_T0125.wav,C_026,A kisszobába vedd le a fűtést
XSPK_C_026_T0126,wavs_synthetic_crossspeaker/XSPK_C_026_T0126.wav,C_026,Szobában zárd be a ajtót
XSPK_C_026_T0127,wavs_synthetic_crossspeaker/XSPK_C_026_T0127.wav,C_026,Konyhába kapcsold be a ventilátort
XSPK_C_026_T0128,wavs_synthetic_crossspeaker/XSPK_C_026_T0128.wav,C_026,A szobába húzd be a függönyt
XSPK_C_026_T0129,wavs_synthetic_crossspeaker/XSPK_C_026_T0129.wav,C_026,A szobában hangosítsd a televíziót.
XSPK_C_026_T0130,wavs_synthetic_crossspeaker/XSPK_C_026_T0130.wav,C_026,Fürdőszoba hőmérsékletét kapcsold ki
XSPK_C_026_T0131,wavs_synthetic_crossspeaker/XSPK_C_026_T0131.wav,C_026,Kapcsold be rádiót a nagyszobában.
XSPK_C_026_T0132,wavs_synthetic_crossspeaker/XSPK_C_026_T0132.wav,C_026,A folyosón húz be a függöny
XSPK_C_026_T0133,wavs_synthetic_crossspeaker/XSPK_C_026_T0133.wav,C_026,A konyhában kapcsold be a vízforraló.
XSPK_C_026_T0134,wavs_synthetic_crossspeaker/XSPK_C_026_T0134.wav,C_026,Függönyt a kisszobában ö húzd szét
XSPK_C_026_T0135,wavs_synthetic_crossspeaker/XSPK_C_026_T0135.wav,C_026,Kapcsold fel a szobába a villant
XSPK_C_026_T0136,wavs_synthetic_crossspeaker/XSPK_C_026_T0136.wav,C_026,Khapcsold föl a villanyt a kisszobaban.
XSPK_C_026_T0137,wavs_synthetic_crossspeaker/XSPK_C_026_T0137.wav,C_026,Folyosón kapcsold le a villanyt
XSPK_C_026_T0138,wavs_synthetic_crossspeaker/XSPK_C_026_T0138.wav,C_026,A fürdőszobába kapcsold be a mosógépet harminc fokon.
XSPK_C_026_T0139,wavs_synthetic_crossspeaker/XSPK_C_026_T0139.wav,C_026,A szobában kapcsold be a számítógépet
XSPK_C_026_T0140,wavs_synthetic_crossspeaker/XSPK_C_026_T0140.wav,C_026,Kisszobában kapcsold ki a ventillátor
XSPK_C_026_T0141,wavs_synthetic_crossspeaker/XSPK_C_026_T0141.wav,C_026,A konyhai ventilátort kapcsold be légy szíves
XSPK_C_026_T0142,wavs_synthetic_crossspeaker/XSPK_C_026_T0142.wav,C_026,Nyisdki az ajtót a szobában.
XSPK_C_026_T0143,wavs_synthetic_crossspeaker/XSPK_C_026_T0143.wav,C_026,A szobában zárd be az ajtót.
XSPK_C_026_T0144,wavs_synthetic_crossspeaker/XSPK_C_026_T0144.wav,C_026,Konyhába kapcsold ki a ventilátorokat
XSPK_C_026_T0145,wavs_synthetic_crossspeaker/XSPK_C_026_T0145.wav,C_026,Kapcsold fel a villanyt ac folyosón
XSPK_C_026_T0146,wavs_synthetic_crossspeaker/XSPK_C_026_T0146.wav,C_026,Húzd le a fűtést a fürdőszobába
XSPK_C_026_T0147,wavs_synthetic_crossspeaker/XSPK_C_026_T0147.wav,C_026,Húzd le a rod a redőnyt a konyh a kisszobában
XSPK_C_026_T0148,wavs_synthetic_crossspeaker/XSPK_C_026_T0148.wav,C_026,A nagyszobában húzd vé szét a függönyt
XSPK_C_026_T0149,wavs_synthetic_crossspeaker/XSPK_C_026_T0149.wav,C_026,A fürdőszobában húzd föl a fűtést
XSPK_C_026_T0150,wavs_synthetic_crossspeaker/XSPK_C_026_T0150.wav,C_026,Vedd lejjebb a fűtést a folyosón
XSPK_C_026_T0151,wavs_synthetic_crossspeaker/XSPK_C_026_T0151.wav,C_026,Nyisd kí az ablakot a kisszobában.
XSPK_C_026_T0152,wavs_synthetic_crossspeaker/XSPK_C_026_T0152.wav,C_026,A konyhában kapcsold be a vízforralót.
XSPK_C_026_T0153,wavs_synthetic_crossspeaker/XSPK_C_026_T0153.wav,C_026,Fürdőszobába kapcsold be a mosógépet és állítsd harminc fokra
XSPK_C_026_T0154,wavs_synthetic_crossspeaker/XSPK_C_026_T0154.wav,C_026,Konyhában kapcsold be a vízforraló.
XSPK_C_026_T0155,wavs_synthetic_crossspeaker/XSPK_C_026_T0155.wav,C_026,Húzd fel a fűtést a konyhában.
XSPK_C_026_T0156,wavs_synthetic_crossspeaker/XSPK_C_026_T0156.wav,C_026,A szobában kapcsold be a rádiót.
XSPK_C_026_T0157,wavs_synthetic_crossspeaker/XSPK_C_026_T0157.wav,C_026,Kapcsold be a rádiót ah konyhába
XSPK_C_026_T0158,wavs_synthetic_crossspeaker/XSPK_C_026_T0158.wav,C_026,A fürdőszobában nyisd ki az ablakot.
XSPK_C_026_T0159,wavs_synthetic_crossspeaker/XSPK_C_026_T0159.wav,C_026,A vízforralót kapcsold be a konyhában
XSPK_C_026_T0160,wavs_synthetic_crossspeaker/XSPK_C_026_T0160.wav,C_026,A konyhában húzd fel a rolót.
XSPK_C_026_T0161,wavs_synthetic_crossspeaker/XSPK_C_026_T0161.wav,C_026,Engedd le a redőnyt a fúrdőszobában
XSPK_C_026_T0162,wavs_synthetic_crossspeaker/XSPK_C_026_T0162.wav,C_026,Kapcsold le a villanyt a szobaban
XSPK_C_026_T0163,wavs_synthetic_crossspeaker/XSPK_C_026_T0163.wav,C_026,Húzd szét a függönt a kisszobában.
XSPK_C_026_T0164,wavs_synthetic_crossspeaker/XSPK_C_026_T0164.wav,C_026,A folyosón húzd szét a függönyt.
XSPK_C_026_T0165,wavs_synthetic_crossspeaker/XSPK_C_026_T0165.wav,C_026,A nagyszobában vedd lejjebb a hangot a televízióban
XSPK_C_026_T0166,wavs_synthetic_crossspeaker/XSPK_C_026_T0166.wav,C_026,Hangosítsd a tévét a kisszobában
XSPK_C_026_T0167,wavs_synthetic_crossspeaker/XSPK_C_026_T0167.wav,C_026,Zárd ki az ajtót a konyhába
XSPK_C_026_T0168,wavs_synthetic_crossspeaker/XSPK_C_026_T0168.wav,C_026,A konyhában kapcsold be a porszívó.
XSPK_C_026_T0169,wavs_synthetic_crossspeaker/XSPK_C_026_T0169.wav,C_026,Kapcsold ki a folyosón a ventilátor
XSPK_C_026_T0170,wavs_synthetic_crossspeaker/XSPK_C_026_T0170.wav,C_026,Folyosón húzd fel a hűtést
XSPK_C_026_T0171,wavs_synthetic_crossspeaker/XSPK_C_026_T0171.wav,C_026,A folyoszón nyiszd ki az ajtót
XSPK_C_026_T0172,wavs_synthetic_crossspeaker/XSPK_C_026_T0172.wav,C_026,A fürdőszobában húzd feljebb a radiátor
XSPK_C_026_T0173,wavs_synthetic_crossspeaker/XSPK_C_026_T0173.wav,C_026,Zárd be az ajtót a konyhába
XSPK_C_026_T0174,wavs_synthetic_crossspeaker/XSPK_C_026_T0174.wav,C_026,Konyhába válts csatornát a tévén
XSPK_C_026_T0175,wavs_synthetic_crossspeaker/XSPK_C_026_T0175.wav,C_026,A nagyszobában hangosíts fel a tévét
XSPK_C_026_T0176,wavs_synthetic_crossspeaker/XSPK_C_026_T0176.wav,C_026,Folysosó szár ajtó
XSPK_C_026_T0177,wavs_synthetic_crossspeaker/XSPK_C_026_T0177.wav,C_026,A nagyszobában húzd le a redőny
XSPK_C_026_T0178,wavs_synthetic_crossspeaker/XSPK_C_026_T0178.wav,C_026,Nagyszobába nyisd ki az ablakot
XSPK_C_026_T0179,wavs_synthetic_crossspeaker/XSPK_C_026_T0179.wav,C_026,A kiszobában válcs csatornát a rádjón.
XSPK_C_026_T0180,wavs_synthetic_crossspeaker/XSPK_C_026_T0180.wav,C_026,Kapcsold be a fütést a nagyszobába
XSPK_C_026_T0181,wavs_synthetic_crossspeaker/XSPK_C_026_T0181.wav,C_026,A kisszoba függönyét behúznád
XSPK_C_026_T0182,wavs_synthetic_crossspeaker/XSPK_C_026_T0182.wav,C_026,A kisszo kiszobába kisd ki az abrakot
XSPK_C_026_T0183,wavs_synthetic_crossspeaker/XSPK_C_026_T0183.wav,C_026,Kapcsold be a radiátort a fürdőszobában
XSPK_C_026_T0184,wavs_synthetic_crossspeaker/XSPK_C_026_T0184.wav,C_026,A nagyszobában elkezdenél porszívózni
XSPK_C_026_T0185,wavs_synthetic_crossspeaker/XSPK_C_026_T0185.wav,C_026,Szobába tekerd föl a radiátor gombot
XSPK_C_026_T0186,wavs_synthetic_crossspeaker/XSPK_C_026_T0186.wav,C_026,A konyhába állítsd be a mosógépet állítsd hatvan fokra
XSPK_C_026_T0187,wavs_synthetic_crossspeaker/XSPK_C_026_T0187.wav,C_026,A konyhában kapcsold ki a pirítót.
XSPK_C_026_T0188,wavs_synthetic_crossspeaker/XSPK_C_026_T0188.wav,C_026,Kápcsold ki a porcivót a fürdőszobában.
XSPK_C_026_T0189,wavs_synthetic_crossspeaker/XSPK_C_026_T0189.wav,C_026,Csukd be az ajtót a szobába
XSPK_C_026_T0190,wavs_synthetic_crossspeaker/XSPK_C_026_T0190.wav,C_026,Húzd le a radiátort a szobában
XSPK_C_026_T0191,wavs_synthetic_crossspeaker/XSPK_C_026_T0191.wav,C_026,Válcs csatornát a rádión.
XSPK_C_026_T0192,wavs_synthetic_crossspeaker/XSPK_C_026_T0192.wav,C_026,Kapcsold be a mosógépet harminc fokon a fürdőszobába.
XSPK_C_026_T0193,wavs_synthetic_crossspeaker/XSPK_C_026_T0193.wav,C_026,Kapcsoljuk be a zsebrádiót
XSPK_C_026_T0194,wavs_synthetic_crossspeaker/XSPK_C_026_T0194.wav,C_026,A szobában húz szét a függönyt
XSPK_C_026_T0195,wavs_synthetic_crossspeaker/XSPK_C_026_T0195.wav,C_026,A folyosón kapcsolj ki a ventillátort.
XSPK_C_026_T0196,wavs_synthetic_crossspeaker/XSPK_C_026_T0196.wav,C_026,Kapcsold be harminc fokon a mosogépet a konyhában.
XSPK_C_026_T0197,wavs_synthetic_crossspeaker/XSPK_C_026_T0197.wav,C_026,Kapcsold be a rádiót a folyosón.
XSPK_C_026_T0198,wavs_synthetic_crossspeaker/XSPK_C_026_T0198.wav,C_026,A konyhán kapcsold le a villanyfölkapcsolót
XSPK_C_026_T0199,wavs_synthetic_crossspeaker/XSPK_C_026_T0199.wav,C_026,Fürdőszobaban kapcsold ki a ventillátort.
XSPK_C_026_T0200,wavs_synthetic_crossspeaker/XSPK_C_026_T0200.wav,C_026,A fürdőszobábaban kapcsold fel a villant.
XSPK_C_026_T0201,wavs_synthetic_crossspeaker/XSPK_C_026_T0201.wav,C_026,Konyhában megy mosógép mosógépet mosogépet bekapcsolni
XSPK_C_026_T0202,wavs_synthetic_crossspeaker/XSPK_C_026_T0202.wav,C_026,Kapcsold át a tévét a másik csatornára a konyhában
XSPK_C_026_T0203,wavs_synthetic_crossspeaker/XSPK_C_026_T0203.wav,C_026,Válcs csatornát a rádjón a szobában.
XSPK_C_026_T0204,wavs_synthetic_crossspeaker/XSPK_C_026_T0204.wav,C_026,Húzd be a fürdőszobában a függönyt.
XSPK_C_026_T0205,wavs_synthetic_crossspeaker/XSPK_C_026_T0205.wav,C_026,Szobában vedd lejjebb a radiátort
XSPK_C_026_T0206,wavs_synthetic_crossspeaker/XSPK_C_026_T0206.wav,C_026,Naccobába zárd be az ajtót.
XSPK_C_026_T0207,wavs_synthetic_crossspeaker/XSPK_C_026_T0207.wav,C_026,A szobába váltsál csatornát a tévén
XSPK_C_026_T0208,wavs_synthetic_crossspeaker/XSPK_C_026_T0208.wav,C_026,Válts csatornát a tévén a fürdőben
XSPK_C_026_T0209,wavs_synthetic_crossspeaker/XSPK_C_026_T0209.wav,C_026,A szobába kapcsold ki a ventilátorokat
XSPK_C_027_T0000,wavs_synthetic_crossspeaker/XSPK_C_027_T0000.wav,C_027,Szobában nyísd ki az ajtót
XSPK_C_027_T0001,wavs_synthetic_crossspeaker/XSPK_C_027_T0001.wav,C_027,Kapcsold be a mosógépet harminc fokon a nagy a konyhában
XSPK_C_027_T0002,wavs_synthetic_crossspeaker/XSPK_C_027_T0002.wav,C_027,Húzd szé a függönyt a szobában
XSPK_C_027_T0003,wavs_synthetic_crossspeaker/XSPK_C_027_T0003.wav,C_027,Konyhába huzd le a redönyt
XSPK_C_027_T0004,wavs_synthetic_crossspeaker/XSPK_C_027_T0004.wav,C_027,Hangosítsd a tévét a folyosón
XSPK_C_027_T0005,wavs_synthetic_crossspeaker/XSPK_C_027_T0005.wav,C_027,Vál csatornát a rádión a fojjosón.
XSPK_C_027_T0006,wavs_synthetic_crossspeaker/XSPK_C_027_T0006.wav,C_027,A nagyszobában kapcsold be a radiátort
XSPK_C_027_T0007,wavs_synthetic_crossspeaker/XSPK_C_027_T0007.wav,C_027,A kisszobába kapcsold ki a ventilátort
XSPK_C_027_T0008,wavs_synthetic_crossspeaker/XSPK_C_027_T0008.wav,C_027,Szobaban húzd fel a fűtést.
XSPK_C_027_T0009,wavs_synthetic_crossspeaker/XSPK_C_027_T0009.wav,C_027,A nagyszobában hangosídd a tévét
XSPK_C_027_T0010,wavs_synthetic_crossspeaker/XSPK_C_027_T0010.wav,C_027,Kisszobába hangos a tév
XSPK_C_027_T0011,wavs_synthetic_crossspeaker/XSPK_C_027_T0011.wav,C_027,Húzd fel a aliátort a nagyszobában
XSPK_C_027_T0012,wavs_synthetic_crossspeaker/XSPK_C_027_T0012.wav,C_027,Fürdőszobában pedig húzd szét a függönyt
XSPK_C_027_T0013,wavs_synthetic_crossspeaker/XSPK_C_027_T0013.wav,C_027,Szobában kapcsold be a ventillátort
XSPK_C_027_T0014,wavs_synthetic_crossspeaker/XSPK_C_027_T0014.wav,C_027,Kapcsold be a számítógéptpet a szobában
XSPK_C_027_T0015,wavs_synthetic_crossspeaker/XSPK_C_027_T0015.wav,C_027,Kisszobába kapcsold ki a radiátort
XSPK_C_027_T0016,wavs_synthetic_crossspeaker/XSPK_C_027_T0016.wav,C_027,A cobában kapcsold le a villan.
XSPK_C_027_T0017,wavs_synthetic_crossspeaker/XSPK_C_027_T0017.wav,C_027,Nagyszobában húzd le a redőnyt
XSPK_C_027_T0018,wavs_synthetic_crossspeaker/XSPK_C_027_T0018.wav,C_027,Kapcsold be harminc fokon a mosógépet a fürdőszobában.
XSPK_C_027_T0019,wavs_synthetic_crossspeaker/XSPK_C_027_T0019.wav,C_027,A szobába kapnyold ki a porszivó.
XSPK_C_027_T0020,wavs_synthetic_crossspeaker/XSPK_C_027_T0020.wav,C_027,A folyosón kapcsold fel a villanyt
XSPK_C_027_T0021,wavs_synthetic_crossspeaker/XSPK_C_027_T0021.wav,C_027,Kapcsold be a számítógéept a kisszobában
XSPK_C_027_T0022,wavs_synthetic_crossspeaker/XSPK_C_027_T0022.wav,C_027,Folyoson zárd az ajtót
XSPK_C_027_T0023,wavs_synthetic_crossspeaker/XSPK_C_027_T0023.wav,C_027,Húzd le a redőnyt a nagyszobábán.
XSPK_C_027_T0024,wavs_synthetic_crossspeaker/XSPK_C_027_T0024.wav,C_027,A kisszobába a tévén válcs csatornát.
XSPK_C_027_T0025,wavs_synthetic_crossspeaker/XSPK_C_027_T0025.wav,C_027,Szobában behakolcsi rádio
XSPK_C_027_T0026,wavs_synthetic_crossspeaker/XSPK_C_027_T0026.wav,C_027,Kapcsold fel a villanyt a fojjosón.
XSPK_C_027_T0027,wavs_synthetic_crossspeaker/XSPK_C_027_T0027.wav,C_027,A szobában halkíts a tévét.
XSPK_C_027_T0028,wavs_synthetic_crossspeaker/XSPK_C_027_T0028.wav,C_027,Nyissa az ajtót a kisszobában.
XSPK_C_027_T0029,wavs_synthetic_crossspeaker/XSPK_C_027_T0029.wav,C_027,Nagyszobába húzd szét a függönyt.
XSPK_C_027_T0030,wavs_synthetic_crossspeaker/XSPK_C_027_T0030.wav,C_027,Vedd lejjebb a radiátort a fürdőszobában
XSPK_C_027_T0031,wavs_synthetic_crossspeaker/XSPK_C_027_T0031.wav,C_027,A nagyszobában emeld meg a hangerőt a tévén.
XSPK_C_027_T0032,wavs_synthetic_crossspeaker/XSPK_C_027_T0032.wav,C_027,Huzzuk szét a függönyt a szobában
XSPK_C_027_T0033,wavs_synthetic_crossspeaker/XSPK_C_027_T0033.wav,C_027,Húzd le a redőnyöket szobában
XSPK_C_027_T0034,wavs_synthetic_crossspeaker/XSPK_C_027_T0034.wav,C_027,Kapcsold ki a radiátort a kisszobában
XSPK_C_027_T0035,wavs_synthetic_crossspeaker/XSPK_C_027_T0035.wav,C_027,Húzd le a redőnyöket a konyhában
XSPK_C_027_T0036,wavs_synthetic_crossspeaker/XSPK_C_027_T0036.wav,C_027,A konyhában hideg van vagy meleg van vissza kell venni a fűtést
XSPK_C_027_T0037,wavs_synthetic_crossspeaker/XSPK_C_027_T0037.wav,C_027,A konyhába húzd fel függönyt
XSPK_C_027_T0038,wavs_synthetic_crossspeaker/XSPK_C_027_T0038.wav,C_027,Nyiss ki az ajtót a fojjosón.
XSPK_C_027_T0039,wavs_synthetic_crossspeaker/XSPK_C_027_T0039.wav,C_027,A kisszobába kapcsold be a számítógépet.
XSPK_C_027_T0040,wavs_synthetic_crossspeaker/XSPK_C_027_T0040.wav,C_027,A fürdőszobában kapcsold be a fütést
XSPK_C_027_T0041,wavs_synthetic_crossspeaker/XSPK_C_027_T0041.wav,C_027,A konyhában kinyitjuk a ablakot
XSPK_C_027_T0042,wavs_synthetic_crossspeaker/XSPK_C_027_T0042.wav,C_027,A szobaban kapcsold ki a fűtő.
XSPK_C_027_T0043,wavs_synthetic_crossspeaker/XSPK_C_027_T0043.wav,C_027,A fürdőszobába húzd fel a fűtést.
XSPK_C_027_T0044,wavs_synthetic_crossspeaker/XSPK_C_027_T0044.wav,C_027,A szobában kapcsold ki a tévét.
XSPK_C_027_T0045,wavs_synthetic_crossspeaker/XSPK_C_027_T0045.wav,C_027,A konyhában a rádión válts csatornát
XSPK_C_027_T0046,wavs_synthetic_crossspeaker/XSPK_C_027_T0046.wav,C_027,Konyhában kapcsold ki a sütőt
XSPK_C_027_T0047,wavs_synthetic_crossspeaker/XSPK_C_027_T0047.wav,C_027,A szobában húz szét a függönyt
XSPK_C_027_T0048,wavs_synthetic_crossspeaker/XSPK_C_027_T0048.wav,C_027,A konyhába kapcsold be a mosógépet hatvan fokos hőmérséklet esetén
XSPK_C_027_T0049,wavs_synthetic_crossspeaker/XSPK_C_027_T0049.wav,C_027,A fürdőszobába húzd le a redőnyt
XSPK_C_027_T0050,wavs_synthetic_crossspeaker/XSPK_C_027_T0050.wav,C_027,Zár be a ajtót a na szobában
XSPK_C_027_T0051,wavs_synthetic_crossspeaker/XSPK_C_027_T0051.wav,C_027,Kapcsold fel a villanyt a kiszobába
XSPK_C_027_T0052,wavs_synthetic_crossspeaker/XSPK_C_027_T0052.wav,C_027,Küszobában csatornát a rádion
XSPK_C_027_T0053,wavs_synthetic_crossspeaker/XSPK_C_027_T0053.wav,C_027,Nyissuk ki az ajtón a kisszobában
XSPK_C_027_T0054,wavs_synthetic_crossspeaker/XSPK_C_027_T0054.wav,C_027,Üsd ki az ablakot a folyosón.
XSPK_C_027_T0055,wavs_synthetic_crossspeaker/XSPK_C_027_T0055.wav,C_027,Fürdőszobába kapcsold ki légy szíves a porszívót
XSPK_C_027_T0056,wavs_synthetic_crossspeaker/XSPK_C_027_T0056.wav,C_027,A fürdőszobában kapcsold ki a porszívó.
XSPK_C_027_T0057,wavs_synthetic_crossspeaker/XSPK_C_027_T0057.wav,C_027,Kapcsold be a számítógépet a nagyszobába.
XSPK_C_027_T0058,wavs_synthetic_crossspeaker/XSPK_C_027_T0058.wav,C_027,Be számítógép nagyszobában
XSPK_C_027_T0059,wavs_synthetic_crossspeaker/XSPK_C_027_T0059.wav,C_027,A kisszobába válts csatornát a rádión
XSPK_C_027_T0060,wavs_synthetic_crossspeaker/XSPK_C_027_T0060.wav,C_027,A folyosón húzd be a függönyt
XSPK_C_027_T0061,wavs_synthetic_crossspeaker/XSPK_C_027_T0061.wav,C_027,A szobában zárd be az ajtót
XSPK_C_027_T0062,wavs_synthetic_crossspeaker/XSPK_C_027_T0062.wav,C_027,Mosógépet kapcsold ki a hatvan fokon a konyhában.
XSPK_C_027_T0063,wavs_synthetic_crossspeaker/XSPK_C_027_T0063.wav,C_027,A kisszobában kapcsold be a radiátort
XSPK_C_027_T0064,wavs_synthetic_crossspeaker/XSPK_C_027_T0064.wav,C_027,Konyhába hangosítsd fel a tévét
XSPK_C_027_T0065,wavs_synthetic_crossspeaker/XSPK_C_027_T0065.wav,C_027,A kisszoba ajtót nyisd ki legyél szíves
XSPK_C_027_T0066,wavs_synthetic_crossspeaker/XSPK_C_027_T0066.wav,C_027,Kapcsold be a rádiót ah konyhába
XSPK_C_027_T0067,wavs_synthetic_crossspeaker/XSPK_C_027_T0067.wav,C_027,Válcs csatornát a rádión a folyosón.
XSPK_C_027_T0068,wavs_synthetic_crossspeaker/XSPK_C_027_T0068.wav,C_027,Kapcsold ki a számítgépet a szobában.
XSPK_C_027_T0069,wavs_synthetic_crossspeaker/XSPK_C_027_T0069.wav,C_027,Kapcsold be a tévét a nagyszobában.
XSPK_C_027_T0070,wavs_synthetic_crossspeaker/XSPK_C_027_T0070.wav,C_027,A honyhában kapcsold be a rádjót.
XSPK_C_027_T0071,wavs_synthetic_crossspeaker/XSPK_C_027_T0071.wav,C_027,Fütés ki szoban
XSPK_C_027_T0072,wavs_synthetic_crossspeaker/XSPK_C_027_T0072.wav,C_027,Porszívó kapcsold be a konyhába.
XSPK_C_027_T0073,wavs_synthetic_crossspeaker/XSPK_C_027_T0073.wav,C_027,A fürdőszobában huzzunk szét a függöny
XSPK_C_027_T0074,wavs_synthetic_crossspeaker/XSPK_C_027_T0074.wav,C_027,A kisszobába tekerd már föl a radiátor gombot
XSPK_C_027_T0075,wavs_synthetic_crossspeaker/XSPK_C_027_T0075.wav,C_027,Húzd fel a redőnyt a nagyszobába.
XSPK_C_027_T0076,wavs_synthetic_crossspeaker/XSPK_C_027_T0076.wav,C_027,A kisszobában húzd le a redőnt.
XSPK_C_027_T0077,wavs_synthetic_crossspeaker/XSPK_C_027_T0077.wav,C_027,A ventilátort kapcsold ki a fürdőszobába
XSPK_C_027_T0078,wavs_synthetic_crossspeaker/XSPK_C_027_T0078.wav,C_027,Nyisd ki az ajtót a fürdő szobában.
XSPK_C_027_T0079,wavs_synthetic_crossspeaker/XSPK_C_027_T0079.wav,C_027,A konyhába ka nyissuk ki az ablakot
XSPK_C_027_T0080,wavs_synthetic_crossspeaker/XSPK_C_027_T0080.wav,C_027,A konyhába kapcsold ki a fűtést.
XSPK_C_027_T0081,wavs_synthetic_crossspeaker/XSPK_C_027_T0081.wav,C_027,Csukd be a nagyszoba ajtaját
XSPK_C_027_T0082,wavs_synthetic_crossspeaker/XSPK_C_027_T0082.wav,C_027,Szoban felakocsol lámpan
XSPK_C_027_T0083,wavs_synthetic_crossspeaker/XSPK_C_027_T0083.wav,C_027,Kapcsold fel a lámpát a nagyszobába.
XSPK_C_027_T0084,wavs_synthetic_crossspeaker/XSPK_C_027_T0084.wav,C_027,A szobában felkapcsoljuk a fűté
XSPK_C_027_T0085,wavs_synthetic_crossspeaker/XSPK_C_027_T0085.wav,C_027,A szobában húzd fel a redőnyt
XSPK_C_027_T0086,wavs_synthetic_crossspeaker/XSPK_C_027_T0086.wav,C_027,Nyissuk ki az ajtót a nagyszobában
XSPK_C_027_T0087,wavs_synthetic_crossspeaker/XSPK_C_027_T0087.wav,C_027,Függönyt a nagyszobában húzd szét
XSPK_C_027_T0088,wavs_synthetic_crossspeaker/XSPK_C_027_T0088.wav,C_027,Váltsál csatornát a szobába a rádión
XSPK_C_027_T0089,wavs_synthetic_crossspeaker/XSPK_C_027_T0089.wav,C_027,A szobaban zárd be az ablakot
XSPK_C_027_T0090,wavs_synthetic_crossspeaker/XSPK_C_027_T0090.wav,C_027,Válcs csatornát a rádión a konyhába.
XSPK_C_027_T0091,wavs_synthetic_crossspeaker/XSPK_C_027_T0091.wav,C_027,Válcs csatornát a rádión a kisszobában
XSPK_C_027_T0092,wavs_synthetic_crossspeaker/XSPK_C_027_T0092.wav,C_027,Kapcsold ki a rádjót a konyhában.
XSPK_C_027_T0093,wavs_synthetic_crossspeaker/XSPK_C_027_T0093.wav,C_027,A konyhába válts csatornát a rádión
XSPK_C_027_T0094,wavs_synthetic_crossspeaker/XSPK_C_027_T0094.wav,C_027,Zárd be az ablakot a nagycobában
XSPK_C_027_T0095,wavs_synthetic_crossspeaker/XSPK_C_027_T0095.wav,C_027,Kapcsold be a rádiót a cobába
XSPK_C_027_T0096,wavs_synthetic_crossspeaker/XSPK_C_027_T0096.wav,C_027,Kisszobában halkítsd le a tévét.
XSPK_C_027_T0097,wavs_synthetic_crossspeaker/XSPK_C_027_T0097.wav,C_027,Kapcsold ki af a fűtést a szobába.
XSPK_C_027_T0098,wavs_synthetic_crossspeaker/XSPK_C_027_T0098.wav,C_027,A konyhába nyisd ki az ajdót.
XSPK_C_027_T0099,wavs_synthetic_crossspeaker/XSPK_C_027_T0099.wav,C_027,A nagyszobában koptolt ki a számítógépe.
XSPK_C_027_T0100,wavs_synthetic_crossspeaker/XSPK_C_027_T0100.wav,C_027,A szobába hangosítd fel a tévét
XSPK_C_027_T0101,wavs_synthetic_crossspeaker/XSPK_C_027_T0101.wav,C_027,Vedd lejjebb a fürdőszobába a fűtést
XSPK_C_027_T0102,wavs_synthetic_crossspeaker/XSPK_C_027_T0102.wav,C_027,Kapcsold ki a hőmérsékletet a folyosón
XSPK_C_027_T0103,wavs_synthetic_crossspeaker/XSPK_C_027_T0103.wav,C_027,Nagyszobában hangosítsd a tévét
XSPK_C_027_T0104,wavs_synthetic_crossspeaker/XSPK_C_027_T0104.wav,C_027,Kapcsold be a fütés a nagyszobában.
XSPK_C_027_T0105,wavs_synthetic_crossspeaker/XSPK_C_027_T0105.wav,C_027,A nagyszobában húzd le a redőnyt.
XSPK_C_027_T0106,wavs_synthetic_crossspeaker/XSPK_C_027_T0106.wav,C_027,Szobába kapcsold be a fűtést.
XSPK_C_027_T0107,wavs_synthetic_crossspeaker/XSPK_C_027_T0107.wav,C_027,Kapnyold be a vünnőnyoa fűrdőszobában.
XSPK_C_027_T0108,wavs_synthetic_crossspeaker/XSPK_C_027_T0108.wav,C_027,Kapcsold be a porszivót a szobába.
XSPK_C_027_T0109,wavs_synthetic_crossspeaker/XSPK_C_027_T0109.wav,C_027,Húzd le a ládiátort a konyhában
XSPK_C_027_T0110,wavs_synthetic_crossspeaker/XSPK_C_027_T0110.wav,C_027,Vedd lejjebb a fűtést a folyosón
XSPK_C_027_T0111,wavs_synthetic_crossspeaker/XSPK_C_027_T0111.wav,C_027,Húzd szét a függöny a kisszobába
XSPK_C_027_T0112,wavs_synthetic_crossspeaker/XSPK_C_027_T0112.wav,C_027,Kapcsold be a ventillátort a fürdőcobában
XSPK_C_027_T0113,wavs_synthetic_crossspeaker/XSPK_C_027_T0113.wav,C_027,Kapcsold ki a rádiót a fühldőszobába
XSPK_C_027_T0114,wavs_synthetic_crossspeaker/XSPK_C_027_T0114.wav,C_027,Kapcsold le a fürdőszoba hőmérsékletét
XSPK_C_027_T0115,wavs_synthetic_crossspeaker/XSPK_C_027_T0115.wav,C_027,Húzd lejjebb a kisszobában a nadirátort
XSPK_C_027_T0116,wavs_synthetic_crossspeaker/XSPK_C_027_T0116.wav,C_027,Folyosóban húzd le a redőnyt
XSPK_C_027_T0117,wavs_synthetic_crossspeaker/XSPK_C_027_T0117.wav,C_027,Válts csatornát a fürdőszobába
XSPK_C_027_T0118,wavs_synthetic_crossspeaker/XSPK_C_027_T0118.wav,C_027,Számítógépet kapcsold ki a há a bakonyhába
XSPK_C_027_T0119,wavs_synthetic_crossspeaker/XSPK_C_027_T0119.wav,C_027,A ventillátort kapcsold ki a konyhába
XSPK_C_027_T0120,wavs_synthetic_crossspeaker/XSPK_C_027_T0120.wav,C_027,Kapcsold be a ventilátort a kony a konyhában
XSPK_C_027_T0121,wavs_synthetic_crossspeaker/XSPK_C_027_T0121.wav,C_027,Vedd lejjebb a fűtést a fürdőszobába
XSPK_C_027_T0122,wavs_synthetic_crossspeaker/XSPK_C_027_T0122.wav,C_027,Fürdőszobába kapcsold fel a villanyt
XSPK_C_027_T0123,wavs_synthetic_crossspeaker/XSPK_C_027_T0123.wav,C_027,Kapcsold be a rádiót a nagszobában
XSPK_C_027_T0124,wavs_synthetic_crossspeaker/XSPK_C_027_T0124.wav,C_027,Kisszobába kapcsold be a számítógépet
XSPK_C_027_T0125,wavs_synthetic_crossspeaker/XSPK_C_027_T0125.wav,C_027,Kint a szobába kapcsoljuk fel a villanyt
XSPK_C_027_T0126,wavs_synthetic_crossspeaker/XSPK_C_027_T0126.wav,C_027,Kapcsold ki a forszívót a folyosón
XSPK_C_027_T0127,wavs_synthetic_crossspeaker/XSPK_C_027_T0127.wav,C_027,A ciccobábán húzd le a redőnyt.
XSPK_C_027_T0128,wavs_synthetic_crossspeaker/XSPK_C_027_T0128.wav,C_027,A fürdőszobába kapcsold fel a villanyt.
XSPK_C_027_T0129,wavs_synthetic_crossspeaker/XSPK_C_027_T0129.wav,C_027,Hívd fel a fiamat.
XSPK_C_027_T0130,wavs_synthetic_crossspeaker/XSPK_C_027_T0130.wav,C_027,A folyosón kapcsold be a fűtést légy szíves
XSPK_C_027_T0131,wavs_synthetic_crossspeaker/XSPK_C_027_T0131.wav,C_027,Nyisd ki az abrakot a konyhában
XSPK_C_027_T0132,wavs_synthetic_crossspeaker/XSPK_C_027_T0132.wav,C_027,A konyhábankapcsold ki porszívó.
XSPK_C_027_T0133,wavs_synthetic_crossspeaker/XSPK_C_027_T0133.wav,C_027,Húzd fel a redőnyt  nagycobában
XSPK_C_027_T0134,wavs_synthetic_crossspeaker/XSPK_C_027_T0134.wav,C_027,A fojjosón zárd be az ajtót.
XSPK_C_027_T0135,wavs_synthetic_crossspeaker/XSPK_C_027_T0135.wav,C_027,Húzd fel a redpnyt a folyosón
XSPK_C_027_T0136,wavs_synthetic_crossspeaker/XSPK_C_027_T0136.wav,C_027,Bekocsol rádió szobában
XSPK_C_027_T0137,wavs_synthetic_crossspeaker/XSPK_C_027_T0137.wav,C_027,A ventilátorokat kapcsold ki a nagyszobába
XSPK_C_027_T0138,wavs_synthetic_crossspeaker/XSPK_C_027_T0138.wav,C_027,Húzd le a ledőnyt a nagyszobában
XSPK_C_027_T0139,wavs_synthetic_crossspeaker/XSPK_C_027_T0139.wav,C_027,A folyosón kapcsold lejjebb a fűtést
XSPK_C_027_T0140,wavs_synthetic_crossspeaker/XSPK_C_027_T0140.wav,C_027,Hangosítsd a tévét a kisszobábán.
XSPK_C_027_T0141,wavs_synthetic_crossspeaker/XSPK_C_027_T0141.wav,C_027,Ventilátort a für a folyosón ö kapcsold be
XSPK_C_027_T0142,wavs_synthetic_crossspeaker/XSPK_C_027_T0142.wav,C_027,Nyis ki az ablakot a kisszobába
XSPK_C_027_T0143,wavs_synthetic_crossspeaker/XSPK_C_027_T0143.wav,C_027,Vál csatornát a tévén a konyhában.
XSPK_C_027_T0144,wavs_synthetic_crossspeaker/XSPK_C_027_T0144.wav,C_027,Zapcsold be a fürdőszobába harminc fokon mosógépet
XSPK_C_027_T0145,wavs_synthetic_crossspeaker/XSPK_C_027_T0145.wav,C_027,Zárban konyhában ajtót
XSPK_C_027_T0146,wavs_synthetic_crossspeaker/XSPK_C_027_T0146.wav,C_027,A nagyszobában hangosícs a tévét.
XSPK_C_027_T0147,wavs_synthetic_crossspeaker/XSPK_C_027_T0147.wav,C_027,A konyhai redőnyt húzd le kérlek
XSPK_C_027_T0148,wavs_synthetic_crossspeaker/XSPK_C_027_T0148.wav,C_027,A fürdőszobába zárd be az ablakot.
XSPK_C_027_T0149,wavs_synthetic_crossspeaker/XSPK_C_027_T0149.wav,C_027,Kisszobában kapcsold be a porszívót
XSPK_C_027_T0150,wavs_synthetic_crossspeaker/XSPK_C_027_T0150.wav,C_027,Kapcsold be a radiátort a fürdőszobába
XSPK_C_027_T0151,wavs_synthetic_crossspeaker/XSPK_C_027_T0151.wav,C_027,A nagyszobában húzd be a függönyt.
XSPK_C_027_T0152,wavs_synthetic_crossspeaker/XSPK_C_027_T0152.wav,C_027,A naccobában kapcsold ki a ventilátort
XSPK_C_027_T0153,wavs_synthetic_crossspeaker/XSPK_C_027_T0153.wav,C_027,Fürdőszobáában a mosogépet hatvan fokon kapcsold be.
XSPK_C_027_T0154,wavs_synthetic_crossspeaker/XSPK_C_027_T0154.wav,C_027,Zárd be az ajtót á fojjosón.
XSPK_C_027_T0155,wavs_synthetic_crossspeaker/XSPK_C_027_T0155.wav,C_027,Fürdőszoba hőmérsékletét kapcsold le
XSPK_C_027_T0156,wavs_synthetic_crossspeaker/XSPK_C_027_T0156.wav,C_027,Dísd ki az ajtót a nagyszobában
XSPK_C_027_T0157,wavs_synthetic_crossspeaker/XSPK_C_027_T0157.wav,C_027,Fürdőszobába kapcsold le a villanyt
XSPK_C_027_T0158,wavs_synthetic_crossspeaker/XSPK_C_027_T0158.wav,C_027,A kiszobában hangosítsd fel a tévét
XSPK_C_027_T0159,wavs_synthetic_crossspeaker/XSPK_C_027_T0159.wav,C_027,Váltsál csatornát televízióban a szobában
XSPK_C_027_T0160,wavs_synthetic_crossspeaker/XSPK_C_027_T0160.wav,C_027,Kapcsold ki a fűtést a nagy fürdőszobában
XSPK_C_027_T0161,wavs_synthetic_crossspeaker/XSPK_C_027_T0161.wav,C_027,Váltsd csatornát a tévén kisszobában
XSPK_C_027_T0162,wavs_synthetic_crossspeaker/XSPK_C_027_T0162.wav,C_027,Ablakot nyisd ki a konyhába
XSPK_C_027_T0163,wavs_synthetic_crossspeaker/XSPK_C_027_T0163.wav,C_027,A kisszobában húzd föl a redőnt.
XSPK_C_027_T0164,wavs_synthetic_crossspeaker/XSPK_C_027_T0164.wav,C_027,Konyhában kapcsold be a tűzhelyet.
XSPK_C_027_T0165,wavs_synthetic_crossspeaker/XSPK_C_027_T0165.wav,C_027,A radiátort kapcsold be a konyhába
XSPK_C_027_T0166,wavs_synthetic_crossspeaker/XSPK_C_027_T0166.wav,C_027,Konyhában válcsál csatornát.
XSPK_C_027_T0167,wavs_synthetic_crossspeaker/XSPK_C_027_T0167.wav,C_027,Zárd be az ablakot a konyhában.
XSPK_C_027_T0168,wavs_synthetic_crossspeaker/XSPK_C_027_T0168.wav,C_027,A konyhába húz le a fűtést
XSPK_C_027_T0169,wavs_synthetic_crossspeaker/XSPK_C_027_T0169.wav,C_027,A fürdőszobába vál csatornát a televízión.
XSPK_C_027_T0170,wavs_synthetic_crossspeaker/XSPK_C_027_T0170.wav,C_027,Kapcsold be légy szíves a termosztátot a nagyszobába
XSPK_C_027_T0171,wavs_synthetic_crossspeaker/XSPK_C_027_T0171.wav,C_027,A kisszobában húzd szét a függöny
XSPK_C_027_T0172,wavs_synthetic_crossspeaker/XSPK_C_027_T0172.wav,C_027,A fürdőszobábán húzd le a redőnyt.
XSPK_C_027_T0173,wavs_synthetic_crossspeaker/XSPK_C_027_T0173.wav,C_027,Kapcsol föl a fürdőszobában
XSPK_C_027_T0174,wavs_synthetic_crossspeaker/XSPK_C_027_T0174.wav,C_027,Kapcsold be a mosógépet harminc fokon fürdőszobában
XSPK_C_027_T0175,wavs_synthetic_crossspeaker/XSPK_C_027_T0175.wav,C_027,Kapcsold le a villanyfölkapcsolót a nagyszobába
XSPK_C_027_T0176,wavs_synthetic_crossspeaker/XSPK_C_027_T0176.wav,C_027,Kapcsold ki a számítógépet a fürdőszobába.
XSPK_C_027_T0177,wavs_synthetic_crossspeaker/XSPK_C_027_T0177.wav,C_027,A konyhában kapcsold be a sütőt
XSPK_C_027_T0178,wavs_synthetic_crossspeaker/XSPK_C_027_T0178.wav,C_027,Csendesíd a tévét a szobában.
XSPK_C_027_T0179,wavs_synthetic_crossspeaker/XSPK_C_027_T0179.wav,C_027,A folyosón csendesíd a tévét
XSPK_C_027_T0180,wavs_synthetic_crossspeaker/XSPK_C_027_T0180.wav,C_027,Kapcsold be rádiót a nagyszobába
XSPK_C_027_T0181,wavs_synthetic_crossspeaker/XSPK_C_027_T0181.wav,C_027,A fürdőszobában válcsatornát a rádión.
XSPK_C_027_T0182,wavs_synthetic_crossspeaker/XSPK_C_027_T0182.wav,C_027,Húzd fel a redőnyt kisszobába
XSPK_C_027_T0183,wavs_synthetic_crossspeaker/XSPK_C_027_T0183.wav,C_027,Nyissd ki az ajtót a nagyszobában.
XSPK_C_027_T0184,wavs_synthetic_crossspeaker/XSPK_C_027_T0184.wav,C_027,A fürdőszobában húzd be függönyt
XSPK_C_027_T0185,wavs_synthetic_crossspeaker/XSPK_C_027_T0185.wav,C_027,Húzd le a redőnyt a kisszobában
XSPK_C_027_T0186,wavs_synthetic_crossspeaker/XSPK_C_027_T0186.wav,C_027,Szobában húzd fel a fűté.
XSPK_C_027_T0187,wavs_synthetic_crossspeaker/XSPK_C_027_T0187.wav,C_027,Válts csatornát a nagyszobában
XSPK_C_027_T0188,wavs_synthetic_crossspeaker/XSPK_C_027_T0188.wav,C_027,A nagyszobába kapcsold ki a fűtést.
XSPK_C_027_T0189,wavs_synthetic_crossspeaker/XSPK_C_027_T0189.wav,C_027,Húzd szét a függönyt a nagyszobába
XSPK_C_027_T0190,wavs_synthetic_crossspeaker/XSPK_C_027_T0190.wav,C_027,Nagyszobába vedd feljebb a radiátort
XSPK_C_027_T0191,wavs_synthetic_crossspeaker/XSPK_C_027_T0191.wav,C_027,A nagyszobában a televízióban váltsál csatornát
XSPK_C_027_T0192,wavs_synthetic_crossspeaker/XSPK_C_027_T0192.wav,C_027,A fürdőszobában kapcsold ki a ventilátor
XSPK_C_027_T0193,wavs_synthetic_crossspeaker/XSPK_C_027_T0193.wav,C_027,Kapcsold fell a villanyt a nagyszobában.
XSPK_C_027_T0194,wavs_synthetic_crossspeaker/XSPK_C_027_T0194.wav,C_027,Khápcsold be a mosógépet hátvan fokon a konyhábá.
XSPK_C_027_T0195,wavs_synthetic_crossspeaker/XSPK_C_027_T0195.wav,C_027,Zárd be az ablakot a fürdőszobában.
XSPK_C_027_T0196,wavs_synthetic_crossspeaker/XSPK_C_027_T0196.wav,C_027,A kisszobában zárd be az atót
XSPK_C_027_T0197,wavs_synthetic_crossspeaker/XSPK_C_027_T0197.wav,C_027,Besötétedett ezért széthúzhatjuk a függönyt
XSPK_C_027_T0198,wavs_synthetic_crossspeaker/XSPK_C_027_T0198.wav,C_027,Kapcsold le a lámpát a kisszobába.
XSPK_C_027_T0199,wavs_synthetic_crossspeaker/XSPK_C_027_T0199.wav,C_027,Húzd aza függönyt a konyhában
XSPK_C_027_T0200,wavs_synthetic_crossspeaker/XSPK_C_027_T0200.wav,C_027,Kapcsold föl a villanyt a folyoson
XSPK_C_027_T0201,wavs_synthetic_crossspeaker/XSPK_C_027_T0201.wav,C_027,A nagyszobába kapcsold be a porszívót.
XSPK_C_027_T0202,wavs_synthetic_crossspeaker/XSPK_C_027_T0202.wav,C_027,A konyhában vál csatornát a tévén.
XSPK_C_027_T0203,wavs_synthetic_crossspeaker/XSPK_C_027_T0203.wav,C_027,Kapcsold be a forszívót a kisszobában
XSPK_C_027_T0204,wavs_synthetic_crossspeaker/XSPK_C_027_T0204.wav,C_027,A kisszobában kapcsold fel a villany
XSPK_C_027_T0205,wavs_synthetic_crossspeaker/XSPK_C_027_T0205.wav,C_027,Konyhába nyisd ki az ajtót
XSPK_C_027_T0206,wavs_synthetic_crossspeaker/XSPK_C_027_T0206.wav,C_027,Zár be az ajtót a kisszobában
XSPK_C_027_T0207,wavs_synthetic_crossspeaker/XSPK_C_027_T0207.wav,C_027,A fürdőszobában kapcsold ki a porszívót.
XSPK_C_027_T0208,wavs_synthetic_crossspeaker/XSPK_C_027_T0208.wav,C_027,Vedd feljebb a radiátort a fürdőszobába
XSPK_C_027_T0209,wavs_synthetic_crossspeaker/XSPK_C_027_T0209.wav,C_027,Kapcsold ki a fűtést a kisszobában
XSPK_C_028_T0000,wavs_synthetic_crossspeaker/XSPK_C_028_T0000.wav,C_028,Fürdőszobába nyisd ki a ajtót
XSPK_C_028_T0001,wavs_synthetic_crossspeaker/XSPK_C_028_T0001.wav,C_028,A kisszobában kapcsold be as számítógépet
XSPK_C_028_T0002,wavs_synthetic_crossspeaker/XSPK_C_028_T0002.wav,C_028,Kapcsold föl a villanyt a konyhába
XSPK_C_028_T0003,wavs_synthetic_crossspeaker/XSPK_C_028_T0003.wav,C_028,Nagyszobába kapcsold le a villany
XSPK_C_028_T0004,wavs_synthetic_crossspeaker/XSPK_C_028_T0004.wav,C_028,Kapcsold le a fűtést a szobában.
XSPK_C_028_T0005,wavs_synthetic_crossspeaker/XSPK_C_028_T0005.wav,C_028,A konyhában kapcsold ki a rádiot
XSPK_C_028_T0006,wavs_synthetic_crossspeaker/XSPK_C_028_T0006.wav,C_028,A konyhában nyiszd ki az ajtyót
XSPK_C_028_T0007,wavs_synthetic_crossspeaker/XSPK_C_028_T0007.wav,C_028,Konyhában húzd föl a redőnyt.
XSPK_C_028_T0008,wavs_synthetic_crossspeaker/XSPK_C_028_T0008.wav,C_028,Vál csatornát a tévén a konyhában.
XSPK_C_028_T0009,wavs_synthetic_crossspeaker/XSPK_C_028_T0009.wav,C_028,A szobában húzd fel a redőnyt
XSPK_C_028_T0010,wavs_synthetic_crossspeaker/XSPK_C_028_T0010.wav,C_028,Konyhában kapcsoljál csatornát a rádióban
XSPK_C_028_T0011,wavs_synthetic_crossspeaker/XSPK_C_028_T0011.wav,C_028,Kapcsold feljebb a fűtést a folyosón
XSPK_C_028_T0012,wavs_synthetic_crossspeaker/XSPK_C_028_T0012.wav,C_028,Váltsd csatornát a tévén a konyhába
XSPK_C_028_T0013,wavs_synthetic_crossspeaker/XSPK_C_028_T0013.wav,C_028,A szobában hangosítsd fel a tévét
XSPK_C_028_T0014,wavs_synthetic_crossspeaker/XSPK_C_028_T0014.wav,C_028,Válcs csatornát a rádión a kisszobában.
XSPK_C_028_T0015,wavs_synthetic_crossspeaker/XSPK_C_028_T0015.wav,C_028,Nyiss az ablakot a folyosón
XSPK_C_028_T0016,wavs_synthetic_crossspeaker/XSPK_C_028_T0016.wav,C_028,Folyosóban húzd fel a redőnyt
XSPK_C_028_T0017,wavs_synthetic_crossspeaker/XSPK_C_028_T0017.wav,C_028,Felkapcsoljuk a fűtést a kisszobában
XSPK_C_028_T0018,wavs_synthetic_crossspeaker/XSPK_C_028_T0018.wav,C_028,A kisszobába kapcsold ki a ventillátort
XSPK_C_028_T0019,wavs_synthetic_crossspeaker/XSPK_C_028_T0019.wav,C_028,Fürdőszobában kapcsold be a rádiót.
XSPK_C_028_T0020,wavs_synthetic_crossspeaker/XSPK_C_028_T0020.wav,C_028,Kapcsold ki a vízmelegítőt a konyhában.
XSPK_C_028_T0021,wavs_synthetic_crossspeaker/XSPK_C_028_T0021.wav,C_028,Húzd le a redőnyt a fürdőszobában.
XSPK_C_028_T0022,wavs_synthetic_crossspeaker/XSPK_C_028_T0022.wav,C_028,Zárd be a fürdőszobába az ajtót
XSPK_C_028_T0023,wavs_synthetic_crossspeaker/XSPK_C_028_T0023.wav,C_028,A kisszobában kapcsold le a ö villanyt
XSPK_C_028_T0024,wavs_synthetic_crossspeaker/XSPK_C_028_T0024.wav,C_028,A konyhában az ah nyisd ki az ajtót
XSPK_C_028_T0025,wavs_synthetic_crossspeaker/XSPK_C_028_T0025.wav,C_028,Kapcsold ki a radiátort a kisszobába
XSPK_C_028_T0026,wavs_synthetic_crossspeaker/XSPK_C_028_T0026.wav,C_028,Kapcsold ki a tévét a konyhábn.
XSPK_C_028_T0027,wavs_synthetic_crossspeaker/XSPK_C_028_T0027.wav,C_028,Kapcsold be a rádiót ah konyhába
XSPK_C_028_T0028,wavs_synthetic_crossspeaker/XSPK_C_028_T0028.wav,C_028,Kapcsold be a konyhában a kenyérpirítót.
XSPK_C_028_T0029,wavs_synthetic_crossspeaker/XSPK_C_028_T0029.wav,C_028,A szobába kapnyold ki a porszivó.
XSPK_C_028_T0030,wavs_synthetic_crossspeaker/XSPK_C_028_T0030.wav,C_028,Húzd le a radiátort a kisszobába
XSPK_C_028_T0031,wavs_synthetic_crossspeaker/XSPK_C_028_T0031.wav,C_028,Kapcsold be a fűtést a kisszobában
XSPK_C_028_T0032,wavs_synthetic_crossspeaker/XSPK_C_028_T0032.wav,C_028,Úzd lejjebb a szobában a nadirátort
XSPK_C_028_T0033,wavs_synthetic_crossspeaker/XSPK_C_028_T0033.wav,C_028,A folyosón vedd feljebb a radiátort
XSPK_C_028_T0034,wavs_synthetic_crossspeaker/XSPK_C_028_T0034.wav,C_028,Húzd fel a radiátort a fürdőszobában
XSPK_C_028_T0035,wavs_synthetic_crossspeaker/XSPK_C_028_T0035.wav,C_028,A nagyszobában kapcsold le a lámpát zárt
XSPK_C_028_T0036,wavs_synthetic_crossspeaker/XSPK_C_028_T0036.wav,C_028,Kapcsold be a mosogatógépet a konyhába
XSPK_C_028_T0037,wavs_synthetic_crossspeaker/XSPK_C_028_T0037.wav,C_028,Kapcsold varádiót a fürdőszobába
XSPK_C_028_T0038,wavs_synthetic_crossspeaker/XSPK_C_028_T0038.wav,C_028,A nagyszobaban kapcsold ki a porszvót
XSPK_C_028_T0039,wavs_synthetic_crossspeaker/XSPK_C_028_T0039.wav,C_028,Kapcsold le a villént a fürdőszobában.
XSPK_C_028_T0040,wavs_synthetic_crossspeaker/XSPK_C_028_T0040.wav,C_028,A fürdőszobában húzd le a redőnyt.
XSPK_C_028_T0041,wavs_synthetic_crossspeaker/XSPK_C_028_T0041.wav,C_028,Csendesíts tévét a nagyszobaban.
XSPK_C_028_T0042,wavs_synthetic_crossspeaker/XSPK_C_028_T0042.wav,C_028,A szobában húzd szét a függönt.
XSPK_C_028_T0043,wavs_synthetic_crossspeaker/XSPK_C_028_T0043.wav,C_028,Kapcsold be a tűzhelyet a konyhába.
XSPK_C_028_T0044,wavs_synthetic_crossspeaker/XSPK_C_028_T0044.wav,C_028,A nagyszobába váltsál csatornát a tévén
XSPK_C_028_T0045,wavs_synthetic_crossspeaker/XSPK_C_028_T0045.wav,C_028,A kisszobában kapcsold fel a villanyt
XSPK_C_028_T0046,wavs_synthetic_crossspeaker/XSPK_C_028_T0046.wav,C_028,A konyhában a ventillátort kapcsold be
XSPK_C_028_T0047,wavs_synthetic_crossspeaker/XSPK_C_028_T0047.wav,C_028,A fürdőszobában nyiss ki az ablakot.
XSPK_C_028_T0048,wavs_synthetic_crossspeaker/XSPK_C_028_T0048.wav,C_028,Fojján húzd fel a redőny.
XSPK_C_028_T0049,wavs_synthetic_crossspeaker/XSPK_C_028_T0049.wav,C_028,A nagyszobába halkítsd le a tévét
XSPK_C_028_T0050,wavs_synthetic_crossspeaker/XSPK_C_028_T0050.wav,C_028,Huzd ki szék a függönyt a kisszübába
XSPK_C_028_T0051,wavs_synthetic_crossspeaker/XSPK_C_028_T0051.wav,C_028,A folyosón húzd fel a redőny
XSPK_C_028_T0052,wavs_synthetic_crossspeaker/XSPK_C_028_T0052.wav,C_028,Kapcsold be a fűtés a nagyszobában.
XSPK_C_028_T0053,wavs_synthetic_crossspeaker/XSPK_C_028_T0053.wav,C_028,A konyhában a függöny húzzuk be
XSPK_C_028_T0054,wavs_synthetic_crossspeaker/XSPK_C_028_T0054.wav,C_028,Húzd fel a radiátort a kisszobába
XSPK_C_028_T0055,wavs_synthetic_crossspeaker/XSPK_C_028_T0055.wav,C_028,Kikapcsoltad a magyar egyet
XSPK_C_028_T0056,wavs_synthetic_crossspeaker/XSPK_C_028_T0056.wav,C_028,Konyhába húzd szét a függönyt
XSPK_C_028_T0057,wavs_synthetic_crossspeaker/XSPK_C_028_T0057.wav,C_028,A folyosón nyisd ki az ajtyót
XSPK_C_028_T0058,wavs_synthetic_crossspeaker/XSPK_C_028_T0058.wav,C_028,Húzd szét a függönyt a nagyszobában.
XSPK_C_028_T0059,wavs_synthetic_crossspeaker/XSPK_C_028_T0059.wav,C_028,A szobában nyisd ki ajtót.
XSPK_C_028_T0060,wavs_synthetic_crossspeaker/XSPK_C_028_T0060.wav,C_028,Szobába kapcsold ki a rádiot
XSPK_C_028_T0061,wavs_synthetic_crossspeaker/XSPK_C_028_T0061.wav,C_028,A szobában váltsd csatornát a tévén
XSPK_C_028_T0062,wavs_synthetic_crossspeaker/XSPK_C_028_T0062.wav,C_028,A szobában kapcsold fel a fűtés
XSPK_C_028_T0063,wavs_synthetic_crossspeaker/XSPK_C_028_T0063.wav,C_028,Szobában válts csatornát a végén
XSPK_C_028_T0064,wavs_synthetic_crossspeaker/XSPK_C_028_T0064.wav,C_028,Nyisd ki az ajtót a szobában.
XSPK_C_028_T0065,wavs_synthetic_crossspeaker/XSPK_C_028_T0065.wav,C_028,Fürdőszobába kapcsold be a mosógépet és állítsd harminc fokra
XSPK_C_028_T0066,wavs_synthetic_crossspeaker/XSPK_C_028_T0066.wav,C_028,Tedd át a másik csatornára a tévét a fürdőszobában
XSPK_C_028_T0067,wavs_synthetic_crossspeaker/XSPK_C_028_T0067.wav,C_028,Konyhában kapcsold be a porszívót.
XSPK_C_028_T0068,wavs_synthetic_crossspeaker/XSPK_C_028_T0068.wav,C_028,A naccobában zárd be az ablakot
XSPK_C_028_T0069,wavs_synthetic_crossspeaker/XSPK_C_028_T0069.wav,C_028,A folyosón kapcsold be a villanyt
XSPK_C_028_T0070,wavs_synthetic_crossspeaker/XSPK_C_028_T0070.wav,C_028,Kapcsold be a ventillátort asz fürdőszobában
XSPK_C_028_T0071,wavs_synthetic_crossspeaker/XSPK_C_028_T0071.wav,C_028,Zárd be az ajtót a fürdőszobámban.
XSPK_C_028_T0072,wavs_synthetic_crossspeaker/XSPK_C_028_T0072.wav,C_028,Nyissuk ki az ablakot a fürdőszobába
XSPK_C_028_T0073,wavs_synthetic_crossspeaker/XSPK_C_028_T0073.wav,C_028,A fürdőszobában húzd fel a radiátort
XSPK_C_028_T0074,wavs_synthetic_crossspeaker/XSPK_C_028_T0074.wav,C_028,Fürdőszoba hőmérsékletét kapcsold le
XSPK_C_028_T0075,wavs_synthetic_crossspeaker/XSPK_C_028_T0075.wav,C_028,A nagyszobában kápcsold ki á számítógépet.
XSPK_C_028_T0076,wavs_synthetic_crossspeaker/XSPK_C_028_T0076.wav,C_028,A hűtést a szobában kapcsold ki
XSPK_C_028_T0077,wavs_synthetic_crossspeaker/XSPK_C_028_T0077.wav,C_028,Hangosítsd föl a televíziót
XSPK_C_028_T0078,wavs_synthetic_crossspeaker/XSPK_C_028_T0078.wav,C_028,A szobában kapcsold be a fünné.
XSPK_C_028_T0079,wavs_synthetic_crossspeaker/XSPK_C_028_T0079.wav,C_028,Fütésben konyha
XSPK_C_028_T0080,wavs_synthetic_crossspeaker/XSPK_C_028_T0080.wav,C_028,A fürdőszobában kapcsold le a villany.
XSPK_C_028_T0081,wavs_synthetic_crossspeaker/XSPK_C_028_T0081.wav,C_028,Kisszobában kapcsold ki a porszívót
XSPK_C_028_T0082,wavs_synthetic_crossspeaker/XSPK_C_028_T0082.wav,C_028,A folyoszón kapcsold ki a radidátor
XSPK_C_028_T0083,wavs_synthetic_crossspeaker/XSPK_C_028_T0083.wav,C_028,A kisszobába húzd fel a függönyt
XSPK_C_028_T0084,wavs_synthetic_crossspeaker/XSPK_C_028_T0084.wav,C_028,Kapcsold fel a lámpát a kisszobába.
XSPK_C_028_T0085,wavs_synthetic_crossspeaker/XSPK_C_028_T0085.wav,C_028,Kapcsold be a radiátort a folyosón
XSPK_C_028_T0086,wavs_synthetic_crossspeaker/XSPK_C_028_T0086.wav,C_028,A konyhába kapcsold le villany
XSPK_C_028_T0087,wavs_synthetic_crossspeaker/XSPK_C_028_T0087.wav,C_028,A folyosón kapcsold föl a villanyt.
XSPK_C_028_T0088,wavs_synthetic_crossspeaker/XSPK_C_028_T0088.wav,C_028,Hús vell a redőnyt a kisszobábán.
XSPK_C_028_T0089,wavs_synthetic_crossspeaker/XSPK_C_028_T0089.wav,C_028,Kapcsold be ventillátort a nagyszobában.
XSPK_C_028_T0090,wavs_synthetic_crossspeaker/XSPK_C_028_T0090.wav,C_028,Csendesícsd a tévét a konyhában.
XSPK_C_028_T0091,wavs_synthetic_crossspeaker/XSPK_C_028_T0091.wav,C_028,Kapcsold be a villanyt a kisszobába.
XSPK_C_028_T0092,wavs_synthetic_crossspeaker/XSPK_C_028_T0092.wav,C_028,Nagyszobában kapcsold be a számítógépet
XSPK_C_028_T0093,wavs_synthetic_crossspeaker/XSPK_C_028_T0093.wav,C_028,A konyhába húzd fel a redőny
XSPK_C_028_T0094,wavs_synthetic_crossspeaker/XSPK_C_028_T0094.wav,C_028,Húzd le a füttés a konyhában.
XSPK_C_028_T0095,wavs_synthetic_crossspeaker/XSPK_C_028_T0095.wav,C_028,Konyhában kapcsold be asógépet harminc fokon.
XSPK_C_028_T0096,wavs_synthetic_crossspeaker/XSPK_C_028_T0096.wav,C_028,Porszívót kecsapol folyoson
XSPK_C_028_T0097,wavs_synthetic_crossspeaker/XSPK_C_028_T0097.wav,C_028,A kisszobában kapcsold ki a tévét.
XSPK_C_028_T0098,wavs_synthetic_crossspeaker/XSPK_C_028_T0098.wav,C_028,A szobába húzd le a fűtést
XSPK_C_028_T0099,wavs_synthetic_crossspeaker/XSPK_C_028_T0099.wav,C_028,A szobában húzd le a fűtést.
XSPK_C_028_T0100,wavs_synthetic_crossspeaker/XSPK_C_028_T0100.wav,C_028,Nagyszobába kapcsold ki a fűtés
XSPK_C_028_T0101,wavs_synthetic_crossspeaker/XSPK_C_028_T0101.wav,C_028,Kisszobába kapcsold ki a ventilátort
XSPK_C_028_T0102,wavs_synthetic_crossspeaker/XSPK_C_028_T0102.wav,C_028,Válcs csatornát a rádijón a szobában.
XSPK_C_028_T0103,wavs_synthetic_crossspeaker/XSPK_C_028_T0103.wav,C_028,A folyosón kapcsold le a villant
XSPK_C_028_T0104,wavs_synthetic_crossspeaker/XSPK_C_028_T0104.wav,C_028,A fürdőszobába zárd be az ajtót
XSPK_C_028_T0105,wavs_synthetic_crossspeaker/XSPK_C_028_T0105.wav,C_028,Folyosón csendesíd a tévét.
XSPK_C_028_T0106,wavs_synthetic_crossspeaker/XSPK_C_028_T0106.wav,C_028,Nyiszd ki nyisd ki az ajtót a kisszobában
XSPK_C_028_T0107,wavs_synthetic_crossspeaker/XSPK_C_028_T0107.wav,C_028,Húzd szét a fürdőszobába a függönyt
XSPK_C_028_T0108,wavs_synthetic_crossspeaker/XSPK_C_028_T0108.wav,C_028,Konyhában zárd be az ajtót
XSPK_C_028_T0109,wavs_synthetic_crossspeaker/XSPK_C_028_T0109.wav,C_028,Kapcsold fel a villanyt a szobában
XSPK_C_028_T0110,wavs_synthetic_crossspeaker/XSPK_C_028_T0110.wav,C_028,A nagyszobában csendesítsd a tévét
XSPK_C_028_T0111,wavs_synthetic_crossspeaker/XSPK_C_028_T0111.wav,C_028,Kapcsold be a kenyérpirító konyhában.
XSPK_C_028_T0112,wavs_synthetic_crossspeaker/XSPK_C_028_T0112.wav,C_028,Kapcsold be a mosógépet harminc fokon a fürdőszobába
XSPK_C_028_T0113,wavs_synthetic_crossspeaker/XSPK_C_028_T0113.wav,C_028,Kapcsold be a parszivót a fojjosón.
XSPK_C_028_T0114,wavs_synthetic_crossspeaker/XSPK_C_028_T0114.wav,C_028,Húzd fel a fűtés a mojosón.
XSPK_C_028_T0115,wavs_synthetic_crossspeaker/XSPK_C_028_T0115.wav,C_028,Csukd be a ajtót a nagyszobába
XSPK_C_028_T0116,wavs_synthetic_crossspeaker/XSPK_C_028_T0116.wav,C_028,Nagyszobába kapcsold ki a ventillátor
XSPK_C_028_T0117,wavs_synthetic_crossspeaker/XSPK_C_028_T0117.wav,C_028,Halkítsd le a tévét a szobába
XSPK_C_028_T0118,wavs_synthetic_crossspeaker/XSPK_C_028_T0118.wav,C_028,A kissobában húzd le a redőnyt.
XSPK_C_028_T0119,wavs_synthetic_crossspeaker/XSPK_C_028_T0119.wav,C_028,Fürdőszobába húzd fel a fűtést.
XSPK_C_028_T0120,wavs_synthetic_crossspeaker/XSPK_C_028_T0120.wav,C_028,Kapcsold be és állítsd harminc fokra a fürdőszobában a mosógépet
XSPK_C_028_T0121,wavs_synthetic_crossspeaker/XSPK_C_028_T0121.wav,C_028,A fürdőszoba nyissa ki az ablakot
XSPK_C_028_T0122,wavs_synthetic_crossspeaker/XSPK_C_028_T0122.wav,C_028,Vedd lejjebb a radiátort a nagyszobában
XSPK_C_028_T0123,wavs_synthetic_crossspeaker/XSPK_C_028_T0123.wav,C_028,Hangosítsd a televíziót a szobában.
XSPK_C_028_T0124,wavs_synthetic_crossspeaker/XSPK_C_028_T0124.wav,C_028,Az kisszobába húzd szét a függönyt
XSPK_C_028_T0125,wavs_synthetic_crossspeaker/XSPK_C_028_T0125.wav,C_028,A nagyszobába kapcsold föld a villanyt
XSPK_C_028_T0126,wavs_synthetic_crossspeaker/XSPK_C_028_T0126.wav,C_028,Kapcsold be a fürdőszobai radiátort
XSPK_C_028_T0127,wavs_synthetic_crossspeaker/XSPK_C_028_T0127.wav,C_028,Kapcsold fel a villanyt a nagyszobában.
XSPK_C_028_T0128,wavs_synthetic_crossspeaker/XSPK_C_028_T0128.wav,C_028,A konyhában zárd be az ajtót
XSPK_C_028_T0129,wavs_synthetic_crossspeaker/XSPK_C_028_T0129.wav,C_028,A kisszobában kapcsold ki a számítógépet
XSPK_C_028_T0130,wavs_synthetic_crossspeaker/XSPK_C_028_T0130.wav,C_028,Kapcsold be harma har hatvan fokon a mosógépet a konyhában
XSPK_C_028_T0131,wavs_synthetic_crossspeaker/XSPK_C_028_T0131.wav,C_028,Nyisd ki az ajtót a folyos
XSPK_C_028_T0132,wavs_synthetic_crossspeaker/XSPK_C_028_T0132.wav,C_028,Bekapcsoltad a radiátort
XSPK_C_028_T0133,wavs_synthetic_crossspeaker/XSPK_C_028_T0133.wav,C_028,Kapcsold ki a rádiót a konyhába.
XSPK_C_028_T0134,wavs_synthetic_crossspeaker/XSPK_C_028_T0134.wav,C_028,Engedd le a redőny a folyosón.
XSPK_C_028_T0135,wavs_synthetic_crossspeaker/XSPK_C_028_T0135.wav,C_028,Váltsál csatornát a rádión a nagyszobába
XSPK_C_028_T0136,wavs_synthetic_crossspeaker/XSPK_C_028_T0136.wav,C_028,A nagyszobába kapcsold ki a rádiót
XSPK_C_028_T0137,wavs_synthetic_crossspeaker/XSPK_C_028_T0137.wav,C_028,Kapcsold ki a ventillátort a konyhába
XSPK_C_028_T0138,wavs_synthetic_crossspeaker/XSPK_C_028_T0138.wav,C_028,Húzd fell a redőnyt a fojjosón.
XSPK_C_028_T0139,wavs_synthetic_crossspeaker/XSPK_C_028_T0139.wav,C_028,Húzd szét a függönt a nagyszobában.
XSPK_C_028_T0140,wavs_synthetic_crossspeaker/XSPK_C_028_T0140.wav,C_028,Ki sütőbe konyhában
XSPK_C_028_T0141,wavs_synthetic_crossspeaker/XSPK_C_028_T0141.wav,C_028,Szobában hangosítsd föl a tévét
XSPK_C_028_T0142,wavs_synthetic_crossspeaker/XSPK_C_028_T0142.wav,C_028,A konyhában kapcsold ki a vízmelegítőt.
XSPK_C_028_T0143,wavs_synthetic_crossspeaker/XSPK_C_028_T0143.wav,C_028,A szobában kapcsold ki a ventilláton
XSPK_C_028_T0144,wavs_synthetic_crossspeaker/XSPK_C_028_T0144.wav,C_028,A konyhán engedd le a redőnyt
XSPK_C_028_T0145,wavs_synthetic_crossspeaker/XSPK_C_028_T0145.wav,C_028,Zárd be az ablakot a szobában
XSPK_C_028_T0146,wavs_synthetic_crossspeaker/XSPK_C_028_T0146.wav,C_028,Szobában a tévén emeld meg a hangerőt.
XSPK_C_028_T0147,wavs_synthetic_crossspeaker/XSPK_C_028_T0147.wav,C_028,A szobában kapcsold be a rádiót
XSPK_C_028_T0148,wavs_synthetic_crossspeaker/XSPK_C_028_T0148.wav,C_028,A konyhában úzd lejjebb a radiátor
XSPK_C_028_T0149,wavs_synthetic_crossspeaker/XSPK_C_028_T0149.wav,C_028,Húzd fel a redőnyt a nagyszobába
XSPK_C_028_T0150,wavs_synthetic_crossspeaker/XSPK_C_028_T0150.wav,C_028,Nyisd kí az ablakot a kisszobában.
XSPK_C_028_T0151,wavs_synthetic_crossspeaker/XSPK_C_028_T0151.wav,C_028,A konyhában széthúz ööö húzd szét a függönyt
XSPK_C_028_T0152,wavs_synthetic_crossspeaker/XSPK_C_028_T0152.wav,C_028,A nagyszobaba kapcsold fel a villanyt
XSPK_C_028_T0153,wavs_synthetic_crossspeaker/XSPK_C_028_T0153.wav,C_028,Váls csatornát a fürdőszobában a rádióban
XSPK_C_028_T0154,wavs_synthetic_crossspeaker/XSPK_C_028_T0154.wav,C_028,A nagyszobában hangosicsd a tévé.
XSPK_C_028_T0155,wavs_synthetic_crossspeaker/XSPK_C_028_T0155.wav,C_028,Húzd le a fűtést a kisszobába.
XSPK_C_028_T0156,wavs_synthetic_crossspeaker/XSPK_C_028_T0156.wav,C_028,A kisszobába húzd le a redőnyt.
XSPK_C_028_T0157,wavs_synthetic_crossspeaker/XSPK_C_028_T0157.wav,C_028,Vácsotornát a rádión a konyhában.
XSPK_C_028_T0158,wavs_synthetic_crossspeaker/XSPK_C_028_T0158.wav,C_028,Szoba ki ventilátor
XSPK_C_028_T0159,wavs_synthetic_crossspeaker/XSPK_C_028_T0159.wav,C_028,A konyhában húzd le a fűtés.
XSPK_C_028_T0160,wavs_synthetic_crossspeaker/XSPK_C_028_T0160.wav,C_028,A szobáai függönyt húzd szét légy szíves
XSPK_C_028_T0161,wavs_synthetic_crossspeaker/XSPK_C_028_T0161.wav,C_028,Húzd le a fűtést a kisszobában.
XSPK_C_028_T0162,wavs_synthetic_crossspeaker/XSPK_C_028_T0162.wav,C_028,A nagyszobaban kapcsold be a számtógep
XSPK_C_028_T0163,wavs_synthetic_crossspeaker/XSPK_C_028_T0163.wav,C_028,Húzd le a hűttés a zobába.
XSPK_C_028_T0164,wavs_synthetic_crossspeaker/XSPK_C_028_T0164.wav,C_028,Kapcsold ki a radiátort a konyhában
XSPK_C_028_T0165,wavs_synthetic_crossspeaker/XSPK_C_028_T0165.wav,C_028,Kapcsold ki a porszívót a kisszöbaban.
XSPK_C_028_T0166,wavs_synthetic_crossspeaker/XSPK_C_028_T0166.wav,C_028,Húzd fel a fűtést a kiszobaban.
XSPK_C_028_T0167,wavs_synthetic_crossspeaker/XSPK_C_028_T0167.wav,C_028,Kapcsolj be a rádiót a folyosón
XSPK_C_028_T0168,wavs_synthetic_crossspeaker/XSPK_C_028_T0168.wav,C_028,Halkítsd a tévét a szobában
XSPK_C_028_T0169,wavs_synthetic_crossspeaker/XSPK_C_028_T0169.wav,C_028,A nagyszobába kapcsold ki a fűté.
XSPK_C_028_T0170,wavs_synthetic_crossspeaker/XSPK_C_028_T0170.wav,C_028,A szobába kapcsold be a porszívót.
XSPK_C_028_T0171,wavs_synthetic_crossspeaker/XSPK_C_028_T0171.wav,C_028,A konyhába kapcsold ki a rádiót
XSPK_C_028_T0172,wavs_synthetic_crossspeaker/XSPK_C_028_T0172.wav,C_028,A konyhában kapcsold ki a ventillátort.
XSPK_C_028_T0173,wavs_synthetic_crossspeaker/XSPK_C_028_T0173.wav,C_028,A szobába halkítsd a tévét
XSPK_C_028_T0174,wavs_synthetic_crossspeaker/XSPK_C_028_T0174.wav,C_028,A folyosón üsd ki az ablakot.
XSPK_C_028_T0175,wavs_synthetic_crossspeaker/XSPK_C_028_T0175.wav,C_028,Fürdőszobában kapcsold ki a fűtés.
XSPK_C_028_T0176,wavs_synthetic_crossspeaker/XSPK_C_028_T0176.wav,C_028,Válts csatornát a nagycobában
XSPK_C_028_T0177,wavs_synthetic_crossspeaker/XSPK_C_028_T0177.wav,C_028,Csendesícsd a tévét a fürdőszobában.
XSPK_C_028_T0178,wavs_synthetic_crossspeaker/XSPK_C_028_T0178.wav,C_028,Csendesíd a tévét a kisszobában
XSPK_C_028_T0179,wavs_synthetic_crossspeaker/XSPK_C_028_T0179.wav,C_028,A folyosón úzd lejjebb a radiátort
XSPK_C_028_T0180,wavs_synthetic_crossspeaker/XSPK_C_028_T0180.wav,C_028,Kapcsold be a porszívót légyszi a kisszobába
XSPK_C_028_T0181,wavs_synthetic_crossspeaker/XSPK_C_028_T0181.wav,C_028,A kisszobában húzd fel a fütés.
XSPK_C_028_T0182,wavs_synthetic_crossspeaker/XSPK_C_028_T0182.wav,C_028,Konyhába kapcsold le a villany
XSPK_C_028_T0183,wavs_synthetic_crossspeaker/XSPK_C_028_T0183.wav,C_028,A konyhában nyisd ki az ajtót.
XSPK_C_028_T0184,wavs_synthetic_crossspeaker/XSPK_C_028_T0184.wav,C_028,Nagyszobába kapcsoljuk ki a porszívót
XSPK_C_028_T0185,wavs_synthetic_crossspeaker/XSPK_C_028_T0185.wav,C_028,Konyhai függönyt húzd be
XSPK_C_028_T0186,wavs_synthetic_crossspeaker/XSPK_C_028_T0186.wav,C_028,Kapcsold be a tűzhelyet a konyhában
XSPK_C_028_T0187,wavs_synthetic_crossspeaker/XSPK_C_028_T0187.wav,C_028,A szobbában húzd szét a függönyt.
XSPK_C_028_T0188,wavs_synthetic_crossspeaker/XSPK_C_028_T0188.wav,C_028,Kapcsold el le a villanyt a nagyszobában
XSPK_C_028_T0189,wavs_synthetic_crossspeaker/XSPK_C_028_T0189.wav,C_028,Lehúzzuk a redőnyt a kisszobában
XSPK_C_028_T0190,wavs_synthetic_crossspeaker/XSPK_C_028_T0190.wav,C_028,Konyhába kapcsold fel a mosógépet hatvan fokon
XSPK_C_028_T0191,wavs_synthetic_crossspeaker/XSPK_C_028_T0191.wav,C_028,A konyhában zárd el a porszívót
XSPK_C_028_T0192,wavs_synthetic_crossspeaker/XSPK_C_028_T0192.wav,C_028,A nagyszobában kapcsold be a radiátort
XSPK_C_028_T0193,wavs_synthetic_crossspeaker/XSPK_C_028_T0193.wav,C_028,A szobába zád be az ablakot
XSPK_C_028_T0194,wavs_synthetic_crossspeaker/XSPK_C_028_T0194.wav,C_028,Az nagyszobában nyisd ki az ablakot
XSPK_C_028_T0195,wavs_synthetic_crossspeaker/XSPK_C_028_T0195.wav,C_028,A fürdőszobába húzd le a fűté.
XSPK_C_028_T0196,wavs_synthetic_crossspeaker/XSPK_C_028_T0196.wav,C_028,Kapcsold ki a pirítógépet a konyhába
XSPK_C_028_T0197,wavs_synthetic_crossspeaker/XSPK_C_028_T0197.wav,C_028,A folyosón húzd le a redőnyt
XSPK_C_028_T0198,wavs_synthetic_crossspeaker/XSPK_C_028_T0198.wav,C_028,Fürdőszobában ö ö porszívom bekapcsolni
XSPK_C_028_T0199,wavs_synthetic_crossspeaker/XSPK_C_028_T0199.wav,C_028,Kapcsold ki a radiátort a flü flürdőszobában
XSPK_C_028_T0200,wavs_synthetic_crossspeaker/XSPK_C_028_T0200.wav,C_028,A vízforralót kapcsold be
XSPK_C_028_T0201,wavs_synthetic_crossspeaker/XSPK_C_028_T0201.wav,C_028,A szobában kapcsold be a számítógépet
XSPK_C_028_T0202,wavs_synthetic_crossspeaker/XSPK_C_028_T0202.wav,C_028,A szobában kapcsold föl a villanyt
XSPK_C_028_T0203,wavs_synthetic_crossspeaker/XSPK_C_028_T0203.wav,C_028,A kisszobába hangosítsd le a tévét
XSPK_C_028_T0204,wavs_synthetic_crossspeaker/XSPK_C_028_T0204.wav,C_028,A radiátort kapcsold be a konyhában
XSPK_C_028_T0205,wavs_synthetic_crossspeaker/XSPK_C_028_T0205.wav,C_028,Kapcsold le a villanyt a nagyszobában.
XSPK_C_028_T0206,wavs_synthetic_crossspeaker/XSPK_C_028_T0206.wav,C_028,Húzd le a redőnyt a konyhábá.
XSPK_C_028_T0207,wavs_synthetic_crossspeaker/XSPK_C_028_T0207.wav,C_028,Kisszobába kapcsold ki a számítógépet
XSPK_C_028_T0208,wavs_synthetic_crossspeaker/XSPK_C_028_T0208.wav,C_028,Folyosóban kapcsold ki a porszívót
XSPK_C_028_T0209,wavs_synthetic_crossspeaker/XSPK_C_028_T0209.wav,C_028,Kapcsold ki a ventilátorokat a folyosón
XSPK_C_029_T0000,wavs_synthetic_crossspeaker/XSPK_C_029_T0000.wav,C_029,Kapcsold ki a ládiót a konyhában.
XSPK_C_029_T0001,wavs_synthetic_crossspeaker/XSPK_C_029_T0001.wav,C_029,A fürdőszobában csendesítsd a televíziót.
XSPK_C_029_T0002,wavs_synthetic_crossspeaker/XSPK_C_029_T0002.wav,C_029,Kapcsold be hatvan fogon a mosógépet a fürdőszobában.
XSPK_C_029_T0003,wavs_synthetic_crossspeaker/XSPK_C_029_T0003.wav,C_029,Húzd le a füttés a konyhában.
XSPK_C_029_T0004,wavs_synthetic_crossspeaker/XSPK_C_029_T0004.wav,C_029,Kapcsold fhel a villanyt a szobában.
XSPK_C_029_T0005,wavs_synthetic_crossspeaker/XSPK_C_029_T0005.wav,C_029,Váltsál csatornát a rádión a kisszobába
XSPK_C_029_T0006,wavs_synthetic_crossspeaker/XSPK_C_029_T0006.wav,C_029,Üsd ki az ajtót a nagyszobában.
XSPK_C_029_T0007,wavs_synthetic_crossspeaker/XSPK_C_029_T0007.wav,C_029,Szobába kapcsold be a ventilátort
XSPK_C_029_T0008,wavs_synthetic_crossspeaker/XSPK_C_029_T0008.wav,C_029,Nyissa az ajtót a kisszobában.
XSPK_C_029_T0009,wavs_synthetic_crossspeaker/XSPK_C_029_T0009.wav,C_029,A fürdőszobába nyisd ki az ablakot.
XSPK_C_029_T0010,wavs_synthetic_crossspeaker/XSPK_C_029_T0010.wav,C_029,Nyisd ki az ajtót a cobában.
XSPK_C_029_T0011,wavs_synthetic_crossspeaker/XSPK_C_029_T0011.wav,C_029,A konyhában a függöny húzzuk be
XSPK_C_029_T0012,wavs_synthetic_crossspeaker/XSPK_C_029_T0012.wav,C_029,Kisszobába húzzuk szét a függönyöket
XSPK_C_029_T0013,wavs_synthetic_crossspeaker/XSPK_C_029_T0013.wav,C_029,Kisszobába vedd fel a radiátort
XSPK_C_029_T0014,wavs_synthetic_crossspeaker/XSPK_C_029_T0014.wav,C_029,A fürdőszobában felerősítjük a fűtést
XSPK_C_029_T0015,wavs_synthetic_crossspeaker/XSPK_C_029_T0015.wav,C_029,Folyosón hússzét a függönyt.
XSPK_C_029_T0016,wavs_synthetic_crossspeaker/XSPK_C_029_T0016.wav,C_029,Nyisd ki az ablakot a szobába.
XSPK_C_029_T0017,wavs_synthetic_crossspeaker/XSPK_C_029_T0017.wav,C_029,Szobába kapcsold le a lámpát.
XSPK_C_029_T0018,wavs_synthetic_crossspeaker/XSPK_C_029_T0018.wav,C_029,Kapcsold föl a villanyt a fürdőszobába
XSPK_C_029_T0019,wavs_synthetic_crossspeaker/XSPK_C_029_T0019.wav,C_029,A fürdőszobába vedd feljebb a radiátort
XSPK_C_029_T0020,wavs_synthetic_crossspeaker/XSPK_C_029_T0020.wav,C_029,Vál csatornát a rádión a konyhában.
XSPK_C_029_T0021,wavs_synthetic_crossspeaker/XSPK_C_029_T0021.wav,C_029,Kapcsold fel a ventilátort a konyhában
XSPK_C_029_T0022,wavs_synthetic_crossspeaker/XSPK_C_029_T0022.wav,C_029,Nyisd ki az ablakot a a szobában.
XSPK_C_029_T0023,wavs_synthetic_crossspeaker/XSPK_C_029_T0023.wav,C_029,A fürdőszobában kapcsold fel a villanyt
XSPK_C_029_T0024,wavs_synthetic_crossspeaker/XSPK_C_029_T0024.wav,C_029,A szobába válcs csatornát a tévén.
XSPK_C_029_T0025,wavs_synthetic_crossspeaker/XSPK_C_029_T0025.wav,C_029,Húz be a függöny a kisszobában
XSPK_C_029_T0026,wavs_synthetic_crossspeaker/XSPK_C_029_T0026.wav,C_029,Kapcsold te a villanyt a nagyszobába.
XSPK_C_029_T0027,wavs_synthetic_crossspeaker/XSPK_C_029_T0027.wav,C_029,Kapcsold ki a forszívót a konyhában
XSPK_C_029_T0028,wavs_synthetic_crossspeaker/XSPK_C_029_T0028.wav,C_029,Húzd fel a redőny a szobában
XSPK_C_029_T0029,wavs_synthetic_crossspeaker/XSPK_C_029_T0029.wav,C_029,Huzd le a redönyt a folyoson
XSPK_C_029_T0030,wavs_synthetic_crossspeaker/XSPK_C_029_T0030.wav,C_029,Kisszobában kapcsold be a rádiot
XSPK_C_029_T0031,wavs_synthetic_crossspeaker/XSPK_C_029_T0031.wav,C_029,A nagyszobában kapcsold le a világítás.
XSPK_C_029_T0032,wavs_synthetic_crossspeaker/XSPK_C_029_T0032.wav,C_029,Kapcsold ki a ventillátor a fürdőszobában.
XSPK_C_029_T0033,wavs_synthetic_crossspeaker/XSPK_C_029_T0033.wav,C_029,Húzd be a függönyt a fojjosón.
XSPK_C_029_T0034,wavs_synthetic_crossspeaker/XSPK_C_029_T0034.wav,C_029,A fürdőszobában nyísd ki az ablakot
XSPK_C_029_T0035,wavs_synthetic_crossspeaker/XSPK_C_029_T0035.wav,C_029,Nyisd ki az ablakot a fűrdőszobában.
XSPK_C_029_T0036,wavs_synthetic_crossspeaker/XSPK_C_029_T0036.wav,C_029,A nagycobában zárd be az ajtót
XSPK_C_029_T0037,wavs_synthetic_crossspeaker/XSPK_C_029_T0037.wav,C_029,Kisszobában kapcsold ki a ventilátort
XSPK_C_029_T0038,wavs_synthetic_crossspeaker/XSPK_C_029_T0038.wav,C_029,Kisszobába hőzd be a függöny
XSPK_C_029_T0039,wavs_synthetic_crossspeaker/XSPK_C_029_T0039.wav,C_029,A kisszobában zárd be az ablakot
XSPK_C_029_T0040,wavs_synthetic_crossspeaker/XSPK_C_029_T0040.wav,C_029,Nagyszobába kapcsold ki a rádiot
XSPK_C_029_T0041,wavs_synthetic_crossspeaker/XSPK_C_029_T0041.wav,C_029,A konyhában hideg van vagy meleg van vissza kell venni a fűtést
XSPK_C_029_T0042,wavs_synthetic_crossspeaker/XSPK_C_029_T0042.wav,C_029,A szobaban kapcsold ki a rádiót
XSPK_C_029_T0043,wavs_synthetic_crossspeaker/XSPK_C_029_T0043.wav,C_029,Zárd be az atót a fürdőszobában
XSPK_C_029_T0044,wavs_synthetic_crossspeaker/XSPK_C_029_T0044.wav,C_029,Szobában öom kapcsold ki a porszívót
XSPK_C_029_T0045,wavs_synthetic_crossspeaker/XSPK_C_029_T0045.wav,C_029,A kérgiszobában nyisd ki az ablakot.
XSPK_C_029_T0046,wavs_synthetic_crossspeaker/XSPK_C_029_T0046.wav,C_029,Kapcsold feljebb a fűtést a konyhában
XSPK_C_029_T0047,wavs_synthetic_crossspeaker/XSPK_C_029_T0047.wav,C_029,Kapcsold ki a rádiót a folyoson
XSPK_C_029_T0048,wavs_synthetic_crossspeaker/XSPK_C_029_T0048.wav,C_029,Húzd le a redőnyök redőnyt a szobába
XSPK_C_029_T0049,wavs_synthetic_crossspeaker/XSPK_C_029_T0049.wav,C_029,Kisszobába húzd fel a rolót
XSPK_C_029_T0050,wavs_synthetic_crossspeaker/XSPK_C_029_T0050.wav,C_029,A folyosón vál csatornát a tévén.
XSPK_C_029_T0051,wavs_synthetic_crossspeaker/XSPK_C_029_T0051.wav,C_029,A szoba függönyt húzd be légy szíves
XSPK_C_029_T0052,wavs_synthetic_crossspeaker/XSPK_C_029_T0052.wav,C_029,Kisszobába kapcsold be a ventilátort.
XSPK_C_029_T0053,wavs_synthetic_crossspeaker/XSPK_C_029_T0053.wav,C_029,Á nágyszobábán zárd be az ablakot.
XSPK_C_029_T0054,wavs_synthetic_crossspeaker/XSPK_C_029_T0054.wav,C_029,A szobában kapcsold ki a forszívót
XSPK_C_029_T0055,wavs_synthetic_crossspeaker/XSPK_C_029_T0055.wav,C_029,Kisszobába kapcsold ki a porszívót.
XSPK_C_029_T0056,wavs_synthetic_crossspeaker/XSPK_C_029_T0056.wav,C_029,A kisszobában zárd be a ajtót
XSPK_C_029_T0057,wavs_synthetic_crossspeaker/XSPK_C_029_T0057.wav,C_029,Folyosón kapcsold le a villanyfölkapcsolót
XSPK_C_029_T0058,wavs_synthetic_crossspeaker/XSPK_C_029_T0058.wav,C_029,Húzd le a redőnyöket a naccobában
XSPK_C_029_T0059,wavs_synthetic_crossspeaker/XSPK_C_029_T0059.wav,C_029,A nagyszobában kapcsold fell a villany.
XSPK_C_029_T0060,wavs_synthetic_crossspeaker/XSPK_C_029_T0060.wav,C_029,A konyhában kapcsold be harminc fokon a mosógépet.
XSPK_C_029_T0061,wavs_synthetic_crossspeaker/XSPK_C_029_T0061.wav,C_029,A kisszobábán hangosítsd a tévét.
XSPK_C_029_T0062,wavs_synthetic_crossspeaker/XSPK_C_029_T0062.wav,C_029,A konyhában húzd be a függönyt.
XSPK_C_029_T0063,wavs_synthetic_crossspeaker/XSPK_C_029_T0063.wav,C_029,Kisszoban le lámpam
XSPK_C_029_T0064,wavs_synthetic_crossspeaker/XSPK_C_029_T0064.wav,C_029,Kapcsold be a rádjót a nagyszobába.
XSPK_C_029_T0065,wavs_synthetic_crossspeaker/XSPK_C_029_T0065.wav,C_029,A kisszobában kapcsold ki a radidátor
XSPK_C_029_T0066,wavs_synthetic_crossspeaker/XSPK_C_029_T0066.wav,C_029,Nyisd ki légy szíves a fürdőszoba ajtót
XSPK_C_029_T0067,wavs_synthetic_crossspeaker/XSPK_C_029_T0067.wav,C_029,Kapcsold be á ventillátort a fojjosón.
XSPK_C_029_T0068,wavs_synthetic_crossspeaker/XSPK_C_029_T0068.wav,C_029,Natobában egy porszívót bekapcsolni
XSPK_C_029_T0069,wavs_synthetic_crossspeaker/XSPK_C_029_T0069.wav,C_029,A nagyszobában kapcskold fel a villany
XSPK_C_029_T0070,wavs_synthetic_crossspeaker/XSPK_C_029_T0070.wav,C_029,Kapcsold be a vízforralót a szob szob a konyhában
XSPK_C_029_T0071,wavs_synthetic_crossspeaker/XSPK_C_029_T0071.wav,C_029,Vedd feljebb a te a televízión a hangot … a szobában
XSPK_C_029_T0072,wavs_synthetic_crossspeaker/XSPK_C_029_T0072.wav,C_029,Kapcsold be hatvan fogon a mosógépet a konyhában.
XSPK_C_029_T0073,wavs_synthetic_crossspeaker/XSPK_C_029_T0073.wav,C_029,A fürdőszobában húzd fel a fűtő.
XSPK_C_029_T0074,wavs_synthetic_crossspeaker/XSPK_C_029_T0074.wav,C_029,A nagyszobámbá húzd fel a fütés.
XSPK_C_029_T0075,wavs_synthetic_crossspeaker/XSPK_C_029_T0075.wav,C_029,Kapcold ki a sütőt a konyhába
XSPK_C_029_T0076,wavs_synthetic_crossspeaker/XSPK_C_029_T0076.wav,C_029,Válts csatornát a kisszobában a zá na a rádión
XSPK_C_029_T0077,wavs_synthetic_crossspeaker/XSPK_C_029_T0077.wav,C_029,A nagyszobába kapcsold ki a fűtést.
XSPK_C_029_T0078,wavs_synthetic_crossspeaker/XSPK_C_029_T0078.wav,C_029,A nagyszobában kapcsold be a tévét
XSPK_C_029_T0079,wavs_synthetic_crossspeaker/XSPK_C_029_T0079.wav,C_029,A nagyszobai redőnyt húzd fel
XSPK_C_029_T0080,wavs_synthetic_crossspeaker/XSPK_C_029_T0080.wav,C_029,A fürdőszobában kapcsold ki a tévét.
XSPK_C_029_T0081,wavs_synthetic_crossspeaker/XSPK_C_029_T0081.wav,C_029,Kapcsold ki a sütőt a konyhában.
XSPK_C_029_T0082,wavs_synthetic_crossspeaker/XSPK_C_029_T0082.wav,C_029,Húzd fel a reedőnyt a konyhába
XSPK_C_029_T0083,wavs_synthetic_crossspeaker/XSPK_C_029_T0083.wav,C_029,Húzd feljebb a radirátort a fürdőszobában
XSPK_C_029_T0084,wavs_synthetic_crossspeaker/XSPK_C_029_T0084.wav,C_029,Khápcsold be a mosógépet hátvan fokon a konyhábá.
XSPK_C_029_T0085,wavs_synthetic_crossspeaker/XSPK_C_029_T0085.wav,C_029,Hívd fel a lányomat telefonon.
XSPK_C_029_T0086,wavs_synthetic_crossspeaker/XSPK_C_029_T0086.wav,C_029,A szobai redőnyt lehúznád
XSPK_C_029_T0087,wavs_synthetic_crossspeaker/XSPK_C_029_T0087.wav,C_029,A konyhában kacsvold ki  sütőt
XSPK_C_029_T0088,wavs_synthetic_crossspeaker/XSPK_C_029_T0088.wav,C_029,A konyhában széthúz ööö húzd szét a függönyt
XSPK_C_029_T0089,wavs_synthetic_crossspeaker/XSPK_C_029_T0089.wav,C_029,A szobában kapcsold ki a radidátort
XSPK_C_029_T0090,wavs_synthetic_crossspeaker/XSPK_C_029_T0090.wav,C_029,A fojjosón kapcsold be a porszívó.
XSPK_C_029_T0091,wavs_synthetic_crossspeaker/XSPK_C_029_T0091.wav,C_029,Fürdőszoba hőmérsékletét kapcsold ki
XSPK_C_029_T0092,wavs_synthetic_crossspeaker/XSPK_C_029_T0092.wav,C_029,A folyosón fedd fel a radátort
XSPK_C_029_T0093,wavs_synthetic_crossspeaker/XSPK_C_029_T0093.wav,C_029,Kisszobába zárd be az ablak
XSPK_C_029_T0094,wavs_synthetic_crossspeaker/XSPK_C_029_T0094.wav,C_029,Nagyszobába húzd fel a redőnyt.
XSPK_C_029_T0095,wavs_synthetic_crossspeaker/XSPK_C_029_T0095.wav,C_029,Nagyszobába is kapcsold be a ventillátort
XSPK_C_029_T0096,wavs_synthetic_crossspeaker/XSPK_C_029_T0096.wav,C_029,Szobában kapcsold fel a fűtést
XSPK_C_029_T0097,wavs_synthetic_crossspeaker/XSPK_C_029_T0097.wav,C_029,A fojjosón khapcsold be a számítógépet.
XSPK_C_029_T0098,wavs_synthetic_crossspeaker/XSPK_C_029_T0098.wav,C_029,Nagyszoba ablakát zárd be
XSPK_C_029_T0099,wavs_synthetic_crossspeaker/XSPK_C_029_T0099.wav,C_029,Engedd le a redőny a folyosón.
XSPK_C_029_T0100,wavs_synthetic_crossspeaker/XSPK_C_029_T0100.wav,C_029,A ventillátort kapcsold ki a fürdőszobába
XSPK_C_029_T0101,wavs_synthetic_crossspeaker/XSPK_C_029_T0101.wav,C_029,folyosón kapcsold fel a villanyt
XSPK_C_029_T0102,wavs_synthetic_crossspeaker/XSPK_C_029_T0102.wav,C_029,Konyhába kapcsold ki légyszi a porszívót
XSPK_C_029_T0103,wavs_synthetic_crossspeaker/XSPK_C_029_T0103.wav,C_029,Kisszobába kapcsold fel a lámpát.
XSPK_C_029_T0104,wavs_synthetic_crossspeaker/XSPK_C_029_T0104.wav,C_029,Kapcsold ki a radiot a konyhába
XSPK_C_029_T0105,wavs_synthetic_crossspeaker/XSPK_C_029_T0105.wav,C_029,Kapcsoljuk ki a zsebrádiót
XSPK_C_029_T0106,wavs_synthetic_crossspeaker/XSPK_C_029_T0106.wav,C_029,A kisszobában húzd feljebb a radidátor
XSPK_C_029_T0107,wavs_synthetic_crossspeaker/XSPK_C_029_T0107.wav,C_029,A fojjosón zárd be az ajtót.
XSPK_C_029_T0108,wavs_synthetic_crossspeaker/XSPK_C_029_T0108.wav,C_029,Folyosón behúznád a függönyt
XSPK_C_029_T0109,wavs_synthetic_crossspeaker/XSPK_C_029_T0109.wav,C_029,Számítógépet kapcsold ki a há a bakonyhába
XSPK_C_029_T0110,wavs_synthetic_crossspeaker/XSPK_C_029_T0110.wav,C_029,Hangosítsd a televíziót a szobában.
XSPK_C_029_T0111,wavs_synthetic_crossspeaker/XSPK_C_029_T0111.wav,C_029,Vál csatornát a rádión a kisszobában.
XSPK_C_029_T0112,wavs_synthetic_crossspeaker/XSPK_C_029_T0112.wav,C_029,A szobában vál catornát a tévén.
XSPK_C_029_T0113,wavs_synthetic_crossspeaker/XSPK_C_029_T0113.wav,C_029,A fürdőszobában kapcsold be porszívót
XSPK_C_029_T0114,wavs_synthetic_crossspeaker/XSPK_C_029_T0114.wav,C_029,A szobába kapcsold be a porszívót.
XSPK_C_029_T0115,wavs_synthetic_crossspeaker/XSPK_C_029_T0115.wav,C_029,A nagyszobába kapcsold be a radiátort
XSPK_C_029_T0116,wavs_synthetic_crossspeaker/XSPK_C_029_T0116.wav,C_029,A fürdőszobában válts csatornát a rádión
XSPK_C_029_T0117,wavs_synthetic_crossspeaker/XSPK_C_029_T0117.wav,C_029,Kapcsold be a mosógépet harminc fokon a konyhába
XSPK_C_029_T0118,wavs_synthetic_crossspeaker/XSPK_C_029_T0118.wav,C_029,A fürdőszobába kapcsold ki a fűtést
XSPK_C_029_T0119,wavs_synthetic_crossspeaker/XSPK_C_029_T0119.wav,C_029,A nagyszobába csatornát váltunk a televízión
XSPK_C_029_T0120,wavs_synthetic_crossspeaker/XSPK_C_029_T0120.wav,C_029,A fürdőszobába húzd fel a függönyt
XSPK_C_029_T0121,wavs_synthetic_crossspeaker/XSPK_C_029_T0121.wav,C_029,Zárd be az ablakot a fűrdőszobában
XSPK_C_029_T0122,wavs_synthetic_crossspeaker/XSPK_C_029_T0122.wav,C_029,Húzd be a redőnyt a kh fürdőszobába
XSPK_C_029_T0123,wavs_synthetic_crossspeaker/XSPK_C_029_T0123.wav,C_029,Húzd szét függönyt a kiszobában.
XSPK_C_029_T0124,wavs_synthetic_crossspeaker/XSPK_C_029_T0124.wav,C_029,A kisszobában kapcsold le a világítás.
XSPK_C_029_T0125,wavs_synthetic_crossspeaker/XSPK_C_029_T0125.wav,C_029,A fürdőszobában kapcsold be ventilátor
XSPK_C_029_T0126,wavs_synthetic_crossspeaker/XSPK_C_029_T0126.wav,C_029,A konyhába zárd be az ajtót.
XSPK_C_029_T0127,wavs_synthetic_crossspeaker/XSPK_C_029_T0127.wav,C_029,Kapcsold ki a szobában a számítógépet
XSPK_C_029_T0128,wavs_synthetic_crossspeaker/XSPK_C_029_T0128.wav,C_029,A rádiót kapcsold ki a nagyszobába
XSPK_C_029_T0129,wavs_synthetic_crossspeaker/XSPK_C_029_T0129.wav,C_029,A nagyszobában kapcsold be a rádiot
XSPK_C_029_T0130,wavs_synthetic_crossspeaker/XSPK_C_029_T0130.wav,C_029,Huzd fel a fűtést a fürdőszobába
XSPK_C_029_T0131,wavs_synthetic_crossspeaker/XSPK_C_029_T0131.wav,C_029,Váltsál csatornát a szobába a rádión
XSPK_C_029_T0132,wavs_synthetic_crossspeaker/XSPK_C_029_T0132.wav,C_029,Válcs csatornát a tévén a fürdőszobában.
XSPK_C_029_T0133,wavs_synthetic_crossspeaker/XSPK_C_029_T0133.wav,C_029,A rádiót kapcsold be a szobában.
XSPK_C_029_T0134,wavs_synthetic_crossspeaker/XSPK_C_029_T0134.wav,C_029,Kisszobába kapcsold ki a ventilátort
XSPK_C_029_T0135,wavs_synthetic_crossspeaker/XSPK_C_029_T0135.wav,C_029,Zárd be az ablakot a konyhában.
XSPK_C_029_T0136,wavs_synthetic_crossspeaker/XSPK_C_029_T0136.wav,C_029,Kapcsold be a rádiót a folyosón.
XSPK_C_029_T0137,wavs_synthetic_crossspeaker/XSPK_C_029_T0137.wav,C_029,A fürdőszobába kapcsold be a ventilátorokat
XSPK_C_029_T0138,wavs_synthetic_crossspeaker/XSPK_C_029_T0138.wav,C_029,A kiszobában kapcsold ki a rádjó.
XSPK_C_029_T0139,wavs_synthetic_crossspeaker/XSPK_C_029_T0139.wav,C_029,Húzd fel a folyosón a redőnyt
XSPK_C_029_T0140,wavs_synthetic_crossspeaker/XSPK_C_029_T0140.wav,C_029,Húzd le a redőnyt a szobában
XSPK_C_029_T0141,wavs_synthetic_crossspeaker/XSPK_C_029_T0141.wav,C_029,Kapcsold be a szütöt a konyhában
XSPK_C_029_T0142,wavs_synthetic_crossspeaker/XSPK_C_029_T0142.wav,C_029,Kapcsold be ar a rádiót a kisszobába.
XSPK_C_029_T0143,wavs_synthetic_crossspeaker/XSPK_C_029_T0143.wav,C_029,A kisszobába kapcsold be a porszívot
XSPK_C_029_T0144,wavs_synthetic_crossspeaker/XSPK_C_029_T0144.wav,C_029,Kapcsold ki a ventilátort a szonyhában
XSPK_C_029_T0145,wavs_synthetic_crossspeaker/XSPK_C_029_T0145.wav,C_029,Vedd feljebb a televíziót a kisszobában
XSPK_C_029_T0146,wavs_synthetic_crossspeaker/XSPK_C_029_T0146.wav,C_029,A kisszobába csinálj csatorna váltást
XSPK_C_029_T0147,wavs_synthetic_crossspeaker/XSPK_C_029_T0147.wav,C_029,Húza fűtést a nagyszobába
XSPK_C_029_T0148,wavs_synthetic_crossspeaker/XSPK_C_029_T0148.wav,C_029,Konyhába kapcsold be a fűtés
XSPK_C_029_T0149,wavs_synthetic_crossspeaker/XSPK_C_029_T0149.wav,C_029,A konyhábá húzd le a redőny.
XSPK_C_029_T0150,wavs_synthetic_crossspeaker/XSPK_C_029_T0150.wav,C_029,A konyhában kapcsold be a sütőt
XSPK_C_029_T0151,wavs_synthetic_crossspeaker/XSPK_C_029_T0151.wav,C_029,Halkítsuk a tévét a nagyszobába
XSPK_C_029_T0152,wavs_synthetic_crossspeaker/XSPK_C_029_T0152.wav,C_029,Húzd szét a függönyt a szobábán.
XSPK_C_029_T0153,wavs_synthetic_crossspeaker/XSPK_C_029_T0153.wav,C_029,Nyissuk ki az ajtót a konyhában
XSPK_C_029_T0154,wavs_synthetic_crossspeaker/XSPK_C_029_T0154.wav,C_029,Kapcsold ki a rádiót a fürdőszobába
XSPK_C_029_T0155,wavs_synthetic_crossspeaker/XSPK_C_029_T0155.wav,C_029,Nyiss az ablakot a folyosón
XSPK_C_029_T0156,wavs_synthetic_crossspeaker/XSPK_C_029_T0156.wav,C_029,A szobában zárd be az ajtót.
XSPK_C_029_T0157,wavs_synthetic_crossspeaker/XSPK_C_029_T0157.wav,C_029,A szobában váltsd csatornát a tévén
XSPK_C_029_T0158,wavs_synthetic_crossspeaker/XSPK_C_029_T0158.wav,C_029,A fűjőszobában kapcsold ki a porszivó.
XSPK_C_029_T0159,wavs_synthetic_crossspeaker/XSPK_C_029_T0159.wav,C_029,Váltsál csatornát a fürdőszobai rádión
XSPK_C_029_T0160,wavs_synthetic_crossspeaker/XSPK_C_029_T0160.wav,C_029,Nyomd fel a fűtést a konyhába
XSPK_C_029_T0161,wavs_synthetic_crossspeaker/XSPK_C_029_T0161.wav,C_029,Konyhában kapcsold be a ventilátort
XSPK_C_029_T0162,wavs_synthetic_crossspeaker/XSPK_C_029_T0162.wav,C_029,Hángosítsd a tévét a nagyszobábán.
XSPK_C_029_T0163,wavs_synthetic_crossspeaker/XSPK_C_029_T0163.wav,C_029,Kapcsold ki a ventilátort a szobába
XSPK_C_029_T0164,wavs_synthetic_crossspeaker/XSPK_C_029_T0164.wav,C_029,Húzd le a konyhában.
XSPK_C_029_T0165,wavs_synthetic_crossspeaker/XSPK_C_029_T0165.wav,C_029,Fürdőszobába kapcsold le a villany
XSPK_C_029_T0166,wavs_synthetic_crossspeaker/XSPK_C_029_T0166.wav,C_029,Nyissd ki az ajtót a nagyszobábán.
XSPK_C_029_T0167,wavs_synthetic_crossspeaker/XSPK_C_029_T0167.wav,C_029,Zárd be a fürdőszobába az ajtót
XSPK_C_029_T0168,wavs_synthetic_crossspeaker/XSPK_C_029_T0168.wav,C_029,Kapcsold be a porszivót a fürdőszobában.
XSPK_C_029_T0169,wavs_synthetic_crossspeaker/XSPK_C_029_T0169.wav,C_029,A konyhában khapcsold be a porszivót.
XSPK_C_029_T0170,wavs_synthetic_crossspeaker/XSPK_C_029_T0170.wav,C_029,Válcs csatornát a tévén a konyhábán.
XSPK_C_029_T0171,wavs_synthetic_crossspeaker/XSPK_C_029_T0171.wav,C_029,Nagyszobába hangosícs fel a tévét.
XSPK_C_029_T0172,wavs_synthetic_crossspeaker/XSPK_C_029_T0172.wav,C_029,Nyisd ki az abrakot a kisszobában
XSPK_C_029_T0173,wavs_synthetic_crossspeaker/XSPK_C_029_T0173.wav,C_029,Nagyszobába húzd fel a rolót
XSPK_C_029_T0174,wavs_synthetic_crossspeaker/XSPK_C_029_T0174.wav,C_029,Motogépet hatvan fokon a konyhában kapcsold be.
XSPK_C_029_T0175,wavs_synthetic_crossspeaker/XSPK_C_029_T0175.wav,C_029,A szobaban zárd be az ablakot
XSPK_C_029_T0176,wavs_synthetic_crossspeaker/XSPK_C_029_T0176.wav,C_029,Csendesítö tévét a konyhában.
XSPK_C_029_T0177,wavs_synthetic_crossspeaker/XSPK_C_029_T0177.wav,C_029,Hús vell a redőnyt a fürdőszobában.
XSPK_C_029_T0178,wavs_synthetic_crossspeaker/XSPK_C_029_T0178.wav,C_029,A szobában hangosítsd a tévét
XSPK_C_029_T0179,wavs_synthetic_crossspeaker/XSPK_C_029_T0179.wav,C_029,A fojjosó hú le a redőnyt.
XSPK_C_029_T0180,wavs_synthetic_crossspeaker/XSPK_C_029_T0180.wav,C_029,A konyhában kapcsold be a dadirátor
XSPK_C_029_T0181,wavs_synthetic_crossspeaker/XSPK_C_029_T0181.wav,C_029,A folyosón tedd följebb a fűtést légy szíves
XSPK_C_029_T0182,wavs_synthetic_crossspeaker/XSPK_C_029_T0182.wav,C_029,Kisszobában válts csatornát a rádión
XSPK_C_029_T0183,wavs_synthetic_crossspeaker/XSPK_C_029_T0183.wav,C_029,A konyhában kapcsold be a  mosolygatógépet
XSPK_C_029_T0184,wavs_synthetic_crossspeaker/XSPK_C_029_T0184.wav,C_029,A szobában vedd le a fűtést
XSPK_C_029_T0185,wavs_synthetic_crossspeaker/XSPK_C_029_T0185.wav,C_029,Kapcsold ki a rádiót a konyhába.
XSPK_C_029_T0186,wavs_synthetic_crossspeaker/XSPK_C_029_T0186.wav,C_029,Kapcsold ki a rádiót a fürdőszobában
XSPK_C_029_T0187,wavs_synthetic_crossspeaker/XSPK_C_029_T0187.wav,C_029,A fürdőszobában húzzuk be a függöny
XSPK_C_029_T0188,wavs_synthetic_crossspeaker/XSPK_C_029_T0188.wav,C_029,Kacspold be a ventilátor a nagyszobában
XSPK_C_029_T0189,wavs_synthetic_crossspeaker/XSPK_C_029_T0189.wav,C_029,Kapcsold be a mosógépet harminc fokon aa fürdőszobában
XSPK_C_029_T0190,wavs_synthetic_crossspeaker/XSPK_C_029_T0190.wav,C_029,Válcs csatornát a rádión a kisszobában
XSPK_C_029_T0191,wavs_synthetic_crossspeaker/XSPK_C_029_T0191.wav,C_029,A számítógépet kapcsold be a szobába
XSPK_C_029_T0192,wavs_synthetic_crossspeaker/XSPK_C_029_T0192.wav,C_029,A folyosón csapcsold be a porszívót
XSPK_C_029_T0193,wavs_synthetic_crossspeaker/XSPK_C_029_T0193.wav,C_029,A szobában kapcsold fel a villany.
XSPK_C_029_T0194,wavs_synthetic_crossspeaker/XSPK_C_029_T0194.wav,C_029,Hangosítsd fel a tévét a szobába
XSPK_C_029_T0195,wavs_synthetic_crossspeaker/XSPK_C_029_T0195.wav,C_029,Fürdőszoban porszízót kikapcsolni
XSPK_C_029_T0196,wavs_synthetic_crossspeaker/XSPK_C_029_T0196.wav,C_029,A kisszobába kapcsold be a porszívót
XSPK_C_029_T0197,wavs_synthetic_crossspeaker/XSPK_C_029_T0197.wav,C_029,Húzd fel a redőnyöket a kisszobában
XSPK_C_029_T0198,wavs_synthetic_crossspeaker/XSPK_C_029_T0198.wav,C_029,Húzd fel a fűtés a mojosón.
XSPK_C_029_T0199,wavs_synthetic_crossspeaker/XSPK_C_029_T0199.wav,C_029,Nagyszobában húzd fel a radiátort
XSPK_C_029_T0200,wavs_synthetic_crossspeaker/XSPK_C_029_T0200.wav,C_029,Vedd feljebb a radiátort a kisszobába
XSPK_C_029_T0201,wavs_synthetic_crossspeaker/XSPK_C_029_T0201.wav,C_029,Húzd le a redőnyöket a konyhában
XSPK_C_029_T0202,wavs_synthetic_crossspeaker/XSPK_C_029_T0202.wav,C_029,A fojjosón válcs csatornát a rádión.
XSPK_C_029_T0203,wavs_synthetic_crossspeaker/XSPK_C_029_T0203.wav,C_029,A konyhában húzd be a függ függönt.
XSPK_C_029_T0204,wavs_synthetic_crossspeaker/XSPK_C_029_T0204.wav,C_029,Indítsd be a mosógépket a harminc fokon a fürdőszobában
XSPK_C_029_T0205,wavs_synthetic_crossspeaker/XSPK_C_029_T0205.wav,C_029,Kapcsold be a fűtést a kisszobában
XSPK_C_029_T0206,wavs_synthetic_crossspeaker/XSPK_C_029_T0206.wav,C_029,Kapcsold föl a villanyt a nagyszobába.
XSPK_C_029_T0207,wavs_synthetic_crossspeaker/XSPK_C_029_T0207.wav,C_029,Válts csatornát a tévén a fürdőben
XSPK_C_029_T0208,wavs_synthetic_crossspeaker/XSPK_C_029_T0208.wav,C_029,A fürdőben nyisd ki az ablakot
XSPK_C_029_T0209,wavs_synthetic_crossspeaker/XSPK_C_029_T0209.wav,C_029,A redőnyt húzd fel a szobába
XSPK_C_030_T0000,wavs_synthetic_crossspeaker/XSPK_C_030_T0000.wav,C_030,A szobában engedd le a redőnt.
XSPK_C_030_T0001,wavs_synthetic_crossspeaker/XSPK_C_030_T0001.wav,C_030,Húzd szét a függönyt a nagy nagyszobába
XSPK_C_030_T0002,wavs_synthetic_crossspeaker/XSPK_C_030_T0002.wav,C_030,Kapcsod be a villanyt a konyhában
XSPK_C_030_T0003,wavs_synthetic_crossspeaker/XSPK_C_030_T0003.wav,C_030,Konyhába válcs csatornát a rádión.
XSPK_C_030_T0004,wavs_synthetic_crossspeaker/XSPK_C_030_T0004.wav,C_030,Konyhába kapcsold be légy szíves a porszívót
XSPK_C_030_T0005,wavs_synthetic_crossspeaker/XSPK_C_030_T0005.wav,C_030,A fürdőszobába kapcsold be a ventilátort
XSPK_C_030_T0006,wavs_synthetic_crossspeaker/XSPK_C_030_T0006.wav,C_030,A konyhában zárd el a porszívót
XSPK_C_030_T0007,wavs_synthetic_crossspeaker/XSPK_C_030_T0007.wav,C_030,Konyhában húzd fel a radiátort
XSPK_C_030_T0008,wavs_synthetic_crossspeaker/XSPK_C_030_T0008.wav,C_030,A nagyszobába válcs csatornát a televízión.
XSPK_C_030_T0009,wavs_synthetic_crossspeaker/XSPK_C_030_T0009.wav,C_030,Kisszobába zárd be az ajtót
XSPK_C_030_T0010,wavs_synthetic_crossspeaker/XSPK_C_030_T0010.wav,C_030,Szobába húzd fel a radiátort
XSPK_C_030_T0011,wavs_synthetic_crossspeaker/XSPK_C_030_T0011.wav,C_030,Húzzuk be a függönyt a konyhában
XSPK_C_030_T0012,wavs_synthetic_crossspeaker/XSPK_C_030_T0012.wav,C_030,Kisszobában kapcsold be a fűtést
XSPK_C_030_T0013,wavs_synthetic_crossspeaker/XSPK_C_030_T0013.wav,C_030,Kapcsold ki a rádijót a konyhában.
XSPK_C_030_T0014,wavs_synthetic_crossspeaker/XSPK_C_030_T0014.wav,C_030,A fürdőszobában zárd be az ajtót
XSPK_C_030_T0015,wavs_synthetic_crossspeaker/XSPK_C_030_T0015.wav,C_030,Nyisd ki az ablakot na nagyszobába
XSPK_C_030_T0016,wavs_synthetic_crossspeaker/XSPK_C_030_T0016.wav,C_030,Húzd be a fürdőszobában a függönyt.
XSPK_C_030_T0017,wavs_synthetic_crossspeaker/XSPK_C_030_T0017.wav,C_030,Válcs csatotornát a ládión a szobában.
XSPK_C_030_T0018,wavs_synthetic_crossspeaker/XSPK_C_030_T0018.wav,C_030,Húzd le a fűtés a konyhába
XSPK_C_030_T0019,wavs_synthetic_crossspeaker/XSPK_C_030_T0019.wav,C_030,Vedd lejjebb a kisszobába a fűtést
XSPK_C_030_T0020,wavs_synthetic_crossspeaker/XSPK_C_030_T0020.wav,C_030,Szoban fel vendilátor
XSPK_C_030_T0021,wavs_synthetic_crossspeaker/XSPK_C_030_T0021.wav,C_030,A folyosón kapcsold föl a villanyt.
XSPK_C_030_T0022,wavs_synthetic_crossspeaker/XSPK_C_030_T0022.wav,C_030,A szobában lehúzzuk a redőnyt
XSPK_C_030_T0023,wavs_synthetic_crossspeaker/XSPK_C_030_T0023.wav,C_030,Zárd be a konyhában az ablakot.
XSPK_C_030_T0024,wavs_synthetic_crossspeaker/XSPK_C_030_T0024.wav,C_030,Húzd szét a függönyt nagy nagyszobában.
XSPK_C_030_T0025,wavs_synthetic_crossspeaker/XSPK_C_030_T0025.wav,C_030,Kapcsold be a mosógépet állítsd harminc fokra a konyhában
XSPK_C_030_T0026,wavs_synthetic_crossspeaker/XSPK_C_030_T0026.wav,C_030,A kisszobába húzd fel a függönyt
XSPK_C_030_T0027,wavs_synthetic_crossspeaker/XSPK_C_030_T0027.wav,C_030,A nagyszobába húzd szét a függönyt
XSPK_C_030_T0028,wavs_synthetic_crossspeaker/XSPK_C_030_T0028.wav,C_030,Hangosítsd a tévét a kisszobábán.
XSPK_C_030_T0029,wavs_synthetic_crossspeaker/XSPK_C_030_T0029.wav,C_030,A fürdőszobába fölhúznád a redőnyt
XSPK_C_030_T0030,wavs_synthetic_crossspeaker/XSPK_C_030_T0030.wav,C_030,Kapcsold be  mosogatót a konyhába
XSPK_C_030_T0031,wavs_synthetic_crossspeaker/XSPK_C_030_T0031.wav,C_030,Kapcsold be a ventillátort a fürdőbe fürdőszobában
XSPK_C_030_T0032,wavs_synthetic_crossspeaker/XSPK_C_030_T0032.wav,C_030,S kapcsold ki a ö kenyérpirítót a nagyszobában
XSPK_C_030_T0033,wavs_synthetic_crossspeaker/XSPK_C_030_T0033.wav,C_030,A nagyszobában kapcsold ki a fűtést
XSPK_C_030_T0034,wavs_synthetic_crossspeaker/XSPK_C_030_T0034.wav,C_030,Válts csatornát a tévén a fürdőben
XSPK_C_030_T0035,wavs_synthetic_crossspeaker/XSPK_C_030_T0035.wav,C_030,Kapcsold fel a számítógépet a szobában.
XSPK_C_030_T0036,wavs_synthetic_crossspeaker/XSPK_C_030_T0036.wav,C_030,A szobába kapcsold be a számítógépet.
XSPK_C_030_T0037,wavs_synthetic_crossspeaker/XSPK_C_030_T0037.wav,C_030,A konyhában húzd le a fűtés.
XSPK_C_030_T0038,wavs_synthetic_crossspeaker/XSPK_C_030_T0038.wav,C_030,Húzd fel a redőnyt a kisszobába
XSPK_C_030_T0039,wavs_synthetic_crossspeaker/XSPK_C_030_T0039.wav,C_030,Húzd le a füttés a konyhában.
XSPK_C_030_T0040,wavs_synthetic_crossspeaker/XSPK_C_030_T0040.wav,C_030,A fürdőszobába hangosítsuk a tévét
XSPK_C_030_T0041,wavs_synthetic_crossspeaker/XSPK_C_030_T0041.wav,C_030,Fűtést tedd lejjebb légy szíves a kisszobába
XSPK_C_030_T0042,wavs_synthetic_crossspeaker/XSPK_C_030_T0042.wav,C_030,Kapcsold ki a rádijót a kisszobában.
XSPK_C_030_T0043,wavs_synthetic_crossspeaker/XSPK_C_030_T0043.wav,C_030,A kisszobában kapcsold ki a rádiót.
XSPK_C_030_T0044,wavs_synthetic_crossspeaker/XSPK_C_030_T0044.wav,C_030,Nagyszoban nyit ajtom
XSPK_C_030_T0045,wavs_synthetic_crossspeaker/XSPK_C_030_T0045.wav,C_030,Csukd be légy szíves a konyhai ajtót
XSPK_C_030_T0046,wavs_synthetic_crossspeaker/XSPK_C_030_T0046.wav,C_030,Kapcsold be a tévét a folyosón
XSPK_C_030_T0047,wavs_synthetic_crossspeaker/XSPK_C_030_T0047.wav,C_030,Kisszobába hangosítsd föl a tévét
XSPK_C_030_T0048,wavs_synthetic_crossspeaker/XSPK_C_030_T0048.wav,C_030,Húzd fel a fűtést a kisszobaban
XSPK_C_030_T0049,wavs_synthetic_crossspeaker/XSPK_C_030_T0049.wav,C_030,A sütőt kapcsold ki a konyhában
XSPK_C_030_T0050,wavs_synthetic_crossspeaker/XSPK_C_030_T0050.wav,C_030,Nyisd ki az ajtót szobába.
XSPK_C_030_T0051,wavs_synthetic_crossspeaker/XSPK_C_030_T0051.wav,C_030,Húzd fel a fűtést a fürdőszobába
XSPK_C_030_T0052,wavs_synthetic_crossspeaker/XSPK_C_030_T0052.wav,C_030,A radiátort kapcsold be a fürdőszobába
XSPK_C_030_T0053,wavs_synthetic_crossspeaker/XSPK_C_030_T0053.wav,C_030,A konyhában csendesítsd a tévét
XSPK_C_030_T0054,wavs_synthetic_crossspeaker/XSPK_C_030_T0054.wav,C_030,Kapcsold be a ventillátorokat a konyhában.
XSPK_C_030_T0055,wavs_synthetic_crossspeaker/XSPK_C_030_T0055.wav,C_030,A fürdőszobába kapcsold ki a ventillátorokat
XSPK_C_030_T0056,wavs_synthetic_crossspeaker/XSPK_C_030_T0056.wav,C_030,A szobában kapcsold be a rádiót.
XSPK_C_030_T0057,wavs_synthetic_crossspeaker/XSPK_C_030_T0057.wav,C_030,A kisszobámban kikapcsolom a számítógépem
XSPK_C_030_T0058,wavs_synthetic_crossspeaker/XSPK_C_030_T0058.wav,C_030,Kapcsoljuk le a fürdőszobában a villanyt
XSPK_C_030_T0059,wavs_synthetic_crossspeaker/XSPK_C_030_T0059.wav,C_030,Nagyszobába zárd be az ablakot.
XSPK_C_030_T0060,wavs_synthetic_crossspeaker/XSPK_C_030_T0060.wav,C_030,A folyosón válcs csatornát a televízión.
XSPK_C_030_T0061,wavs_synthetic_crossspeaker/XSPK_C_030_T0061.wav,C_030,Konyhában húzd szét a függönyt.
XSPK_C_030_T0062,wavs_synthetic_crossspeaker/XSPK_C_030_T0062.wav,C_030,Nagyszobába kapcsold be a fűtést
XSPK_C_030_T0063,wavs_synthetic_crossspeaker/XSPK_C_030_T0063.wav,C_030,A nagyszobába nyisd ki az ablakot.
XSPK_C_030_T0064,wavs_synthetic_crossspeaker/XSPK_C_030_T0064.wav,C_030,A szobába nyissuk ki az ablakot
XSPK_C_030_T0065,wavs_synthetic_crossspeaker/XSPK_C_030_T0065.wav,C_030,Kapcsold be a folyosón a ventillátort
XSPK_C_030_T0066,wavs_synthetic_crossspeaker/XSPK_C_030_T0066.wav,C_030,Konyhában kapcsold be a keresztpirítót
XSPK_C_030_T0067,wavs_synthetic_crossspeaker/XSPK_C_030_T0067.wav,C_030,Nyisd ki az ajtót a kisszobában.
XSPK_C_030_T0068,wavs_synthetic_crossspeaker/XSPK_C_030_T0068.wav,C_030,Húzd fel a redőnyöket a kisszobában
XSPK_C_030_T0069,wavs_synthetic_crossspeaker/XSPK_C_030_T0069.wav,C_030,Húzd lejjebb a folyosón aj ja
XSPK_C_030_T0070,wavs_synthetic_crossspeaker/XSPK_C_030_T0070.wav,C_030,A nagycobában kapcsold be a rádiót.
XSPK_C_030_T0071,wavs_synthetic_crossspeaker/XSPK_C_030_T0071.wav,C_030,A konyhába húzd fel a redőny
XSPK_C_030_T0072,wavs_synthetic_crossspeaker/XSPK_C_030_T0072.wav,C_030,Nyisd ki a l ablakot a kisszubában
XSPK_C_030_T0073,wavs_synthetic_crossspeaker/XSPK_C_030_T0073.wav,C_030,A konyhában nyiss ki az ablakot.
XSPK_C_030_T0074,wavs_synthetic_crossspeaker/XSPK_C_030_T0074.wav,C_030,A szobában kapcsold ki a fűtést.
XSPK_C_030_T0075,wavs_synthetic_crossspeaker/XSPK_C_030_T0075.wav,C_030,A fürdőszobába kapcsold ki a hűtés.
XSPK_C_030_T0076,wavs_synthetic_crossspeaker/XSPK_C_030_T0076.wav,C_030,Kisszobába vá vál csatornát a rádión.
XSPK_C_030_T0077,wavs_synthetic_crossspeaker/XSPK_C_030_T0077.wav,C_030,Kapcsold fel a fűtést a nagycobába
XSPK_C_030_T0078,wavs_synthetic_crossspeaker/XSPK_C_030_T0078.wav,C_030,Nyisd ki az ajtót a folyoson
XSPK_C_030_T0079,wavs_synthetic_crossspeaker/XSPK_C_030_T0079.wav,C_030,A konyhában húzd fel a redőnyöket
XSPK_C_030_T0080,wavs_synthetic_crossspeaker/XSPK_C_030_T0080.wav,C_030,A fojjosón kapcsold fel a villany.
XSPK_C_030_T0081,wavs_synthetic_crossspeaker/XSPK_C_030_T0081.wav,C_030,Húzd fel a rod redőnyt a szobában
XSPK_C_030_T0082,wavs_synthetic_crossspeaker/XSPK_C_030_T0082.wav,C_030,A fürdőszobában húzd feljebb a radiátor
XSPK_C_030_T0083,wavs_synthetic_crossspeaker/XSPK_C_030_T0083.wav,C_030,Ööö konyhába zárd be az ajtót
XSPK_C_030_T0084,wavs_synthetic_crossspeaker/XSPK_C_030_T0084.wav,C_030,A kisszobában kapcsold ki a számítógépet jó
XSPK_C_030_T0085,wavs_synthetic_crossspeaker/XSPK_C_030_T0085.wav,C_030,Húzd szét a nagyszobában a függönyöket
XSPK_C_030_T0086,wavs_synthetic_crossspeaker/XSPK_C_030_T0086.wav,C_030,Kisszobában zárd be az ablakot.
XSPK_C_030_T0087,wavs_synthetic_crossspeaker/XSPK_C_030_T0087.wav,C_030,A fürdőszobában kapcsold be a mosógépet harminc fokra.
XSPK_C_030_T0088,wavs_synthetic_crossspeaker/XSPK_C_030_T0088.wav,C_030,A konyhába kapcsold be a ventilátort.
XSPK_C_030_T0089,wavs_synthetic_crossspeaker/XSPK_C_030_T0089.wav,C_030,Nyisd ki az ablakot a ucszobaban
XSPK_C_030_T0090,wavs_synthetic_crossspeaker/XSPK_C_030_T0090.wav,C_030,Húzd fell a redőnyt a fojjosón.
XSPK_C_030_T0091,wavs_synthetic_crossspeaker/XSPK_C_030_T0091.wav,C_030,A folyosón magasabb fokra kapcsoldjuk a fűté
XSPK_C_030_T0092,wavs_synthetic_crossspeaker/XSPK_C_030_T0092.wav,C_030,Zárd be a szobaajtót
XSPK_C_030_T0093,wavs_synthetic_crossspeaker/XSPK_C_030_T0093.wav,C_030,Húzd feljebb a radiátort a folyosón
XSPK_C_030_T0094,wavs_synthetic_crossspeaker/XSPK_C_030_T0094.wav,C_030,A szobában tedd hangosabbra a tévét.
XSPK_C_030_T0095,wavs_synthetic_crossspeaker/XSPK_C_030_T0095.wav,C_030,Húzd le a redőnt a fürdőszobában.
XSPK_C_030_T0096,wavs_synthetic_crossspeaker/XSPK_C_030_T0096.wav,C_030,A szobában kapcsold be a fűtést
XSPK_C_030_T0097,wavs_synthetic_crossspeaker/XSPK_C_030_T0097.wav,C_030,A szobába zád be az ablakot
XSPK_C_030_T0098,wavs_synthetic_crossspeaker/XSPK_C_030_T0098.wav,C_030,Huzd fel a redönyt a kisszobaban
XSPK_C_030_T0099,wavs_synthetic_crossspeaker/XSPK_C_030_T0099.wav,C_030,Hangosicsd a tévét a fürdőszobában.
XSPK_C_030_T0100,wavs_synthetic_crossspeaker/XSPK_C_030_T0100.wav,C_030,Nyísd ki az ajtót a szobában
XSPK_C_030_T0101,wavs_synthetic_crossspeaker/XSPK_C_030_T0101.wav,C_030,Húzd le a ládiátort a konyhában
XSPK_C_030_T0102,wavs_synthetic_crossspeaker/XSPK_C_030_T0102.wav,C_030,Kapcsold lejjebb a fűtést konyhában
XSPK_C_030_T0103,wavs_synthetic_crossspeaker/XSPK_C_030_T0103.wav,C_030,A konyhában húzd szét a függöny
XSPK_C_030_T0104,wavs_synthetic_crossspeaker/XSPK_C_030_T0104.wav,C_030,Halkídd le a tévé hangját a kisszobában
XSPK_C_030_T0105,wavs_synthetic_crossspeaker/XSPK_C_030_T0105.wav,C_030,A nagyszobában halkítsd le a tévét
XSPK_C_030_T0106,wavs_synthetic_crossspeaker/XSPK_C_030_T0106.wav,C_030,Halkítsd le a kisszobába a tévét
XSPK_C_030_T0107,wavs_synthetic_crossspeaker/XSPK_C_030_T0107.wav,C_030,A konyhában húz szé a függönyt
XSPK_C_030_T0108,wavs_synthetic_crossspeaker/XSPK_C_030_T0108.wav,C_030,A folyosón húzd le a redőnyöket
XSPK_C_030_T0109,wavs_synthetic_crossspeaker/XSPK_C_030_T0109.wav,C_030,Vál csatornát a rádión a konyhában.
XSPK_C_030_T0110,wavs_synthetic_crossspeaker/XSPK_C_030_T0110.wav,C_030,Nyis ki az ajtót a konyhába
XSPK_C_030_T0111,wavs_synthetic_crossspeaker/XSPK_C_030_T0111.wav,C_030,A konyhába kapcsold be a sü a gáztűzhelyet
XSPK_C_030_T0112,wavs_synthetic_crossspeaker/XSPK_C_030_T0112.wav,C_030,A szobában kapcsold ki a ventilláton
XSPK_C_030_T0113,wavs_synthetic_crossspeaker/XSPK_C_030_T0113.wav,C_030,Szobába váltsál csatornát a rádión
XSPK_C_030_T0114,wavs_synthetic_crossspeaker/XSPK_C_030_T0114.wav,C_030,Kapcsold be a mosógép harminc fokon a konyhába
XSPK_C_030_T0115,wavs_synthetic_crossspeaker/XSPK_C_030_T0115.wav,C_030,Szét függöny szobában
XSPK_C_030_T0116,wavs_synthetic_crossspeaker/XSPK_C_030_T0116.wav,C_030,Húzd le a ledőnyt a kissobába
XSPK_C_030_T0117,wavs_synthetic_crossspeaker/XSPK_C_030_T0117.wav,C_030,Főcsapot nyissuk meg és kapcsoljuk be a szá a gáztűzhelyet
XSPK_C_030_T0118,wavs_synthetic_crossspeaker/XSPK_C_030_T0118.wav,C_030,A nagycobába kapcsold be a rádiót
XSPK_C_030_T0119,wavs_synthetic_crossspeaker/XSPK_C_030_T0119.wav,C_030,Hangosítsd fel a tévét a szobában.
XSPK_C_030_T0120,wavs_synthetic_crossspeaker/XSPK_C_030_T0120.wav,C_030,Váltsál csatornát a rádión a kisszobába
XSPK_C_030_T0121,wavs_synthetic_crossspeaker/XSPK_C_030_T0121.wav,C_030,Folyosó hőmérsékletét kapcsold ki
XSPK_C_030_T0122,wavs_synthetic_crossspeaker/XSPK_C_030_T0122.wav,C_030,A nagyszobában váltsál csatornát a rádióban
XSPK_C_030_T0123,wavs_synthetic_crossspeaker/XSPK_C_030_T0123.wav,C_030,A kisszobába kapcsold ki a ventillátort
XSPK_C_030_T0124,wavs_synthetic_crossspeaker/XSPK_C_030_T0124.wav,C_030,Húzd fel a sötétítőt függönyt a konyhában.
XSPK_C_030_T0125,wavs_synthetic_crossspeaker/XSPK_C_030_T0125.wav,C_030,Kapcsold a fiam
XSPK_C_030_T0126,wavs_synthetic_crossspeaker/XSPK_C_030_T0126.wav,C_030,Szobába kapcsold le a villanyfölkapcsolót
XSPK_C_030_T0127,wavs_synthetic_crossspeaker/XSPK_C_030_T0127.wav,C_030,Kapcsoljuk ki mert a porszívó elég zajos
XSPK_C_030_T0128,wavs_synthetic_crossspeaker/XSPK_C_030_T0128.wav,C_030,A fürdőszobában kapcsold ki a radirátor
XSPK_C_030_T0129,wavs_synthetic_crossspeaker/XSPK_C_030_T0129.wav,C_030,A konyhában kapcsold ki a vízforralót.
XSPK_C_030_T0130,wavs_synthetic_crossspeaker/XSPK_C_030_T0130.wav,C_030,A fürdőszob fürdőszobába kapcsold be hatvan fokon a mosógépet
XSPK_C_030_T0131,wavs_synthetic_crossspeaker/XSPK_C_030_T0131.wav,C_030,Konyhába huzd le a redönyt
XSPK_C_030_T0132,wavs_synthetic_crossspeaker/XSPK_C_030_T0132.wav,C_030,A fürdőszobában kapcsold ki a porszívó
XSPK_C_030_T0133,wavs_synthetic_crossspeaker/XSPK_C_030_T0133.wav,C_030,A konyhába kapcsold ki a ventillátorokat
XSPK_C_030_T0134,wavs_synthetic_crossspeaker/XSPK_C_030_T0134.wav,C_030,Kapcsold be hatvan fokon a mosógépet a f fürdőszobában
XSPK_C_030_T0135,wavs_synthetic_crossspeaker/XSPK_C_030_T0135.wav,C_030,A fürdőszobában nyisd ki az ablakot.
XSPK_C_030_T0136,wavs_synthetic_crossspeaker/XSPK_C_030_T0136.wav,C_030,A kisszobában kapcsold ki a radidátor
XSPK_C_030_T0137,wavs_synthetic_crossspeaker/XSPK_C_030_T0137.wav,C_030,Kapcsold ki a ventillátort nagy nagyszobábaban
XSPK_C_030_T0138,wavs_synthetic_crossspeaker/XSPK_C_030_T0138.wav,C_030,Kapcsold fel a villanyt a kisszobában
XSPK_C_030_T0139,wavs_synthetic_crossspeaker/XSPK_C_030_T0139.wav,C_030,A rádiót kapcsold be a konyhába.
XSPK_C_030_T0140,wavs_synthetic_crossspeaker/XSPK_C_030_T0140.wav,C_030,És a konyhába zárd be az abl
XSPK_C_030_T0141,wavs_synthetic_crossspeaker/XSPK_C_030_T0141.wav,C_030,Kenykirítós kapcold be a konyhában
XSPK_C_030_T0142,wavs_synthetic_crossspeaker/XSPK_C_030_T0142.wav,C_030,Kapcsold be a po a porszívót a fojjosón.
XSPK_C_030_T0143,wavs_synthetic_crossspeaker/XSPK_C_030_T0143.wav,C_030,Húzd szét a függönyö fürdőszobámban
XSPK_C_030_T0144,wavs_synthetic_crossspeaker/XSPK_C_030_T0144.wav,C_030,A szobában húzd ki húzd ki a függönyt
XSPK_C_030_T0145,wavs_synthetic_crossspeaker/XSPK_C_030_T0145.wav,C_030,Redőnyt húzd le a konyhában.
XSPK_C_030_T0146,wavs_synthetic_crossspeaker/XSPK_C_030_T0146.wav,C_030,A kisszobában hangosítsd fel a tévén
XSPK_C_030_T0147,wavs_synthetic_crossspeaker/XSPK_C_030_T0147.wav,C_030,Kisszobában ki számítógép
XSPK_C_030_T0148,wavs_synthetic_crossspeaker/XSPK_C_030_T0148.wav,C_030,Válts csatornát a konyhába
XSPK_C_030_T0149,wavs_synthetic_crossspeaker/XSPK_C_030_T0149.wav,C_030,A konyhában kápcsold be a mosógépet hátván fokon.
XSPK_C_030_T0150,wavs_synthetic_crossspeaker/XSPK_C_030_T0150.wav,C_030,A kisszubában nyisd ki az ablakot
XSPK_C_030_T0151,wavs_synthetic_crossspeaker/XSPK_C_030_T0151.wav,C_030,Kiszába nyisd ki az ajtót
XSPK_C_030_T0152,wavs_synthetic_crossspeaker/XSPK_C_030_T0152.wav,C_030,A konyhába hangosjtsd a tévét
XSPK_C_030_T0153,wavs_synthetic_crossspeaker/XSPK_C_030_T0153.wav,C_030,Kisszobába kapcsold fel a ventillátort
XSPK_C_030_T0154,wavs_synthetic_crossspeaker/XSPK_C_030_T0154.wav,C_030,Kisszobában kapcsold le a villanyt
XSPK_C_030_T0155,wavs_synthetic_crossspeaker/XSPK_C_030_T0155.wav,C_030,Konyhába huzd fel a fűtést
XSPK_C_030_T0156,wavs_synthetic_crossspeaker/XSPK_C_030_T0156.wav,C_030,Csendesícsd le a tévét a konyhában.
XSPK_C_030_T0157,wavs_synthetic_crossspeaker/XSPK_C_030_T0157.wav,C_030,Altíg le a tévét a kisszobában
XSPK_C_030_T0158,wavs_synthetic_crossspeaker/XSPK_C_030_T0158.wav,C_030,A nagycobában kapcsold ki a porcívót.
XSPK_C_030_T0159,wavs_synthetic_crossspeaker/XSPK_C_030_T0159.wav,C_030,Fürdőszobába húzzuk le a függönyt
XSPK_C_030_T0160,wavs_synthetic_crossspeaker/XSPK_C_030_T0160.wav,C_030,Kapcsold be a rádiót a kisszobában
XSPK_C_030_T0161,wavs_synthetic_crossspeaker/XSPK_C_030_T0161.wav,C_030,Kapcsold fel a villanyt a kisszobában.
XSPK_C_030_T0162,wavs_synthetic_crossspeaker/XSPK_C_030_T0162.wav,C_030,A szobába csatornát váltunk a televízión
XSPK_C_030_T0163,wavs_synthetic_crossspeaker/XSPK_C_030_T0163.wav,C_030,Húzd szét a függönyt a konyhán
XSPK_C_030_T0164,wavs_synthetic_crossspeaker/XSPK_C_030_T0164.wav,C_030,Húzd le a redőnyt a nagyszobábán.
XSPK_C_030_T0165,wavs_synthetic_crossspeaker/XSPK_C_030_T0165.wav,C_030,Kisszobába húzzuk szét a függönyöket
XSPK_C_030_T0166,wavs_synthetic_crossspeaker/XSPK_C_030_T0166.wav,C_030,Konyhában kapcsold ki a sütő.
XSPK_C_030_T0167,wavs_synthetic_crossspeaker/XSPK_C_030_T0167.wav,C_030,A fürdőszobai ajtót nyisd ki
XSPK_C_030_T0168,wavs_synthetic_crossspeaker/XSPK_C_030_T0168.wav,C_030,A kisszobába halkítsd le a tévét
XSPK_C_030_T0169,wavs_synthetic_crossspeaker/XSPK_C_030_T0169.wav,C_030,Konyhába kapcsold ki a fűtést
XSPK_C_030_T0170,wavs_synthetic_crossspeaker/XSPK_C_030_T0170.wav,C_030,A konyhában halkítsd le a tévét
XSPK_C_030_T0171,wavs_synthetic_crossspeaker/XSPK_C_030_T0171.wav,C_030,Kapcsold be a mosógépet harminc fokon a fürdőszobába.
XSPK_C_030_T0172,wavs_synthetic_crossspeaker/XSPK_C_030_T0172.wav,C_030,Konyhába vedd fel  a radiátor
XSPK_C_030_T0173,wavs_synthetic_crossspeaker/XSPK_C_030_T0173.wav,C_030,Kisszobában hango hangosítsd fel a tévét
XSPK_C_030_T0174,wavs_synthetic_crossspeaker/XSPK_C_030_T0174.wav,C_030,A nagyszobában válts csatornát a rádión
XSPK_C_030_T0175,wavs_synthetic_crossspeaker/XSPK_C_030_T0175.wav,C_030,Hangosítsd fel a tévét a kisszobában.
XSPK_C_030_T0176,wavs_synthetic_crossspeaker/XSPK_C_030_T0176.wav,C_030,Kapcsold be a ládiót a kis szobában
XSPK_C_030_T0177,wavs_synthetic_crossspeaker/XSPK_C_030_T0177.wav,C_030,Váltsál csatornát légy szíves a szobában
XSPK_C_030_T0178,wavs_synthetic_crossspeaker/XSPK_C_030_T0178.wav,C_030,A konyhában kapcsold ki a kenyérpirító.
XSPK_C_030_T0179,wavs_synthetic_crossspeaker/XSPK_C_030_T0179.wav,C_030,Nagyszobában húzd fel a radiátort
XSPK_C_030_T0180,wavs_synthetic_crossspeaker/XSPK_C_030_T0180.wav,C_030,A konyhába kapcsold be a ventilátorokat
XSPK_C_030_T0181,wavs_synthetic_crossspeaker/XSPK_C_030_T0181.wav,C_030,Kapcsold ki a kisszobai ventilátort
XSPK_C_030_T0182,wavs_synthetic_crossspeaker/XSPK_C_030_T0182.wav,C_030,A konyhába lévő rádiót kapcsold ki kérlek
XSPK_C_030_T0183,wavs_synthetic_crossspeaker/XSPK_C_030_T0183.wav,C_030,Húzd le a redőnyöket a földőszobában
XSPK_C_030_T0184,wavs_synthetic_crossspeaker/XSPK_C_030_T0184.wav,C_030,Vedd lejjebb a radiátort a konyhába
XSPK_C_030_T0185,wavs_synthetic_crossspeaker/XSPK_C_030_T0185.wav,C_030,A kisszobába kapcsold ki a számítógépet.
XSPK_C_030_T0186,wavs_synthetic_crossspeaker/XSPK_C_030_T0186.wav,C_030,Húzd fel a fűtésd a nagyszobában
XSPK_C_030_T0187,wavs_synthetic_crossspeaker/XSPK_C_030_T0187.wav,C_030,Porszivó kisz kiszoban
XSPK_C_030_T0188,wavs_synthetic_crossspeaker/XSPK_C_030_T0188.wav,C_030,Kisszobában engedd le a redőnyt
XSPK_C_030_T0189,wavs_synthetic_crossspeaker/XSPK_C_030_T0189.wav,C_030,Kapcsold ki a fütést a konyhában.
XSPK_C_030_T0190,wavs_synthetic_crossspeaker/XSPK_C_030_T0190.wav,C_030,fürdőszobában kapcsold le a villanyt
XSPK_C_030_T0191,wavs_synthetic_crossspeaker/XSPK_C_030_T0191.wav,C_030,Kapcsold ki a radiátort a nagycobába
XSPK_C_030_T0192,wavs_synthetic_crossspeaker/XSPK_C_030_T0192.wav,C_030,Dísd ki az ajtót a fördőszobában
XSPK_C_030_T0193,wavs_synthetic_crossspeaker/XSPK_C_030_T0193.wav,C_030,Folyoson kapcsolj le a villanyt
XSPK_C_030_T0194,wavs_synthetic_crossspeaker/XSPK_C_030_T0194.wav,C_030,Szobában váltsál csatornát a kisszo a rádióban
XSPK_C_030_T0195,wavs_synthetic_crossspeaker/XSPK_C_030_T0195.wav,C_030,A nagyszobában húzd be a függönyt
XSPK_C_030_T0196,wavs_synthetic_crossspeaker/XSPK_C_030_T0196.wav,C_030,Konyhában húzd le fűtést
XSPK_C_030_T0197,wavs_synthetic_crossspeaker/XSPK_C_030_T0197.wav,C_030,Kapcsold be hatvan fokon a mosógépet a fürdőszobába.
XSPK_C_030_T0198,wavs_synthetic_crossspeaker/XSPK_C_030_T0198.wav,C_030,A kisszobába húzd be a függönyt.
XSPK_C_030_T0199,wavs_synthetic_crossspeaker/XSPK_C_030_T0199.wav,C_030,Kapcsold be a fórszívót a nagyszobában
XSPK_C_030_T0200,wavs_synthetic_crossspeaker/XSPK_C_030_T0200.wav,C_030,A szobában kápcsold ki á ventillátort.
XSPK_C_030_T0201,wavs_synthetic_crossspeaker/XSPK_C_030_T0201.wav,C_030,konyhában húzd fel a redőnyt
XSPK_C_030_T0202,wavs_synthetic_crossspeaker/XSPK_C_030_T0202.wav,C_030,Kapcsold ki ne felejtsd el a szobába a ventillátort
XSPK_C_030_T0203,wavs_synthetic_crossspeaker/XSPK_C_030_T0203.wav,C_030,Kapcsold le a villan a nagyszobában
XSPK_C_030_T0204,wavs_synthetic_crossspeaker/XSPK_C_030_T0204.wav,C_030,Válts csatornát a kisszobában
XSPK_C_030_T0205,wavs_synthetic_crossspeaker/XSPK_C_030_T0205.wav,C_030,Kapcsold be a fütést a konyhában.
XSPK_C_030_T0206,wavs_synthetic_crossspeaker/XSPK_C_030_T0206.wav,C_030,Szobában húzd föl a redőnyt
XSPK_C_030_T0207,wavs_synthetic_crossspeaker/XSPK_C_030_T0207.wav,C_030,Csold ki a tévét a nagyszobában
XSPK_C_030_T0208,wavs_synthetic_crossspeaker/XSPK_C_030_T0208.wav,C_030,A porszívó be a fürdőszobában
XSPK_C_030_T0209,wavs_synthetic_crossspeaker/XSPK_C_030_T0209.wav,C_030,A kisszobában hangosícsd a tévét.
XSPK_C_031_T0000,wavs_synthetic_crossspeaker/XSPK_C_031_T0000.wav,C_031,Zárd be a zablakot a nagyszobába
XSPK_C_031_T0001,wavs_synthetic_crossspeaker/XSPK_C_031_T0001.wav,C_031,Konyhában nyisd ki az ajtót.
XSPK_C_031_T0002,wavs_synthetic_crossspeaker/XSPK_C_031_T0002.wav,C_031,A konyhában húz ki a függönyt
XSPK_C_031_T0003,wavs_synthetic_crossspeaker/XSPK_C_031_T0003.wav,C_031,Üsd ki az ajtót a nagyszobában.
XSPK_C_031_T0004,wavs_synthetic_crossspeaker/XSPK_C_031_T0004.wav,C_031,Kisszobában kapcsoljál csatornát a rádióban
XSPK_C_031_T0005,wavs_synthetic_crossspeaker/XSPK_C_031_T0005.wav,C_031,Húzd le a szoba redőnyét kérlek
XSPK_C_031_T0006,wavs_synthetic_crossspeaker/XSPK_C_031_T0006.wav,C_031,Ventilátort a szobában kapcsold be
XSPK_C_031_T0007,wavs_synthetic_crossspeaker/XSPK_C_031_T0007.wav,C_031,A konyhába húzd be a függönyt
XSPK_C_031_T0008,wavs_synthetic_crossspeaker/XSPK_C_031_T0008.wav,C_031,Khapcsold fel a villanyt a nagyszobában.
XSPK_C_031_T0009,wavs_synthetic_crossspeaker/XSPK_C_031_T0009.wav,C_031,A radiátort vedd lejjebb a konyhába
XSPK_C_031_T0010,wavs_synthetic_crossspeaker/XSPK_C_031_T0010.wav,C_031,Húzd fel a redőnyt a nagyszobába.
XSPK_C_031_T0011,wavs_synthetic_crossspeaker/XSPK_C_031_T0011.wav,C_031,Kapcsold ki a mosógépet a konyhában.
XSPK_C_031_T0012,wavs_synthetic_crossspeaker/XSPK_C_031_T0012.wav,C_031,A kisszobába kapcsold ki a radiátort
XSPK_C_031_T0013,wavs_synthetic_crossspeaker/XSPK_C_031_T0013.wav,C_031,A konyhába vedd lejjebb a radiátort
XSPK_C_031_T0014,wavs_synthetic_crossspeaker/XSPK_C_031_T0014.wav,C_031,Kapcsold be a vízforralót a szob a konyhában
XSPK_C_031_T0015,wavs_synthetic_crossspeaker/XSPK_C_031_T0015.wav,C_031,Húzd szét a függönyt a foly folyosón
XSPK_C_031_T0016,wavs_synthetic_crossspeaker/XSPK_C_031_T0016.wav,C_031,Nagyszobába hangosícs fel a tévét.
XSPK_C_031_T0017,wavs_synthetic_crossspeaker/XSPK_C_031_T0017.wav,C_031,A kisszoba függönyét behúznád
XSPK_C_031_T0018,wavs_synthetic_crossspeaker/XSPK_C_031_T0018.wav,C_031,A kisszobában válts csatornát a tévén.
XSPK_C_031_T0019,wavs_synthetic_crossspeaker/XSPK_C_031_T0019.wav,C_031,A ventillátorokat kapcsold ki a nagyszobába
XSPK_C_031_T0020,wavs_synthetic_crossspeaker/XSPK_C_031_T0020.wav,C_031,A naccobában engedd te  redőnt.
XSPK_C_031_T0021,wavs_synthetic_crossspeaker/XSPK_C_031_T0021.wav,C_031,Zárd be az ajtót a kisszobába.
XSPK_C_031_T0022,wavs_synthetic_crossspeaker/XSPK_C_031_T0022.wav,C_031,A ciccobábán húzd le a redőnyt.
XSPK_C_031_T0023,wavs_synthetic_crossspeaker/XSPK_C_031_T0023.wav,C_031,A nagyszobai radiátort vedd föl légy szíves
XSPK_C_031_T0024,wavs_synthetic_crossspeaker/XSPK_C_031_T0024.wav,C_031,A nagyszobába is húzd be a függöny
XSPK_C_031_T0025,wavs_synthetic_crossspeaker/XSPK_C_031_T0025.wav,C_031,Kisszobába kapcsold be a ventilátort
XSPK_C_031_T0026,wavs_synthetic_crossspeaker/XSPK_C_031_T0026.wav,C_031,Szobaban húzd fel a fűtést.
XSPK_C_031_T0027,wavs_synthetic_crossspeaker/XSPK_C_031_T0027.wav,C_031,Húz a függönyt a fürdőszobába
XSPK_C_031_T0028,wavs_synthetic_crossspeaker/XSPK_C_031_T0028.wav,C_031,Kapcsold fel a villanyt a kiszobába
XSPK_C_031_T0029,wavs_synthetic_crossspeaker/XSPK_C_031_T0029.wav,C_031,Zárd be az ablakot a nasszobába
XSPK_C_031_T0030,wavs_synthetic_crossspeaker/XSPK_C_031_T0030.wav,C_031,Kikapcsoltad a radiátort a szobába
XSPK_C_031_T0031,wavs_synthetic_crossspeaker/XSPK_C_031_T0031.wav,C_031,A szobában húzd be a függöny
XSPK_C_031_T0032,wavs_synthetic_crossspeaker/XSPK_C_031_T0032.wav,C_031,A szobában kapcsold ki a ventillátort.
XSPK_C_031_T0033,wavs_synthetic_crossspeaker/XSPK_C_031_T0033.wav,C_031,Húzd le a fűtést a nagyszobában
XSPK_C_031_T0034,wavs_synthetic_crossspeaker/XSPK_C_031_T0034.wav,C_031,Húzd fel a aliátort a nagyszobában
XSPK_C_031_T0035,wavs_synthetic_crossspeaker/XSPK_C_031_T0035.wav,C_031,Váltsál csatornát a rádión
XSPK_C_031_T0036,wavs_synthetic_crossspeaker/XSPK_C_031_T0036.wav,C_031,Húzd fel a radiátort folyosóban
XSPK_C_031_T0037,wavs_synthetic_crossspeaker/XSPK_C_031_T0037.wav,C_031,Kapcsold le a villanyt a fojjosón.
XSPK_C_031_T0038,wavs_synthetic_crossspeaker/XSPK_C_031_T0038.wav,C_031,Kapcsold be a kenyérpirítót
XSPK_C_031_T0039,wavs_synthetic_crossspeaker/XSPK_C_031_T0039.wav,C_031,A kisszobában nyiss ki az ajtót.
XSPK_C_031_T0040,wavs_synthetic_crossspeaker/XSPK_C_031_T0040.wav,C_031,Zárd be az ajtót a ö fürdőszobában
XSPK_C_031_T0041,wavs_synthetic_crossspeaker/XSPK_C_031_T0041.wav,C_031,A folyosó porszív porszívózását befejeznéd
XSPK_C_031_T0042,wavs_synthetic_crossspeaker/XSPK_C_031_T0042.wav,C_031,Nyis ki ajtót a folyoson
XSPK_C_031_T0043,wavs_synthetic_crossspeaker/XSPK_C_031_T0043.wav,C_031,Kapcsold ki a konyhába a kenyérpirítót
XSPK_C_031_T0044,wavs_synthetic_crossspeaker/XSPK_C_031_T0044.wav,C_031,A konyhában kapcsold ki a kenyérpirítóst
XSPK_C_031_T0045,wavs_synthetic_crossspeaker/XSPK_C_031_T0045.wav,C_031,Húzd be a füddönyt a nagyszobában
XSPK_C_031_T0046,wavs_synthetic_crossspeaker/XSPK_C_031_T0046.wav,C_031,A kisszobaban kapcsold le a villant
XSPK_C_031_T0047,wavs_synthetic_crossspeaker/XSPK_C_031_T0047.wav,C_031,Kapcsold be a sütőbe a sütőt a konyhában
XSPK_C_031_T0048,wavs_synthetic_crossspeaker/XSPK_C_031_T0048.wav,C_031,Vedd feljebb a te a televízión a hangot … a szobában
XSPK_C_031_T0049,wavs_synthetic_crossspeaker/XSPK_C_031_T0049.wav,C_031,A fürdőszobában nyisd ki arrojtót.
XSPK_C_031_T0050,wavs_synthetic_crossspeaker/XSPK_C_031_T0050.wav,C_031,A cobában zárd be az abrakot
XSPK_C_031_T0051,wavs_synthetic_crossspeaker/XSPK_C_031_T0051.wav,C_031,Válcs csatornát a rádjón a nagyszobában.
XSPK_C_031_T0052,wavs_synthetic_crossspeaker/XSPK_C_031_T0052.wav,C_031,Kapcsold be a redet nagyszobaban
XSPK_C_031_T0053,wavs_synthetic_crossspeaker/XSPK_C_031_T0053.wav,C_031,A konyhába zárd be az ajtót.
XSPK_C_031_T0054,wavs_synthetic_crossspeaker/XSPK_C_031_T0054.wav,C_031,Hangosítsd fel a tévét a nagyszobában
XSPK_C_031_T0055,wavs_synthetic_crossspeaker/XSPK_C_031_T0055.wav,C_031,A fürdőszobába hangosítsd fel a tévét
XSPK_C_031_T0056,wavs_synthetic_crossspeaker/XSPK_C_031_T0056.wav,C_031,Csukd be az ajtót a folyosón
XSPK_C_031_T0057,wavs_synthetic_crossspeaker/XSPK_C_031_T0057.wav,C_031,Kapcsold le a hőmérsékletet a nagyszobába
XSPK_C_031_T0058,wavs_synthetic_crossspeaker/XSPK_C_031_T0058.wav,C_031,Ívd fel a foijamat
XSPK_C_031_T0059,wavs_synthetic_crossspeaker/XSPK_C_031_T0059.wav,C_031,Kapcsold fentillátort a nagyszobában
XSPK_C_031_T0060,wavs_synthetic_crossspeaker/XSPK_C_031_T0060.wav,C_031,Húzd le a ledőnyt a nagyszobában
XSPK_C_031_T0061,wavs_synthetic_crossspeaker/XSPK_C_031_T0061.wav,C_031,Kapcsold be légy szíves a termosztátot a nagyszobába
XSPK_C_031_T0062,wavs_synthetic_crossspeaker/XSPK_C_031_T0062.wav,C_031,Kapcsold ki a nagyszobában a porszívót
XSPK_C_031_T0063,wavs_synthetic_crossspeaker/XSPK_C_031_T0063.wav,C_031,Kapcsold be hatvan fokon a mosógépet a fürdőszobába.
XSPK_C_031_T0064,wavs_synthetic_crossspeaker/XSPK_C_031_T0064.wav,C_031,Kapcsold le a villanyt a fürdősozában
XSPK_C_031_T0065,wavs_synthetic_crossspeaker/XSPK_C_031_T0065.wav,C_031,Szobában üsd ki az ablakot.
XSPK_C_031_T0066,wavs_synthetic_crossspeaker/XSPK_C_031_T0066.wav,C_031,A szobában zárd be az ajtót
XSPK_C_031_T0067,wavs_synthetic_crossspeaker/XSPK_C_031_T0067.wav,C_031,A porszívót kapcsold be a fürdőszobába
XSPK_C_031_T0068,wavs_synthetic_crossspeaker/XSPK_C_031_T0068.wav,C_031,Konyhába kapcsoljuk be a porszívót
XSPK_C_031_T0069,wavs_synthetic_crossspeaker/XSPK_C_031_T0069.wav,C_031,A naccobában hangosics fel a tévét
XSPK_C_031_T0070,wavs_synthetic_crossspeaker/XSPK_C_031_T0070.wav,C_031,A szobába kapcsold ki a rádió.
XSPK_C_031_T0071,wavs_synthetic_crossspeaker/XSPK_C_031_T0071.wav,C_031,Vál csatornát a rádión a fojjosón.
XSPK_C_031_T0072,wavs_synthetic_crossspeaker/XSPK_C_031_T0072.wav,C_031,Kapcsold be á ventillátort a fojjosón.
XSPK_C_031_T0073,wavs_synthetic_crossspeaker/XSPK_C_031_T0073.wav,C_031,Kapcsold be a rádiót a folyosón.
XSPK_C_031_T0074,wavs_synthetic_crossspeaker/XSPK_C_031_T0074.wav,C_031,Kapcsold ki a számítógépe a szobába
XSPK_C_031_T0075,wavs_synthetic_crossspeaker/XSPK_C_031_T0075.wav,C_031,A nagyszobába vedd le a fűtést
XSPK_C_031_T0076,wavs_synthetic_crossspeaker/XSPK_C_031_T0076.wav,C_031,Hívd fel a fijam
XSPK_C_031_T0077,wavs_synthetic_crossspeaker/XSPK_C_031_T0077.wav,C_031,A konyhában kapcsold fel a villany
XSPK_C_031_T0078,wavs_synthetic_crossspeaker/XSPK_C_031_T0078.wav,C_031,A konyhában válcs csatornát a rádión.
XSPK_C_031_T0079,wavs_synthetic_crossspeaker/XSPK_C_031_T0079.wav,C_031,A folyosón hangosítsd le a tévét
XSPK_C_031_T0080,wavs_synthetic_crossspeaker/XSPK_C_031_T0080.wav,C_031,A kisszobába nyisd ki az ajtót
XSPK_C_031_T0081,wavs_synthetic_crossspeaker/XSPK_C_031_T0081.wav,C_031,A folyosón kapcsold be a rádion
XSPK_C_031_T0082,wavs_synthetic_crossspeaker/XSPK_C_031_T0082.wav,C_031,A nagycobában kapcsold ki a számítógépet
XSPK_C_031_T0083,wavs_synthetic_crossspeaker/XSPK_C_031_T0083.wav,C_031,Konyhában nyisd kí az ablakot.
XSPK_C_031_T0084,wavs_synthetic_crossspeaker/XSPK_C_031_T0084.wav,C_031,Kapcsold le a villanyt a nagyszobában.
XSPK_C_031_T0085,wavs_synthetic_crossspeaker/XSPK_C_031_T0085.wav,C_031,A konyhában zárd be az ajtót
XSPK_C_031_T0086,wavs_synthetic_crossspeaker/XSPK_C_031_T0086.wav,C_031,A kisszobában kapcsold k be a fűtést
XSPK_C_031_T0087,wavs_synthetic_crossspeaker/XSPK_C_031_T0087.wav,C_031,A konyhán kapcsold le a villanyfölkapcsolót
XSPK_C_031_T0088,wavs_synthetic_crossspeaker/XSPK_C_031_T0088.wav,C_031,Kapcsold ki a rádjót a folyosón.
XSPK_C_031_T0089,wavs_synthetic_crossspeaker/XSPK_C_031_T0089.wav,C_031,Kisszobába nyisd ki az ajtót.
XSPK_C_031_T0090,wavs_synthetic_crossspeaker/XSPK_C_031_T0090.wav,C_031,Kapcsold ki a ventilátort a kisszobába.
XSPK_C_031_T0091,wavs_synthetic_crossspeaker/XSPK_C_031_T0091.wav,C_031,A rádiót kapcsold ki a kisszobába.
XSPK_C_031_T0092,wavs_synthetic_crossspeaker/XSPK_C_031_T0092.wav,C_031,Kisszobába kapcsold ki a számítógépet.
XSPK_C_031_T0093,wavs_synthetic_crossspeaker/XSPK_C_031_T0093.wav,C_031,Nappali nyit sz ajtom
XSPK_C_031_T0094,wavs_synthetic_crossspeaker/XSPK_C_031_T0094.wav,C_031,Kapcsold ki a ventillátort a szobában.
XSPK_C_031_T0095,wavs_synthetic_crossspeaker/XSPK_C_031_T0095.wav,C_031,Vedd lejjebb a nagyszobai radiátort
XSPK_C_031_T0096,wavs_synthetic_crossspeaker/XSPK_C_031_T0096.wav,C_031,Kisszobába húzd be a függönyt
XSPK_C_031_T0097,wavs_synthetic_crossspeaker/XSPK_C_031_T0097.wav,C_031,Kapcsold be á ventillátort a nagyszobában.
XSPK_C_031_T0098,wavs_synthetic_crossspeaker/XSPK_C_031_T0098.wav,C_031,Kapcsold be a porszívót a fürdőszobában.
XSPK_C_031_T0099,wavs_synthetic_crossspeaker/XSPK_C_031_T0099.wav,C_031,Bekapcsolnád a nagyszobai rádiót
XSPK_C_031_T0100,wavs_synthetic_crossspeaker/XSPK_C_031_T0100.wav,C_031,A szobába kapcsold be a fűtés
XSPK_C_031_T0101,wavs_synthetic_crossspeaker/XSPK_C_031_T0101.wav,C_031,Kapcsold ki a ventilátorokat a fürdőszobába
XSPK_C_031_T0102,wavs_synthetic_crossspeaker/XSPK_C_031_T0102.wav,C_031,A folyoszón nyiszd ki az ajtót
XSPK_C_031_T0103,wavs_synthetic_crossspeaker/XSPK_C_031_T0103.wav,C_031,Nagyszobába kapcsold fel a ventillátort
XSPK_C_031_T0104,wavs_synthetic_crossspeaker/XSPK_C_031_T0104.wav,C_031,Dísd ki az ajtót a fördőszobában
XSPK_C_031_T0105,wavs_synthetic_crossspeaker/XSPK_C_031_T0105.wav,C_031,Nagyszobába vedd lejjebb a tévét
XSPK_C_031_T0106,wavs_synthetic_crossspeaker/XSPK_C_031_T0106.wav,C_031,Fürdőzában kapcsold le a villanyt
XSPK_C_031_T0107,wavs_synthetic_crossspeaker/XSPK_C_031_T0107.wav,C_031,Kapcsold ki a radiátort a fürdőszobában
XSPK_C_031_T0108,wavs_synthetic_crossspeaker/XSPK_C_031_T0108.wav,C_031,Széthüzzuk a függönyt a konyhában
XSPK_C_031_T0109,wavs_synthetic_crossspeaker/XSPK_C_031_T0109.wav,C_031,Zárd be az ablakot a fűrdőszobában
XSPK_C_031_T0110,wavs_synthetic_crossspeaker/XSPK_C_031_T0110.wav,C_031,Kapcsold be a számítógépet a fürdőszobában.
XSPK_C_031_T0111,wavs_synthetic_crossspeaker/XSPK_C_031_T0111.wav,C_031,A fürdőszobába kapcsold be a fűtést.
XSPK_C_031_T0112,wavs_synthetic_crossspeaker/XSPK_C_031_T0112.wav,C_031,A fürdőszobába nyisd ki az ajtót.
XSPK_C_031_T0113,wavs_synthetic_crossspeaker/XSPK_C_031_T0113.wav,C_031,Válts csatornát a tévét a nagyszobában
XSPK_C_031_T0114,wavs_synthetic_crossspeaker/XSPK_C_031_T0114.wav,C_031,Konyhában kapcsold fel a villanyt.
XSPK_C_031_T0115,wavs_synthetic_crossspeaker/XSPK_C_031_T0115.wav,C_031,Kapcsold be a számítógépet a szobában
XSPK_C_031_T0116,wavs_synthetic_crossspeaker/XSPK_C_031_T0116.wav,C_031,A konyhában hangosítsd a televíziót.
XSPK_C_031_T0117,wavs_synthetic_crossspeaker/XSPK_C_031_T0117.wav,C_031,Zárd be az ajtót a fürdőszobába.
XSPK_C_031_T0118,wavs_synthetic_crossspeaker/XSPK_C_031_T0118.wav,C_031,Konyhában kapcsold be a sütőt
XSPK_C_031_T0119,wavs_synthetic_crossspeaker/XSPK_C_031_T0119.wav,C_031,A kisszobában húzd le a redőny.
XSPK_C_031_T0120,wavs_synthetic_crossspeaker/XSPK_C_031_T0120.wav,C_031,A nagycobába válts csatornát a rádión
XSPK_C_031_T0121,wavs_synthetic_crossspeaker/XSPK_C_031_T0121.wav,C_031,Nyiszd ki az ablakot a folyosón
XSPK_C_031_T0122,wavs_synthetic_crossspeaker/XSPK_C_031_T0122.wav,C_031,Hangosítsd a tévét a kisszobába
XSPK_C_031_T0123,wavs_synthetic_crossspeaker/XSPK_C_031_T0123.wav,C_031,Kiszobában húzd szét a függön.
XSPK_C_031_T0124,wavs_synthetic_crossspeaker/XSPK_C_031_T0124.wav,C_031,Nyisd ki az ablakot a szobában.
XSPK_C_031_T0125,wavs_synthetic_crossspeaker/XSPK_C_031_T0125.wav,C_031,A kisszobában húzd fel a függönyt
XSPK_C_031_T0126,wavs_synthetic_crossspeaker/XSPK_C_031_T0126.wav,C_031,Nyiss ki az ajtót a fürdőszobábán.
XSPK_C_031_T0127,wavs_synthetic_crossspeaker/XSPK_C_031_T0127.wav,C_031,A kisszobában kápcsold be a ventillátort.
XSPK_C_031_T0128,wavs_synthetic_crossspeaker/XSPK_C_031_T0128.wav,C_031,Folyosóban húzd szét a függönyt
XSPK_C_031_T0129,wavs_synthetic_crossspeaker/XSPK_C_031_T0129.wav,C_031,Konyhába kapcsold ki a fűtés
XSPK_C_031_T0130,wavs_synthetic_crossspeaker/XSPK_C_031_T0130.wav,C_031,A kisszobában húzd be a függöny.
XSPK_C_031_T0131,wavs_synthetic_crossspeaker/XSPK_C_031_T0131.wav,C_031,Szobában behakolcsi rádio
XSPK_C_031_T0132,wavs_synthetic_crossspeaker/XSPK_C_031_T0132.wav,C_031,Zárd be az ajtót a folyosóba
XSPK_C_031_T0133,wavs_synthetic_crossspeaker/XSPK_C_031_T0133.wav,C_031,Húzd föl a redőnyt a kisszobában
XSPK_C_031_T0134,wavs_synthetic_crossspeaker/XSPK_C_031_T0134.wav,C_031,A fürdőszobában kisd ki az ablakot
XSPK_C_031_T0135,wavs_synthetic_crossspeaker/XSPK_C_031_T0135.wav,C_031,Kapcsold be a gépet a mosógépet a konyhában hatvan fokon
XSPK_C_031_T0136,wavs_synthetic_crossspeaker/XSPK_C_031_T0136.wav,C_031,Szobába kapcsold fel villany
XSPK_C_031_T0137,wavs_synthetic_crossspeaker/XSPK_C_031_T0137.wav,C_031,A folyosón fúzd fel a redőnyt
XSPK_C_031_T0138,wavs_synthetic_crossspeaker/XSPK_C_031_T0138.wav,C_031,Konyhába húzd szét a függöny
XSPK_C_031_T0139,wavs_synthetic_crossspeaker/XSPK_C_031_T0139.wav,C_031,Kisszobába kapcsold ki a radiátort
XSPK_C_031_T0140,wavs_synthetic_crossspeaker/XSPK_C_031_T0140.wav,C_031,Nyisd ki a konyhába az ablakot
XSPK_C_031_T0141,wavs_synthetic_crossspeaker/XSPK_C_031_T0141.wav,C_031,Konyhába húzle a fűtést.
XSPK_C_031_T0142,wavs_synthetic_crossspeaker/XSPK_C_031_T0142.wav,C_031,Zárd be a konyhában az ablakot.
XSPK_C_031_T0143,wavs_synthetic_crossspeaker/XSPK_C_031_T0143.wav,C_031,Húzd szét a konyha függönyt
XSPK_C_031_T0144,wavs_synthetic_crossspeaker/XSPK_C_031_T0144.wav,C_031,Kapcsold ki a tévét a szobába
XSPK_C_031_T0145,wavs_synthetic_crossspeaker/XSPK_C_031_T0145.wav,C_031,Kapcsold be a pirítós a konyhában
XSPK_C_031_T0146,wavs_synthetic_crossspeaker/XSPK_C_031_T0146.wav,C_031,Húzd be a függönt a konyhában.
XSPK_C_031_T0147,wavs_synthetic_crossspeaker/XSPK_C_031_T0147.wav,C_031,Hívd fel a lányomat
XSPK_C_031_T0148,wavs_synthetic_crossspeaker/XSPK_C_031_T0148.wav,C_031,A nagyszobában kapcsold le a lámpát zárt
XSPK_C_031_T0149,wavs_synthetic_crossspeaker/XSPK_C_031_T0149.wav,C_031,A fürdőszobába kapcsold be hatvan fokon a mosógépet
XSPK_C_031_T0150,wavs_synthetic_crossspeaker/XSPK_C_031_T0150.wav,C_031,Húzd fel a radiátort a konyhában
XSPK_C_031_T0151,wavs_synthetic_crossspeaker/XSPK_C_031_T0151.wav,C_031,Válts csatornát a kisszobában a rádión
XSPK_C_031_T0152,wavs_synthetic_crossspeaker/XSPK_C_031_T0152.wav,C_031,Fürdőszobába kapcsold ki a ventilátort
XSPK_C_031_T0153,wavs_synthetic_crossspeaker/XSPK_C_031_T0153.wav,C_031,Konyhába kapcsold ki a poszívót
XSPK_C_031_T0154,wavs_synthetic_crossspeaker/XSPK_C_031_T0154.wav,C_031,Zárd be az ablakot a szobába
XSPK_C_031_T0155,wavs_synthetic_crossspeaker/XSPK_C_031_T0155.wav,C_031,A nagyszobában nyisd ki az ajtot
XSPK_C_031_T0156,wavs_synthetic_crossspeaker/XSPK_C_031_T0156.wav,C_031,Zárd be a ajtót a folyosón
XSPK_C_031_T0157,wavs_synthetic_crossspeaker/XSPK_C_031_T0157.wav,C_031,A fürdőszobában kapcsold ki a évét
XSPK_C_031_T0158,wavs_synthetic_crossspeaker/XSPK_C_031_T0158.wav,C_031,Húz be a függönyt a konyhában
XSPK_C_031_T0159,wavs_synthetic_crossspeaker/XSPK_C_031_T0159.wav,C_031,A fühldőszobában kapcsold be a rádiót
XSPK_C_031_T0160,wavs_synthetic_crossspeaker/XSPK_C_031_T0160.wav,C_031,Huzd le a redönyt a nagycobába
XSPK_C_031_T0161,wavs_synthetic_crossspeaker/XSPK_C_031_T0161.wav,C_031,Konyhában kapcsold ki a tévét
XSPK_C_031_T0162,wavs_synthetic_crossspeaker/XSPK_C_031_T0162.wav,C_031,A kisszobában kapcsold be a rádjót.
XSPK_C_031_T0163,wavs_synthetic_crossspeaker/XSPK_C_031_T0163.wav,C_031,A konyhában kapcsold ki a fűtést
XSPK_C_031_T0164,wavs_synthetic_crossspeaker/XSPK_C_031_T0164.wav,C_031,Nagyszobában kapcsold be a fűtést
XSPK_C_031_T0165,wavs_synthetic_crossspeaker/XSPK_C_031_T0165.wav,C_031,A kisszobában halkítsd le a tévét
XSPK_C_031_T0166,wavs_synthetic_crossspeaker/XSPK_C_031_T0166.wav,C_031,Hangosít a tévét a szobában.
XSPK_C_031_T0167,wavs_synthetic_crossspeaker/XSPK_C_031_T0167.wav,C_031,Folyosón nyisd ki az ajtót.
XSPK_C_031_T0168,wavs_synthetic_crossspeaker/XSPK_C_031_T0168.wav,C_031,A konyhában nyisd ki az ajtó.
XSPK_C_031_T0169,wavs_synthetic_crossspeaker/XSPK_C_031_T0169.wav,C_031,Hangosítsd fel a tévét a folyosón
XSPK_C_031_T0170,wavs_synthetic_crossspeaker/XSPK_C_031_T0170.wav,C_031,Halkítsuk a tévét a kisszobába
XSPK_C_031_T0171,wavs_synthetic_crossspeaker/XSPK_C_031_T0171.wav,C_031,Fürdőszobába húzd fel a redőnyt.
XSPK_C_031_T0172,wavs_synthetic_crossspeaker/XSPK_C_031_T0172.wav,C_031,A folyosón húzd le vaerdőt
XSPK_C_031_T0173,wavs_synthetic_crossspeaker/XSPK_C_031_T0173.wav,C_031,A konyhában csendesíts á tévét.
XSPK_C_031_T0174,wavs_synthetic_crossspeaker/XSPK_C_031_T0174.wav,C_031,A radiátor kapcsold be a kisszobába
XSPK_C_031_T0175,wavs_synthetic_crossspeaker/XSPK_C_031_T0175.wav,C_031,Üsd ki az ablakot a folyosón.
XSPK_C_031_T0176,wavs_synthetic_crossspeaker/XSPK_C_031_T0176.wav,C_031,A nagyszobába kapcsold föl fel a villanyt
XSPK_C_031_T0177,wavs_synthetic_crossspeaker/XSPK_C_031_T0177.wav,C_031,Kikapcsolnád a kisszobai rádiót
XSPK_C_031_T0178,wavs_synthetic_crossspeaker/XSPK_C_031_T0178.wav,C_031,Kapcsold be a tévét a folyosón
XSPK_C_031_T0179,wavs_synthetic_crossspeaker/XSPK_C_031_T0179.wav,C_031,A radiátort kapcsold be a konyhában
XSPK_C_031_T0180,wavs_synthetic_crossspeaker/XSPK_C_031_T0180.wav,C_031,Fürdőszobába kapcsoljuk ki a porszívót
XSPK_C_031_T0181,wavs_synthetic_crossspeaker/XSPK_C_031_T0181.wav,C_031,Csöngesd meg a fiamat
XSPK_C_031_T0182,wavs_synthetic_crossspeaker/XSPK_C_031_T0182.wav,C_031,Konyhában kapcsold ki a tűzhelyet
XSPK_C_031_T0183,wavs_synthetic_crossspeaker/XSPK_C_031_T0183.wav,C_031,A szobaajtót zárd be
XSPK_C_031_T0184,wavs_synthetic_crossspeaker/XSPK_C_031_T0184.wav,C_031,Nyit ki az ajtót a szobába
XSPK_C_031_T0185,wavs_synthetic_crossspeaker/XSPK_C_031_T0185.wav,C_031,A fürdőszobába indítsd el légy szíves a mosógépet harminc fokon
XSPK_C_031_T0186,wavs_synthetic_crossspeaker/XSPK_C_031_T0186.wav,C_031,Kapcsold be a fűtést a szobába.
XSPK_C_031_T0187,wavs_synthetic_crossspeaker/XSPK_C_031_T0187.wav,C_031,A kisszobában kapcsold fel a villanyt.
XSPK_C_031_T0188,wavs_synthetic_crossspeaker/XSPK_C_031_T0188.wav,C_031,A nagyszobaba kapcsold be a redőt
XSPK_C_031_T0189,wavs_synthetic_crossspeaker/XSPK_C_031_T0189.wav,C_031,A nagyszobába vedd feljebb a tévét
XSPK_C_031_T0190,wavs_synthetic_crossspeaker/XSPK_C_031_T0190.wav,C_031,Nagyszobába húzd le a fűtést.
XSPK_C_031_T0191,wavs_synthetic_crossspeaker/XSPK_C_031_T0191.wav,C_031,Kapcsold ki a rádiót a folyoson
XSPK_C_031_T0192,wavs_synthetic_crossspeaker/XSPK_C_031_T0192.wav,C_031,Kapcsold be légyszi a termosztátot a konyhá konyhába
XSPK_C_031_T0193,wavs_synthetic_crossspeaker/XSPK_C_031_T0193.wav,C_031,Engedd le a fürdőszobai redőnyt
XSPK_C_031_T0194,wavs_synthetic_crossspeaker/XSPK_C_031_T0194.wav,C_031,Kapcsold ö ki a számítógépet a szobában
XSPK_C_031_T0195,wavs_synthetic_crossspeaker/XSPK_C_031_T0195.wav,C_031,A nagyszobában kapcsold ki a ventilátort
XSPK_C_031_T0196,wavs_synthetic_crossspeaker/XSPK_C_031_T0196.wav,C_031,A szobában zárd az ablakot
XSPK_C_031_T0197,wavs_synthetic_crossspeaker/XSPK_C_031_T0197.wav,C_031,Zárd be az ablakot a nagyszobába.
XSPK_C_031_T0198,wavs_synthetic_crossspeaker/XSPK_C_031_T0198.wav,C_031,Kapcsold be a kisszobába a ventilátort
XSPK_C_031_T0199,wavs_synthetic_crossspeaker/XSPK_C_031_T0199.wav,C_031,A fürdőszobában válcs csatornát a rádión.
XSPK_C_031_T0200,wavs_synthetic_crossspeaker/XSPK_C_031_T0200.wav,C_031,Fürdőszobában húzd le a redőnyt
XSPK_C_031_T0201,wavs_synthetic_crossspeaker/XSPK_C_031_T0201.wav,C_031,A konyhában húzd fel a törlőt.
XSPK_C_031_T0202,wavs_synthetic_crossspeaker/XSPK_C_031_T0202.wav,C_031,A fürdőszobában khapcsold ki a rádió.
XSPK_C_031_T0203,wavs_synthetic_crossspeaker/XSPK_C_031_T0203.wav,C_031,Kisszobában zárd az ajtót
XSPK_C_031_T0204,wavs_synthetic_crossspeaker/XSPK_C_031_T0204.wav,C_031,Kapcsold ki a fürdőszoba számítógép.
XSPK_C_031_T0205,wavs_synthetic_crossspeaker/XSPK_C_031_T0205.wav,C_031,Konyhába vál csatornát a tévén.
XSPK_C_031_T0206,wavs_synthetic_crossspeaker/XSPK_C_031_T0206.wav,C_031,Húzd fel a fűtést a folyoson
XSPK_C_031_T0207,wavs_synthetic_crossspeaker/XSPK_C_031_T0207.wav,C_031,Szobába húzd fel a fűtés
XSPK_C_031_T0208,wavs_synthetic_crossspeaker/XSPK_C_031_T0208.wav,C_031,Csendesítsd a tévét a konyhában
XSPK_C_031_T0209,wavs_synthetic_crossspeaker/XSPK_C_031_T0209.wav,C_031,Kapcsold be harminc fokon a fürdőszobában a mosógépet.
XSPK_C_032_T0000,wavs_synthetic_crossspeaker/XSPK_C_032_T0000.wav,C_032,Kapcsold be rádiót a nagyszobába
XSPK_C_032_T0001,wavs_synthetic_crossspeaker/XSPK_C_032_T0001.wav,C_032,Konyhába kapcsold be a porszíivót
XSPK_C_032_T0002,wavs_synthetic_crossspeaker/XSPK_C_032_T0002.wav,C_032,Fürdőszoban porszízót kikapcsolni
XSPK_C_032_T0003,wavs_synthetic_crossspeaker/XSPK_C_032_T0003.wav,C_032,A naccobában kapcsold fel a villanyt
XSPK_C_032_T0004,wavs_synthetic_crossspeaker/XSPK_C_032_T0004.wav,C_032,Porszívó be szobában
XSPK_C_032_T0005,wavs_synthetic_crossspeaker/XSPK_C_032_T0005.wav,C_032,Kapcsold ki légy szíves a termosztátot a szobába
XSPK_C_032_T0006,wavs_synthetic_crossspeaker/XSPK_C_032_T0006.wav,C_032,A folyosón csendesítsd a tévét
XSPK_C_032_T0007,wavs_synthetic_crossspeaker/XSPK_C_032_T0007.wav,C_032,Hangosítsd fel a tévét a nagyszobában.
XSPK_C_032_T0008,wavs_synthetic_crossspeaker/XSPK_C_032_T0008.wav,C_032,Kapcsuld le a villanyt a kiszobában
XSPK_C_032_T0009,wavs_synthetic_crossspeaker/XSPK_C_032_T0009.wav,C_032,Kapcsold be a ventilátort a fo folyosón
XSPK_C_032_T0010,wavs_synthetic_crossspeaker/XSPK_C_032_T0010.wav,C_032,Húzd fel a rod redőnyt a szobában
XSPK_C_032_T0011,wavs_synthetic_crossspeaker/XSPK_C_032_T0011.wav,C_032,Porszivó kisz kiszoban
XSPK_C_032_T0012,wavs_synthetic_crossspeaker/XSPK_C_032_T0012.wav,C_032,A fürdőszobába zárd be az ajtót
XSPK_C_032_T0013,wavs_synthetic_crossspeaker/XSPK_C_032_T0013.wav,C_032,A kiszobában kapcsold ki a fűtés.
XSPK_C_032_T0014,wavs_synthetic_crossspeaker/XSPK_C_032_T0014.wav,C_032,S kapcsold ki a ventilátort a nagyszobába
XSPK_C_032_T0015,wavs_synthetic_crossspeaker/XSPK_C_032_T0015.wav,C_032,Kapcsold be a ládiót a konyhában
XSPK_C_032_T0016,wavs_synthetic_crossspeaker/XSPK_C_032_T0016.wav,C_032,Kapcsold ki a ventilátort a folyoson
XSPK_C_032_T0017,wavs_synthetic_crossspeaker/XSPK_C_032_T0017.wav,C_032,Fürdőszobában kapcsold ki a ventillátor.
XSPK_C_032_T0018,wavs_synthetic_crossspeaker/XSPK_C_032_T0018.wav,C_032,Húzd szét a függönyt a folyosóban
XSPK_C_032_T0019,wavs_synthetic_crossspeaker/XSPK_C_032_T0019.wav,C_032,Fürdőszobában húzd le a redőnyt
XSPK_C_032_T0020,wavs_synthetic_crossspeaker/XSPK_C_032_T0020.wav,C_032,Fürdőszobába kapcsold le a villanyt
XSPK_C_032_T0021,wavs_synthetic_crossspeaker/XSPK_C_032_T0021.wav,C_032,A koncshában kapcsold fel a villanyt
XSPK_C_032_T0022,wavs_synthetic_crossspeaker/XSPK_C_032_T0022.wav,C_032,Folyosón húzd fel a hűtést
XSPK_C_032_T0023,wavs_synthetic_crossspeaker/XSPK_C_032_T0023.wav,C_032,Zárjuk be a ajtón a folyosón
XSPK_C_032_T0024,wavs_synthetic_crossspeaker/XSPK_C_032_T0024.wav,C_032,Kapcsold be á ventillátort a szobábán.
XSPK_C_032_T0025,wavs_synthetic_crossspeaker/XSPK_C_032_T0025.wav,C_032,Kisszobába vedd feljebb a radiátort
XSPK_C_032_T0026,wavs_synthetic_crossspeaker/XSPK_C_032_T0026.wav,C_032,Csendesítsd a tévét a kisszobá ban.
XSPK_C_032_T0027,wavs_synthetic_crossspeaker/XSPK_C_032_T0027.wav,C_032,És kapcsold be a nagyszobában a kenyérpirítót
XSPK_C_032_T0028,wavs_synthetic_crossspeaker/XSPK_C_032_T0028.wav,C_032,A szobába kapcsold ki a radiátor
XSPK_C_032_T0029,wavs_synthetic_crossspeaker/XSPK_C_032_T0029.wav,C_032,Nyisd ki az ajtót a folyos
XSPK_C_032_T0030,wavs_synthetic_crossspeaker/XSPK_C_032_T0030.wav,C_032,Húzd szét a függönyt sza szobában
XSPK_C_032_T0031,wavs_synthetic_crossspeaker/XSPK_C_032_T0031.wav,C_032,A polyosón pedig kapcsold ki
XSPK_C_032_T0032,wavs_synthetic_crossspeaker/XSPK_C_032_T0032.wav,C_032,Húzd fel a redőnyt a kisszobaban.
XSPK_C_032_T0033,wavs_synthetic_crossspeaker/XSPK_C_032_T0033.wav,C_032,Túl világos van süt a nap ezért húzzuk be a függönyt
XSPK_C_032_T0034,wavs_synthetic_crossspeaker/XSPK_C_032_T0034.wav,C_032,A folyosón a fűtést kapcsold be
XSPK_C_032_T0035,wavs_synthetic_crossspeaker/XSPK_C_032_T0035.wav,C_032,A folyoson zárd be az ajtot
XSPK_C_032_T0036,wavs_synthetic_crossspeaker/XSPK_C_032_T0036.wav,C_032,A kisszobába hangosítsd le a tévét
XSPK_C_032_T0037,wavs_synthetic_crossspeaker/XSPK_C_032_T0037.wav,C_032,Kapcsold ki a ládiót a konyhában.
XSPK_C_032_T0038,wavs_synthetic_crossspeaker/XSPK_C_032_T0038.wav,C_032,A kiszobában válcs csatornát a rádjón.
XSPK_C_032_T0039,wavs_synthetic_crossspeaker/XSPK_C_032_T0039.wav,C_032,Nyissd ki az ablakot a fojjosón.
XSPK_C_032_T0040,wavs_synthetic_crossspeaker/XSPK_C_032_T0040.wav,C_032,A konyhába kapcsold be a mosógépet harminc fok feletti hőmérséklet esetén
XSPK_C_032_T0041,wavs_synthetic_crossspeaker/XSPK_C_032_T0041.wav,C_032,Kapcsold ö ki a számítógépet a szobában
XSPK_C_032_T0042,wavs_synthetic_crossspeaker/XSPK_C_032_T0042.wav,C_032,Kapcsold be a kenyérpirítót a konyhába.
XSPK_C_032_T0043,wavs_synthetic_crossspeaker/XSPK_C_032_T0043.wav,C_032,A szobában zárd be az ajtót.
XSPK_C_032_T0044,wavs_synthetic_crossspeaker/XSPK_C_032_T0044.wav,C_032,Hangosícsd a tévét a nagyszobában.
XSPK_C_032_T0045,wavs_synthetic_crossspeaker/XSPK_C_032_T0045.wav,C_032,Folyosó hőmérsékletét kapcsold
XSPK_C_032_T0046,wavs_synthetic_crossspeaker/XSPK_C_032_T0046.wav,C_032,A szobába kapcsold be a fűtést.
XSPK_C_032_T0047,wavs_synthetic_crossspeaker/XSPK_C_032_T0047.wav,C_032,A fürdőszobába húzd szét a függöny
XSPK_C_032_T0048,wavs_synthetic_crossspeaker/XSPK_C_032_T0048.wav,C_032,A folyosón nyisd meg az ajtót
XSPK_C_032_T0049,wavs_synthetic_crossspeaker/XSPK_C_032_T0049.wav,C_032,A kisszobában kinyitjuk a ablakot
XSPK_C_032_T0050,wavs_synthetic_crossspeaker/XSPK_C_032_T0050.wav,C_032,A fürdőszobában nyísd ki az ablakot
XSPK_C_032_T0051,wavs_synthetic_crossspeaker/XSPK_C_032_T0051.wav,C_032,A szobában vedd lejjebb a televíziót
XSPK_C_032_T0052,wavs_synthetic_crossspeaker/XSPK_C_032_T0052.wav,C_032,A konyhában húzzad fel a redőnyt.
XSPK_C_032_T0053,wavs_synthetic_crossspeaker/XSPK_C_032_T0053.wav,C_032,A konyhában húzd föl a fűtést.
XSPK_C_032_T0054,wavs_synthetic_crossspeaker/XSPK_C_032_T0054.wav,C_032,A kisszobában kapcsold be a uhh raditárot
XSPK_C_032_T0055,wavs_synthetic_crossspeaker/XSPK_C_032_T0055.wav,C_032,A konyhában kapcsold fel a mosógépet hatvan fokra.
XSPK_C_032_T0056,wavs_synthetic_crossspeaker/XSPK_C_032_T0056.wav,C_032,Kapcsold be a sütőbe a sütőt a konyhában
XSPK_C_032_T0057,wavs_synthetic_crossspeaker/XSPK_C_032_T0057.wav,C_032,Válts csatornát a szobában
XSPK_C_032_T0058,wavs_synthetic_crossspeaker/XSPK_C_032_T0058.wav,C_032,A rádión valt valts tatornát a kisszobában.
XSPK_C_032_T0059,wavs_synthetic_crossspeaker/XSPK_C_032_T0059.wav,C_032,A konyhába s húzd szét a fügönyt
XSPK_C_032_T0060,wavs_synthetic_crossspeaker/XSPK_C_032_T0060.wav,C_032,A redőnyt húzd le a szobába
XSPK_C_032_T0061,wavs_synthetic_crossspeaker/XSPK_C_032_T0061.wav,C_032,Folyosóban kapcsold be a radiátort
XSPK_C_032_T0062,wavs_synthetic_crossspeaker/XSPK_C_032_T0062.wav,C_032,Hívd fel a fiam telefonon minél gyorsabban
XSPK_C_032_T0063,wavs_synthetic_crossspeaker/XSPK_C_032_T0063.wav,C_032,Kisszobában kapcsold ki a rádió.
XSPK_C_032_T0064,wavs_synthetic_crossspeaker/XSPK_C_032_T0064.wav,C_032,A kisszobába válts csatornát a rádión
XSPK_C_032_T0065,wavs_synthetic_crossspeaker/XSPK_C_032_T0065.wav,C_032,Kikapcsoltad a ventilátorokat
XSPK_C_032_T0066,wavs_synthetic_crossspeaker/XSPK_C_032_T0066.wav,C_032,Fütésben konyha
XSPK_C_032_T0067,wavs_synthetic_crossspeaker/XSPK_C_032_T0067.wav,C_032,Kapcsold ki a tévét a konyhábn.
XSPK_C_032_T0068,wavs_synthetic_crossspeaker/XSPK_C_032_T0068.wav,C_032,Húzd le a hűttés a zobába.
XSPK_C_032_T0069,wavs_synthetic_crossspeaker/XSPK_C_032_T0069.wav,C_032,Folyosón kapcsold fel a villanyt
XSPK_C_032_T0070,wavs_synthetic_crossspeaker/XSPK_C_032_T0070.wav,C_032,A nagyszobában az ablakot nyisd ki
XSPK_C_032_T0071,wavs_synthetic_crossspeaker/XSPK_C_032_T0071.wav,C_032,A kisszobába másik csatornára tedd át a tévét légy szíves
XSPK_C_032_T0072,wavs_synthetic_crossspeaker/XSPK_C_032_T0072.wav,C_032,Fűtést tedd lejjebb légy szíves a szobába
XSPK_C_032_T0073,wavs_synthetic_crossspeaker/XSPK_C_032_T0073.wav,C_032,A kapcsold ki a ventilátort a szobában
XSPK_C_032_T0074,wavs_synthetic_crossspeaker/XSPK_C_032_T0074.wav,C_032,Kapcsold be a ventilátort a kisszobában
XSPK_C_032_T0075,wavs_synthetic_crossspeaker/XSPK_C_032_T0075.wav,C_032,Kapcsold be légy szíves a kisszobai radiátort
XSPK_C_032_T0076,wavs_synthetic_crossspeaker/XSPK_C_032_T0076.wav,C_032,Húzd le radiátort a kis a szobába
XSPK_C_032_T0077,wavs_synthetic_crossspeaker/XSPK_C_032_T0077.wav,C_032,A fürdőszobán húzd fel a fűtést.
XSPK_C_032_T0078,wavs_synthetic_crossspeaker/XSPK_C_032_T0078.wav,C_032,Folyosón kapcsold ki a rádiot
XSPK_C_032_T0079,wavs_synthetic_crossspeaker/XSPK_C_032_T0079.wav,C_032,Fürdőszobába kapcsold be légy szíves a porszívót
XSPK_C_032_T0080,wavs_synthetic_crossspeaker/XSPK_C_032_T0080.wav,C_032,A nagyszobában váltsd csatornát a tévén
XSPK_C_032_T0081,wavs_synthetic_crossspeaker/XSPK_C_032_T0081.wav,C_032,Kapcsold le a villanyt a folyosóba
XSPK_C_032_T0082,wavs_synthetic_crossspeaker/XSPK_C_032_T0082.wav,C_032,A kisszobába húzd le a radiátort
XSPK_C_032_T0083,wavs_synthetic_crossspeaker/XSPK_C_032_T0083.wav,C_032,Kápcsold ki a porcivót a fürdőszobában.
XSPK_C_032_T0084,wavs_synthetic_crossspeaker/XSPK_C_032_T0084.wav,C_032,A szobában halkíts a tévét.
XSPK_C_032_T0085,wavs_synthetic_crossspeaker/XSPK_C_032_T0085.wav,C_032,Kapcsold fel a nagyszobába a villanyt
XSPK_C_032_T0086,wavs_synthetic_crossspeaker/XSPK_C_032_T0086.wav,C_032,A nagyszobában zárd be az ajtó.
XSPK_C_032_T0087,wavs_synthetic_crossspeaker/XSPK_C_032_T0087.wav,C_032,Kész van a két pirítós a konyhába
XSPK_C_032_T0088,wavs_synthetic_crossspeaker/XSPK_C_032_T0088.wav,C_032,A konyhába kapcsold ki a rádiót
XSPK_C_032_T0089,wavs_synthetic_crossspeaker/XSPK_C_032_T0089.wav,C_032,A mosógépet kapcsold be és állítsd hatvan fokra a fürdőszobában
XSPK_C_032_T0090,wavs_synthetic_crossspeaker/XSPK_C_032_T0090.wav,C_032,Szobában húzd le a hüttő.
XSPK_C_032_T0091,wavs_synthetic_crossspeaker/XSPK_C_032_T0091.wav,C_032,Kapcsold ki a ventilát a folyosón
XSPK_C_032_T0092,wavs_synthetic_crossspeaker/XSPK_C_032_T0092.wav,C_032,A szobában váltsd csatornát a tévén
XSPK_C_032_T0093,wavs_synthetic_crossspeaker/XSPK_C_032_T0093.wav,C_032,A konyhába kapcsold be a ventilátorokat
XSPK_C_032_T0094,wavs_synthetic_crossspeaker/XSPK_C_032_T0094.wav,C_032,Kapcsold le a villanyt a konyhában.
XSPK_C_032_T0095,wavs_synthetic_crossspeaker/XSPK_C_032_T0095.wav,C_032,Folyosón kapcsoljuk fel a villanyt
XSPK_C_032_T0096,wavs_synthetic_crossspeaker/XSPK_C_032_T0096.wav,C_032,A konyhába kapcsold be a gáztűzhelyt.
XSPK_C_032_T0097,wavs_synthetic_crossspeaker/XSPK_C_032_T0097.wav,C_032,A fürdőszobába kapcsold be a fűtést
XSPK_C_032_T0098,wavs_synthetic_crossspeaker/XSPK_C_032_T0098.wav,C_032,A kisszobába kapcsold ki a számítógépe
XSPK_C_032_T0099,wavs_synthetic_crossspeaker/XSPK_C_032_T0099.wav,C_032,A kisszobába kapcsold be a porszívót
XSPK_C_032_T0100,wavs_synthetic_crossspeaker/XSPK_C_032_T0100.wav,C_032,Zár be az ablakot a szobában
XSPK_C_032_T0101,wavs_synthetic_crossspeaker/XSPK_C_032_T0101.wav,C_032,Folyoson kapcsold be a ventillátort
XSPK_C_032_T0102,wavs_synthetic_crossspeaker/XSPK_C_032_T0102.wav,C_032,Kapcsold át a tévét a másik csatornára a konyhában
XSPK_C_032_T0103,wavs_synthetic_crossspeaker/XSPK_C_032_T0103.wav,C_032,A folyosón kapcsold fel a fűtést
XSPK_C_032_T0104,wavs_synthetic_crossspeaker/XSPK_C_032_T0104.wav,C_032,Nagyszobába hangosítsd fel a tévét
XSPK_C_032_T0105,wavs_synthetic_crossspeaker/XSPK_C_032_T0105.wav,C_032,A nagycobában kapcsold be a számítógépet
XSPK_C_032_T0106,wavs_synthetic_crossspeaker/XSPK_C_032_T0106.wav,C_032,A cobában zárd be az ajtót.
XSPK_C_032_T0107,wavs_synthetic_crossspeaker/XSPK_C_032_T0107.wav,C_032,A fürdőszobába kapcsold ki a porszívót
XSPK_C_032_T0108,wavs_synthetic_crossspeaker/XSPK_C_032_T0108.wav,C_032,Kapcsold be ventillátort a kisszobába.
XSPK_C_032_T0109,wavs_synthetic_crossspeaker/XSPK_C_032_T0109.wav,C_032,Fürdőszobába kapcsold ki a ventilátorokat
XSPK_C_032_T0110,wavs_synthetic_crossspeaker/XSPK_C_032_T0110.wav,C_032,A nagyszobaban nyisd ki az ablakot
XSPK_C_032_T0111,wavs_synthetic_crossspeaker/XSPK_C_032_T0111.wav,C_032,Húzd le a redőnyt a nagyszobaban.
XSPK_C_032_T0112,wavs_synthetic_crossspeaker/XSPK_C_032_T0112.wav,C_032,Kapcsold be és állítsd harminc fokra a fürdőszobában a mosógépet
XSPK_C_032_T0113,wavs_synthetic_crossspeaker/XSPK_C_032_T0113.wav,C_032,Zárd be az ablakot a fojjosón.
XSPK_C_032_T0114,wavs_synthetic_crossspeaker/XSPK_C_032_T0114.wav,C_032,A fojjosón kapcsold be a rádjót.
XSPK_C_032_T0115,wavs_synthetic_crossspeaker/XSPK_C_032_T0115.wav,C_032,Nyisd ki az a ablakot a kisszobában.
XSPK_C_032_T0116,wavs_synthetic_crossspeaker/XSPK_C_032_T0116.wav,C_032,Konyhában válts csatornát
XSPK_C_032_T0117,wavs_synthetic_crossspeaker/XSPK_C_032_T0117.wav,C_032,Konyhába kapcsold ki a ventilátort
XSPK_C_032_T0118,wavs_synthetic_crossspeaker/XSPK_C_032_T0118.wav,C_032,Kapcsold ki á ventillátort a fürdőszobábán.
XSPK_C_032_T0119,wavs_synthetic_crossspeaker/XSPK_C_032_T0119.wav,C_032,Kapcsold ki a felciláztort az konyhában
XSPK_C_032_T0120,wavs_synthetic_crossspeaker/XSPK_C_032_T0120.wav,C_032,A kisszobába kapcsold be a fűtést
XSPK_C_032_T0121,wavs_synthetic_crossspeaker/XSPK_C_032_T0121.wav,C_032,Szobában húzd fel a redőnyt
XSPK_C_032_T0122,wavs_synthetic_crossspeaker/XSPK_C_032_T0122.wav,C_032,A ventillátorokat kapcsold ki a nagyszobába
XSPK_C_032_T0123,wavs_synthetic_crossspeaker/XSPK_C_032_T0123.wav,C_032,A fojjosón kapcsold be a porszivót.
XSPK_C_032_T0124,wavs_synthetic_crossspeaker/XSPK_C_032_T0124.wav,C_032,Kapcsold be a villanyt a fürdőszobában.
XSPK_C_032_T0125,wavs_synthetic_crossspeaker/XSPK_C_032_T0125.wav,C_032,Konyhában húzd le a fűtés.
XSPK_C_032_T0126,wavs_synthetic_crossspeaker/XSPK_C_032_T0126.wav,C_032,A konyhában húzd le a redőnyt
XSPK_C_032_T0127,wavs_synthetic_crossspeaker/XSPK_C_032_T0127.wav,C_032,Válts csatornát a tévén a nagyszobában
XSPK_C_032_T0128,wavs_synthetic_crossspeaker/XSPK_C_032_T0128.wav,C_032,Szobába kapcsold fel a villanyt
XSPK_C_032_T0129,wavs_synthetic_crossspeaker/XSPK_C_032_T0129.wav,C_032,Kapcsold be a mosógépet és állítsd hatvan fokra a fürdőszobába
XSPK_C_032_T0130,wavs_synthetic_crossspeaker/XSPK_C_032_T0130.wav,C_032,Húzd szép a függönyt a fürdőszobában
XSPK_C_032_T0131,wavs_synthetic_crossspeaker/XSPK_C_032_T0131.wav,C_032,Húzd be a függönyt a kisszobában.
XSPK_C_032_T0132,wavs_synthetic_crossspeaker/XSPK_C_032_T0132.wav,C_032,Kapcsold fhel a villanyt a szobában.
XSPK_C_032_T0133,wavs_synthetic_crossspeaker/XSPK_C_032_T0133.wav,C_032,A fürdőszobában kisd ki az ablakot
XSPK_C_032_T0134,wavs_synthetic_crossspeaker/XSPK_C_032_T0134.wav,C_032,A kisszobában kapcsold ki ki a számítógépet.
XSPK_C_032_T0135,wavs_synthetic_crossspeaker/XSPK_C_032_T0135.wav,C_032,Kapcsold be a radiátort a kisszobában
XSPK_C_032_T0136,wavs_synthetic_crossspeaker/XSPK_C_032_T0136.wav,C_032,Szobába kapcsold be a fűtést
XSPK_C_032_T0137,wavs_synthetic_crossspeaker/XSPK_C_032_T0137.wav,C_032,Húzgy be a függönyt a nagyszobábán.
XSPK_C_032_T0138,wavs_synthetic_crossspeaker/XSPK_C_032_T0138.wav,C_032,A kisszobában hangosítsd a tévét
XSPK_C_032_T0139,wavs_synthetic_crossspeaker/XSPK_C_032_T0139.wav,C_032,Kisszobába kapcsold ki a ventillátor
XSPK_C_032_T0140,wavs_synthetic_crossspeaker/XSPK_C_032_T0140.wav,C_032,Hangosítsuk a tévét a kisszobába
XSPK_C_032_T0141,wavs_synthetic_crossspeaker/XSPK_C_032_T0141.wav,C_032,A szobában húzd fejjebb a radidátort
XSPK_C_032_T0142,wavs_synthetic_crossspeaker/XSPK_C_032_T0142.wav,C_032,A nagyszobában tej csendesícsd a tévé.
XSPK_C_032_T0143,wavs_synthetic_crossspeaker/XSPK_C_032_T0143.wav,C_032,Ventilátort a konyhában kapcsold be
XSPK_C_032_T0144,wavs_synthetic_crossspeaker/XSPK_C_032_T0144.wav,C_032,A fürdőszobába nyisd ki az ajtót
XSPK_C_032_T0145,wavs_synthetic_crossspeaker/XSPK_C_032_T0145.wav,C_032,Kapcsold be a ventilátort folyosó
XSPK_C_032_T0146,wavs_synthetic_crossspeaker/XSPK_C_032_T0146.wav,C_032,A szobába húzd fel a függönyt
XSPK_C_032_T0147,wavs_synthetic_crossspeaker/XSPK_C_032_T0147.wav,C_032,Húz szét a függönyt a fürdőszobában
XSPK_C_032_T0148,wavs_synthetic_crossspeaker/XSPK_C_032_T0148.wav,C_032,A konyhába kapcsold fel a mosógépet és állítsd hatvan fokra
XSPK_C_032_T0149,wavs_synthetic_crossspeaker/XSPK_C_032_T0149.wav,C_032,Kapcsold be a nagyszobába a számítógépet
XSPK_C_032_T0150,wavs_synthetic_crossspeaker/XSPK_C_032_T0150.wav,C_032,Konyhában kapcsold fel a villanyt.
XSPK_C_032_T0151,wavs_synthetic_crossspeaker/XSPK_C_032_T0151.wav,C_032,A kisszobában kapcsold be a porszívó.
XSPK_C_032_T0152,wavs_synthetic_crossspeaker/XSPK_C_032_T0152.wav,C_032,Kapcsold le a konyha hőmérsékletét
XSPK_C_032_T0153,wavs_synthetic_crossspeaker/XSPK_C_032_T0153.wav,C_032,A szobába a számítógépet kapcsold be
XSPK_C_032_T0154,wavs_synthetic_crossspeaker/XSPK_C_032_T0154.wav,C_032,A konyhában válts csatornát a tévéd
XSPK_C_032_T0155,wavs_synthetic_crossspeaker/XSPK_C_032_T0155.wav,C_032,A fürdőszobába kapcsold be a porszi.
XSPK_C_032_T0156,wavs_synthetic_crossspeaker/XSPK_C_032_T0156.wav,C_032,A folyosón vedd lejjebb a radiátort
XSPK_C_032_T0157,wavs_synthetic_crossspeaker/XSPK_C_032_T0157.wav,C_032,Csendesícsd le a tévét a konyhában.
XSPK_C_032_T0158,wavs_synthetic_crossspeaker/XSPK_C_032_T0158.wav,C_032,Konyhában megy mosógép mosógépet mosogépet bekapcsolni
XSPK_C_032_T0159,wavs_synthetic_crossspeaker/XSPK_C_032_T0159.wav,C_032,Kapcsold be légy szíves a kisszobai rádiót
XSPK_C_032_T0160,wavs_synthetic_crossspeaker/XSPK_C_032_T0160.wav,C_032,A kicöbabad kapcsold ki a proszívót.
XSPK_C_032_T0161,wavs_synthetic_crossspeaker/XSPK_C_032_T0161.wav,C_032,Húzd fel a fűtést a fürdőszobában.
XSPK_C_032_T0162,wavs_synthetic_crossspeaker/XSPK_C_032_T0162.wav,C_032,Nagyszobába kapcsold be a számítógépet
XSPK_C_032_T0163,wavs_synthetic_crossspeaker/XSPK_C_032_T0163.wav,C_032,Szobába húzd le a redőny
XSPK_C_032_T0164,wavs_synthetic_crossspeaker/XSPK_C_032_T0164.wav,C_032,Kapolcs je a laditátort a nagyszobában
XSPK_C_032_T0165,wavs_synthetic_crossspeaker/XSPK_C_032_T0165.wav,C_032,A folyosón kapcsold be a fórszívót
XSPK_C_032_T0166,wavs_synthetic_crossspeaker/XSPK_C_032_T0166.wav,C_032,A fürdőszobába kapcsold fel a fűtést
XSPK_C_032_T0167,wavs_synthetic_crossspeaker/XSPK_C_032_T0167.wav,C_032,Húzd zét a függönyt a kisszobába
XSPK_C_032_T0168,wavs_synthetic_crossspeaker/XSPK_C_032_T0168.wav,C_032,A fürdőszobában nyisd ki az ajtót.
XSPK_C_032_T0169,wavs_synthetic_crossspeaker/XSPK_C_032_T0169.wav,C_032,Húzd szét a függönyö fürdőszobámban
XSPK_C_032_T0170,wavs_synthetic_crossspeaker/XSPK_C_032_T0170.wav,C_032,A fürdőszobában engedd le a redőnt.
XSPK_C_032_T0171,wavs_synthetic_crossspeaker/XSPK_C_032_T0171.wav,C_032,Kapcsold ki a fűtés a fojjosón.
XSPK_C_032_T0172,wavs_synthetic_crossspeaker/XSPK_C_032_T0172.wav,C_032,A konyhában húzd be a függönyt
XSPK_C_032_T0173,wavs_synthetic_crossspeaker/XSPK_C_032_T0173.wav,C_032,A szobában kapcsold ki a porszivót.
XSPK_C_032_T0174,wavs_synthetic_crossspeaker/XSPK_C_032_T0174.wav,C_032,Nyisd kí az ablakot a nagyszobában.
XSPK_C_032_T0175,wavs_synthetic_crossspeaker/XSPK_C_032_T0175.wav,C_032,Kisszobába kapcsold be a ventilátorokat
XSPK_C_032_T0176,wavs_synthetic_crossspeaker/XSPK_C_032_T0176.wav,C_032,Szobába kapcsold le a villanyfölkapcsolót
XSPK_C_032_T0177,wavs_synthetic_crossspeaker/XSPK_C_032_T0177.wav,C_032,A nagycobában kapcsold fel a villant
XSPK_C_032_T0178,wavs_synthetic_crossspeaker/XSPK_C_032_T0178.wav,C_032,Zárd be az ajtót a fürdőszobába
XSPK_C_032_T0179,wavs_synthetic_crossspeaker/XSPK_C_032_T0179.wav,C_032,Az nagyszobába kapcsold le a radiátort
XSPK_C_032_T0180,wavs_synthetic_crossspeaker/XSPK_C_032_T0180.wav,C_032,A kisszobába kapcsold ki a fűté.
XSPK_C_032_T0181,wavs_synthetic_crossspeaker/XSPK_C_032_T0181.wav,C_032,A fürdőszobába kapcsold be hatvan fokon a mosógépet
XSPK_C_032_T0182,wavs_synthetic_crossspeaker/XSPK_C_032_T0182.wav,C_032,A konyhában állícs a mosogatógépet harminc fokra.
XSPK_C_032_T0183,wavs_synthetic_crossspeaker/XSPK_C_032_T0183.wav,C_032,Konyhában kapcsoljál csatornát a rádióban
XSPK_C_032_T0184,wavs_synthetic_crossspeaker/XSPK_C_032_T0184.wav,C_032,A folyosón kapcsold fel a villany
XSPK_C_032_T0185,wavs_synthetic_crossspeaker/XSPK_C_032_T0185.wav,C_032,Konyha hőmérsékletét kapcsold le
XSPK_C_032_T0186,wavs_synthetic_crossspeaker/XSPK_C_032_T0186.wav,C_032,A fürdőszobában húzd le a fűtést
XSPK_C_032_T0187,wavs_synthetic_crossspeaker/XSPK_C_032_T0187.wav,C_032,Csold be a fűtést a folyoson
XSPK_C_032_T0188,wavs_synthetic_crossspeaker/XSPK_C_032_T0188.wav,C_032,A konyhában kapcsold föl a villant.
XSPK_C_032_T0189,wavs_synthetic_crossspeaker/XSPK_C_032_T0189.wav,C_032,A folyosón húzd fel a redőnyt.
XSPK_C_032_T0190,wavs_synthetic_crossspeaker/XSPK_C_032_T0190.wav,C_032,A nagyszobában kapcsold föl a villany.
XSPK_C_032_T0191,wavs_synthetic_crossspeaker/XSPK_C_032_T0191.wav,C_032,A fürdőszobában kapcsold be a villanyt
XSPK_C_032_T0192,wavs_synthetic_crossspeaker/XSPK_C_032_T0192.wav,C_032,Húzd fel a fűtésd a nagyszobában
XSPK_C_032_T0193,wavs_synthetic_crossspeaker/XSPK_C_032_T0193.wav,C_032,Kisszobába húzd fel a rolót
XSPK_C_032_T0194,wavs_synthetic_crossspeaker/XSPK_C_032_T0194.wav,C_032,A nagyszobában kapcsold be a ventillátort
XSPK_C_032_T0195,wavs_synthetic_crossspeaker/XSPK_C_032_T0195.wav,C_032,Üsd ki az ajtót a nagyszobában.
XSPK_C_032_T0196,wavs_synthetic_crossspeaker/XSPK_C_032_T0196.wav,C_032,A kissobában húzd le a redőnyt.
XSPK_C_032_T0197,wavs_synthetic_crossspeaker/XSPK_C_032_T0197.wav,C_032,A konyhába kapcsold be a vízforralót
XSPK_C_032_T0198,wavs_synthetic_crossspeaker/XSPK_C_032_T0198.wav,C_032,A konyhában az ah nyisd ki az ajtót
XSPK_C_032_T0199,wavs_synthetic_crossspeaker/XSPK_C_032_T0199.wav,C_032,Nagyszoban nyisd ki a ao ablakot
XSPK_C_032_T0200,wavs_synthetic_crossspeaker/XSPK_C_032_T0200.wav,C_032,A szobábá húzd le a ledőny.
XSPK_C_032_T0201,wavs_synthetic_crossspeaker/XSPK_C_032_T0201.wav,C_032,A szobában húzd be a függöny
XSPK_C_032_T0202,wavs_synthetic_crossspeaker/XSPK_C_032_T0202.wav,C_032,Kapcsold ki a tévét a fürdőszobába
XSPK_C_032_T0203,wavs_synthetic_crossspeaker/XSPK_C_032_T0203.wav,C_032,Húzd szét a függönyt nyammiáb.
XSPK_C_032_T0204,wavs_synthetic_crossspeaker/XSPK_C_032_T0204.wav,C_032,Kapcsold föl a villanyt a fürdőszobába
XSPK_C_032_T0205,wavs_synthetic_crossspeaker/XSPK_C_032_T0205.wav,C_032,Húzd le a ledőnyt a kisszobában
XSPK_C_032_T0206,wavs_synthetic_crossspeaker/XSPK_C_032_T0206.wav,C_032,A konyhában húzd le a fűtést.
XSPK_C_032_T0207,wavs_synthetic_crossspeaker/XSPK_C_032_T0207.wav,C_032,Zárd be az ablakot a kisszobába.
XSPK_C_032_T0208,wavs_synthetic_crossspeaker/XSPK_C_032_T0208.wav,C_032,Tedd fel a fűtést a kazhában.
XSPK_C_032_T0209,wavs_synthetic_crossspeaker/XSPK_C_032_T0209.wav,C_032,A konyhában nyisd ki az ajtót
XSPK_C_033_T0000,wavs_synthetic_crossspeaker/XSPK_C_033_T0000.wav,C_033,Húzd le a redőnyt a kis a nagyszobában
XSPK_C_033_T0001,wavs_synthetic_crossspeaker/XSPK_C_033_T0001.wav,C_033,A számítógépet kapcsold ki a ki a szobában.
XSPK_C_033_T0002,wavs_synthetic_crossspeaker/XSPK_C_033_T0002.wav,C_033,A fürdőszobában kapcsold be a mosógépet hatvan fokra.
XSPK_C_033_T0003,wavs_synthetic_crossspeaker/XSPK_C_033_T0003.wav,C_033,A radiátor kapcsold be a kisszobába
XSPK_C_033_T0004,wavs_synthetic_crossspeaker/XSPK_C_033_T0004.wav,C_033,Kapcold ki a porszívót a nagyszobában.
XSPK_C_033_T0005,wavs_synthetic_crossspeaker/XSPK_C_033_T0005.wav,C_033,A kisszobába a számítógépet kapcsold be.
XSPK_C_033_T0006,wavs_synthetic_crossspeaker/XSPK_C_033_T0006.wav,C_033,A konyhában kapcsold be a porszivót.
XSPK_C_033_T0007,wavs_synthetic_crossspeaker/XSPK_C_033_T0007.wav,C_033,Halkítsd le a tévét a kisszobában.
XSPK_C_033_T0008,wavs_synthetic_crossspeaker/XSPK_C_033_T0008.wav,C_033,A nagycobában kapcsold be a porcivót.
XSPK_C_033_T0009,wavs_synthetic_crossspeaker/XSPK_C_033_T0009.wav,C_033,Kapcsold ki a rádiót a szobában.
XSPK_C_033_T0010,wavs_synthetic_crossspeaker/XSPK_C_033_T0010.wav,C_033,A nagyszobában nyisd ki az ajtot
XSPK_C_033_T0011,wavs_synthetic_crossspeaker/XSPK_C_033_T0011.wav,C_033,Kapcsold be a tévét a konyhában
XSPK_C_033_T0012,wavs_synthetic_crossspeaker/XSPK_C_033_T0012.wav,C_033,Ventilátort a szobában kapcsold be
XSPK_C_033_T0013,wavs_synthetic_crossspeaker/XSPK_C_033_T0013.wav,C_033,A nagyszobában kapcsold ki a porszívó.
XSPK_C_033_T0014,wavs_synthetic_crossspeaker/XSPK_C_033_T0014.wav,C_033,Kapcsold át a rádiót a szobában
XSPK_C_033_T0015,wavs_synthetic_crossspeaker/XSPK_C_033_T0015.wav,C_033,Folyosó kapcsold ki a tévét
XSPK_C_033_T0016,wavs_synthetic_crossspeaker/XSPK_C_033_T0016.wav,C_033,Zárd ki a ajtót a kisszobába
XSPK_C_033_T0017,wavs_synthetic_crossspeaker/XSPK_C_033_T0017.wav,C_033,A fürdőszobában csendesítsd a televíziót.
XSPK_C_033_T0018,wavs_synthetic_crossspeaker/XSPK_C_033_T0018.wav,C_033,A konyhában zár be az ajtót
XSPK_C_033_T0019,wavs_synthetic_crossspeaker/XSPK_C_033_T0019.wav,C_033,A konyhába kapcsold be a rediát
XSPK_C_033_T0020,wavs_synthetic_crossspeaker/XSPK_C_033_T0020.wav,C_033,Kapcsold be a ventilátort a nagyszobába.
XSPK_C_033_T0021,wavs_synthetic_crossspeaker/XSPK_C_033_T0021.wav,C_033,A nagyszobában húzd el a ledőnyt
XSPK_C_033_T0022,wavs_synthetic_crossspeaker/XSPK_C_033_T0022.wav,C_033,A folyosón kapcsold be a fűtést légy szíves
XSPK_C_033_T0023,wavs_synthetic_crossspeaker/XSPK_C_033_T0023.wav,C_033,Konyhában zárd be ajtót.
XSPK_C_033_T0024,wavs_synthetic_crossspeaker/XSPK_C_033_T0024.wav,C_033,A kisszobában kapcsold be a porszívó
XSPK_C_033_T0025,wavs_synthetic_crossspeaker/XSPK_C_033_T0025.wav,C_033,A folyoson húzd fel a redőny
XSPK_C_033_T0026,wavs_synthetic_crossspeaker/XSPK_C_033_T0026.wav,C_033,A folyoson kapcsold ki a rádiot
XSPK_C_033_T0027,wavs_synthetic_crossspeaker/XSPK_C_033_T0027.wav,C_033,A szoba ajtót nyisd ki kérlek
XSPK_C_033_T0028,wavs_synthetic_crossspeaker/XSPK_C_033_T0028.wav,C_033,A kisszobában válts csatornát
XSPK_C_033_T0029,wavs_synthetic_crossspeaker/XSPK_C_033_T0029.wav,C_033,Hangosítsuk a tévét a szobában
XSPK_C_033_T0030,wavs_synthetic_crossspeaker/XSPK_C_033_T0030.wav,C_033,Kapcsold ki a számítógéept a szobában
XSPK_C_033_T0031,wavs_synthetic_crossspeaker/XSPK_C_033_T0031.wav,C_033,Konyhában bekapcsol a rádióm
XSPK_C_033_T0032,wavs_synthetic_crossspeaker/XSPK_C_033_T0032.wav,C_033,A konyhában kapcsold ki a porszivót.
XSPK_C_033_T0033,wavs_synthetic_crossspeaker/XSPK_C_033_T0033.wav,C_033,A szobában lehúzzuk a redőnyt
XSPK_C_033_T0034,wavs_synthetic_crossspeaker/XSPK_C_033_T0034.wav,C_033,A nagyszobaajtót nyisd ki
XSPK_C_033_T0035,wavs_synthetic_crossspeaker/XSPK_C_033_T0035.wav,C_033,Gosítsd a tévét a kisszobában.
XSPK_C_033_T0036,wavs_synthetic_crossspeaker/XSPK_C_033_T0036.wav,C_033,Nyissuk ki az ablakot a folyosón
XSPK_C_033_T0037,wavs_synthetic_crossspeaker/XSPK_C_033_T0037.wav,C_033,Kisszobába kapcsold be a radiátort
XSPK_C_033_T0038,wavs_synthetic_crossspeaker/XSPK_C_033_T0038.wav,C_033,Kapcsold ki a rádiot a na nagyszobában
XSPK_C_033_T0039,wavs_synthetic_crossspeaker/XSPK_C_033_T0039.wav,C_033,Engedd le a redőnyt a konyhában
XSPK_C_033_T0040,wavs_synthetic_crossspeaker/XSPK_C_033_T0040.wav,C_033,A radiátort kapcsold ki a folyosón
XSPK_C_033_T0041,wavs_synthetic_crossspeaker/XSPK_C_033_T0041.wav,C_033,A fürdőszobába nyisd ki az ajtót.
XSPK_C_033_T0042,wavs_synthetic_crossspeaker/XSPK_C_033_T0042.wav,C_033,A szobaban kapcsold be a redőt
XSPK_C_033_T0043,wavs_synthetic_crossspeaker/XSPK_C_033_T0043.wav,C_033,Nagyszobába kapcsoljuk ki a ventilátorokat
XSPK_C_033_T0044,wavs_synthetic_crossspeaker/XSPK_C_033_T0044.wav,C_033,A kisszobában nyiss az ajtót.
XSPK_C_033_T0045,wavs_synthetic_crossspeaker/XSPK_C_033_T0045.wav,C_033,Húzd fel a fűtést a kisszobaban
XSPK_C_033_T0046,wavs_synthetic_crossspeaker/XSPK_C_033_T0046.wav,C_033,Kapcsold be a mosást hatvan fokra a konyhában
XSPK_C_033_T0047,wavs_synthetic_crossspeaker/XSPK_C_033_T0047.wav,C_033,Kapcsold ki a tardiót a konyhában.
XSPK_C_033_T0048,wavs_synthetic_crossspeaker/XSPK_C_033_T0048.wav,C_033,A fojjosón kapcsold ki a számítógépet.
XSPK_C_033_T0049,wavs_synthetic_crossspeaker/XSPK_C_033_T0049.wav,C_033,Válcs csatornát a rádión a konyhába.
XSPK_C_033_T0050,wavs_synthetic_crossspeaker/XSPK_C_033_T0050.wav,C_033,Csöngesd meg a fiamat
XSPK_C_033_T0051,wavs_synthetic_crossspeaker/XSPK_C_033_T0051.wav,C_033,A szobában be a számítógépet
XSPK_C_033_T0052,wavs_synthetic_crossspeaker/XSPK_C_033_T0052.wav,C_033,A konyhában kapcsold be a bentillátort
XSPK_C_033_T0053,wavs_synthetic_crossspeaker/XSPK_C_033_T0053.wav,C_033,Szobaban húzd fel a fűtést.
XSPK_C_033_T0054,wavs_synthetic_crossspeaker/XSPK_C_033_T0054.wav,C_033,A konyhába húz le a fűtést
XSPK_C_033_T0055,wavs_synthetic_crossspeaker/XSPK_C_033_T0055.wav,C_033,Kapcsold be a rádiót a konyhába
XSPK_C_033_T0056,wavs_synthetic_crossspeaker/XSPK_C_033_T0056.wav,C_033,Szobában kapcsol hangosítsuk a tévét
XSPK_C_033_T0057,wavs_synthetic_crossspeaker/XSPK_C_033_T0057.wav,C_033,Nagyszobában ki számítógép.
XSPK_C_033_T0058,wavs_synthetic_crossspeaker/XSPK_C_033_T0058.wav,C_033,A ventilátort kapcsold be a kiszobába
XSPK_C_033_T0059,wavs_synthetic_crossspeaker/XSPK_C_033_T0059.wav,C_033,Kiszobában zárd be az ablakot.
XSPK_C_033_T0060,wavs_synthetic_crossspeaker/XSPK_C_033_T0060.wav,C_033,A szobában vál catornát a tévén.
XSPK_C_033_T0061,wavs_synthetic_crossspeaker/XSPK_C_033_T0061.wav,C_033,Hangosícs a tévét a szobában.
XSPK_C_033_T0062,wavs_synthetic_crossspeaker/XSPK_C_033_T0062.wav,C_033,A fürdőszobában nyisd ki az ablakot.
XSPK_C_033_T0063,wavs_synthetic_crossspeaker/XSPK_C_033_T0063.wav,C_033,A szobában hangosíts a tévét.
XSPK_C_033_T0064,wavs_synthetic_crossspeaker/XSPK_C_033_T0064.wav,C_033,A konyhában húz be a függöny
XSPK_C_033_T0065,wavs_synthetic_crossspeaker/XSPK_C_033_T0065.wav,C_033,A nagyszobába kapcsold be a ventillátorokat
XSPK_C_033_T0066,wavs_synthetic_crossspeaker/XSPK_C_033_T0066.wav,C_033,Konyhába nyisd ki az ajtót.
XSPK_C_033_T0067,wavs_synthetic_crossspeaker/XSPK_C_033_T0067.wav,C_033,Nagyszobába kapcsold fel a fűtést
XSPK_C_033_T0068,wavs_synthetic_crossspeaker/XSPK_C_033_T0068.wav,C_033,A redőnyt húzd le a szobába
XSPK_C_033_T0069,wavs_synthetic_crossspeaker/XSPK_C_033_T0069.wav,C_033,A nagyszobában húzd szét a függönt.
XSPK_C_033_T0070,wavs_synthetic_crossspeaker/XSPK_C_033_T0070.wav,C_033,A fürdőszobában húzd feljebb a radiátor
XSPK_C_033_T0071,wavs_synthetic_crossspeaker/XSPK_C_033_T0071.wav,C_033,A fürdőszobában nyísd ki az ablakot
XSPK_C_033_T0072,wavs_synthetic_crossspeaker/XSPK_C_033_T0072.wav,C_033,Kapcsold be a szobába a fűtés.
XSPK_C_033_T0073,wavs_synthetic_crossspeaker/XSPK_C_033_T0073.wav,C_033,Huzd fel a fűtést a fürdőszobába
XSPK_C_033_T0074,wavs_synthetic_crossspeaker/XSPK_C_033_T0074.wav,C_033,A szobában váltsd csatornát a tévén
XSPK_C_033_T0075,wavs_synthetic_crossspeaker/XSPK_C_033_T0075.wav,C_033,Kapcsold le a villanyt a kisszobába.
XSPK_C_033_T0076,wavs_synthetic_crossspeaker/XSPK_C_033_T0076.wav,C_033,Folyosón nyisd ki az ajtót.
XSPK_C_033_T0077,wavs_synthetic_crossspeaker/XSPK_C_033_T0077.wav,C_033,Kacspold be a ventilátor a nagyszobában
XSPK_C_033_T0078,wavs_synthetic_crossspeaker/XSPK_C_033_T0078.wav,C_033,Kisszobába kapcsold le a villanyt
XSPK_C_033_T0079,wavs_synthetic_crossspeaker/XSPK_C_033_T0079.wav,C_033,A fürdőszobában húzd föl a fűtést
XSPK_C_033_T0080,wavs_synthetic_crossspeaker/XSPK_C_033_T0080.wav,C_033,A konyhába kapcsold le a villanyt
XSPK_C_033_T0081,wavs_synthetic_crossspeaker/XSPK_C_033_T0081.wav,C_033,A fürdőszobában kisd ki az ablakot
XSPK_C_033_T0082,wavs_synthetic_crossspeaker/XSPK_C_033_T0082.wav,C_033,Szobába zárd be az ablakot
XSPK_C_033_T0083,wavs_synthetic_crossspeaker/XSPK_C_033_T0083.wav,C_033,A redőnyt húzd fel a fürdőszobába
XSPK_C_033_T0084,wavs_synthetic_crossspeaker/XSPK_C_033_T0084.wav,C_033,A nagyszobában húzd fel a fűtést
XSPK_C_033_T0085,wavs_synthetic_crossspeaker/XSPK_C_033_T0085.wav,C_033,A fürdőszoba kapcsold be a rádiót
XSPK_C_033_T0086,wavs_synthetic_crossspeaker/XSPK_C_033_T0086.wav,C_033,Konyhában kapcsoljál csatornát a rádióban
XSPK_C_033_T0087,wavs_synthetic_crossspeaker/XSPK_C_033_T0087.wav,C_033,Nyisd ki az ablakot a nagyszobába.
XSPK_C_033_T0088,wavs_synthetic_crossspeaker/XSPK_C_033_T0088.wav,C_033,A konyhában húzd le a redőnyt.
XSPK_C_033_T0089,wavs_synthetic_crossspeaker/XSPK_C_033_T0089.wav,C_033,A kisszobába nyisd ki az ajtót.
XSPK_C_033_T0090,wavs_synthetic_crossspeaker/XSPK_C_033_T0090.wav,C_033,Csukd be légy szíves a konyhai ajtót
XSPK_C_033_T0091,wavs_synthetic_crossspeaker/XSPK_C_033_T0091.wav,C_033,Kikapcsolta a tűzhelyet.
XSPK_C_033_T0092,wavs_synthetic_crossspeaker/XSPK_C_033_T0092.wav,C_033,Zárd be az ajtót a nagycobába
XSPK_C_033_T0093,wavs_synthetic_crossspeaker/XSPK_C_033_T0093.wav,C_033,Húzd szé a függönyt a fürdőszobában
XSPK_C_033_T0094,wavs_synthetic_crossspeaker/XSPK_C_033_T0094.wav,C_033,Kapcsold ki a tévét a folyoson
XSPK_C_033_T0095,wavs_synthetic_crossspeaker/XSPK_C_033_T0095.wav,C_033,A szobában kapcsold a ventilátort
XSPK_C_033_T0096,wavs_synthetic_crossspeaker/XSPK_C_033_T0096.wav,C_033,Húzd lejjebb a folyosón aj ja
XSPK_C_033_T0097,wavs_synthetic_crossspeaker/XSPK_C_033_T0097.wav,C_033,Csendesíd a tévét a nagyszobában.
XSPK_C_033_T0098,wavs_synthetic_crossspeaker/XSPK_C_033_T0098.wav,C_033,A konyhában csendesítsd a televíziót.
XSPK_C_033_T0099,wavs_synthetic_crossspeaker/XSPK_C_033_T0099.wav,C_033,Húzd szé a függönyt a szobában
XSPK_C_033_T0100,wavs_synthetic_crossspeaker/XSPK_C_033_T0100.wav,C_033,Csapcsold le a villanyt a nagyszobában
XSPK_C_033_T0101,wavs_synthetic_crossspeaker/XSPK_C_033_T0101.wav,C_033,A konyhába kapcsold be a kenyérpirítót.
XSPK_C_033_T0102,wavs_synthetic_crossspeaker/XSPK_C_033_T0102.wav,C_033,Emeld meg a hangerőt a tévén a kisszobában.
XSPK_C_033_T0103,wavs_synthetic_crossspeaker/XSPK_C_033_T0103.wav,C_033,Kapcsold ki a rádiót a folyoson
XSPK_C_033_T0104,wavs_synthetic_crossspeaker/XSPK_C_033_T0104.wav,C_033,A szobában kapcsold be a rádijó.
XSPK_C_033_T0105,wavs_synthetic_crossspeaker/XSPK_C_033_T0105.wav,C_033,Kapcsold be a ventilátort a kony a konyhában
XSPK_C_033_T0106,wavs_synthetic_crossspeaker/XSPK_C_033_T0106.wav,C_033,A vízforralót kapcsold be
XSPK_C_033_T0107,wavs_synthetic_crossspeaker/XSPK_C_033_T0107.wav,C_033,A kisszobában a tévé hangját halkídd le
XSPK_C_033_T0108,wavs_synthetic_crossspeaker/XSPK_C_033_T0108.wav,C_033,Konyhába kapcsold fela villanyt
XSPK_C_033_T0109,wavs_synthetic_crossspeaker/XSPK_C_033_T0109.wav,C_033,konyhába kapcsold ki a ventilát
XSPK_C_033_T0110,wavs_synthetic_crossspeaker/XSPK_C_033_T0110.wav,C_033,Konyhában kapcsold ki a ventillátort
XSPK_C_033_T0111,wavs_synthetic_crossspeaker/XSPK_C_033_T0111.wav,C_033,A fürdőszobában válcs csatornát höhör ádjón.
XSPK_C_033_T0112,wavs_synthetic_crossspeaker/XSPK_C_033_T0112.wav,C_033,Kapcsold le a villanyt a szobaban
XSPK_C_033_T0113,wavs_synthetic_crossspeaker/XSPK_C_033_T0113.wav,C_033,A nagyszobai redőnyt húzd fel
XSPK_C_033_T0114,wavs_synthetic_crossspeaker/XSPK_C_033_T0114.wav,C_033,A ventillátorokat kapcsold be a kisszobába
XSPK_C_033_T0115,wavs_synthetic_crossspeaker/XSPK_C_033_T0115.wav,C_033,Kisszobába vedd lejjebb a tévét
XSPK_C_033_T0116,wavs_synthetic_crossspeaker/XSPK_C_033_T0116.wav,C_033,A rádiót kapcsold be a szobában.
XSPK_C_033_T0117,wavs_synthetic_crossspeaker/XSPK_C_033_T0117.wav,C_033,Kapcsold fel a villany a fürdőszobában
XSPK_C_033_T0118,wavs_synthetic_crossspeaker/XSPK_C_033_T0118.wav,C_033,Kapcsold be a ventilárt a folyosón
XSPK_C_033_T0119,wavs_synthetic_crossspeaker/XSPK_C_033_T0119.wav,C_033,A mosógépet kapcsold be a fühldőszobába hatvan fokon
XSPK_C_033_T0120,wavs_synthetic_crossspeaker/XSPK_C_033_T0120.wav,C_033,Kisszobában húzd fel a radiátort
XSPK_C_033_T0121,wavs_synthetic_crossspeaker/XSPK_C_033_T0121.wav,C_033,A szobában hangosítsd fel a tévét
XSPK_C_033_T0122,wavs_synthetic_crossspeaker/XSPK_C_033_T0122.wav,C_033,Kapcsold be a radiátort a konyhában
XSPK_C_033_T0123,wavs_synthetic_crossspeaker/XSPK_C_033_T0123.wav,C_033,Fütés ki konyha
XSPK_C_033_T0124,wavs_synthetic_crossspeaker/XSPK_C_033_T0124.wav,C_033,A szobában kapcsold fel a villanyt.
XSPK_C_033_T0125,wavs_synthetic_crossspeaker/XSPK_C_033_T0125.wav,C_033,Kapcsaold be a porszívót a ürdőszobába
XSPK_C_033_T0126,wavs_synthetic_crossspeaker/XSPK_C_033_T0126.wav,C_033,A konyhában kapcsold ki a rádiot
XSPK_C_033_T0127,wavs_synthetic_crossspeaker/XSPK_C_033_T0127.wav,C_033,A fürdőszobába húzd le a fűtést.
XSPK_C_033_T0128,wavs_synthetic_crossspeaker/XSPK_C_033_T0128.wav,C_033,Váltsál csatornát a szobába a rádión
XSPK_C_033_T0129,wavs_synthetic_crossspeaker/XSPK_C_033_T0129.wav,C_033,A kis szobában kapcsold be a számítógépet.
XSPK_C_033_T0130,wavs_synthetic_crossspeaker/XSPK_C_033_T0130.wav,C_033,Hangosítsd fel a nagyszobában a tévén
XSPK_C_033_T0131,wavs_synthetic_crossspeaker/XSPK_C_033_T0131.wav,C_033,A mosógépet kapcsold be és állítsd hatvan fokra a fürdőszobában
XSPK_C_033_T0132,wavs_synthetic_crossspeaker/XSPK_C_033_T0132.wav,C_033,A konyhában halkícsd le a tévét.
XSPK_C_033_T0133,wavs_synthetic_crossspeaker/XSPK_C_033_T0133.wav,C_033,Konyhai függönyt húzd be
XSPK_C_033_T0134,wavs_synthetic_crossspeaker/XSPK_C_033_T0134.wav,C_033,Kisszobában kapcsold be a fűtést.
XSPK_C_033_T0135,wavs_synthetic_crossspeaker/XSPK_C_033_T0135.wav,C_033,Kapcsold ki a sütút a konhába
XSPK_C_033_T0136,wavs_synthetic_crossspeaker/XSPK_C_033_T0136.wav,C_033,A nagyszobábá húzgy be a függönyt.
XSPK_C_033_T0137,wavs_synthetic_crossspeaker/XSPK_C_033_T0137.wav,C_033,Kapcsold be a gépet a mosógépet a konyhában hatvan fokon
XSPK_C_033_T0138,wavs_synthetic_crossspeaker/XSPK_C_033_T0138.wav,C_033,A ventilátort kapcsold ki a konyhába
XSPK_C_033_T0139,wavs_synthetic_crossspeaker/XSPK_C_033_T0139.wav,C_033,Húzd be a függöny a szobában
XSPK_C_033_T0140,wavs_synthetic_crossspeaker/XSPK_C_033_T0140.wav,C_033,A nagyszobában hangosíts fel a tévét
XSPK_C_033_T0141,wavs_synthetic_crossspeaker/XSPK_C_033_T0141.wav,C_033,A nagyszobában zárd be az ablakot
XSPK_C_033_T0142,wavs_synthetic_crossspeaker/XSPK_C_033_T0142.wav,C_033,Zárd be az ajtót a folyosón
XSPK_C_033_T0143,wavs_synthetic_crossspeaker/XSPK_C_033_T0143.wav,C_033,Ventilátorokat kapcsold be a konyhába
XSPK_C_033_T0144,wavs_synthetic_crossspeaker/XSPK_C_033_T0144.wav,C_033,Csendesíd a tévét a fürdőszobában
XSPK_C_033_T0145,wavs_synthetic_crossspeaker/XSPK_C_033_T0145.wav,C_033,A kisszobában kapcsold ki légy szíves a számítógépet
XSPK_C_033_T0146,wavs_synthetic_crossspeaker/XSPK_C_033_T0146.wav,C_033,Kapcsold ki a rádiot a folyosón
XSPK_C_033_T0147,wavs_synthetic_crossspeaker/XSPK_C_033_T0147.wav,C_033,Nyiss ki az ajtót a fürdőszobában.
XSPK_C_033_T0148,wavs_synthetic_crossspeaker/XSPK_C_033_T0148.wav,C_033,Lekapcsoljuk a fűtést a konyhában
XSPK_C_033_T0149,wavs_synthetic_crossspeaker/XSPK_C_033_T0149.wav,C_033,A ventillátorokat kapcsold ki a folyosón
XSPK_C_033_T0150,wavs_synthetic_crossspeaker/XSPK_C_033_T0150.wav,C_033,Konyhába kapcsold le a villany
XSPK_C_033_T0151,wavs_synthetic_crossspeaker/XSPK_C_033_T0151.wav,C_033,Kisszobában váltsál csatornát televízióban
XSPK_C_033_T0152,wavs_synthetic_crossspeaker/XSPK_C_033_T0152.wav,C_033,Hangosítsd a tévét a folyosón
XSPK_C_033_T0153,wavs_synthetic_crossspeaker/XSPK_C_033_T0153.wav,C_033,A folyosón húzd le a redőnyt
XSPK_C_033_T0154,wavs_synthetic_crossspeaker/XSPK_C_033_T0154.wav,C_033,Kapcsold ki számítógépet a nagyszobába
XSPK_C_033_T0155,wavs_synthetic_crossspeaker/XSPK_C_033_T0155.wav,C_033,Folyosón húzd fel a fűtést.
XSPK_C_033_T0156,wavs_synthetic_crossspeaker/XSPK_C_033_T0156.wav,C_033,Folyosón húzd le a redőnyt.
XSPK_C_033_T0157,wavs_synthetic_crossspeaker/XSPK_C_033_T0157.wav,C_033,Húzd szét a függöny a szobában.
XSPK_C_033_T0158,wavs_synthetic_crossspeaker/XSPK_C_033_T0158.wav,C_033,Kapcsold le a villanyt a fürdősozában
XSPK_C_033_T0159,wavs_synthetic_crossspeaker/XSPK_C_033_T0159.wav,C_033,Zárd be az ajtót a konyhán
XSPK_C_033_T0160,wavs_synthetic_crossspeaker/XSPK_C_033_T0160.wav,C_033,Apcsold ki a fűtést a szobában
XSPK_C_033_T0161,wavs_synthetic_crossspeaker/XSPK_C_033_T0161.wav,C_033,A nagyszobába kapcsold be a számítógépet
XSPK_C_033_T0162,wavs_synthetic_crossspeaker/XSPK_C_033_T0162.wav,C_033,Zárd be az ablakot a fü nagyszobába
XSPK_C_033_T0163,wavs_synthetic_crossspeaker/XSPK_C_033_T0163.wav,C_033,A fojjosón khapcsold be a számítógépet.
XSPK_C_033_T0164,wavs_synthetic_crossspeaker/XSPK_C_033_T0164.wav,C_033,Kapcsold ki a számítógépet a szobába.
XSPK_C_033_T0165,wavs_synthetic_crossspeaker/XSPK_C_033_T0165.wav,C_033,A fürdőszobában húzd szét a függöny
XSPK_C_033_T0166,wavs_synthetic_crossspeaker/XSPK_C_033_T0166.wav,C_033,A fürdőszobában a rádión válts csatornát
XSPK_C_033_T0167,wavs_synthetic_crossspeaker/XSPK_C_033_T0167.wav,C_033,Konyhába kapcsold fel a mosógépet hatvan fokon
XSPK_C_033_T0168,wavs_synthetic_crossspeaker/XSPK_C_033_T0168.wav,C_033,Nagyszobában húzd fel a redőnyt.
XSPK_C_033_T0169,wavs_synthetic_crossspeaker/XSPK_C_033_T0169.wav,C_033,A fürdőszobába kapcsold be a mosógépet harminc fok feletti hőmérséklet esetén
XSPK_C_033_T0170,wavs_synthetic_crossspeaker/XSPK_C_033_T0170.wav,C_033,Kapcsold ki a ventilátort a szobában
XSPK_C_033_T0171,wavs_synthetic_crossspeaker/XSPK_C_033_T0171.wav,C_033,Szobába hangosícsd fel a tévét.
XSPK_C_033_T0172,wavs_synthetic_crossspeaker/XSPK_C_033_T0172.wav,C_033,Kapcsold föl a villanyfölkapcsolót a fürdőszobába
XSPK_C_033_T0173,wavs_synthetic_crossspeaker/XSPK_C_033_T0173.wav,C_033,Konyhában kapcsold be a kenyérpirítót.
XSPK_C_033_T0174,wavs_synthetic_crossspeaker/XSPK_C_033_T0174.wav,C_033,A konyhába kapcsold be a kenyérpirítót
XSPK_C_033_T0175,wavs_synthetic_crossspeaker/XSPK_C_033_T0175.wav,C_033,Kisszobába kapcsold ki a rádiót
XSPK_C_033_T0176,wavs_synthetic_crossspeaker/XSPK_C_033_T0176.wav,C_033,Nagyszobába húzd fel a rolót
XSPK_C_033_T0177,wavs_synthetic_crossspeaker/XSPK_C_033_T0177.wav,C_033,Felhúzzuk a redőnyt a fürdőszobába
XSPK_C_033_T0178,wavs_synthetic_crossspeaker/XSPK_C_033_T0178.wav,C_033,A kisszobában kapcsold be á számítógépet.
XSPK_C_033_T0179,wavs_synthetic_crossspeaker/XSPK_C_033_T0179.wav,C_033,Válcs csatornát a tévén a fojjosón.
XSPK_C_033_T0180,wavs_synthetic_crossspeaker/XSPK_C_033_T0180.wav,C_033,A folyosón hangosítsd le a tévét
XSPK_C_033_T0181,wavs_synthetic_crossspeaker/XSPK_C_033_T0181.wav,C_033,Kapcsold ki a porszivót a szobában.
XSPK_C_033_T0182,wavs_synthetic_crossspeaker/XSPK_C_033_T0182.wav,C_033,A ventillátort kapcsold ki a nagyszobában
XSPK_C_033_T0183,wavs_synthetic_crossspeaker/XSPK_C_033_T0183.wav,C_033,A konyhában válts csatornát a rádión.
XSPK_C_033_T0184,wavs_synthetic_crossspeaker/XSPK_C_033_T0184.wav,C_033,Kapcsold be a radiátort a konyhába
XSPK_C_033_T0185,wavs_synthetic_crossspeaker/XSPK_C_033_T0185.wav,C_033,Húzd be a függönyt a folyosóban
XSPK_C_033_T0186,wavs_synthetic_crossspeaker/XSPK_C_033_T0186.wav,C_033,Engedd le a redőnyt a kisszobába.
XSPK_C_033_T0187,wavs_synthetic_crossspeaker/XSPK_C_033_T0187.wav,C_033,A kisszobábn kapcsold ki a radiátort
XSPK_C_033_T0188,wavs_synthetic_crossspeaker/XSPK_C_033_T0188.wav,C_033,A folyosón kapcsold be a porszívó
XSPK_C_033_T0189,wavs_synthetic_crossspeaker/XSPK_C_033_T0189.wav,C_033,Konyhában kapcsold be a porszivót.
XSPK_C_033_T0190,wavs_synthetic_crossspeaker/XSPK_C_033_T0190.wav,C_033,Húzd fel a redőnt a kisszobában.
XSPK_C_033_T0191,wavs_synthetic_crossspeaker/XSPK_C_033_T0191.wav,C_033,A nagyszobában kapcsold be a rádiont
XSPK_C_033_T0192,wavs_synthetic_crossspeaker/XSPK_C_033_T0192.wav,C_033,Kisszobában kapcsold be a tévét
XSPK_C_033_T0193,wavs_synthetic_crossspeaker/XSPK_C_033_T0193.wav,C_033,Zárd az abrakot a konyhában
XSPK_C_033_T0194,wavs_synthetic_crossspeaker/XSPK_C_033_T0194.wav,C_033,Zárjuk be az ablakot a konyhában
XSPK_C_033_T0195,wavs_synthetic_crossspeaker/XSPK_C_033_T0195.wav,C_033,A folyosón vál csatornát a rádión.
XSPK_C_033_T0196,wavs_synthetic_crossspeaker/XSPK_C_033_T0196.wav,C_033,Kisszobába vedd lejjebb a radiátort
XSPK_C_033_T0197,wavs_synthetic_crossspeaker/XSPK_C_033_T0197.wav,C_033,Kiszobában kapcsold be a porszívót.
XSPK_C_033_T0198,wavs_synthetic_crossspeaker/XSPK_C_033_T0198.wav,C_033,A nagszobában kapcsold ki a ventillátort
XSPK_C_033_T0199,wavs_synthetic_crossspeaker/XSPK_C_033_T0199.wav,C_033,Kapcsold ki a pirítógépet a konyhába
XSPK_C_033_T0200,wavs_synthetic_crossspeaker/XSPK_C_033_T0200.wav,C_033,A szobába jalksítsd le a tévét
XSPK_C_033_T0201,wavs_synthetic_crossspeaker/XSPK_C_033_T0201.wav,C_033,Kapcsold be a tűzhelyet a konyhába.
XSPK_C_033_T0202,wavs_synthetic_crossspeaker/XSPK_C_033_T0202.wav,C_033,Kiszobában zárd be az ajtót.
XSPK_C_033_T0203,wavs_synthetic_crossspeaker/XSPK_C_033_T0203.wav,C_033,A fojjosó hú le a redőnyt.
XSPK_C_033_T0204,wavs_synthetic_crossspeaker/XSPK_C_033_T0204.wav,C_033,A kisszobába nyisd ki az ajtót
XSPK_C_033_T0205,wavs_synthetic_crossspeaker/XSPK_C_033_T0205.wav,C_033,Kapcsold fel a kisszobába a villanyt
XSPK_C_033_T0206,wavs_synthetic_crossspeaker/XSPK_C_033_T0206.wav,C_033,Húzzuk be a függöny a szobában
XSPK_C_033_T0207,wavs_synthetic_crossspeaker/XSPK_C_033_T0207.wav,C_033,Szobába halkítsd le a tévét
XSPK_C_033_T0208,wavs_synthetic_crossspeaker/XSPK_C_033_T0208.wav,C_033,A fürdőszobába húzd szét a függönyt.
XSPK_C_033_T0209,wavs_synthetic_crossspeaker/XSPK_C_033_T0209.wav,C_033,Húzd be a függönyt a konyhába.
XSPK_C_036_T0000,wavs_synthetic_crossspeaker/XSPK_C_036_T0000.wav,C_036,Kapcsold ki a ventilátort a kisszobában
XSPK_C_036_T0001,wavs_synthetic_crossspeaker/XSPK_C_036_T0001.wav,C_036,Fütésben nagyszoban
XSPK_C_036_T0002,wavs_synthetic_crossspeaker/XSPK_C_036_T0002.wav,C_036,Szobában húzd fel a fűté.
XSPK_C_036_T0003,wavs_synthetic_crossspeaker/XSPK_C_036_T0003.wav,C_036,Zárd be a ajtót a konyhában
XSPK_C_036_T0004,wavs_synthetic_crossspeaker/XSPK_C_036_T0004.wav,C_036,A szobában nyiszd ki az ajtót.
XSPK_C_036_T0005,wavs_synthetic_crossspeaker/XSPK_C_036_T0005.wav,C_036,A kisszobában kapcsold be a ventillátort.
XSPK_C_036_T0006,wavs_synthetic_crossspeaker/XSPK_C_036_T0006.wav,C_036,Kapcsod be a villanyt a konyhában
XSPK_C_036_T0007,wavs_synthetic_crossspeaker/XSPK_C_036_T0007.wav,C_036,A fürdőszobábán húzd le a redőnyt.
XSPK_C_036_T0008,wavs_synthetic_crossspeaker/XSPK_C_036_T0008.wav,C_036,Nyisd ki a l ablakot a kisszubában
XSPK_C_036_T0009,wavs_synthetic_crossspeaker/XSPK_C_036_T0009.wav,C_036,Kapcsold be a szobába a ventilátort
XSPK_C_036_T0010,wavs_synthetic_crossspeaker/XSPK_C_036_T0010.wav,C_036,A fürdőszobában nyisd ki arrojtót.
XSPK_C_036_T0011,wavs_synthetic_crossspeaker/XSPK_C_036_T0011.wav,C_036,A konyhában hangosíd a tévét
XSPK_C_036_T0012,wavs_synthetic_crossspeaker/XSPK_C_036_T0012.wav,C_036,Kapcsold be rádiót a fürdőszobában.
XSPK_C_036_T0013,wavs_synthetic_crossspeaker/XSPK_C_036_T0013.wav,C_036,Kapcsold be a számítógép szobában
XSPK_C_036_T0014,wavs_synthetic_crossspeaker/XSPK_C_036_T0014.wav,C_036,Kisszobában zárd el a porszívót
XSPK_C_036_T0015,wavs_synthetic_crossspeaker/XSPK_C_036_T0015.wav,C_036,A fürdőszobában halkítsd a tévét
XSPK_C_036_T0016,wavs_synthetic_crossspeaker/XSPK_C_036_T0016.wav,C_036,Kapcsold be a számítógépet a kisszobaban
XSPK_C_036_T0017,wavs_synthetic_crossspeaker/XSPK_C_036_T0017.wav,C_036,A redőnyt húzd fel a nagyszobába
XSPK_C_036_T0018,wavs_synthetic_crossspeaker/XSPK_C_036_T0018.wav,C_036,Vál csatornát a televízión a fürdőszobába.
XSPK_C_036_T0019,wavs_synthetic_crossspeaker/XSPK_C_036_T0019.wav,C_036,A kisszobába kapcsold be a ventilátorokat
XSPK_C_036_T0020,wavs_synthetic_crossspeaker/XSPK_C_036_T0020.wav,C_036,Válcs csatornát a rádijón a nagyszobába.
XSPK_C_036_T0021,wavs_synthetic_crossspeaker/XSPK_C_036_T0021.wav,C_036,A szobában kapcsold le a világítást.
XSPK_C_036_T0022,wavs_synthetic_crossspeaker/XSPK_C_036_T0022.wav,C_036,A nagy szobában kinyitjuk a ablakot
XSPK_C_036_T0023,wavs_synthetic_crossspeaker/XSPK_C_036_T0023.wav,C_036,Kapcold be a ventillátort a nagyszobában.
XSPK_C_036_T0024,wavs_synthetic_crossspeaker/XSPK_C_036_T0024.wav,C_036,Engedd le a redőnyt a konyhában
XSPK_C_036_T0025,wavs_synthetic_crossspeaker/XSPK_C_036_T0025.wav,C_036,Szobába nyisd ki az ajtót.
XSPK_C_036_T0026,wavs_synthetic_crossspeaker/XSPK_C_036_T0026.wav,C_036,A konyhában húzd fel a redőnt.
XSPK_C_036_T0027,wavs_synthetic_crossspeaker/XSPK_C_036_T0027.wav,C_036,Konyhában bekapcsolni piri
XSPK_C_036_T0028,wavs_synthetic_crossspeaker/XSPK_C_036_T0028.wav,C_036,Zárd be az ablakot a nagyszobában
XSPK_C_036_T0029,wavs_synthetic_crossspeaker/XSPK_C_036_T0029.wav,C_036,A szobában zárd be az ablakon
XSPK_C_036_T0030,wavs_synthetic_crossspeaker/XSPK_C_036_T0030.wav,C_036,Besötétedett ezért széthúzhatjuk a függönyt
XSPK_C_036_T0031,wavs_synthetic_crossspeaker/XSPK_C_036_T0031.wav,C_036,Húzd le a redőnyt a folyosóra
XSPK_C_036_T0032,wavs_synthetic_crossspeaker/XSPK_C_036_T0032.wav,C_036,Kapcsold be a pirítót
XSPK_C_036_T0033,wavs_synthetic_crossspeaker/XSPK_C_036_T0033.wav,C_036,Fürdőszobában vál csatornát a rádión.
XSPK_C_036_T0034,wavs_synthetic_crossspeaker/XSPK_C_036_T0034.wav,C_036,Nagyszobába vedd lejjebb a radiátort
XSPK_C_036_T0035,wavs_synthetic_crossspeaker/XSPK_C_036_T0035.wav,C_036,Kapcsold ki a ventillátort a fürdőszobában
XSPK_C_036_T0036,wavs_synthetic_crossspeaker/XSPK_C_036_T0036.wav,C_036,Hangosít a tévét a konyhában.
XSPK_C_036_T0037,wavs_synthetic_crossspeaker/XSPK_C_036_T0037.wav,C_036,A fürdőszobábá húsd vell a redőnyt.
XSPK_C_036_T0038,wavs_synthetic_crossspeaker/XSPK_C_036_T0038.wav,C_036,A kisszobába hangosícsd fel a tévét.
XSPK_C_036_T0039,wavs_synthetic_crossspeaker/XSPK_C_036_T0039.wav,C_036,Kapcsold be a ventillátort a kis kisszobában.
XSPK_C_036_T0040,wavs_synthetic_crossspeaker/XSPK_C_036_T0040.wav,C_036,Kapcsold be a konyhában a kenyérpirítót.
XSPK_C_036_T0041,wavs_synthetic_crossspeaker/XSPK_C_036_T0041.wav,C_036,Kisszobába kapcsold be a radiátort
XSPK_C_036_T0042,wavs_synthetic_crossspeaker/XSPK_C_036_T0042.wav,C_036,Konyhában kapcsold ki a tállítót.
XSPK_C_036_T0043,wavs_synthetic_crossspeaker/XSPK_C_036_T0043.wav,C_036,Nagyszobába kapcsold le a villany
XSPK_C_036_T0044,wavs_synthetic_crossspeaker/XSPK_C_036_T0044.wav,C_036,Nyissuk ki az ablakot a kisszobában
XSPK_C_036_T0045,wavs_synthetic_crossspeaker/XSPK_C_036_T0045.wav,C_036,A konyhában kapcsold be hatvan fogon a a mosógépet.
XSPK_C_036_T0046,wavs_synthetic_crossspeaker/XSPK_C_036_T0046.wav,C_036,Konyhába húzle a fűtést.
XSPK_C_036_T0047,wavs_synthetic_crossspeaker/XSPK_C_036_T0047.wav,C_036,Rádiót konyhába kapcsold ki
XSPK_C_036_T0048,wavs_synthetic_crossspeaker/XSPK_C_036_T0048.wav,C_036,Szoba ki ventilátor
XSPK_C_036_T0049,wavs_synthetic_crossspeaker/XSPK_C_036_T0049.wav,C_036,Húz szét a függönyt a kisszobába
XSPK_C_036_T0050,wavs_synthetic_crossspeaker/XSPK_C_036_T0050.wav,C_036,Kisszobába kapcsold be a porszívot
XSPK_C_036_T0051,wavs_synthetic_crossspeaker/XSPK_C_036_T0051.wav,C_036,Kapcsold be a számítógéptpet a szobában
XSPK_C_036_T0052,wavs_synthetic_crossspeaker/XSPK_C_036_T0052.wav,C_036,A kisszobába húzd szét a függönyt.
XSPK_C_036_T0053,wavs_synthetic_crossspeaker/XSPK_C_036_T0053.wav,C_036,A szobába nyissuk ki az ablakot
XSPK_C_036_T0054,wavs_synthetic_crossspeaker/XSPK_C_036_T0054.wav,C_036,Kisszobába válts csatornát a tévén
XSPK_C_036_T0055,wavs_synthetic_crossspeaker/XSPK_C_036_T0055.wav,C_036,A kisszobában sendesíd a tévét
XSPK_C_036_T0056,wavs_synthetic_crossspeaker/XSPK_C_036_T0056.wav,C_036,A kisszobában kapcsold be a rádiot
XSPK_C_036_T0057,wavs_synthetic_crossspeaker/XSPK_C_036_T0057.wav,C_036,Kapcsold fel a villanyt a szobába.
XSPK_C_036_T0058,wavs_synthetic_crossspeaker/XSPK_C_036_T0058.wav,C_036,A szoba függönyt húzd be légy szíves
XSPK_C_036_T0059,wavs_synthetic_crossspeaker/XSPK_C_036_T0059.wav,C_036,Hívd fel a lányom
XSPK_C_036_T0060,wavs_synthetic_crossspeaker/XSPK_C_036_T0060.wav,C_036,A kisszobában húzd fel a függönyt
XSPK_C_036_T0061,wavs_synthetic_crossspeaker/XSPK_C_036_T0061.wav,C_036,A konyhában csendesícs a tévét.
XSPK_C_036_T0062,wavs_synthetic_crossspeaker/XSPK_C_036_T0062.wav,C_036,A nagyszobában kapcsold ki a rádiót.
XSPK_C_036_T0063,wavs_synthetic_crossspeaker/XSPK_C_036_T0063.wav,C_036,Hangosícsd a tévét a nagyszobában.
XSPK_C_036_T0064,wavs_synthetic_crossspeaker/XSPK_C_036_T0064.wav,C_036,A konyhában hideg van vagy meleg van vissza kell venni a fűtést
XSPK_C_036_T0065,wavs_synthetic_crossspeaker/XSPK_C_036_T0065.wav,C_036,A nagyszobába kapcsold be a porszívót
XSPK_C_036_T0066,wavs_synthetic_crossspeaker/XSPK_C_036_T0066.wav,C_036,Nagyszobába hangosícs fel a tévét.
XSPK_C_036_T0067,wavs_synthetic_crossspeaker/XSPK_C_036_T0067.wav,C_036,A nagyszobába kapcsold ki a porszívót.
XSPK_C_036_T0068,wavs_synthetic_crossspeaker/XSPK_C_036_T0068.wav,C_036,A szobában kapcsold ki a ventillátort.
XSPK_C_036_T0069,wavs_synthetic_crossspeaker/XSPK_C_036_T0069.wav,C_036,Nyisd ki az ajtót a folyoson
XSPK_C_036_T0070,wavs_synthetic_crossspeaker/XSPK_C_036_T0070.wav,C_036,A folyosón vedd feljebb a radiátort
XSPK_C_036_T0071,wavs_synthetic_crossspeaker/XSPK_C_036_T0071.wav,C_036,Húzd aza függönyt a konyhában
XSPK_C_036_T0072,wavs_synthetic_crossspeaker/XSPK_C_036_T0072.wav,C_036,Kapcsold ki a szobában a rádiót
XSPK_C_036_T0073,wavs_synthetic_crossspeaker/XSPK_C_036_T0073.wav,C_036,Szobában behakolcsi rádio
XSPK_C_036_T0074,wavs_synthetic_crossspeaker/XSPK_C_036_T0074.wav,C_036,A konyhában válcs csatornát a rádjo.
XSPK_C_036_T0075,wavs_synthetic_crossspeaker/XSPK_C_036_T0075.wav,C_036,Konyhába kapcsold ki a mosogatógépet.
XSPK_C_036_T0076,wavs_synthetic_crossspeaker/XSPK_C_036_T0076.wav,C_036,Kapcsold be a mosogatógépet a konyhába.
XSPK_C_036_T0077,wavs_synthetic_crossspeaker/XSPK_C_036_T0077.wav,C_036,Kapcsold ki a tévét a fürdőszobában.
XSPK_C_036_T0078,wavs_synthetic_crossspeaker/XSPK_C_036_T0078.wav,C_036,Kenyér kész kapcsoljuk be a kenyérpirítót
XSPK_C_036_T0079,wavs_synthetic_crossspeaker/XSPK_C_036_T0079.wav,C_036,A folyosón nyisd meg az ajtót
XSPK_C_036_T0080,wavs_synthetic_crossspeaker/XSPK_C_036_T0080.wav,C_036,Húz be a függönyty a konyhában
XSPK_C_036_T0081,wavs_synthetic_crossspeaker/XSPK_C_036_T0081.wav,C_036,A szobába vedd lejjebb a tévét
XSPK_C_036_T0082,wavs_synthetic_crossspeaker/XSPK_C_036_T0082.wav,C_036,A kisszobába a tévén válcs csatornát.
XSPK_C_036_T0083,wavs_synthetic_crossspeaker/XSPK_C_036_T0083.wav,C_036,A folyosón nyüen a ümé.
XSPK_C_036_T0084,wavs_synthetic_crossspeaker/XSPK_C_036_T0084.wav,C_036,Csendesítsd a tévét a ko a konyhában
XSPK_C_036_T0085,wavs_synthetic_crossspeaker/XSPK_C_036_T0085.wav,C_036,Nyisd ki az abrakot a konyhában
XSPK_C_036_T0086,wavs_synthetic_crossspeaker/XSPK_C_036_T0086.wav,C_036,Kapcsol be a számítógépet a kiszszu kisszobában
XSPK_C_036_T0087,wavs_synthetic_crossspeaker/XSPK_C_036_T0087.wav,C_036,Kapcsold ki a radiátort a nagyszobába
XSPK_C_036_T0088,wavs_synthetic_crossspeaker/XSPK_C_036_T0088.wav,C_036,Zárd be az ablakot a fűrdőszobában
XSPK_C_036_T0089,wavs_synthetic_crossspeaker/XSPK_C_036_T0089.wav,C_036,Kapcsold be a gáztűzhelyt a konyhába.
XSPK_C_036_T0090,wavs_synthetic_crossspeaker/XSPK_C_036_T0090.wav,C_036,Húzd szét a függöny a kisszobába
XSPK_C_036_T0091,wavs_synthetic_crossspeaker/XSPK_C_036_T0091.wav,C_036,Konyhában kapcsold ki a sütőt
XSPK_C_036_T0092,wavs_synthetic_crossspeaker/XSPK_C_036_T0092.wav,C_036,Úzd fel a szobai redőnyt
XSPK_C_036_T0093,wavs_synthetic_crossspeaker/XSPK_C_036_T0093.wav,C_036,Nyísd ki az ajtót a kisszobámban
XSPK_C_036_T0094,wavs_synthetic_crossspeaker/XSPK_C_036_T0094.wav,C_036,Tedd fel a fűtést a kazhában.
XSPK_C_036_T0095,wavs_synthetic_crossspeaker/XSPK_C_036_T0095.wav,C_036,Khapcsold föl a villanyt a kisszobaban.
XSPK_C_036_T0096,wavs_synthetic_crossspeaker/XSPK_C_036_T0096.wav,C_036,Kisszobába válts kapcsold fel a villanyt
XSPK_C_036_T0097,wavs_synthetic_crossspeaker/XSPK_C_036_T0097.wav,C_036,Húzd fel a redőnt a kisszobában.
XSPK_C_036_T0098,wavs_synthetic_crossspeaker/XSPK_C_036_T0098.wav,C_036,Válts csatornát a nagyszobában
XSPK_C_036_T0099,wavs_synthetic_crossspeaker/XSPK_C_036_T0099.wav,C_036,A konyhában válcs csatornát a rádión.
XSPK_C_036_T0100,wavs_synthetic_crossspeaker/XSPK_C_036_T0100.wav,C_036,Húzd fel a redőnyt a konyhába.
XSPK_C_036_T0101,wavs_synthetic_crossspeaker/XSPK_C_036_T0101.wav,C_036,A porszívót kapcsold be a kisszobába
XSPK_C_036_T0102,wavs_synthetic_crossspeaker/XSPK_C_036_T0102.wav,C_036,Fürdőszobába kapcsold le a villany
XSPK_C_036_T0103,wavs_synthetic_crossspeaker/XSPK_C_036_T0103.wav,C_036,Csapcsold be a rádiót a konyhában
XSPK_C_036_T0104,wavs_synthetic_crossspeaker/XSPK_C_036_T0104.wav,C_036,Konyhában kapcsold be harminc fokon a mosogépet.
XSPK_C_036_T0105,wavs_synthetic_crossspeaker/XSPK_C_036_T0105.wav,C_036,Kapcsold be a ventillátort a cobában
XSPK_C_036_T0106,wavs_synthetic_crossspeaker/XSPK_C_036_T0106.wav,C_036,Hívd fel a fijam
XSPK_C_036_T0107,wavs_synthetic_crossspeaker/XSPK_C_036_T0107.wav,C_036,A fürdőszobában kapcsold fel a világítás.
XSPK_C_036_T0108,wavs_synthetic_crossspeaker/XSPK_C_036_T0108.wav,C_036,A nagyszobába kapcsold be a rádiót
XSPK_C_036_T0109,wavs_synthetic_crossspeaker/XSPK_C_036_T0109.wav,C_036,Kapcsold be a pirítót konyhában.
XSPK_C_036_T0110,wavs_synthetic_crossspeaker/XSPK_C_036_T0110.wav,C_036,Huzd fel a fűtés a kisszobába
XSPK_C_036_T0111,wavs_synthetic_crossspeaker/XSPK_C_036_T0111.wav,C_036,Kisszobába kapcsoljuk le a villanyt
XSPK_C_036_T0112,wavs_synthetic_crossspeaker/XSPK_C_036_T0112.wav,C_036,A nagyszobában kapcsold le a vilányt.
XSPK_C_036_T0113,wavs_synthetic_crossspeaker/XSPK_C_036_T0113.wav,C_036,A nagyszobában kapcsold be a radiátort
XSPK_C_036_T0114,wavs_synthetic_crossspeaker/XSPK_C_036_T0114.wav,C_036,Szobába húzd le a redőnyt
XSPK_C_036_T0115,wavs_synthetic_crossspeaker/XSPK_C_036_T0115.wav,C_036,Huzd fel a redönyt a fo a folyosón
XSPK_C_036_T0116,wavs_synthetic_crossspeaker/XSPK_C_036_T0116.wav,C_036,A szobába húzd be a függönyt
XSPK_C_036_T0117,wavs_synthetic_crossspeaker/XSPK_C_036_T0117.wav,C_036,A redőnyt húzd fel a szobá a konyhába
XSPK_C_036_T0118,wavs_synthetic_crossspeaker/XSPK_C_036_T0118.wav,C_036,A nagyszobába válts csatornát a tévén
XSPK_C_036_T0119,wavs_synthetic_crossspeaker/XSPK_C_036_T0119.wav,C_036,A nagyszobában kapcsold be a rádiot
XSPK_C_036_T0120,wavs_synthetic_crossspeaker/XSPK_C_036_T0120.wav,C_036,Engedd le a redőnt a szobában.
XSPK_C_036_T0121,wavs_synthetic_crossspeaker/XSPK_C_036_T0121.wav,C_036,A konyhában kapcsold be a  mosolygatógépet
XSPK_C_036_T0122,wavs_synthetic_crossspeaker/XSPK_C_036_T0122.wav,C_036,A fürdőszobában hangosítsd fel a tévét.
XSPK_C_036_T0123,wavs_synthetic_crossspeaker/XSPK_C_036_T0123.wav,C_036,Húzd le a ladiátort a nagyszobában
XSPK_C_036_T0124,wavs_synthetic_crossspeaker/XSPK_C_036_T0124.wav,C_036,Zár be az ajtót a kisszobában
XSPK_C_036_T0125,wavs_synthetic_crossspeaker/XSPK_C_036_T0125.wav,C_036,A konyhában kapcsold ki a rádiot
XSPK_C_036_T0126,wavs_synthetic_crossspeaker/XSPK_C_036_T0126.wav,C_036,Kapcsoljuk be a számítógépet
XSPK_C_036_T0127,wavs_synthetic_crossspeaker/XSPK_C_036_T0127.wav,C_036,Fürdőszobába kapcsoljuk ki a porszívót
XSPK_C_036_T0128,wavs_synthetic_crossspeaker/XSPK_C_036_T0128.wav,C_036,Kapcsold be a tévét a kisszobában.
XSPK_C_036_T0129,wavs_synthetic_crossspeaker/XSPK_C_036_T0129.wav,C_036,A szobába kapcsold be a fűtés
XSPK_C_036_T0130,wavs_synthetic_crossspeaker/XSPK_C_036_T0130.wav,C_036,A szobában kapcsold át a televíziót
XSPK_C_036_T0131,wavs_synthetic_crossspeaker/XSPK_C_036_T0131.wav,C_036,Válcs csatornát a tévékn a konyhában.
XSPK_C_036_T0132,wavs_synthetic_crossspeaker/XSPK_C_036_T0132.wav,C_036,A fürdőszobába kapcsold fel a fűtést
XSPK_C_036_T0133,wavs_synthetic_crossspeaker/XSPK_C_036_T0133.wav,C_036,Húzd le a ledőnyt a kisszobában
XSPK_C_036_T0134,wavs_synthetic_crossspeaker/XSPK_C_036_T0134.wav,C_036,Kapcsold be a kenyérpirító konyhában.
XSPK_C_036_T0135,wavs_synthetic_crossspeaker/XSPK_C_036_T0135.wav,C_036,A nagyszobába kapcsold be a porszivó.
XSPK_C_036_T0136,wavs_synthetic_crossspeaker/XSPK_C_036_T0136.wav,C_036,Kisszoba ajtaját zárd be kérlek
XSPK_C_036_T0137,wavs_synthetic_crossspeaker/XSPK_C_036_T0137.wav,C_036,Szobába tekerd föl a radiátor gombot
XSPK_C_036_T0138,wavs_synthetic_crossspeaker/XSPK_C_036_T0138.wav,C_036,A nagyszobában kapcsold be a ventillátort.
XSPK_C_036_T0139,wavs_synthetic_crossspeaker/XSPK_C_036_T0139.wav,C_036,Szobaban ki számítotgép
XSPK_C_036_T0140,wavs_synthetic_crossspeaker/XSPK_C_036_T0140.wav,C_036,Húzd fel a fűtést a nagy nagyszobában
XSPK_C_036_T0141,wavs_synthetic_crossspeaker/XSPK_C_036_T0141.wav,C_036,A konyhában kapcsold be a ventillátort.
XSPK_C_036_T0142,wavs_synthetic_crossspeaker/XSPK_C_036_T0142.wav,C_036,A folysón húzd szét a függönyt
XSPK_C_036_T0143,wavs_synthetic_crossspeaker/XSPK_C_036_T0143.wav,C_036,Kapcsold ki a le vendilátort a szobában
XSPK_C_036_T0144,wavs_synthetic_crossspeaker/XSPK_C_036_T0144.wav,C_036,Nagyszobába kapcsold be a ventilátort
XSPK_C_036_T0145,wavs_synthetic_crossspeaker/XSPK_C_036_T0145.wav,C_036,A nagyszobába csatornát váltunk a televízión
XSPK_C_036_T0146,wavs_synthetic_crossspeaker/XSPK_C_036_T0146.wav,C_036,Kisszobába válts televízió csatornát
XSPK_C_036_T0147,wavs_synthetic_crossspeaker/XSPK_C_036_T0147.wav,C_036,Húzd le a redőnyt a folyosóban
XSPK_C_036_T0148,wavs_synthetic_crossspeaker/XSPK_C_036_T0148.wav,C_036,A nagyszobában hangosícsd a tévét.
XSPK_C_036_T0149,wavs_synthetic_crossspeaker/XSPK_C_036_T0149.wav,C_036,A fojjö csvón tét a függönyt.
XSPK_C_036_T0150,wavs_synthetic_crossspeaker/XSPK_C_036_T0150.wav,C_036,Szobában vedd lejjebb a hangot televízióban
XSPK_C_036_T0151,wavs_synthetic_crossspeaker/XSPK_C_036_T0151.wav,C_036,Nagyszobában húzd le a redőnyöket
XSPK_C_036_T0152,wavs_synthetic_crossspeaker/XSPK_C_036_T0152.wav,C_036,Húzd szét függönyt a kiszobában.
XSPK_C_036_T0153,wavs_synthetic_crossspeaker/XSPK_C_036_T0153.wav,C_036,Húzd be a függönyt a fürdöszobába
XSPK_C_036_T0154,wavs_synthetic_crossspeaker/XSPK_C_036_T0154.wav,C_036,Hívd föl a lányom
XSPK_C_036_T0155,wavs_synthetic_crossspeaker/XSPK_C_036_T0155.wav,C_036,Zapcsold be a fürdőszobába harminc fokon mosógépet
XSPK_C_036_T0156,wavs_synthetic_crossspeaker/XSPK_C_036_T0156.wav,C_036,A nagyszobába húzd le a relét
XSPK_C_036_T0157,wavs_synthetic_crossspeaker/XSPK_C_036_T0157.wav,C_036,Válts csatornát  a rádión a kisszobában
XSPK_C_036_T0158,wavs_synthetic_crossspeaker/XSPK_C_036_T0158.wav,C_036,Kapcsoljuk le a villanyt a kisszobába
XSPK_C_036_T0159,wavs_synthetic_crossspeaker/XSPK_C_036_T0159.wav,C_036,Kapcsold be a fürdőszobai radiátort
XSPK_C_036_T0160,wavs_synthetic_crossspeaker/XSPK_C_036_T0160.wav,C_036,A konyhában húz ki a függönyt
XSPK_C_036_T0161,wavs_synthetic_crossspeaker/XSPK_C_036_T0161.wav,C_036,Konyhában halkítsd le a tévét
XSPK_C_036_T0162,wavs_synthetic_crossspeaker/XSPK_C_036_T0162.wav,C_036,A fürdőszobában csendesítsd a televíziót.
XSPK_C_036_T0163,wavs_synthetic_crossspeaker/XSPK_C_036_T0163.wav,C_036,A nagycobába nyisd ki az ajtót
XSPK_C_036_T0164,wavs_synthetic_crossspeaker/XSPK_C_036_T0164.wav,C_036,Vedd feljebb a radiátort a nagyszobába
XSPK_C_036_T0165,wavs_synthetic_crossspeaker/XSPK_C_036_T0165.wav,C_036,Húzd fel a redőnyöket a nagyszobában
XSPK_C_036_T0166,wavs_synthetic_crossspeaker/XSPK_C_036_T0166.wav,C_036,A folyosón üsd ki az ablakot.
XSPK_C_036_T0167,wavs_synthetic_crossspeaker/XSPK_C_036_T0167.wav,C_036,Kapcsold ki a fűtést a szobába.
XSPK_C_036_T0168,wavs_synthetic_crossspeaker/XSPK_C_036_T0168.wav,C_036,Aa konyhábn kapcsold ki a ventillátort
XSPK_C_036_T0169,wavs_synthetic_crossspeaker/XSPK_C_036_T0169.wav,C_036,Ki kell használni az időt ezért most kell bekapcsolni a porszívót
XSPK_C_036_T0170,wavs_synthetic_crossspeaker/XSPK_C_036_T0170.wav,C_036,Kapcsold be a radiátort a kis a szobában
XSPK_C_036_T0171,wavs_synthetic_crossspeaker/XSPK_C_036_T0171.wav,C_036,A kony a nagyszobába zárd be az ablakot
XSPK_C_036_T0172,wavs_synthetic_crossspeaker/XSPK_C_036_T0172.wav,C_036,A fürdőszobábán kápcsold be a számítógépet.
XSPK_C_036_T0173,wavs_synthetic_crossspeaker/XSPK_C_036_T0173.wav,C_036,A szobában húzd fel a fűtést.
XSPK_C_036_T0174,wavs_synthetic_crossspeaker/XSPK_C_036_T0174.wav,C_036,Zárd be az ajtót a konyha kisszobába
XSPK_C_036_T0175,wavs_synthetic_crossspeaker/XSPK_C_036_T0175.wav,C_036,Nyissuk ki az ablakot a folyosón
XSPK_C_036_T0176,wavs_synthetic_crossspeaker/XSPK_C_036_T0176.wav,C_036,Az ablakot bezár juk.
XSPK_C_036_T0177,wavs_synthetic_crossspeaker/XSPK_C_036_T0177.wav,C_036,Hangosíts fel a tévét a szobában.
XSPK_C_036_T0178,wavs_synthetic_crossspeaker/XSPK_C_036_T0178.wav,C_036,A szobában húzd fel a redőnyt.
XSPK_C_036_T0179,wavs_synthetic_crossspeaker/XSPK_C_036_T0179.wav,C_036,A folyosón tekerd le a radiátor gombját légy szíves
XSPK_C_036_T0180,wavs_synthetic_crossspeaker/XSPK_C_036_T0180.wav,C_036,A kisszobában kapcsold ki a radiátort
XSPK_C_036_T0181,wavs_synthetic_crossspeaker/XSPK_C_036_T0181.wav,C_036,Szobába kapcsold le a  villanyt
XSPK_C_036_T0182,wavs_synthetic_crossspeaker/XSPK_C_036_T0182.wav,C_036,Khapcsold le a villanyt a kisszobában.
XSPK_C_036_T0183,wavs_synthetic_crossspeaker/XSPK_C_036_T0183.wav,C_036,Nyiccsez ajtót a nagyszobában.
XSPK_C_036_T0184,wavs_synthetic_crossspeaker/XSPK_C_036_T0184.wav,C_036,Kapcsold föl a fűtést a kisszobába
XSPK_C_036_T0185,wavs_synthetic_crossspeaker/XSPK_C_036_T0185.wav,C_036,A szobában húzd be a függöny
XSPK_C_036_T0186,wavs_synthetic_crossspeaker/XSPK_C_036_T0186.wav,C_036,Kíszobában kapcsold be a számítógépet.
XSPK_C_036_T0187,wavs_synthetic_crossspeaker/XSPK_C_036_T0187.wav,C_036,Húzd le a radidátort a folyosón
XSPK_C_036_T0188,wavs_synthetic_crossspeaker/XSPK_C_036_T0188.wav,C_036,Natobában egy porszívót bekapcsolni
XSPK_C_036_T0189,wavs_synthetic_crossspeaker/XSPK_C_036_T0189.wav,C_036,A fürdőszó kapcsold ki a hűtést
XSPK_C_036_T0190,wavs_synthetic_crossspeaker/XSPK_C_036_T0190.wav,C_036,Kapcsold be a rádiót a konyhába
XSPK_C_036_T0191,wavs_synthetic_crossspeaker/XSPK_C_036_T0191.wav,C_036,Kapcsold ki a folyosói ventilátort
XSPK_C_036_T0192,wavs_synthetic_crossspeaker/XSPK_C_036_T0192.wav,C_036,Kapcsold ki légy szíves a a termosztátot a nagyszobába
XSPK_C_036_T0193,wavs_synthetic_crossspeaker/XSPK_C_036_T0193.wav,C_036,Kapcsold fel a lámpát a szobába.
XSPK_C_036_T0194,wavs_synthetic_crossspeaker/XSPK_C_036_T0194.wav,C_036,A folyosón húzd föl a redőnyt
XSPK_C_036_T0195,wavs_synthetic_crossspeaker/XSPK_C_036_T0195.wav,C_036,Huzd fel a fűtést a fürdőszobába
XSPK_C_036_T0196,wavs_synthetic_crossspeaker/XSPK_C_036_T0196.wav,C_036,Kapcsold be a konyhába a mosógépet hatvan fokon
XSPK_C_036_T0197,wavs_synthetic_crossspeaker/XSPK_C_036_T0197.wav,C_036,Kapcsold be a mosógépet és állítsd hatvan fokra a fürdőszobába
XSPK_C_036_T0198,wavs_synthetic_crossspeaker/XSPK_C_036_T0198.wav,C_036,Khapcsold le a villanyt a konyhában.
XSPK_C_036_T0199,wavs_synthetic_crossspeaker/XSPK_C_036_T0199.wav,C_036,Válcs csatornát a rádión a folyosón.
XSPK_C_036_T0200,wavs_synthetic_crossspeaker/XSPK_C_036_T0200.wav,C_036,A kisszobában vedd lejjebb a televíziót
XSPK_C_036_T0201,wavs_synthetic_crossspeaker/XSPK_C_036_T0201.wav,C_036,A ventillátorokat kapcsold be a konyhába
XSPK_C_036_T0202,wavs_synthetic_crossspeaker/XSPK_C_036_T0202.wav,C_036,Keressé valami mást a tévén a szobába
XSPK_C_036_T0203,wavs_synthetic_crossspeaker/XSPK_C_036_T0203.wav,C_036,Kapcsold ki a rádiót a szobám szobában.
XSPK_C_036_T0204,wavs_synthetic_crossspeaker/XSPK_C_036_T0204.wav,C_036,Kapcsuld be a vízforralót a konyhában
XSPK_C_036_T0205,wavs_synthetic_crossspeaker/XSPK_C_036_T0205.wav,C_036,Hívd fel a lányom telefonon minél gyorsabban
XSPK_C_036_T0206,wavs_synthetic_crossspeaker/XSPK_C_036_T0206.wav,C_036,A nagyszobában kapcsold fell a villany.
XSPK_C_036_T0207,wavs_synthetic_crossspeaker/XSPK_C_036_T0207.wav,C_036,Kapcsold ki a ventillátort a nőccobába.
XSPK_C_036_T0208,wavs_synthetic_crossspeaker/XSPK_C_036_T0208.wav,C_036,Kapcsold ki a rádiót a konyhába
XSPK_C_036_T0209,wavs_synthetic_crossspeaker/XSPK_C_036_T0209.wav,C_036,A nagycobába válcs csatornát a rádión.
XSPK_C_037_T0000,wavs_synthetic_crossspeaker/XSPK_C_037_T0000.wav,C_037,Zárjuk be az ajtón a fügrőszobában
XSPK_C_037_T0001,wavs_synthetic_crossspeaker/XSPK_C_037_T0001.wav,C_037,A kisszobában kapcsold ki ki a számítógépet.
XSPK_C_037_T0002,wavs_synthetic_crossspeaker/XSPK_C_037_T0002.wav,C_037,A nagyszobaba kapcsold be a redőt
XSPK_C_037_T0003,wavs_synthetic_crossspeaker/XSPK_C_037_T0003.wav,C_037,A szobában tedd hangosabbra a tévét.
XSPK_C_037_T0004,wavs_synthetic_crossspeaker/XSPK_C_037_T0004.wav,C_037,Húzd fel a radiátort a nagyszobában
XSPK_C_037_T0005,wavs_synthetic_crossspeaker/XSPK_C_037_T0005.wav,C_037,Konyhába kapcsold ki légyszi a porszívót
XSPK_C_037_T0006,wavs_synthetic_crossspeaker/XSPK_C_037_T0006.wav,C_037,Nyissuk az ajtót a folyosón
XSPK_C_037_T0007,wavs_synthetic_crossspeaker/XSPK_C_037_T0007.wav,C_037,Kapcold ki a sütőt a konyhába
XSPK_C_037_T0008,wavs_synthetic_crossspeaker/XSPK_C_037_T0008.wav,C_037,A kisszobába húzd le a redőny.
XSPK_C_037_T0009,wavs_synthetic_crossspeaker/XSPK_C_037_T0009.wav,C_037,És kapcsold be a nagyszobában a kenyérpirítót
XSPK_C_037_T0010,wavs_synthetic_crossspeaker/XSPK_C_037_T0010.wav,C_037,Kapcsold be a ventilátort a kisszobában
XSPK_C_037_T0011,wavs_synthetic_crossspeaker/XSPK_C_037_T0011.wav,C_037,A kisszobában vedd lejjebb a televíziót
XSPK_C_037_T0012,wavs_synthetic_crossspeaker/XSPK_C_037_T0012.wav,C_037,A fojjón kapcsold be a ventillátor.
XSPK_C_037_T0013,wavs_synthetic_crossspeaker/XSPK_C_037_T0013.wav,C_037,Kapcsold ki a radi a radiátort a nagyszobában
XSPK_C_037_T0014,wavs_synthetic_crossspeaker/XSPK_C_037_T0014.wav,C_037,Halkítsd le a tévét a kisszobaban
XSPK_C_037_T0015,wavs_synthetic_crossspeaker/XSPK_C_037_T0015.wav,C_037,Kapcsold ki a rádiót a nagycobában.
XSPK_C_037_T0016,wavs_synthetic_crossspeaker/XSPK_C_037_T0016.wav,C_037,A radiátort vedd lejjebb a folyosón
XSPK_C_037_T0017,wavs_synthetic_crossspeaker/XSPK_C_037_T0017.wav,C_037,Ventilátort a für a folyosón ö kapcsold be
XSPK_C_037_T0018,wavs_synthetic_crossspeaker/XSPK_C_037_T0018.wav,C_037,Kisszobában kapcsold ki a rádiót.
XSPK_C_037_T0019,wavs_synthetic_crossspeaker/XSPK_C_037_T0019.wav,C_037,Válts csatornát a tévén a folyosón
XSPK_C_037_T0020,wavs_synthetic_crossspeaker/XSPK_C_037_T0020.wav,C_037,A mosógépet kapcsold be és állítsd hatvan fokra a fürdőszobában
XSPK_C_037_T0021,wavs_synthetic_crossspeaker/XSPK_C_037_T0021.wav,C_037,A szobában kapcsold be a ládiót
XSPK_C_037_T0022,wavs_synthetic_crossspeaker/XSPK_C_037_T0022.wav,C_037,A szobába kapcsold be a radiátor
XSPK_C_037_T0023,wavs_synthetic_crossspeaker/XSPK_C_037_T0023.wav,C_037,Kapcsold be légy szíves a termosztátot a kisszobába
XSPK_C_037_T0024,wavs_synthetic_crossspeaker/XSPK_C_037_T0024.wav,C_037,Hívd föl a fiam telefonon.
XSPK_C_037_T0025,wavs_synthetic_crossspeaker/XSPK_C_037_T0025.wav,C_037,Vedd lejjebb a radiátort a konyhába
XSPK_C_037_T0026,wavs_synthetic_crossspeaker/XSPK_C_037_T0026.wav,C_037,Magasabb fokra kapcsoldjuk a fűtést a folyosón
XSPK_C_037_T0027,wavs_synthetic_crossspeaker/XSPK_C_037_T0027.wav,C_037,A fürdőszobában húzd be a függöny.
XSPK_C_037_T0028,wavs_synthetic_crossspeaker/XSPK_C_037_T0028.wav,C_037,Húzd fel a kisszobai redőnyt
XSPK_C_037_T0029,wavs_synthetic_crossspeaker/XSPK_C_037_T0029.wav,C_037,Zárd ki az ajtót a kisszobába
XSPK_C_037_T0030,wavs_synthetic_crossspeaker/XSPK_C_037_T0030.wav,C_037,Húzd fel a redő redőnyt a  szobába.
XSPK_C_037_T0031,wavs_synthetic_crossspeaker/XSPK_C_037_T0031.wav,C_037,Nagyszoban fel ventilátor
XSPK_C_037_T0032,wavs_synthetic_crossspeaker/XSPK_C_037_T0032.wav,C_037,Válcs csatornát a rádión a folyosón.
XSPK_C_037_T0033,wavs_synthetic_crossspeaker/XSPK_C_037_T0033.wav,C_037,Kisszobában vedd lejjebb a televízióban
XSPK_C_037_T0034,wavs_synthetic_crossspeaker/XSPK_C_037_T0034.wav,C_037,Be számítógép nagyszobában
XSPK_C_037_T0035,wavs_synthetic_crossspeaker/XSPK_C_037_T0035.wav,C_037,A fühldőszobában húzd szét a függönyt
XSPK_C_037_T0036,wavs_synthetic_crossspeaker/XSPK_C_037_T0036.wav,C_037,A fojjosón húzd fel a redőnyt.
XSPK_C_037_T0037,wavs_synthetic_crossspeaker/XSPK_C_037_T0037.wav,C_037,A nagyszobába válcs csatornát a televízión.
XSPK_C_037_T0038,wavs_synthetic_crossspeaker/XSPK_C_037_T0038.wav,C_037,Fürdőszobában csendesítsd a tévét
XSPK_C_037_T0039,wavs_synthetic_crossspeaker/XSPK_C_037_T0039.wav,C_037,Húzd fel a fűrdőszobai redőnyt
XSPK_C_037_T0040,wavs_synthetic_crossspeaker/XSPK_C_037_T0040.wav,C_037,Konyhába kapcsold ki a fűtés
XSPK_C_037_T0041,wavs_synthetic_crossspeaker/XSPK_C_037_T0041.wav,C_037,A konyhában kapcsold be hatvan fokon a szmosógépet.
XSPK_C_037_T0042,wavs_synthetic_crossspeaker/XSPK_C_037_T0042.wav,C_037,Hívd fel a fiam telefonon minél gyorsabban
XSPK_C_037_T0043,wavs_synthetic_crossspeaker/XSPK_C_037_T0043.wav,C_037,Kapcsold ki a számítógépet a fojjosón.
XSPK_C_037_T0044,wavs_synthetic_crossspeaker/XSPK_C_037_T0044.wav,C_037,A szoba ablakot zárd be
XSPK_C_037_T0045,wavs_synthetic_crossspeaker/XSPK_C_037_T0045.wav,C_037,Nagycobába kapcsold be a fűtés
XSPK_C_037_T0046,wavs_synthetic_crossspeaker/XSPK_C_037_T0046.wav,C_037,Folyosóban kapcsold be a radiátort
XSPK_C_037_T0047,wavs_synthetic_crossspeaker/XSPK_C_037_T0047.wav,C_037,A fürdőszob fürdőszobába kapcsold be hatvan fokon a mosógépet
XSPK_C_037_T0048,wavs_synthetic_crossspeaker/XSPK_C_037_T0048.wav,C_037,A konyhában kapcsold be a mosógépet
XSPK_C_037_T0049,wavs_synthetic_crossspeaker/XSPK_C_037_T0049.wav,C_037,Hangosícsd fel a tévét a sznagyszoba ba.
XSPK_C_037_T0050,wavs_synthetic_crossspeaker/XSPK_C_037_T0050.wav,C_037,Nagyszobaban kapcsold be a ventillátort.
XSPK_C_037_T0051,wavs_synthetic_crossspeaker/XSPK_C_037_T0051.wav,C_037,A kisszobába kapcsold be a fűtést
XSPK_C_037_T0052,wavs_synthetic_crossspeaker/XSPK_C_037_T0052.wav,C_037,Kapcsold be a rádiót a nagszobában
XSPK_C_037_T0053,wavs_synthetic_crossspeaker/XSPK_C_037_T0053.wav,C_037,Zárd be az ajtót a fürdőszobámban.
XSPK_C_037_T0054,wavs_synthetic_crossspeaker/XSPK_C_037_T0054.wav,C_037,Konyhában kapcsold be a kenyérpirítót
XSPK_C_037_T0055,wavs_synthetic_crossspeaker/XSPK_C_037_T0055.wav,C_037,Válts csatornát a nagyszobában
XSPK_C_037_T0056,wavs_synthetic_crossspeaker/XSPK_C_037_T0056.wav,C_037,Kapcsold le a villanyt az fürdőszobában.
XSPK_C_037_T0057,wavs_synthetic_crossspeaker/XSPK_C_037_T0057.wav,C_037,Fürdőszobába kapcsold fel a fűtést
XSPK_C_037_T0058,wavs_synthetic_crossspeaker/XSPK_C_037_T0058.wav,C_037,Konyhába tedd lejjebb a fűtést légyszi
XSPK_C_037_T0059,wavs_synthetic_crossspeaker/XSPK_C_037_T0059.wav,C_037,A konyhában kapcsold be a mosógépet harminc fokon.
XSPK_C_037_T0060,wavs_synthetic_crossspeaker/XSPK_C_037_T0060.wav,C_037,Kapcsold be a ventillátort a kis kisszobában.
XSPK_C_037_T0061,wavs_synthetic_crossspeaker/XSPK_C_037_T0061.wav,C_037,Nyisd ki a folyosoka ablakot
XSPK_C_037_T0062,wavs_synthetic_crossspeaker/XSPK_C_037_T0062.wav,C_037,Zárd be az abalakot a szobába
XSPK_C_037_T0063,wavs_synthetic_crossspeaker/XSPK_C_037_T0063.wav,C_037,A folyosón kapcsold be a ventilátort
XSPK_C_037_T0064,wavs_synthetic_crossspeaker/XSPK_C_037_T0064.wav,C_037,Fürdőszobába kapcsold ki a ventillátort
XSPK_C_037_T0065,wavs_synthetic_crossspeaker/XSPK_C_037_T0065.wav,C_037,A nagyszobában kapcsold be a ventillátor
XSPK_C_037_T0066,wavs_synthetic_crossspeaker/XSPK_C_037_T0066.wav,C_037,Zárd be az ajtót a kisszobámban.
XSPK_C_037_T0067,wavs_synthetic_crossspeaker/XSPK_C_037_T0067.wav,C_037,A hűtést a szobában kapcsold ki
XSPK_C_037_T0068,wavs_synthetic_crossspeaker/XSPK_C_037_T0068.wav,C_037,A nagyszobába csinálj csatorna váltást
XSPK_C_037_T0069,wavs_synthetic_crossspeaker/XSPK_C_037_T0069.wav,C_037,Húzd le a redőnt a konyhában.
XSPK_C_037_T0070,wavs_synthetic_crossspeaker/XSPK_C_037_T0070.wav,C_037,Kisszobában kapcsold feljebb a fűtést
XSPK_C_037_T0071,wavs_synthetic_crossspeaker/XSPK_C_037_T0071.wav,C_037,A konyhán engedd le a redőnyt
XSPK_C_037_T0072,wavs_synthetic_crossspeaker/XSPK_C_037_T0072.wav,C_037,Kapcsold be a radiátor a folyosón
XSPK_C_037_T0073,wavs_synthetic_crossspeaker/XSPK_C_037_T0073.wav,C_037,A nagyszobában kapcsold be a ventillátort.
XSPK_C_037_T0074,wavs_synthetic_crossspeaker/XSPK_C_037_T0074.wav,C_037,A fürdőszobában nyisd ki az ajtot
XSPK_C_037_T0075,wavs_synthetic_crossspeaker/XSPK_C_037_T0075.wav,C_037,Halkítsd fel a folyosón a tévét
XSPK_C_037_T0076,wavs_synthetic_crossspeaker/XSPK_C_037_T0076.wav,C_037,Kapcsold be a rádiót a kisszobában
XSPK_C_037_T0077,wavs_synthetic_crossspeaker/XSPK_C_037_T0077.wav,C_037,Kapcsold ki a tévét a foly folyosón
XSPK_C_037_T0078,wavs_synthetic_crossspeaker/XSPK_C_037_T0078.wav,C_037,Kapcsold be a porszívót a nagycobában.
XSPK_C_037_T0079,wavs_synthetic_crossspeaker/XSPK_C_037_T0079.wav,C_037,A fürdőszobában kapcsold föl a villanyt.
XSPK_C_037_T0080,wavs_synthetic_crossspeaker/XSPK_C_037_T0080.wav,C_037,Hívd föl a lányom
XSPK_C_037_T0081,wavs_synthetic_crossspeaker/XSPK_C_037_T0081.wav,C_037,Húz be a függönyty a nagyszobában
XSPK_C_037_T0082,wavs_synthetic_crossspeaker/XSPK_C_037_T0082.wav,C_037,O konyhában kapcsold fel a villany.
XSPK_C_037_T0083,wavs_synthetic_crossspeaker/XSPK_C_037_T0083.wav,C_037,A kisszobában hangosícsd a tévét.
XSPK_C_037_T0084,wavs_synthetic_crossspeaker/XSPK_C_037_T0084.wav,C_037,Nyisd ki a nagyszoba ajtót légy szíves
XSPK_C_037_T0085,wavs_synthetic_crossspeaker/XSPK_C_037_T0085.wav,C_037,A szobában hangosídd fel a tévét
XSPK_C_037_T0086,wavs_synthetic_crossspeaker/XSPK_C_037_T0086.wav,C_037,A szobába húzd be a függönyt.
XSPK_C_037_T0087,wavs_synthetic_crossspeaker/XSPK_C_037_T0087.wav,C_037,A konyhai redőnyt húzd le kérlek
XSPK_C_037_T0088,wavs_synthetic_crossspeaker/XSPK_C_037_T0088.wav,C_037,A nagyszobában kapcsold le a vilányt.
XSPK_C_037_T0089,wavs_synthetic_crossspeaker/XSPK_C_037_T0089.wav,C_037,Szobában kapcsold ki a fűtést
XSPK_C_037_T0090,wavs_synthetic_crossspeaker/XSPK_C_037_T0090.wav,C_037,Húzd le a redőnyt a nagyszobában
XSPK_C_037_T0091,wavs_synthetic_crossspeaker/XSPK_C_037_T0091.wav,C_037,Húzd le a fűtést a szobában
XSPK_C_037_T0092,wavs_synthetic_crossspeaker/XSPK_C_037_T0092.wav,C_037,Húzd fel a fűtést a kisszobaban
XSPK_C_037_T0093,wavs_synthetic_crossspeaker/XSPK_C_037_T0093.wav,C_037,Halkícsd le a tévét a nagyszobában.
XSPK_C_037_T0094,wavs_synthetic_crossspeaker/XSPK_C_037_T0094.wav,C_037,Kapcsold be a rádiót ah konyhába
XSPK_C_037_T0095,wavs_synthetic_crossspeaker/XSPK_C_037_T0095.wav,C_037,A konyhába harminc fokon kapcsold be a mosógépet
XSPK_C_037_T0096,wavs_synthetic_crossspeaker/XSPK_C_037_T0096.wav,C_037,Szobába húzd le a redőnyt
XSPK_C_037_T0097,wavs_synthetic_crossspeaker/XSPK_C_037_T0097.wav,C_037,Zárd be az abllakot a fürdőszobába
XSPK_C_037_T0098,wavs_synthetic_crossspeaker/XSPK_C_037_T0098.wav,C_037,Kapcsold be a mosógépet állítsd hatvan fokra a fürdőszobába
XSPK_C_037_T0099,wavs_synthetic_crossspeaker/XSPK_C_037_T0099.wav,C_037,A nagyszobaba kapcsold be a ventillát
XSPK_C_037_T0100,wavs_synthetic_crossspeaker/XSPK_C_037_T0100.wav,C_037,A folyosón hangosítsd fel a tévét
XSPK_C_037_T0101,wavs_synthetic_crossspeaker/XSPK_C_037_T0101.wav,C_037,Nyisd ki az ablakot az folyosón
XSPK_C_037_T0102,wavs_synthetic_crossspeaker/XSPK_C_037_T0102.wav,C_037,Hangosítsd fel a tévét a kisszobában
XSPK_C_037_T0103,wavs_synthetic_crossspeaker/XSPK_C_037_T0103.wav,C_037,Kapcsold be a ventillátort a fürdőcobában
XSPK_C_037_T0104,wavs_synthetic_crossspeaker/XSPK_C_037_T0104.wav,C_037,Konyhában kapcsold ki a sütő.
XSPK_C_037_T0105,wavs_synthetic_crossspeaker/XSPK_C_037_T0105.wav,C_037,Kapcsold ki a rádijót a szobában.
XSPK_C_037_T0106,wavs_synthetic_crossspeaker/XSPK_C_037_T0106.wav,C_037,Kapcsold be a fűtés a nagyszobában.
XSPK_C_037_T0107,wavs_synthetic_crossspeaker/XSPK_C_037_T0107.wav,C_037,A nagyszobában kapcsold be a ventillátor.
XSPK_C_037_T0108,wavs_synthetic_crossspeaker/XSPK_C_037_T0108.wav,C_037,A konyhába kapcsold ki a fűtést
XSPK_C_037_T0109,wavs_synthetic_crossspeaker/XSPK_C_037_T0109.wav,C_037,A ventillátort kapcsold ki a nagyszobában
XSPK_C_037_T0110,wavs_synthetic_crossspeaker/XSPK_C_037_T0110.wav,C_037,A nagyszobába váltsál csatornát a tévén
XSPK_C_037_T0111,wavs_synthetic_crossspeaker/XSPK_C_037_T0111.wav,C_037,Nagyszobába válts csatornát a rádion
XSPK_C_037_T0112,wavs_synthetic_crossspeaker/XSPK_C_037_T0112.wav,C_037,Ablakot nyisd ki a fürdőszobába
XSPK_C_037_T0113,wavs_synthetic_crossspeaker/XSPK_C_037_T0113.wav,C_037,A szobába kapcsold le a villanyt.
XSPK_C_037_T0114,wavs_synthetic_crossspeaker/XSPK_C_037_T0114.wav,C_037,Válcs csatornát a nagyszobában.
XSPK_C_037_T0115,wavs_synthetic_crossspeaker/XSPK_C_037_T0115.wav,C_037,Nyissuk ki az ablakot a kisszobában
XSPK_C_037_T0116,wavs_synthetic_crossspeaker/XSPK_C_037_T0116.wav,C_037,Szoba nyisd ki a ablakod
XSPK_C_037_T0117,wavs_synthetic_crossspeaker/XSPK_C_037_T0117.wav,C_037,Vedd le a fűtést a fürdőszobába
XSPK_C_037_T0118,wavs_synthetic_crossspeaker/XSPK_C_037_T0118.wav,C_037,A konyhában húzd fel a függönyt
XSPK_C_037_T0119,wavs_synthetic_crossspeaker/XSPK_C_037_T0119.wav,C_037,Kapcsold ki a számítógépet a fürdőszobába.
XSPK_C_037_T0120,wavs_synthetic_crossspeaker/XSPK_C_037_T0120.wav,C_037,Kisszobában kapcsold be a tévét
XSPK_C_037_T0121,wavs_synthetic_crossspeaker/XSPK_C_037_T0121.wav,C_037,A kisszobában halkítsd a tévét
XSPK_C_037_T0122,wavs_synthetic_crossspeaker/XSPK_C_037_T0122.wav,C_037,A konyhában húzdol a redőnyt
XSPK_C_037_T0123,wavs_synthetic_crossspeaker/XSPK_C_037_T0123.wav,C_037,A konyhában nyiss ki az ablakot.
XSPK_C_037_T0124,wavs_synthetic_crossspeaker/XSPK_C_037_T0124.wav,C_037,A folyosón kapcsold be a ventillátort
XSPK_C_037_T0125,wavs_synthetic_crossspeaker/XSPK_C_037_T0125.wav,C_037,Konyhában húzd le a redőnyt
XSPK_C_037_T0126,wavs_synthetic_crossspeaker/XSPK_C_037_T0126.wav,C_037,Kapcsold be a mosógépek harminc fokon a konyhában
XSPK_C_037_T0127,wavs_synthetic_crossspeaker/XSPK_C_037_T0127.wav,C_037,Húzd föl a redőnyt a kisszobában
XSPK_C_037_T0128,wavs_synthetic_crossspeaker/XSPK_C_037_T0128.wav,C_037,Kapcsold be a rádiót ak a konyhába
XSPK_C_037_T0129,wavs_synthetic_crossspeaker/XSPK_C_037_T0129.wav,C_037,A nagszobában kapcsold ki a ventillátort
XSPK_C_037_T0130,wavs_synthetic_crossspeaker/XSPK_C_037_T0130.wav,C_037,Kapcsuld le a villanyt a kiszobában
XSPK_C_037_T0131,wavs_synthetic_crossspeaker/XSPK_C_037_T0131.wav,C_037,Nyiss az ajtót a szobában.
XSPK_C_037_T0132,wavs_synthetic_crossspeaker/XSPK_C_037_T0132.wav,C_037,Kapcsold be a fűtést a nagycobába
XSPK_C_037_T0133,wavs_synthetic_crossspeaker/XSPK_C_037_T0133.wav,C_037,A porszívót kapcsold be a folyosón
XSPK_C_037_T0134,wavs_synthetic_crossspeaker/XSPK_C_037_T0134.wav,C_037,Húzd fel a redőnt a nagycobában.
XSPK_C_037_T0135,wavs_synthetic_crossspeaker/XSPK_C_037_T0135.wav,C_037,A fürdőszoba ajtót zárd be légy szíves
XSPK_C_037_T0136,wavs_synthetic_crossspeaker/XSPK_C_037_T0136.wav,C_037,A konyhában kapcsold be a ke kenyérpirító.
XSPK_C_037_T0137,wavs_synthetic_crossspeaker/XSPK_C_037_T0137.wav,C_037,Az ablakban az ablakot nyissa ki az a konyhában
XSPK_C_037_T0138,wavs_synthetic_crossspeaker/XSPK_C_037_T0138.wav,C_037,A konyhában kapcsold ki a vízforraló.
XSPK_C_037_T0139,wavs_synthetic_crossspeaker/XSPK_C_037_T0139.wav,C_037,A nagycobában kapcsold ki a rádiót
XSPK_C_037_T0140,wavs_synthetic_crossspeaker/XSPK_C_037_T0140.wav,C_037,Bezárjuk az ablakot a fürdőszobában
XSPK_C_037_T0141,wavs_synthetic_crossspeaker/XSPK_C_037_T0141.wav,C_037,Húzd fel a redőnyt a szobában
XSPK_C_037_T0142,wavs_synthetic_crossspeaker/XSPK_C_037_T0142.wav,C_037,A konyhában kapcsold ki a forszívót
XSPK_C_037_T0143,wavs_synthetic_crossspeaker/XSPK_C_037_T0143.wav,C_037,A szobában váltsál a rádión csatornát
XSPK_C_037_T0144,wavs_synthetic_crossspeaker/XSPK_C_037_T0144.wav,C_037,A konyhában khapcsold be a porszivót.
XSPK_C_037_T0145,wavs_synthetic_crossspeaker/XSPK_C_037_T0145.wav,C_037,A kisszobában húzd feljebb a radidátor
XSPK_C_037_T0146,wavs_synthetic_crossspeaker/XSPK_C_037_T0146.wav,C_037,Kapcsold ki a ventilátort a folyoson
XSPK_C_037_T0147,wavs_synthetic_crossspeaker/XSPK_C_037_T0147.wav,C_037,A konyhában halkítsd le a tévét
XSPK_C_037_T0148,wavs_synthetic_crossspeaker/XSPK_C_037_T0148.wav,C_037,A kisszobában huzzunk szét a függöny
XSPK_C_037_T0149,wavs_synthetic_crossspeaker/XSPK_C_037_T0149.wav,C_037,A folyosón kapcsold ki a fűtést.
XSPK_C_037_T0150,wavs_synthetic_crossspeaker/XSPK_C_037_T0150.wav,C_037,Konyhában kapcsold ki a pirítóst
XSPK_C_037_T0151,wavs_synthetic_crossspeaker/XSPK_C_037_T0151.wav,C_037,Kapcsold le a konyhába a villanyt
XSPK_C_037_T0152,wavs_synthetic_crossspeaker/XSPK_C_037_T0152.wav,C_037,A fürdőszobában húzd elre a redőnyt
XSPK_C_037_T0153,wavs_synthetic_crossspeaker/XSPK_C_037_T0153.wav,C_037,A szobában húzd fel a redőnyt
XSPK_C_037_T0154,wavs_synthetic_crossspeaker/XSPK_C_037_T0154.wav,C_037,A konyhába váltsál csatornát a rádin
XSPK_C_037_T0155,wavs_synthetic_crossspeaker/XSPK_C_037_T0155.wav,C_037,A fürdőszobába húzd szét légy szíves a függönyt
XSPK_C_037_T0156,wavs_synthetic_crossspeaker/XSPK_C_037_T0156.wav,C_037,Nyisd ki a konyha ablakot
XSPK_C_037_T0157,wavs_synthetic_crossspeaker/XSPK_C_037_T0157.wav,C_037,A kiccobában húzd föl a fűtést.
XSPK_C_037_T0158,wavs_synthetic_crossspeaker/XSPK_C_037_T0158.wav,C_037,Konyhába húzd szét a függöny.
XSPK_C_037_T0159,wavs_synthetic_crossspeaker/XSPK_C_037_T0159.wav,C_037,A konyhában kapcsold be a kenyérpirítót.
XSPK_C_037_T0160,wavs_synthetic_crossspeaker/XSPK_C_037_T0160.wav,C_037,Fürdőcobában kapcsold be a ventillátort
XSPK_C_037_T0161,wavs_synthetic_crossspeaker/XSPK_C_037_T0161.wav,C_037,A fürdőszobában húzd föl a fűtést
XSPK_C_037_T0162,wavs_synthetic_crossspeaker/XSPK_C_037_T0162.wav,C_037,A kisszobába húzd le a redőnyt.
XSPK_C_037_T0163,wavs_synthetic_crossspeaker/XSPK_C_037_T0163.wav,C_037,Húzd fel a fűtést a nagy nagyszobában
XSPK_C_037_T0164,wavs_synthetic_crossspeaker/XSPK_C_037_T0164.wav,C_037,A folyosói redőnyt engedd le
XSPK_C_037_T0165,wavs_synthetic_crossspeaker/XSPK_C_037_T0165.wav,C_037,A konyhába húzd fel a redőny
XSPK_C_037_T0166,wavs_synthetic_crossspeaker/XSPK_C_037_T0166.wav,C_037,A konyhában kapcsold be harminc fokon a mosógépet.
XSPK_C_037_T0167,wavs_synthetic_crossspeaker/XSPK_C_037_T0167.wav,C_037,A szobában kapcsold le a villany.
XSPK_C_037_T0168,wavs_synthetic_crossspeaker/XSPK_C_037_T0168.wav,C_037,Zárjuk be az ajtónt a konyhában
XSPK_C_037_T0169,wavs_synthetic_crossspeaker/XSPK_C_037_T0169.wav,C_037,A szobában kapcsold be a rádijó.
XSPK_C_037_T0170,wavs_synthetic_crossspeaker/XSPK_C_037_T0170.wav,C_037,A szobába húzd szét a függönyt.
XSPK_C_037_T0171,wavs_synthetic_crossspeaker/XSPK_C_037_T0171.wav,C_037,Kapcsold be a mosógépet állítsd harminc fokra a konyhában
XSPK_C_037_T0172,wavs_synthetic_crossspeaker/XSPK_C_037_T0172.wav,C_037,A fürdőszobaba kapcsold fel a villanyt
XSPK_C_037_T0173,wavs_synthetic_crossspeaker/XSPK_C_037_T0173.wav,C_037,A kisszobábán nyissd ki az ajtót.
XSPK_C_037_T0174,wavs_synthetic_crossspeaker/XSPK_C_037_T0174.wav,C_037,A nagyszobai számítógépet kapcsold be kérlek
XSPK_C_037_T0175,wavs_synthetic_crossspeaker/XSPK_C_037_T0175.wav,C_037,Hangosíd a tévét a nagyszobában.
XSPK_C_037_T0176,wavs_synthetic_crossspeaker/XSPK_C_037_T0176.wav,C_037,Zárd be az ablakto a nagyszobában
XSPK_C_037_T0177,wavs_synthetic_crossspeaker/XSPK_C_037_T0177.wav,C_037,Kapcsold be a mosó mosogatógépet a konyhában.
XSPK_C_037_T0178,wavs_synthetic_crossspeaker/XSPK_C_037_T0178.wav,C_037,Kapcsold be a nagyszobába a számítógépet
XSPK_C_037_T0179,wavs_synthetic_crossspeaker/XSPK_C_037_T0179.wav,C_037,A nagyszobában kapcsold be a fűtést
XSPK_C_037_T0180,wavs_synthetic_crossspeaker/XSPK_C_037_T0180.wav,C_037,Nagyszobába kapcsoljuk be a számítógépet
XSPK_C_037_T0181,wavs_synthetic_crossspeaker/XSPK_C_037_T0181.wav,C_037,Folyoson kapcsold be a ventillátort
XSPK_C_037_T0182,wavs_synthetic_crossspeaker/XSPK_C_037_T0182.wav,C_037,Nagyszobában hangosítsd a tévét
XSPK_C_037_T0183,wavs_synthetic_crossspeaker/XSPK_C_037_T0183.wav,C_037,Váltsál csatornát
XSPK_C_037_T0184,wavs_synthetic_crossspeaker/XSPK_C_037_T0184.wav,C_037,A kisszobába kapcsold fel a villany
XSPK_C_037_T0185,wavs_synthetic_crossspeaker/XSPK_C_037_T0185.wav,C_037,A konyhába kapcsold be a mosógépet harminc fokon.
XSPK_C_037_T0186,wavs_synthetic_crossspeaker/XSPK_C_037_T0186.wav,C_037,Zárd be az ablakot a nagyszobába
XSPK_C_037_T0187,wavs_synthetic_crossspeaker/XSPK_C_037_T0187.wav,C_037,A folyosón húzd fel a redőnyt
XSPK_C_037_T0188,wavs_synthetic_crossspeaker/XSPK_C_037_T0188.wav,C_037,Nyomd fel a fűtést a szobába
XSPK_C_037_T0189,wavs_synthetic_crossspeaker/XSPK_C_037_T0189.wav,C_037,A ventillátorokat kapcsold ki a szobába
XSPK_C_037_T0190,wavs_synthetic_crossspeaker/XSPK_C_037_T0190.wav,C_037,A szobába zárd be az ablakot.
XSPK_C_037_T0191,wavs_synthetic_crossspeaker/XSPK_C_037_T0191.wav,C_037,Hangosítsd fel a tévét a nagyszobába
XSPK_C_037_T0192,wavs_synthetic_crossspeaker/XSPK_C_037_T0192.wav,C_037,A polyosón pedig kapcsold ki
XSPK_C_037_T0193,wavs_synthetic_crossspeaker/XSPK_C_037_T0193.wav,C_037,Szobába kapcsold ki a számítógépet
XSPK_C_037_T0194,wavs_synthetic_crossspeaker/XSPK_C_037_T0194.wav,C_037,A fojjosón kapcsold ki a fűté.
XSPK_C_037_T0195,wavs_synthetic_crossspeaker/XSPK_C_037_T0195.wav,C_037,A konyhába kapcsold be a mosogatógépet
XSPK_C_037_T0196,wavs_synthetic_crossspeaker/XSPK_C_037_T0196.wav,C_037,A televíziót hangosítsd föl a nagyszobában
XSPK_C_037_T0197,wavs_synthetic_crossspeaker/XSPK_C_037_T0197.wav,C_037,Nagyszobában csendesít a tévét.
XSPK_C_037_T0198,wavs_synthetic_crossspeaker/XSPK_C_037_T0198.wav,C_037,Kapcsold be a számítógépet a fürdőszobába.
XSPK_C_037_T0199,wavs_synthetic_crossspeaker/XSPK_C_037_T0199.wav,C_037,Á szobábán hángosítsd á tévét.
XSPK_C_037_T0200,wavs_synthetic_crossspeaker/XSPK_C_037_T0200.wav,C_037,A szobába is kapcsold ki a ventillátort
XSPK_C_037_T0201,wavs_synthetic_crossspeaker/XSPK_C_037_T0201.wav,C_037,Kapcsolja be a fürdőszobában a számítógépet.
XSPK_C_037_T0202,wavs_synthetic_crossspeaker/XSPK_C_037_T0202.wav,C_037,A konyhába vedd lejjebb a tévét
XSPK_C_037_T0203,wavs_synthetic_crossspeaker/XSPK_C_037_T0203.wav,C_037,A szobai függönyt húzd be
XSPK_C_037_T0204,wavs_synthetic_crossspeaker/XSPK_C_037_T0204.wav,C_037,Kapcsold be a porszivót a szobában.
XSPK_C_037_T0205,wavs_synthetic_crossspeaker/XSPK_C_037_T0205.wav,C_037,Kapcsold be harminc fokon a mosogépet a konyhában.
XSPK_C_037_T0206,wavs_synthetic_crossspeaker/XSPK_C_037_T0206.wav,C_037,Kapcsold ki a ventilárt a kisszobában
XSPK_C_037_T0207,wavs_synthetic_crossspeaker/XSPK_C_037_T0207.wav,C_037,A tobaban nyisd ki az ablakot
XSPK_C_037_T0208,wavs_synthetic_crossspeaker/XSPK_C_037_T0208.wav,C_037,Nyisd ki a szoba ablakot
XSPK_C_037_T0209,wavs_synthetic_crossspeaker/XSPK_C_037_T0209.wav,C_037,Csapcsold le a villanyt a nagyszobában
XSPK_C_038_T0000,wavs_synthetic_crossspeaker/XSPK_C_038_T0000.wav,C_038,Kapcsold ki a mosogatógépet a konyhábán.
XSPK_C_038_T0001,wavs_synthetic_crossspeaker/XSPK_C_038_T0001.wav,C_038,A konyhában engedd le a redőnyt.
XSPK_C_038_T0002,wavs_synthetic_crossspeaker/XSPK_C_038_T0002.wav,C_038,Húzd föl a fűtést a kisszobába.
XSPK_C_038_T0003,wavs_synthetic_crossspeaker/XSPK_C_038_T0003.wav,C_038,A konyhában kapcsold be a rádion
XSPK_C_038_T0004,wavs_synthetic_crossspeaker/XSPK_C_038_T0004.wav,C_038,Kisszobában nyisd ki az ablakot.
XSPK_C_038_T0005,wavs_synthetic_crossspeaker/XSPK_C_038_T0005.wav,C_038,A konyhában a fűtést kapcsold be
XSPK_C_038_T0006,wavs_synthetic_crossspeaker/XSPK_C_038_T0006.wav,C_038,Nyisd ki az ajtót a a kisszobában
XSPK_C_038_T0007,wavs_synthetic_crossspeaker/XSPK_C_038_T0007.wav,C_038,A konyhában válts csatornát a tévén
XSPK_C_038_T0008,wavs_synthetic_crossspeaker/XSPK_C_038_T0008.wav,C_038,Nagyszoban porszívót kikapcsolom
XSPK_C_038_T0009,wavs_synthetic_crossspeaker/XSPK_C_038_T0009.wav,C_038,Kapcsold be a radiátort a konyhában
XSPK_C_038_T0010,wavs_synthetic_crossspeaker/XSPK_C_038_T0010.wav,C_038,Huzd fel a fűtést a nagyszobába
XSPK_C_038_T0011,wavs_synthetic_crossspeaker/XSPK_C_038_T0011.wav,C_038,Vál csatornát a rádión a szobában.
XSPK_C_038_T0012,wavs_synthetic_crossspeaker/XSPK_C_038_T0012.wav,C_038,A fürdőszobában a porszívót kapcsold ki
XSPK_C_038_T0013,wavs_synthetic_crossspeaker/XSPK_C_038_T0013.wav,C_038,A kisszobában kapcsold be a radiátort
XSPK_C_038_T0014,wavs_synthetic_crossspeaker/XSPK_C_038_T0014.wav,C_038,Húzd le radiátort a kis a szobába
XSPK_C_038_T0015,wavs_synthetic_crossspeaker/XSPK_C_038_T0015.wav,C_038,Nagyszoba hőmérsékletet kapcsold le
XSPK_C_038_T0016,wavs_synthetic_crossspeaker/XSPK_C_038_T0016.wav,C_038,A konyhában húzd fel a az radiátort
XSPK_C_038_T0017,wavs_synthetic_crossspeaker/XSPK_C_038_T0017.wav,C_038,Kapcsold be légy szíves a termosztátot a nagyszobába
XSPK_C_038_T0018,wavs_synthetic_crossspeaker/XSPK_C_038_T0018.wav,C_038,Hangosítsd fel a szobában a tévét
XSPK_C_038_T0019,wavs_synthetic_crossspeaker/XSPK_C_038_T0019.wav,C_038,Kisszobába kapcsold ki a számítógépet.
XSPK_C_038_T0020,wavs_synthetic_crossspeaker/XSPK_C_038_T0020.wav,C_038,Húzd fel a redőnyöket a nagyszobában
XSPK_C_038_T0021,wavs_synthetic_crossspeaker/XSPK_C_038_T0021.wav,C_038,Kapcsoljuk le a fürdőszobában a villanyt
XSPK_C_038_T0022,wavs_synthetic_crossspeaker/XSPK_C_038_T0022.wav,C_038,Angosítsd fel a tévét a nagyszobában
XSPK_C_038_T0023,wavs_synthetic_crossspeaker/XSPK_C_038_T0023.wav,C_038,Vedd lejjebb a szoba fűtését légy szíves
XSPK_C_038_T0024,wavs_synthetic_crossspeaker/XSPK_C_038_T0024.wav,C_038,Kapcsold ki a mosogatógépet a konyhába.
XSPK_C_038_T0025,wavs_synthetic_crossspeaker/XSPK_C_038_T0025.wav,C_038,Há hívd fel a lányom
XSPK_C_038_T0026,wavs_synthetic_crossspeaker/XSPK_C_038_T0026.wav,C_038,Kapcsold ki a ventilátort a fürdőszobába
XSPK_C_038_T0027,wavs_synthetic_crossspeaker/XSPK_C_038_T0027.wav,C_038,A szobába kapcsold be a fűtést.
XSPK_C_038_T0028,wavs_synthetic_crossspeaker/XSPK_C_038_T0028.wav,C_038,A kisszobába kapcsold ki a fűtést.
XSPK_C_038_T0029,wavs_synthetic_crossspeaker/XSPK_C_038_T0029.wav,C_038,Konyhába kapcsold ki a mosogatógépet.
XSPK_C_038_T0030,wavs_synthetic_crossspeaker/XSPK_C_038_T0030.wav,C_038,Kapcsold be a szobában a rádiont
XSPK_C_038_T0031,wavs_synthetic_crossspeaker/XSPK_C_038_T0031.wav,C_038,A redőnyt húzd fel a fürdőszobába
XSPK_C_038_T0032,wavs_synthetic_crossspeaker/XSPK_C_038_T0032.wav,C_038,A folyosón hangosítsd a tévét
XSPK_C_038_T0033,wavs_synthetic_crossspeaker/XSPK_C_038_T0033.wav,C_038,Magasabb fokra kapcsoldjuk a fűtést a folyosón
XSPK_C_038_T0034,wavs_synthetic_crossspeaker/XSPK_C_038_T0034.wav,C_038,A konyhába kapcsold ki a radiátor
XSPK_C_038_T0035,wavs_synthetic_crossspeaker/XSPK_C_038_T0035.wav,C_038,Kapcsold fell a villanyt a kisszobában.
XSPK_C_038_T0036,wavs_synthetic_crossspeaker/XSPK_C_038_T0036.wav,C_038,Kapcsold le a villanyt a konyhába.
XSPK_C_038_T0037,wavs_synthetic_crossspeaker/XSPK_C_038_T0037.wav,C_038,Nyisd ki légy szíves a fürdőszoba ajtót
XSPK_C_038_T0038,wavs_synthetic_crossspeaker/XSPK_C_038_T0038.wav,C_038,A kisszobában kapcsold k be a fűtést
XSPK_C_038_T0039,wavs_synthetic_crossspeaker/XSPK_C_038_T0039.wav,C_038,A konyhában kapcold ki a ventillátor
XSPK_C_038_T0040,wavs_synthetic_crossspeaker/XSPK_C_038_T0040.wav,C_038,A nagycobában a tévé hangját halkídd le
XSPK_C_038_T0041,wavs_synthetic_crossspeaker/XSPK_C_038_T0041.wav,C_038,Kapcsold fel a világítást a nagyszobában.
XSPK_C_038_T0042,wavs_synthetic_crossspeaker/XSPK_C_038_T0042.wav,C_038,Kapcsold ki a fórszívót a fürdőszobában
XSPK_C_038_T0043,wavs_synthetic_crossspeaker/XSPK_C_038_T0043.wav,C_038,És kapcsold be a nagyszobában a kenyérpirítót
XSPK_C_038_T0044,wavs_synthetic_crossspeaker/XSPK_C_038_T0044.wav,C_038,A konyhába kapcsold be a radiá
XSPK_C_038_T0045,wavs_synthetic_crossspeaker/XSPK_C_038_T0045.wav,C_038,A nagyszobában kapcsold ki a rádiót
XSPK_C_038_T0046,wavs_synthetic_crossspeaker/XSPK_C_038_T0046.wav,C_038,A kisszobába csinálj csatorna váltást
XSPK_C_038_T0047,wavs_synthetic_crossspeaker/XSPK_C_038_T0047.wav,C_038,Kapcsold be a rádiót a fűrdőszobában
XSPK_C_038_T0048,wavs_synthetic_crossspeaker/XSPK_C_038_T0048.wav,C_038,A szobában húzd fel a függöny
XSPK_C_038_T0049,wavs_synthetic_crossspeaker/XSPK_C_038_T0049.wav,C_038,Kapcsaold be a porszívót a ürdőszobába
XSPK_C_038_T0050,wavs_synthetic_crossspeaker/XSPK_C_038_T0050.wav,C_038,A szobában húzd ki húzd ki a függönyt
XSPK_C_038_T0051,wavs_synthetic_crossspeaker/XSPK_C_038_T0051.wav,C_038,Kapcsold ki a fűtést a szobában
XSPK_C_038_T0052,wavs_synthetic_crossspeaker/XSPK_C_038_T0052.wav,C_038,A konyhában kapcsold be a pirítóssütőt
XSPK_C_038_T0053,wavs_synthetic_crossspeaker/XSPK_C_038_T0053.wav,C_038,Csendesícsd a tévét a konyhában.
XSPK_C_038_T0054,wavs_synthetic_crossspeaker/XSPK_C_038_T0054.wav,C_038,Kapcsold ki a ventillátor a nagyszobában.
XSPK_C_038_T0055,wavs_synthetic_crossspeaker/XSPK_C_038_T0055.wav,C_038,Nagyszobába kapcsold be a rádiót
XSPK_C_038_T0056,wavs_synthetic_crossspeaker/XSPK_C_038_T0056.wav,C_038,Hangosics fel a tévét a kiszobában
XSPK_C_038_T0057,wavs_synthetic_crossspeaker/XSPK_C_038_T0057.wav,C_038,Zárd be az ajtót a konyhába
XSPK_C_038_T0058,wavs_synthetic_crossspeaker/XSPK_C_038_T0058.wav,C_038,Fütés ki szoban
XSPK_C_038_T0059,wavs_synthetic_crossspeaker/XSPK_C_038_T0059.wav,C_038,Kapcsold ki a forszívót a folyosón
XSPK_C_038_T0060,wavs_synthetic_crossspeaker/XSPK_C_038_T0060.wav,C_038,Kapcsold be a pirítót
XSPK_C_038_T0061,wavs_synthetic_crossspeaker/XSPK_C_038_T0061.wav,C_038,Konyhába kapcsold ki a porszívót
XSPK_C_038_T0062,wavs_synthetic_crossspeaker/XSPK_C_038_T0062.wav,C_038,Kapcsold ki a fűtést konyhában
XSPK_C_038_T0063,wavs_synthetic_crossspeaker/XSPK_C_038_T0063.wav,C_038,Konyhában kapcsold be a vízforralót
XSPK_C_038_T0064,wavs_synthetic_crossspeaker/XSPK_C_038_T0064.wav,C_038,Nyis az ajtót a szobában
XSPK_C_038_T0065,wavs_synthetic_crossspeaker/XSPK_C_038_T0065.wav,C_038,Hangosicsd a tévét a fojjos.
XSPK_C_038_T0066,wavs_synthetic_crossspeaker/XSPK_C_038_T0066.wav,C_038,A nagyszobaban zárd be az ablakot
XSPK_C_038_T0067,wavs_synthetic_crossspeaker/XSPK_C_038_T0067.wav,C_038,Kisszobába kapcsold be a radiátort
XSPK_C_038_T0068,wavs_synthetic_crossspeaker/XSPK_C_038_T0068.wav,C_038,A konyhába s húzd szét a fügönyt
XSPK_C_038_T0069,wavs_synthetic_crossspeaker/XSPK_C_038_T0069.wav,C_038,A konyhában kapcsold be a mosógépet és állítsd harminc fokra
XSPK_C_038_T0070,wavs_synthetic_crossspeaker/XSPK_C_038_T0070.wav,C_038,Folyosón húzd föl a fűtést.
XSPK_C_038_T0071,wavs_synthetic_crossspeaker/XSPK_C_038_T0071.wav,C_038,Konyhában vízforraló bekapcsolni
XSPK_C_038_T0072,wavs_synthetic_crossspeaker/XSPK_C_038_T0072.wav,C_038,Nagyszobába húzd fel a fűtés
XSPK_C_038_T0073,wavs_synthetic_crossspeaker/XSPK_C_038_T0073.wav,C_038,Bezártad az ablakot
XSPK_C_038_T0074,wavs_synthetic_crossspeaker/XSPK_C_038_T0074.wav,C_038,A konyhában széthunzuk a függöny
XSPK_C_038_T0075,wavs_synthetic_crossspeaker/XSPK_C_038_T0075.wav,C_038,A fürdőszobaban húzd le a redönyt
XSPK_C_038_T0076,wavs_synthetic_crossspeaker/XSPK_C_038_T0076.wav,C_038,A konyhába kapcsold be a fűtést
XSPK_C_038_T0077,wavs_synthetic_crossspeaker/XSPK_C_038_T0077.wav,C_038,A fürdőszobában kapcsold le a világítás.
XSPK_C_038_T0078,wavs_synthetic_crossspeaker/XSPK_C_038_T0078.wav,C_038,A kisszobába kapcsold be a számítógépet.
XSPK_C_038_T0079,wavs_synthetic_crossspeaker/XSPK_C_038_T0079.wav,C_038,Nagyszobába húzd le a ladiátor
XSPK_C_038_T0080,wavs_synthetic_crossspeaker/XSPK_C_038_T0080.wav,C_038,A függönyt húzd szét a konyhában.
XSPK_C_038_T0081,wavs_synthetic_crossspeaker/XSPK_C_038_T0081.wav,C_038,A redőnyt a szobában húzd fel
XSPK_C_038_T0082,wavs_synthetic_crossspeaker/XSPK_C_038_T0082.wav,C_038,Kapcsold be harminc fokon a mosogépet a konyhában.
XSPK_C_038_T0083,wavs_synthetic_crossspeaker/XSPK_C_038_T0083.wav,C_038,Húzd le a redőnyöket a kisszobában
XSPK_C_038_T0084,wavs_synthetic_crossspeaker/XSPK_C_038_T0084.wav,C_038,A nagyszobába kapcsold föld a villanyt
XSPK_C_038_T0085,wavs_synthetic_crossspeaker/XSPK_C_038_T0085.wav,C_038,Húzd fel a fütés a konyhábá.
XSPK_C_038_T0086,wavs_synthetic_crossspeaker/XSPK_C_038_T0086.wav,C_038,A konyhai rádiót kapcsold be légy szíves
XSPK_C_038_T0087,wavs_synthetic_crossspeaker/XSPK_C_038_T0087.wav,C_038,A kisszobában csendesítsd a tévét
XSPK_C_038_T0088,wavs_synthetic_crossspeaker/XSPK_C_038_T0088.wav,C_038,Nyisd ki az ajtót a folyos
XSPK_C_038_T0089,wavs_synthetic_crossspeaker/XSPK_C_038_T0089.wav,C_038,Mosógépet kapcsold ki a hatvan fokon a konyhában.
XSPK_C_038_T0090,wavs_synthetic_crossspeaker/XSPK_C_038_T0090.wav,C_038,Kisszobában nyisd ki az ajtót
XSPK_C_038_T0091,wavs_synthetic_crossspeaker/XSPK_C_038_T0091.wav,C_038,A szobában kapcsodl be a ventillátort
XSPK_C_038_T0092,wavs_synthetic_crossspeaker/XSPK_C_038_T0092.wav,C_038,Hívd föl a lányomat légy szíves
XSPK_C_038_T0093,wavs_synthetic_crossspeaker/XSPK_C_038_T0093.wav,C_038,Nagyszobába húzd le a fűtést
XSPK_C_038_T0094,wavs_synthetic_crossspeaker/XSPK_C_038_T0094.wav,C_038,Kápcsold ki a porcsivót a kisszobában.
XSPK_C_038_T0095,wavs_synthetic_crossspeaker/XSPK_C_038_T0095.wav,C_038,Nagyszobába zárd be az ajtó
XSPK_C_038_T0096,wavs_synthetic_crossspeaker/XSPK_C_038_T0096.wav,C_038,Fürdőszobába kapcsold fel a villanyt.
XSPK_C_038_T0097,wavs_synthetic_crossspeaker/XSPK_C_038_T0097.wav,C_038,Szobában kapcsold be a porszívót.
XSPK_C_038_T0098,wavs_synthetic_crossspeaker/XSPK_C_038_T0098.wav,C_038,Kapcsold be a fűtés a szobában.
XSPK_C_038_T0099,wavs_synthetic_crossspeaker/XSPK_C_038_T0099.wav,C_038,Szobában csendesítsd a tévét.
XSPK_C_038_T0100,wavs_synthetic_crossspeaker/XSPK_C_038_T0100.wav,C_038,Számítógépet kapcsold ki a há a bakonyhába
XSPK_C_038_T0101,wavs_synthetic_crossspeaker/XSPK_C_038_T0101.wav,C_038,A folyosón kapcsold be a ventillátor
XSPK_C_038_T0102,wavs_synthetic_crossspeaker/XSPK_C_038_T0102.wav,C_038,A fürdőszobába hangosítsuk a tévét
XSPK_C_038_T0103,wavs_synthetic_crossspeaker/XSPK_C_038_T0103.wav,C_038,Kapcsold ki légy szíves a porszívót a folyosón
XSPK_C_038_T0104,wavs_synthetic_crossspeaker/XSPK_C_038_T0104.wav,C_038,A konyhában kacsvold ki  sütőt
XSPK_C_038_T0105,wavs_synthetic_crossspeaker/XSPK_C_038_T0105.wav,C_038,Kapcsold be hatvan fokon a mosógépet a fürdőszobába.
XSPK_C_038_T0106,wavs_synthetic_crossspeaker/XSPK_C_038_T0106.wav,C_038,Kinyitjuk a ablakot a konyhában
XSPK_C_038_T0107,wavs_synthetic_crossspeaker/XSPK_C_038_T0107.wav,C_038,Húzd föl a fűtést a szobában.
XSPK_C_038_T0108,wavs_synthetic_crossspeaker/XSPK_C_038_T0108.wav,C_038,Kapcsold be a ventillátort a kisszobábá.
XSPK_C_038_T0109,wavs_synthetic_crossspeaker/XSPK_C_038_T0109.wav,C_038,Kapcsolj ki a rádjót a szobában.
XSPK_C_038_T0110,wavs_synthetic_crossspeaker/XSPK_C_038_T0110.wav,C_038,Kisszobába vál csatornát a tévén.
XSPK_C_038_T0111,wavs_synthetic_crossspeaker/XSPK_C_038_T0111.wav,C_038,A fürdőszobába kapcsold fel a villanyt
XSPK_C_038_T0112,wavs_synthetic_crossspeaker/XSPK_C_038_T0112.wav,C_038,A fürdőszobába húzd szét a függönyt
XSPK_C_038_T0113,wavs_synthetic_crossspeaker/XSPK_C_038_T0113.wav,C_038,A radiátor kapcsold be a kisszobába
XSPK_C_038_T0114,wavs_synthetic_crossspeaker/XSPK_C_038_T0114.wav,C_038,Vál csatornát a rádión a kisszobába.
XSPK_C_038_T0115,wavs_synthetic_crossspeaker/XSPK_C_038_T0115.wav,C_038,Húzd fel a fűdést a kisszobában
XSPK_C_038_T0116,wavs_synthetic_crossspeaker/XSPK_C_038_T0116.wav,C_038,A nagyszobában kapcsold be a porszívó.
XSPK_C_038_T0117,wavs_synthetic_crossspeaker/XSPK_C_038_T0117.wav,C_038,Lekapcsoljuk a fűtést a konyhában
XSPK_C_038_T0118,wavs_synthetic_crossspeaker/XSPK_C_038_T0118.wav,C_038,Kapcsold ki légy szíves a termosztátot a folyosón
XSPK_C_038_T0119,wavs_synthetic_crossspeaker/XSPK_C_038_T0119.wav,C_038,A konyhában nyísd ki az ajtót
XSPK_C_038_T0120,wavs_synthetic_crossspeaker/XSPK_C_038_T0120.wav,C_038,Húzd fel a rod redőnyt a szobában
XSPK_C_038_T0121,wavs_synthetic_crossspeaker/XSPK_C_038_T0121.wav,C_038,Kapcsold fel a szobába a hőmérsékletet
XSPK_C_038_T0122,wavs_synthetic_crossspeaker/XSPK_C_038_T0122.wav,C_038,Konyhában kapcsolja be a számítógépet.
XSPK_C_038_T0123,wavs_synthetic_crossspeaker/XSPK_C_038_T0123.wav,C_038,A konyhába váltsál csatornát a rádin
XSPK_C_038_T0124,wavs_synthetic_crossspeaker/XSPK_C_038_T0124.wav,C_038,Válts csatornát a tévét a nagyszobában
XSPK_C_038_T0125,wavs_synthetic_crossspeaker/XSPK_C_038_T0125.wav,C_038,Kíszobában kapcsold be a számítógépet.
XSPK_C_038_T0126,wavs_synthetic_crossspeaker/XSPK_C_038_T0126.wav,C_038,Vedd lejjebb a radiátort a szobában
XSPK_C_038_T0127,wavs_synthetic_crossspeaker/XSPK_C_038_T0127.wav,C_038,Szobába válts csatornát a tévén
XSPK_C_038_T0128,wavs_synthetic_crossspeaker/XSPK_C_038_T0128.wav,C_038,Zapcsold ki a radidátor a nagyszobában
XSPK_C_038_T0129,wavs_synthetic_crossspeaker/XSPK_C_038_T0129.wav,C_038,Konyhába csukd be az ablakot
XSPK_C_038_T0130,wavs_synthetic_crossspeaker/XSPK_C_038_T0130.wav,C_038,Konyhába kapcsold ki a poszívót
XSPK_C_038_T0131,wavs_synthetic_crossspeaker/XSPK_C_038_T0131.wav,C_038,Válcs latornát a rádijón a kisszobába.
XSPK_C_038_T0132,wavs_synthetic_crossspeaker/XSPK_C_038_T0132.wav,C_038,A nagyszobába válcs csatornát a rádijón.
XSPK_C_038_T0133,wavs_synthetic_crossspeaker/XSPK_C_038_T0133.wav,C_038,Nagyszobában húzd fel a redőnyt.
XSPK_C_038_T0134,wavs_synthetic_crossspeaker/XSPK_C_038_T0134.wav,C_038,A fürdőszobában zárd be az ajtót
XSPK_C_038_T0135,wavs_synthetic_crossspeaker/XSPK_C_038_T0135.wav,C_038,Kapcsold fel a villanyt a fürdőszobába
XSPK_C_038_T0136,wavs_synthetic_crossspeaker/XSPK_C_038_T0136.wav,C_038,Fürdőszobába kapcsold ki légy szíves a porszívót
XSPK_C_038_T0137,wavs_synthetic_crossspeaker/XSPK_C_038_T0137.wav,C_038,Nagyszobai rádión légy szíves csatornát váltani
XSPK_C_038_T0138,wavs_synthetic_crossspeaker/XSPK_C_038_T0138.wav,C_038,Ód el a ledőnyt a nagyszobában
XSPK_C_038_T0139,wavs_synthetic_crossspeaker/XSPK_C_038_T0139.wav,C_038,Kapcsold be a ventilátort a folyosónban
XSPK_C_038_T0140,wavs_synthetic_crossspeaker/XSPK_C_038_T0140.wav,C_038,Kapcsold be a mosógépet harminc fokon a konyhában.
XSPK_C_038_T0141,wavs_synthetic_crossspeaker/XSPK_C_038_T0141.wav,C_038,Hangosítsd fel a tévét a kisszobában.
XSPK_C_038_T0142,wavs_synthetic_crossspeaker/XSPK_C_038_T0142.wav,C_038,Húzd le a lell redőnyt a fürdőszobába.
XSPK_C_038_T0143,wavs_synthetic_crossspeaker/XSPK_C_038_T0143.wav,C_038,A kisszoba függönyét behúznád
XSPK_C_038_T0144,wavs_synthetic_crossspeaker/XSPK_C_038_T0144.wav,C_038,A füldőszobába kapcsold be a porszívót
XSPK_C_038_T0145,wavs_synthetic_crossspeaker/XSPK_C_038_T0145.wav,C_038,A fürdőszobában húzzuk be a függöny
XSPK_C_038_T0146,wavs_synthetic_crossspeaker/XSPK_C_038_T0146.wav,C_038,A konyhában kapcsold ki a kenyérpirító.
XSPK_C_038_T0147,wavs_synthetic_crossspeaker/XSPK_C_038_T0147.wav,C_038,Kapcsold be a sz rádiót a kisszobába
XSPK_C_038_T0148,wavs_synthetic_crossspeaker/XSPK_C_038_T0148.wav,C_038,Kapcsold be a konyhában a rádiót
XSPK_C_038_T0149,wavs_synthetic_crossspeaker/XSPK_C_038_T0149.wav,C_038,Zárd be az ajtót á fojjosón.
XSPK_C_038_T0150,wavs_synthetic_crossspeaker/XSPK_C_038_T0150.wav,C_038,A függönyt húzzuk be a folyosón
XSPK_C_038_T0151,wavs_synthetic_crossspeaker/XSPK_C_038_T0151.wav,C_038,Kapcsold be a folyosón a ventilátort
XSPK_C_038_T0152,wavs_synthetic_crossspeaker/XSPK_C_038_T0152.wav,C_038,Kapcsold be a villanyt a fürdőszobában.
XSPK_C_038_T0153,wavs_synthetic_crossspeaker/XSPK_C_038_T0153.wav,C_038,A konyhába hangosítsd le a tévét
XSPK_C_038_T0154,wavs_synthetic_crossspeaker/XSPK_C_038_T0154.wav,C_038,Kapcsold ki a ventilátort a fürdőszobában
XSPK_C_038_T0155,wavs_synthetic_crossspeaker/XSPK_C_038_T0155.wav,C_038,Kapcsold be a fűtést a nagycobában.
XSPK_C_038_T0156,wavs_synthetic_crossspeaker/XSPK_C_038_T0156.wav,C_038,Kapcsold be a porszivót a kisszobában.
XSPK_C_038_T0157,wavs_synthetic_crossspeaker/XSPK_C_038_T0157.wav,C_038,Kapcsold ki a porszívót igen a szobában
XSPK_C_038_T0158,wavs_synthetic_crossspeaker/XSPK_C_038_T0158.wav,C_038,Kapcsold be a mosógépet a fühldőszobában harminc fokon
XSPK_C_038_T0159,wavs_synthetic_crossspeaker/XSPK_C_038_T0159.wav,C_038,A fürdőszobábá húsd vell a redőnyt.
XSPK_C_038_T0160,wavs_synthetic_crossspeaker/XSPK_C_038_T0160.wav,C_038,Felkapcsoljuk a fűtést a kisszobában
XSPK_C_038_T0161,wavs_synthetic_crossspeaker/XSPK_C_038_T0161.wav,C_038,Folyosóba nyisd ki az ajtót
XSPK_C_038_T0162,wavs_synthetic_crossspeaker/XSPK_C_038_T0162.wav,C_038,Csendesíts tévét a fürdőszobaban.
XSPK_C_038_T0163,wavs_synthetic_crossspeaker/XSPK_C_038_T0163.wav,C_038,Húzd fel a reedőnyt a konyhába
XSPK_C_038_T0164,wavs_synthetic_crossspeaker/XSPK_C_038_T0164.wav,C_038,Üsd ki az ajtót a folyosón.
XSPK_C_038_T0165,wavs_synthetic_crossspeaker/XSPK_C_038_T0165.wav,C_038,A kisszobában kapcsold fel a világítást.
XSPK_C_038_T0166,wavs_synthetic_crossspeaker/XSPK_C_038_T0166.wav,C_038,A kisszobába húzd be a függönyt
XSPK_C_038_T0167,wavs_synthetic_crossspeaker/XSPK_C_038_T0167.wav,C_038,Húzd fel a fűtést a konyhában
XSPK_C_038_T0168,wavs_synthetic_crossspeaker/XSPK_C_038_T0168.wav,C_038,A konyhában hideg van vagy meleg van vissza kell venni a fűtést
XSPK_C_038_T0169,wavs_synthetic_crossspeaker/XSPK_C_038_T0169.wav,C_038,Kap csold ki a kenyérpirítót a konyhába.
XSPK_C_038_T0170,wavs_synthetic_crossspeaker/XSPK_C_038_T0170.wav,C_038,A nagyszobában kapcsold le a lámpát zárt
XSPK_C_038_T0171,wavs_synthetic_crossspeaker/XSPK_C_038_T0171.wav,C_038,A folyosón kapcsold ki a porszívót
XSPK_C_038_T0172,wavs_synthetic_crossspeaker/XSPK_C_038_T0172.wav,C_038,Szobába nyisd ki az ajtót
XSPK_C_038_T0173,wavs_synthetic_crossspeaker/XSPK_C_038_T0173.wav,C_038,Húzd le a redőnyt a szobában
XSPK_C_038_T0174,wavs_synthetic_crossspeaker/XSPK_C_038_T0174.wav,C_038,A fürdőszobába kapcsold ki a ventillátort
XSPK_C_038_T0175,wavs_synthetic_crossspeaker/XSPK_C_038_T0175.wav,C_038,Kisszobában csendesícsd a tévét.
XSPK_C_038_T0176,wavs_synthetic_crossspeaker/XSPK_C_038_T0176.wav,C_038,Kapcsold ki a tévét a fürdőszobába
XSPK_C_038_T0177,wavs_synthetic_crossspeaker/XSPK_C_038_T0177.wav,C_038,Válts csatornát a tévén a fürdőben
XSPK_C_038_T0178,wavs_synthetic_crossspeaker/XSPK_C_038_T0178.wav,C_038,Nyisd ki ajt a fürdőszobában
XSPK_C_038_T0179,wavs_synthetic_crossspeaker/XSPK_C_038_T0179.wav,C_038,Kapcsold ki a számítógépre fürdőszobában.
XSPK_C_038_T0180,wavs_synthetic_crossspeaker/XSPK_C_038_T0180.wav,C_038,Fürdőszobában húz le a fűtés
XSPK_C_038_T0181,wavs_synthetic_crossspeaker/XSPK_C_038_T0181.wav,C_038,A folyosón kapcsold ki a tévét
XSPK_C_038_T0182,wavs_synthetic_crossspeaker/XSPK_C_038_T0182.wav,C_038,Konyhába csatornát váltunk a televízión
XSPK_C_038_T0183,wavs_synthetic_crossspeaker/XSPK_C_038_T0183.wav,C_038,kisszobába huzd fel a fűtés
XSPK_C_038_T0184,wavs_synthetic_crossspeaker/XSPK_C_038_T0184.wav,C_038,A folyosón lehúznád a redőnyt
XSPK_C_038_T0185,wavs_synthetic_crossspeaker/XSPK_C_038_T0185.wav,C_038,Húzd le a fütés a konyhában.
XSPK_C_038_T0186,wavs_synthetic_crossspeaker/XSPK_C_038_T0186.wav,C_038,Váltsál csatornát a folyosói rádión
XSPK_C_038_T0187,wavs_synthetic_crossspeaker/XSPK_C_038_T0187.wav,C_038,Kapcsold fel a villant a konyhaban
XSPK_C_038_T0188,wavs_synthetic_crossspeaker/XSPK_C_038_T0188.wav,C_038,Húzd le a redőnt a kisszobában.
XSPK_C_038_T0189,wavs_synthetic_crossspeaker/XSPK_C_038_T0189.wav,C_038,Zár be az ablakot a kisszobában
XSPK_C_038_T0190,wavs_synthetic_crossspeaker/XSPK_C_038_T0190.wav,C_038,A konyhába húzd be a függönyt
XSPK_C_038_T0191,wavs_synthetic_crossspeaker/XSPK_C_038_T0191.wav,C_038,Konyhában nyisd ki az ajtot
XSPK_C_038_T0192,wavs_synthetic_crossspeaker/XSPK_C_038_T0192.wav,C_038,A konyhába kapcsold be a kenyérpirítót.
XSPK_C_038_T0193,wavs_synthetic_crossspeaker/XSPK_C_038_T0193.wav,C_038,A szobában kapcsold fel a villanyt.
XSPK_C_038_T0194,wavs_synthetic_crossspeaker/XSPK_C_038_T0194.wav,C_038,Húzzuk be a függönyt a konyhában
XSPK_C_038_T0195,wavs_synthetic_crossspeaker/XSPK_C_038_T0195.wav,C_038,Nagyszobába húz le a fűtés
XSPK_C_038_T0196,wavs_synthetic_crossspeaker/XSPK_C_038_T0196.wav,C_038,Nagyszobába nyisd ki az ablakot
XSPK_C_038_T0197,wavs_synthetic_crossspeaker/XSPK_C_038_T0197.wav,C_038,Kapcsold a a mosógépet hatvan fokot a fürdőszobában
XSPK_C_038_T0198,wavs_synthetic_crossspeaker/XSPK_C_038_T0198.wav,C_038,A nagyszobában kapcsold be a ventilátort légy szíves
XSPK_C_038_T0199,wavs_synthetic_crossspeaker/XSPK_C_038_T0199.wav,C_038,Húzd be a függönyt a konyhában
XSPK_C_038_T0200,wavs_synthetic_crossspeaker/XSPK_C_038_T0200.wav,C_038,Kapcsold be a rádiót a fühldőszobába
XSPK_C_038_T0201,wavs_synthetic_crossspeaker/XSPK_C_038_T0201.wav,C_038,Kapcsold le a villant a konyhában
XSPK_C_038_T0202,wavs_synthetic_crossspeaker/XSPK_C_038_T0202.wav,C_038,A szobában kapcold ki a rádiót.
XSPK_C_038_T0203,wavs_synthetic_crossspeaker/XSPK_C_038_T0203.wav,C_038,Nagyszobába húzd be a függönyt.
XSPK_C_038_T0204,wavs_synthetic_crossspeaker/XSPK_C_038_T0204.wav,C_038,A kisszobában az ajtót nyissuk ki
XSPK_C_038_T0205,wavs_synthetic_crossspeaker/XSPK_C_038_T0205.wav,C_038,Szobába kapcsold fel a fűtést
XSPK_C_038_T0206,wavs_synthetic_crossspeaker/XSPK_C_038_T0206.wav,C_038,A szobában zárd be az ablakon
XSPK_C_038_T0207,wavs_synthetic_crossspeaker/XSPK_C_038_T0207.wav,C_038,Hatvan fokra állítsd a állítsd a mosógépet
XSPK_C_038_T0208,wavs_synthetic_crossspeaker/XSPK_C_038_T0208.wav,C_038,Fürdőszobába vedd le a radiátort
XSPK_C_038_T0209,wavs_synthetic_crossspeaker/XSPK_C_038_T0209.wav,C_038,A fürdőszobában kapcsold be a tévét.
XSPK_C_040_T0000,wavs_synthetic_crossspeaker/XSPK_C_040_T0000.wav,C_040,Húzd fel a fűtést a kiszobaban.
XSPK_C_040_T0001,wavs_synthetic_crossspeaker/XSPK_C_040_T0001.wav,C_040,Zárd be az ablakot a na nagyszobában
XSPK_C_040_T0002,wavs_synthetic_crossspeaker/XSPK_C_040_T0002.wav,C_040,Kapcsold ki a porszivót a szobában.
XSPK_C_040_T0003,wavs_synthetic_crossspeaker/XSPK_C_040_T0003.wav,C_040,Csendesíd a tévét a kisszobában.
XSPK_C_040_T0004,wavs_synthetic_crossspeaker/XSPK_C_040_T0004.wav,C_040,A konyha ajtót bezárnád
XSPK_C_040_T0005,wavs_synthetic_crossspeaker/XSPK_C_040_T0005.wav,C_040,Zárd be az ajtót a noában.
XSPK_C_040_T0006,wavs_synthetic_crossspeaker/XSPK_C_040_T0006.wav,C_040,A konyhába húzd le a radiátort
XSPK_C_040_T0007,wavs_synthetic_crossspeaker/XSPK_C_040_T0007.wav,C_040,Kapcsold be a fűtést a folyosón
XSPK_C_040_T0008,wavs_synthetic_crossspeaker/XSPK_C_040_T0008.wav,C_040,Hangosídd a tévét a szobában
XSPK_C_040_T0009,wavs_synthetic_crossspeaker/XSPK_C_040_T0009.wav,C_040,A kisszobába kapcsold ki a ventilátor
XSPK_C_040_T0010,wavs_synthetic_crossspeaker/XSPK_C_040_T0010.wav,C_040,Váltsál csatornát a rádióban a szobában
XSPK_C_040_T0011,wavs_synthetic_crossspeaker/XSPK_C_040_T0011.wav,C_040,Szobába kapcsold fel a villanyt
XSPK_C_040_T0012,wavs_synthetic_crossspeaker/XSPK_C_040_T0012.wav,C_040,Konyhában kapcsold be a fűtés.
XSPK_C_040_T0013,wavs_synthetic_crossspeaker/XSPK_C_040_T0013.wav,C_040,Kapcsold le a villan a fürdőszobában
XSPK_C_040_T0014,wavs_synthetic_crossspeaker/XSPK_C_040_T0014.wav,C_040,A tetőtérablakot csukjuk be
XSPK_C_040_T0015,wavs_synthetic_crossspeaker/XSPK_C_040_T0015.wav,C_040,Kapcsold be a mosógépet és állítsd hatvan fokra a fürdőszobába
XSPK_C_040_T0016,wavs_synthetic_crossspeaker/XSPK_C_040_T0016.wav,C_040,A kisszobában húzd szét a függöny.
XSPK_C_040_T0017,wavs_synthetic_crossspeaker/XSPK_C_040_T0017.wav,C_040,Húzd fel a redőnyt a fürdőszobában.
XSPK_C_040_T0018,wavs_synthetic_crossspeaker/XSPK_C_040_T0018.wav,C_040,Nagyszobában le fütés
XSPK_C_040_T0019,wavs_synthetic_crossspeaker/XSPK_C_040_T0019.wav,C_040,Húzd fel a redpnyt a folyosón
XSPK_C_040_T0020,wavs_synthetic_crossspeaker/XSPK_C_040_T0020.wav,C_040,Kapcsold lejjebb a fűtést a nagyszobában
XSPK_C_040_T0021,wavs_synthetic_crossspeaker/XSPK_C_040_T0021.wav,C_040,Szobában nyit a ajtom
XSPK_C_040_T0022,wavs_synthetic_crossspeaker/XSPK_C_040_T0022.wav,C_040,Húzd le a ledőnyt a kisszobában
XSPK_C_040_T0023,wavs_synthetic_crossspeaker/XSPK_C_040_T0023.wav,C_040,A szobában kapcsold ki a ventilátort
XSPK_C_040_T0024,wavs_synthetic_crossspeaker/XSPK_C_040_T0024.wav,C_040,Kapcsold ki a tévét a fürdőszobában.
XSPK_C_040_T0025,wavs_synthetic_crossspeaker/XSPK_C_040_T0025.wav,C_040,Kapcsold ki a porszívót a folyoson
XSPK_C_040_T0026,wavs_synthetic_crossspeaker/XSPK_C_040_T0026.wav,C_040,Fürdőszobába hangosítsd a tévét.
XSPK_C_040_T0027,wavs_synthetic_crossspeaker/XSPK_C_040_T0027.wav,C_040,Nyisd ki az ajtót a für a folyosón
XSPK_C_040_T0028,wavs_synthetic_crossspeaker/XSPK_C_040_T0028.wav,C_040,Kisszobában engedd le a redőnyt
XSPK_C_040_T0029,wavs_synthetic_crossspeaker/XSPK_C_040_T0029.wav,C_040,Vedd lejjebb a fűtést a kis nagyszobába
XSPK_C_040_T0030,wavs_synthetic_crossspeaker/XSPK_C_040_T0030.wav,C_040,A szobába is kapcsold ki a ventillátort
XSPK_C_040_T0031,wavs_synthetic_crossspeaker/XSPK_C_040_T0031.wav,C_040,A folyosón kapcsold ki a porszívó.
XSPK_C_040_T0032,wavs_synthetic_crossspeaker/XSPK_C_040_T0032.wav,C_040,Nyisd ki az ajtót a nacobában.
XSPK_C_040_T0033,wavs_synthetic_crossspeaker/XSPK_C_040_T0033.wav,C_040,A szobában csendesítsd a tévét.
XSPK_C_040_T0034,wavs_synthetic_crossspeaker/XSPK_C_040_T0034.wav,C_040,Zárd be az ajtót a kisszobámban.
XSPK_C_040_T0035,wavs_synthetic_crossspeaker/XSPK_C_040_T0035.wav,C_040,Nagyszobábal kapcsold ki a fűtést
XSPK_C_040_T0036,wavs_synthetic_crossspeaker/XSPK_C_040_T0036.wav,C_040,A ventillátort kapcsold ki a folyosón
XSPK_C_040_T0037,wavs_synthetic_crossspeaker/XSPK_C_040_T0037.wav,C_040,Konyhába kapcsold fel a villanyt.
XSPK_C_040_T0038,wavs_synthetic_crossspeaker/XSPK_C_040_T0038.wav,C_040,Halkítcs a tévén a szobába
XSPK_C_040_T0039,wavs_synthetic_crossspeaker/XSPK_C_040_T0039.wav,C_040,Szobába kapcsold le a villanyt
XSPK_C_040_T0040,wavs_synthetic_crossspeaker/XSPK_C_040_T0040.wav,C_040,Kapcsold át a televíziót a nagyzobában
XSPK_C_040_T0041,wavs_synthetic_crossspeaker/XSPK_C_040_T0041.wav,C_040,Váltsál csatornát a fürdőszobai rádión
XSPK_C_040_T0042,wavs_synthetic_crossspeaker/XSPK_C_040_T0042.wav,C_040,A kisszobaban huzd le a redöny
XSPK_C_040_T0043,wavs_synthetic_crossspeaker/XSPK_C_040_T0043.wav,C_040,Nyissák meg az ablakot a kisszobába
XSPK_C_040_T0044,wavs_synthetic_crossspeaker/XSPK_C_040_T0044.wav,C_040,A szobában kapcsold le a világítást.
XSPK_C_040_T0045,wavs_synthetic_crossspeaker/XSPK_C_040_T0045.wav,C_040,Kapcsold be a sütőt a konyhában
XSPK_C_040_T0046,wavs_synthetic_crossspeaker/XSPK_C_040_T0046.wav,C_040,Konyhába engedd le a redőnyt.
XSPK_C_040_T0047,wavs_synthetic_crossspeaker/XSPK_C_040_T0047.wav,C_040,A nagyszobába lévő számítógépet kapcsold ki légy szíves
XSPK_C_040_T0048,wavs_synthetic_crossspeaker/XSPK_C_040_T0048.wav,C_040,Folyosóban kapcsold be rádió.
XSPK_C_040_T0049,wavs_synthetic_crossspeaker/XSPK_C_040_T0049.wav,C_040,A nagyszobában csendesítsd a tévét.
XSPK_C_040_T0050,wavs_synthetic_crossspeaker/XSPK_C_040_T0050.wav,C_040,Húzd fel a redőnt a kisszobában.
XSPK_C_040_T0051,wavs_synthetic_crossspeaker/XSPK_C_040_T0051.wav,C_040,Kapcsoljuk ki a fűtést a nagyszobába
XSPK_C_040_T0052,wavs_synthetic_crossspeaker/XSPK_C_040_T0052.wav,C_040,Kapcsold ki a rádjót a folyosón.
XSPK_C_040_T0053,wavs_synthetic_crossspeaker/XSPK_C_040_T0053.wav,C_040,Húzd le a redőnyt a nagyszobában.
XSPK_C_040_T0054,wavs_synthetic_crossspeaker/XSPK_C_040_T0054.wav,C_040,A kisszobába húzd le a radiátort
XSPK_C_040_T0055,wavs_synthetic_crossspeaker/XSPK_C_040_T0055.wav,C_040,A szobában vál catornát a tévén.
XSPK_C_040_T0056,wavs_synthetic_crossspeaker/XSPK_C_040_T0056.wav,C_040,Kapcsold ki a számítógépet a konyhánk a konyhában.
XSPK_C_040_T0057,wavs_synthetic_crossspeaker/XSPK_C_040_T0057.wav,C_040,Halkasítsd le a tévét a fürdőszobába
XSPK_C_040_T0058,wavs_synthetic_crossspeaker/XSPK_C_040_T0058.wav,C_040,Hút fel a fűtést a fürdőszobában.
XSPK_C_040_T0059,wavs_synthetic_crossspeaker/XSPK_C_040_T0059.wav,C_040,A nagyszobában kapcsold ki a porszivót.
XSPK_C_040_T0060,wavs_synthetic_crossspeaker/XSPK_C_040_T0060.wav,C_040,Fürdőszobába kapcsoljuk ki a porszívót
XSPK_C_040_T0061,wavs_synthetic_crossspeaker/XSPK_C_040_T0061.wav,C_040,Felkapcsoljuk a nagycobában a fűtést
XSPK_C_040_T0062,wavs_synthetic_crossspeaker/XSPK_C_040_T0062.wav,C_040,Kapcsold ki a radiátort a nagy szobába
XSPK_C_040_T0063,wavs_synthetic_crossspeaker/XSPK_C_040_T0063.wav,C_040,Folyoson zárd be az ajtót
XSPK_C_040_T0064,wavs_synthetic_crossspeaker/XSPK_C_040_T0064.wav,C_040,A konyhában kapcsold be a ke a kenyérpirítót
XSPK_C_040_T0065,wavs_synthetic_crossspeaker/XSPK_C_040_T0065.wav,C_040,A nagyszobában ah kapcsold ki a velindátort
XSPK_C_040_T0066,wavs_synthetic_crossspeaker/XSPK_C_040_T0066.wav,C_040,A szobában húzd le a redőnt.
XSPK_C_040_T0067,wavs_synthetic_crossspeaker/XSPK_C_040_T0067.wav,C_040,A fürdőben nyisd ki az ablakot
XSPK_C_040_T0068,wavs_synthetic_crossspeaker/XSPK_C_040_T0068.wav,C_040,Folyosón kapcsold ki a porszívót.
XSPK_C_040_T0069,wavs_synthetic_crossspeaker/XSPK_C_040_T0069.wav,C_040,Húzd le a fűtést a folyoson
XSPK_C_040_T0070,wavs_synthetic_crossspeaker/XSPK_C_040_T0070.wav,C_040,Konyhába húzd szét a függönyt
XSPK_C_040_T0071,wavs_synthetic_crossspeaker/XSPK_C_040_T0071.wav,C_040,Lehúzzuk a redőnyt a szobában
XSPK_C_040_T0072,wavs_synthetic_crossspeaker/XSPK_C_040_T0072.wav,C_040,Válts csatornát a kisszobában
XSPK_C_040_T0073,wavs_synthetic_crossspeaker/XSPK_C_040_T0073.wav,C_040,Kapcsoljuk le a szobában a villanyt
XSPK_C_040_T0074,wavs_synthetic_crossspeaker/XSPK_C_040_T0074.wav,C_040,Kapcsold ki légy szíves a porszívót a kisszobába
XSPK_C_040_T0075,wavs_synthetic_crossspeaker/XSPK_C_040_T0075.wav,C_040,A fürdőszobában a mosogépet harminc fokon kapcsold be.
XSPK_C_040_T0076,wavs_synthetic_crossspeaker/XSPK_C_040_T0076.wav,C_040,A szobában nyisd ki ajtót.
XSPK_C_040_T0077,wavs_synthetic_crossspeaker/XSPK_C_040_T0077.wav,C_040,A nagyszobában kapcsold be a ventilátort.
XSPK_C_040_T0078,wavs_synthetic_crossspeaker/XSPK_C_040_T0078.wav,C_040,Hangosícsd fel a a tévét a szobába.
XSPK_C_040_T0079,wavs_synthetic_crossspeaker/XSPK_C_040_T0079.wav,C_040,A nagycobába húzd szét a fügönyt
XSPK_C_040_T0080,wavs_synthetic_crossspeaker/XSPK_C_040_T0080.wav,C_040,A fürdőszobai ajtót nyisd ki
XSPK_C_040_T0081,wavs_synthetic_crossspeaker/XSPK_C_040_T0081.wav,C_040,Fürdőszobában csendesítsd tévét.
XSPK_C_040_T0082,wavs_synthetic_crossspeaker/XSPK_C_040_T0082.wav,C_040,Hangosítsd fel a tévét a nagyszobában
XSPK_C_040_T0083,wavs_synthetic_crossspeaker/XSPK_C_040_T0083.wav,C_040,Ventilátorokat kapcsold be a konyhába
XSPK_C_040_T0084,wavs_synthetic_crossspeaker/XSPK_C_040_T0084.wav,C_040,A szobaban halkítsd le a tévét
XSPK_C_040_T0085,wavs_synthetic_crossspeaker/XSPK_C_040_T0085.wav,C_040,A fürdőszobában kapcsodl ki porszív
XSPK_C_040_T0086,wavs_synthetic_crossspeaker/XSPK_C_040_T0086.wav,C_040,Mekapcsoljuk a mosogatógépet a konyhában
XSPK_C_040_T0087,wavs_synthetic_crossspeaker/XSPK_C_040_T0087.wav,C_040,A folyosón kapcsold ki a ventilátort
XSPK_C_040_T0088,wavs_synthetic_crossspeaker/XSPK_C_040_T0088.wav,C_040,A fürdőszobámban kápcsold fel a villan.
XSPK_C_040_T0089,wavs_synthetic_crossspeaker/XSPK_C_040_T0089.wav,C_040,A kisszobában kapcsold ki légy szíves a számítógépet
XSPK_C_040_T0090,wavs_synthetic_crossspeaker/XSPK_C_040_T0090.wav,C_040,Húzd le a nagyszobába
XSPK_C_040_T0091,wavs_synthetic_crossspeaker/XSPK_C_040_T0091.wav,C_040,Húzd fel a kisszobai redőnyt
XSPK_C_040_T0092,wavs_synthetic_crossspeaker/XSPK_C_040_T0092.wav,C_040,A kisszobába húzd be a függönyt
XSPK_C_040_T0093,wavs_synthetic_crossspeaker/XSPK_C_040_T0093.wav,C_040,Kapcsold ki a rádiot a kisszobába
XSPK_C_040_T0094,wavs_synthetic_crossspeaker/XSPK_C_040_T0094.wav,C_040,Kapcsold be a számítógéptpet a kisszobában
XSPK_C_040_T0095,wavs_synthetic_crossspeaker/XSPK_C_040_T0095.wav,C_040,A kiszobában kapcsold be a ventilátort
XSPK_C_040_T0096,wavs_synthetic_crossspeaker/XSPK_C_040_T0096.wav,C_040,Kapcsold ki a gázt a fo foly konyhában
XSPK_C_040_T0097,wavs_synthetic_crossspeaker/XSPK_C_040_T0097.wav,C_040,A nagyszobaba kapcsold be a ventillát
XSPK_C_040_T0098,wavs_synthetic_crossspeaker/XSPK_C_040_T0098.wav,C_040,Felkapcsoljuk a fűtést a kisszobában
XSPK_C_040_T0099,wavs_synthetic_crossspeaker/XSPK_C_040_T0099.wav,C_040,A konyhában indítsd be a mosógépet harminc fokon
XSPK_C_040_T0100,wavs_synthetic_crossspeaker/XSPK_C_040_T0100.wav,C_040,Zárd be az abalakot a szobába
XSPK_C_040_T0101,wavs_synthetic_crossspeaker/XSPK_C_040_T0101.wav,C_040,Nagyszobában hangosítsd föl a tévét
XSPK_C_040_T0102,wavs_synthetic_crossspeaker/XSPK_C_040_T0102.wav,C_040,A konyhában kapcsold föl a villanyt légy szíves
XSPK_C_040_T0103,wavs_synthetic_crossspeaker/XSPK_C_040_T0103.wav,C_040,Nyissuk ki az ajtót a szobában
XSPK_C_040_T0104,wavs_synthetic_crossspeaker/XSPK_C_040_T0104.wav,C_040,Zárd ki az ajtót a konyhába
XSPK_C_040_T0105,wavs_synthetic_crossspeaker/XSPK_C_040_T0105.wav,C_040,Porszívó kapcsold be a konyhába.
XSPK_C_040_T0106,wavs_synthetic_crossspeaker/XSPK_C_040_T0106.wav,C_040,Fürdőszobába húzd fel a redőny
XSPK_C_040_T0107,wavs_synthetic_crossspeaker/XSPK_C_040_T0107.wav,C_040,Nagyszobába kapcsoljuk ki a számítógépet
XSPK_C_040_T0108,wavs_synthetic_crossspeaker/XSPK_C_040_T0108.wav,C_040,Folyoson válts csatornát a tévén
XSPK_C_040_T0109,wavs_synthetic_crossspeaker/XSPK_C_040_T0109.wav,C_040,A konyhában kapcsold ki a mosogatógépet.
XSPK_C_040_T0110,wavs_synthetic_crossspeaker/XSPK_C_040_T0110.wav,C_040,Húzd le a ledőnyt a konyhában
XSPK_C_040_T0111,wavs_synthetic_crossspeaker/XSPK_C_040_T0111.wav,C_040,Hőzd be a függönt a folyoszón
XSPK_C_040_T0112,wavs_synthetic_crossspeaker/XSPK_C_040_T0112.wav,C_040,Á nágyszobábán zárd be az ablakot.
XSPK_C_040_T0113,wavs_synthetic_crossspeaker/XSPK_C_040_T0113.wav,C_040,Kapcsold föl a villanyfölkapcsolót a nagyszobába
XSPK_C_040_T0114,wavs_synthetic_crossspeaker/XSPK_C_040_T0114.wav,C_040,Felhúzzuk a redőnyt a fürdőszobába
XSPK_C_040_T0115,wavs_synthetic_crossspeaker/XSPK_C_040_T0115.wav,C_040,Kapcsold ki ne felejtsd el a szobába a ventillátort
XSPK_C_040_T0116,wavs_synthetic_crossspeaker/XSPK_C_040_T0116.wav,C_040,Az ablakban az ablakot nyissa ki az a konyhában
XSPK_C_040_T0117,wavs_synthetic_crossspeaker/XSPK_C_040_T0117.wav,C_040,A nagyszobába húzd le a relét
XSPK_C_040_T0118,wavs_synthetic_crossspeaker/XSPK_C_040_T0118.wav,C_040,A konyhában hangosítsd fel a tévét.
XSPK_C_040_T0119,wavs_synthetic_crossspeaker/XSPK_C_040_T0119.wav,C_040,A rádiót kapcsold ki a nagyszobába
XSPK_C_040_T0120,wavs_synthetic_crossspeaker/XSPK_C_040_T0120.wav,C_040,A ventilátorokat kapcsold ki a konyhába
XSPK_C_040_T0121,wavs_synthetic_crossspeaker/XSPK_C_040_T0121.wav,C_040,Hangosítsd a tévét a folyoson
XSPK_C_040_T0122,wavs_synthetic_crossspeaker/XSPK_C_040_T0122.wav,C_040,Khapcsold ki a ventillátort a nagyszobában.
XSPK_C_040_T0123,wavs_synthetic_crossspeaker/XSPK_C_040_T0123.wav,C_040,Kapcsold ki a rádiót a kisszobaban.
XSPK_C_040_T0124,wavs_synthetic_crossspeaker/XSPK_C_040_T0124.wav,C_040,Fürdőszobába kapcsold ki a fűtést
XSPK_C_040_T0125,wavs_synthetic_crossspeaker/XSPK_C_040_T0125.wav,C_040,A fűdőszobába kapcsold ki a ventilátort
XSPK_C_040_T0126,wavs_synthetic_crossspeaker/XSPK_C_040_T0126.wav,C_040,Nagyszobába halkítsd le a tévét
XSPK_C_040_T0127,wavs_synthetic_crossspeaker/XSPK_C_040_T0127.wav,C_040,Szobába nyisd ki az ajtót
XSPK_C_040_T0128,wavs_synthetic_crossspeaker/XSPK_C_040_T0128.wav,C_040,Kapcsold be harminc fokon a fürdőszobában a mosógépet.
XSPK_C_040_T0129,wavs_synthetic_crossspeaker/XSPK_C_040_T0129.wav,C_040,A konyhában kapcsold be a fursuatógépet.
XSPK_C_040_T0130,wavs_synthetic_crossspeaker/XSPK_C_040_T0130.wav,C_040,Húzd le a redőnyt a folyoson
XSPK_C_040_T0131,wavs_synthetic_crossspeaker/XSPK_C_040_T0131.wav,C_040,Vedd föl a konyhába a fűtést
XSPK_C_040_T0132,wavs_synthetic_crossspeaker/XSPK_C_040_T0132.wav,C_040,Kapcsold ki á számítógépet a szobában.
XSPK_C_040_T0133,wavs_synthetic_crossspeaker/XSPK_C_040_T0133.wav,C_040,Konyhában húzd szét a függönyt
XSPK_C_040_T0134,wavs_synthetic_crossspeaker/XSPK_C_040_T0134.wav,C_040,Folyosón kapcsold le a villanyt
XSPK_C_040_T0135,wavs_synthetic_crossspeaker/XSPK_C_040_T0135.wav,C_040,A nagyszobába kapcsold be a porszívót
XSPK_C_040_T0136,wavs_synthetic_crossspeaker/XSPK_C_040_T0136.wav,C_040,Kapcsold be a számítógépet a nagyszobába
XSPK_C_040_T0137,wavs_synthetic_crossspeaker/XSPK_C_040_T0137.wav,C_040,Kapcsold be a ventillátort a folyoson
XSPK_C_040_T0138,wavs_synthetic_crossspeaker/XSPK_C_040_T0138.wav,C_040,Húzd föl a redőnyt a nagyszobában
XSPK_C_040_T0139,wavs_synthetic_crossspeaker/XSPK_C_040_T0139.wav,C_040,A folyosón kaptold be a fűtést.
XSPK_C_040_T0140,wavs_synthetic_crossspeaker/XSPK_C_040_T0140.wav,C_040,A fürdőszobába kapcsold ki a ventillátorokat
XSPK_C_040_T0141,wavs_synthetic_crossspeaker/XSPK_C_040_T0141.wav,C_040,A fürdőszobábán húzd le a redőnyt.
XSPK_C_040_T0142,wavs_synthetic_crossspeaker/XSPK_C_040_T0142.wav,C_040,Folyosóba zárd be az ajtót
XSPK_C_040_T0143,wavs_synthetic_crossspeaker/XSPK_C_040_T0143.wav,C_040,Fürdőszobába kapcsold be a rádiót
XSPK_C_040_T0144,wavs_synthetic_crossspeaker/XSPK_C_040_T0144.wav,C_040,Vál csatornát a tévén a kisszobában.
XSPK_C_040_T0145,wavs_synthetic_crossspeaker/XSPK_C_040_T0145.wav,C_040,Kapcsold fel a villanyt a kiszobába
XSPK_C_040_T0146,wavs_synthetic_crossspeaker/XSPK_C_040_T0146.wav,C_040,Húzd le a füttés a konyhában.
XSPK_C_040_T0147,wavs_synthetic_crossspeaker/XSPK_C_040_T0147.wav,C_040,Kapcsold be a számítógépet a nagycobában
XSPK_C_040_T0148,wavs_synthetic_crossspeaker/XSPK_C_040_T0148.wav,C_040,A konyhában kapcsold ki a kenyérpirítóst
XSPK_C_040_T0149,wavs_synthetic_crossspeaker/XSPK_C_040_T0149.wav,C_040,Szobába zárd be az ablakot.
XSPK_C_040_T0150,wavs_synthetic_crossspeaker/XSPK_C_040_T0150.wav,C_040,Fo a fürdőszobában húz szét a függönyt
XSPK_C_040_T0151,wavs_synthetic_crossspeaker/XSPK_C_040_T0151.wav,C_040,Kisszoba ablakát nyisd ki légy szíves
XSPK_C_040_T0152,wavs_synthetic_crossspeaker/XSPK_C_040_T0152.wav,C_040,Kapcsold fell a villanyt a kisszobában.
XSPK_C_040_T0153,wavs_synthetic_crossspeaker/XSPK_C_040_T0153.wav,C_040,A folyoson kapcsold ki a fűtés
XSPK_C_040_T0154,wavs_synthetic_crossspeaker/XSPK_C_040_T0154.wav,C_040,Kapcsold ki a forszívót a konyhában
XSPK_C_040_T0155,wavs_synthetic_crossspeaker/XSPK_C_040_T0155.wav,C_040,Fürdőszobába kapcsold ki a ventilátort
XSPK_C_040_T0156,wavs_synthetic_crossspeaker/XSPK_C_040_T0156.wav,C_040,Húzd fel a redőnt a szobában.
XSPK_C_040_T0157,wavs_synthetic_crossspeaker/XSPK_C_040_T0157.wav,C_040,Engedd le a szobai redőnyt
XSPK_C_040_T0158,wavs_synthetic_crossspeaker/XSPK_C_040_T0158.wav,C_040,Húzd fel a fűtést a konyhában
XSPK_C_040_T0159,wavs_synthetic_crossspeaker/XSPK_C_040_T0159.wav,C_040,A tévét a konyhába halkítsd le
XSPK_C_040_T0160,wavs_synthetic_crossspeaker/XSPK_C_040_T0160.wav,C_040,A nagyszobában kapcsold fell a villany.
XSPK_C_040_T0161,wavs_synthetic_crossspeaker/XSPK_C_040_T0161.wav,C_040,Khapcsold be a számítógépet a nagyszobábán.
XSPK_C_040_T0162,wavs_synthetic_crossspeaker/XSPK_C_040_T0162.wav,C_040,Húzd le a redőnyt a kis a nagyszobában
XSPK_C_040_T0163,wavs_synthetic_crossspeaker/XSPK_C_040_T0163.wav,C_040,Kapcsold ki a rádi nagyszobába
XSPK_C_040_T0164,wavs_synthetic_crossspeaker/XSPK_C_040_T0164.wav,C_040,A fürdőszobába kapcsold be hatvan fokon a mosógépet
XSPK_C_040_T0165,wavs_synthetic_crossspeaker/XSPK_C_040_T0165.wav,C_040,Hangosít a tévét a szobában.
XSPK_C_040_T0166,wavs_synthetic_crossspeaker/XSPK_C_040_T0166.wav,C_040,A kisszobában kapcsold be as számítógépet
XSPK_C_040_T0167,wavs_synthetic_crossspeaker/XSPK_C_040_T0167.wav,C_040,Nagyszobába húzd fel a redőny
XSPK_C_040_T0168,wavs_synthetic_crossspeaker/XSPK_C_040_T0168.wav,C_040,Konyhába vedd fel  a radiátor
XSPK_C_040_T0169,wavs_synthetic_crossspeaker/XSPK_C_040_T0169.wav,C_040,Kapcsold ki a számítógépre fürdőszobában.
XSPK_C_040_T0170,wavs_synthetic_crossspeaker/XSPK_C_040_T0170.wav,C_040,Kapcsold a lány
XSPK_C_040_T0171,wavs_synthetic_crossspeaker/XSPK_C_040_T0171.wav,C_040,Kapcsold ki légy szíves a termosztátot a kisszobában
XSPK_C_040_T0172,wavs_synthetic_crossspeaker/XSPK_C_040_T0172.wav,C_040,A konyhába klapcsold be a porszívót
XSPK_C_040_T0173,wavs_synthetic_crossspeaker/XSPK_C_040_T0173.wav,C_040,A nagyszobában kapcsold föl a villany.
XSPK_C_040_T0174,wavs_synthetic_crossspeaker/XSPK_C_040_T0174.wav,C_040,Fürdőszobában kapcsold fel a villanyt
XSPK_C_040_T0175,wavs_synthetic_crossspeaker/XSPK_C_040_T0175.wav,C_040,Nyics ki az ajtót a kisszobában.
XSPK_C_040_T0176,wavs_synthetic_crossspeaker/XSPK_C_040_T0176.wav,C_040,A kisszobába kapcsold ki a fűté.
XSPK_C_040_T0177,wavs_synthetic_crossspeaker/XSPK_C_040_T0177.wav,C_040,Kapcsold be a porszívót a nagyszobában.
XSPK_C_040_T0178,wavs_synthetic_crossspeaker/XSPK_C_040_T0178.wav,C_040,Kapcsold ki a ventilátort a szobában
XSPK_C_040_T0179,wavs_synthetic_crossspeaker/XSPK_C_040_T0179.wav,C_040,Vedd lejjebb a fűtést a konyhába
XSPK_C_040_T0180,wavs_synthetic_crossspeaker/XSPK_C_040_T0180.wav,C_040,Húzd szét a kisszobai függönyöket légy szíves
XSPK_C_040_T0181,wavs_synthetic_crossspeaker/XSPK_C_040_T0181.wav,C_040,Kisszobában halkítsd le a tévét.
XSPK_C_040_T0182,wavs_synthetic_crossspeaker/XSPK_C_040_T0182.wav,C_040,A fürdúszobában a fűtést kapcsold be
XSPK_C_040_T0183,wavs_synthetic_crossspeaker/XSPK_C_040_T0183.wav,C_040,A fürdőszobában nyiszd ki az ablakot.
XSPK_C_040_T0184,wavs_synthetic_crossspeaker/XSPK_C_040_T0184.wav,C_040,A szobába vedd fel a radiátort
XSPK_C_040_T0185,wavs_synthetic_crossspeaker/XSPK_C_040_T0185.wav,C_040,Kisszobába engedd le a redőnt.
XSPK_C_040_T0186,wavs_synthetic_crossspeaker/XSPK_C_040_T0186.wav,C_040,A nagy szobában nyisd ki az ablakot.
XSPK_C_040_T0187,wavs_synthetic_crossspeaker/XSPK_C_040_T0187.wav,C_040,A fojjosón kapcsold be a fűtés.
XSPK_C_040_T0188,wavs_synthetic_crossspeaker/XSPK_C_040_T0188.wav,C_040,Kapcsold ki a pirítót a konyhába
XSPK_C_040_T0189,wavs_synthetic_crossspeaker/XSPK_C_040_T0189.wav,C_040,Húzd feljebb a radidátort a konyhában
XSPK_C_040_T0190,wavs_synthetic_crossspeaker/XSPK_C_040_T0190.wav,C_040,Húzd le a nagyszobai redőnyt
XSPK_C_040_T0191,wavs_synthetic_crossspeaker/XSPK_C_040_T0191.wav,C_040,Zárd be az ajtót a folyosóba
XSPK_C_040_T0192,wavs_synthetic_crossspeaker/XSPK_C_040_T0192.wav,C_040,A kisszobában kapcsold ki a radiátort
XSPK_C_040_T0193,wavs_synthetic_crossspeaker/XSPK_C_040_T0193.wav,C_040,A konyhában húzd le a fűtést.
XSPK_C_040_T0194,wavs_synthetic_crossspeaker/XSPK_C_040_T0194.wav,C_040,A nagyszobában kapcsold be a számítlépet.
XSPK_C_040_T0195,wavs_synthetic_crossspeaker/XSPK_C_040_T0195.wav,C_040,Fürdőszoba ki fűtés
XSPK_C_040_T0196,wavs_synthetic_crossspeaker/XSPK_C_040_T0196.wav,C_040,Nyisd ki az ajtót a nagyszobába.
XSPK_C_040_T0197,wavs_synthetic_crossspeaker/XSPK_C_040_T0197.wav,C_040,A konyhában válts csatornát a tévén
XSPK_C_040_T0198,wavs_synthetic_crossspeaker/XSPK_C_040_T0198.wav,C_040,Kapcsold ki a rádjót a fürdő szhobában.
XSPK_C_040_T0199,wavs_synthetic_crossspeaker/XSPK_C_040_T0199.wav,C_040,Húzd le a redőnyt azszobában
XSPK_C_040_T0200,wavs_synthetic_crossspeaker/XSPK_C_040_T0200.wav,C_040,Kisszobába vá vál csatornát a rádión.
XSPK_C_040_T0201,wavs_synthetic_crossspeaker/XSPK_C_040_T0201.wav,C_040,Konyhában kapcsold be harminc fokon a mosogépet.
XSPK_C_040_T0202,wavs_synthetic_crossspeaker/XSPK_C_040_T0202.wav,C_040,A mosógépet indítsd el és állítsd be hatvan fokra
XSPK_C_040_T0203,wavs_synthetic_crossspeaker/XSPK_C_040_T0203.wav,C_040,Fürdőszobában kapcsold be hatvan fokon a mosógépet.
XSPK_C_040_T0204,wavs_synthetic_crossspeaker/XSPK_C_040_T0204.wav,C_040,A rádiót a nagyszobába kapcsold be
XSPK_C_040_T0205,wavs_synthetic_crossspeaker/XSPK_C_040_T0205.wav,C_040,Húzd vell a redőnyt a nagyszobábán.
XSPK_C_040_T0206,wavs_synthetic_crossspeaker/XSPK_C_040_T0206.wav,C_040,Huzd fel a redőnyt a fúrdőszobában
XSPK_C_040_T0207,wavs_synthetic_crossspeaker/XSPK_C_040_T0207.wav,C_040,A szobában kapcsold ki a radiátort
XSPK_C_040_T0208,wavs_synthetic_crossspeaker/XSPK_C_040_T0208.wav,C_040,A kisszobában kapcsold le a villanyt
XSPK_C_040_T0209,wavs_synthetic_crossspeaker/XSPK_C_040_T0209.wav,C_040,Kapcsold ki a tévét a kisszobába
XSPK_C_041_T0000,wavs_synthetic_crossspeaker/XSPK_C_041_T0000.wav,C_041,Kapcsold be a számítógépet a nagyszobába
XSPK_C_041_T0001,wavs_synthetic_crossspeaker/XSPK_C_041_T0001.wav,C_041,A rádiót kapcsold ki a nagyszobába
XSPK_C_041_T0002,wavs_synthetic_crossspeaker/XSPK_C_041_T0002.wav,C_041,Kapcsold föl a fürdőszoba villanyát
XSPK_C_041_T0003,wavs_synthetic_crossspeaker/XSPK_C_041_T0003.wav,C_041,Kapcsold be a ventilátort fürdőszoba
XSPK_C_041_T0004,wavs_synthetic_crossspeaker/XSPK_C_041_T0004.wav,C_041,Zárd be a fürdőszobába az ajtót
XSPK_C_041_T0005,wavs_synthetic_crossspeaker/XSPK_C_041_T0005.wav,C_041,Aa konyhábn kapcsold ki a ventillátort
XSPK_C_041_T0006,wavs_synthetic_crossspeaker/XSPK_C_041_T0006.wav,C_041,A folyosón kapcsold ki a tévét
XSPK_C_041_T0007,wavs_synthetic_crossspeaker/XSPK_C_041_T0007.wav,C_041,A folyosón nyisd ki az ajtyót
XSPK_C_041_T0008,wavs_synthetic_crossspeaker/XSPK_C_041_T0008.wav,C_041,Válcs tatornát a rádión a nagycobában.
XSPK_C_041_T0009,wavs_synthetic_crossspeaker/XSPK_C_041_T0009.wav,C_041,Bekapcsolnád a nagyszobai rádiót
XSPK_C_041_T0010,wavs_synthetic_crossspeaker/XSPK_C_041_T0010.wav,C_041,A kisszobában kapcsold le a világítás.
XSPK_C_041_T0011,wavs_synthetic_crossspeaker/XSPK_C_041_T0011.wav,C_041,Kisszobában válts csatornát a rádión
XSPK_C_041_T0012,wavs_synthetic_crossspeaker/XSPK_C_041_T0012.wav,C_041,A szobában húzd be a függönyt
XSPK_C_041_T0013,wavs_synthetic_crossspeaker/XSPK_C_041_T0013.wav,C_041,Fürdőszobába kapcsold le a villany
XSPK_C_041_T0014,wavs_synthetic_crossspeaker/XSPK_C_041_T0014.wav,C_041,A nagyszobában kapcsold ki a rádjót.
XSPK_C_041_T0015,wavs_synthetic_crossspeaker/XSPK_C_041_T0015.wav,C_041,A fürdőszobában kapcsold be ventilátor
XSPK_C_041_T0016,wavs_synthetic_crossspeaker/XSPK_C_041_T0016.wav,C_041,Kapcsold ki a fűtést konyhában
XSPK_C_041_T0017,wavs_synthetic_crossspeaker/XSPK_C_041_T0017.wav,C_041,Kapcsold ki á ventillátort a fürdőszobábán.
XSPK_C_041_T0018,wavs_synthetic_crossspeaker/XSPK_C_041_T0018.wav,C_041,Fürdőszobába kapcsold ki a fűtést
XSPK_C_041_T0019,wavs_synthetic_crossspeaker/XSPK_C_041_T0019.wav,C_041,A nagyszobába húzd be a függöny.
XSPK_C_041_T0020,wavs_synthetic_crossspeaker/XSPK_C_041_T0020.wav,C_041,A kisszobában kapcsold le a ö villanyt
XSPK_C_041_T0021,wavs_synthetic_crossspeaker/XSPK_C_041_T0021.wav,C_041,Kapcsold be a számítógépet a szobában
XSPK_C_041_T0022,wavs_synthetic_crossspeaker/XSPK_C_041_T0022.wav,C_041,A nagyszobában kapcsold le a világítás.
XSPK_C_041_T0023,wavs_synthetic_crossspeaker/XSPK_C_041_T0023.wav,C_041,Váltsál csatornát a rádión a kisszobába
XSPK_C_041_T0024,wavs_synthetic_crossspeaker/XSPK_C_041_T0024.wav,C_041,A konyhában húzd ki az ajtót.
XSPK_C_041_T0025,wavs_synthetic_crossspeaker/XSPK_C_041_T0025.wav,C_041,A folyosón húzd fel a redőnyt
XSPK_C_041_T0026,wavs_synthetic_crossspeaker/XSPK_C_041_T0026.wav,C_041,Nyízd ki az ablakot a fürdőszobában
XSPK_C_041_T0027,wavs_synthetic_crossspeaker/XSPK_C_041_T0027.wav,C_041,Kapcsold le a villanyt a nagyszobába
XSPK_C_041_T0028,wavs_synthetic_crossspeaker/XSPK_C_041_T0028.wav,C_041,Kisszobába kapcsoljuk ki a ventilátortokat
XSPK_C_041_T0029,wavs_synthetic_crossspeaker/XSPK_C_041_T0029.wav,C_041,Nagyszobába húzd le a fűtést.
XSPK_C_041_T0030,wavs_synthetic_crossspeaker/XSPK_C_041_T0030.wav,C_041,A konyhában húzd le a redőnyt
XSPK_C_041_T0031,wavs_synthetic_crossspeaker/XSPK_C_041_T0031.wav,C_041,A szobában kapcsold be a rádió.
XSPK_C_041_T0032,wavs_synthetic_crossspeaker/XSPK_C_041_T0032.wav,C_041,A szobába kapcsold ki a radiátor
XSPK_C_041_T0033,wavs_synthetic_crossspeaker/XSPK_C_041_T0033.wav,C_041,Fürdőszobában kapcsold be hatvan fokon a mosógépet.
XSPK_C_041_T0034,wavs_synthetic_crossspeaker/XSPK_C_041_T0034.wav,C_041,Hángosítsd a tévét a fojjosón.
XSPK_C_041_T0035,wavs_synthetic_crossspeaker/XSPK_C_041_T0035.wav,C_041,Kapcsold be légy szíves a termosztátot a nagyszobába
XSPK_C_041_T0036,wavs_synthetic_crossspeaker/XSPK_C_041_T0036.wav,C_041,A konyhában kapcsold ki a tévét.
XSPK_C_041_T0037,wavs_synthetic_crossspeaker/XSPK_C_041_T0037.wav,C_041,Kapcsold le a lámpát a konyhába.
XSPK_C_041_T0038,wavs_synthetic_crossspeaker/XSPK_C_041_T0038.wav,C_041,A szobában kapcsold ki a porszívó.
XSPK_C_041_T0039,wavs_synthetic_crossspeaker/XSPK_C_041_T0039.wav,C_041,A szobámba kapcsold be a porszívót
XSPK_C_041_T0040,wavs_synthetic_crossspeaker/XSPK_C_041_T0040.wav,C_041,Hangosítsd le a tévét a kisszobába
XSPK_C_041_T0041,wavs_synthetic_crossspeaker/XSPK_C_041_T0041.wav,C_041,A szobába kapcsold be a ventillátorokat
XSPK_C_041_T0042,wavs_synthetic_crossspeaker/XSPK_C_041_T0042.wav,C_041,Kapcsold ki a sütőt a konyhában.
XSPK_C_041_T0043,wavs_synthetic_crossspeaker/XSPK_C_041_T0043.wav,C_041,A rádiót a nagyszobába kapcsold be
XSPK_C_041_T0044,wavs_synthetic_crossspeaker/XSPK_C_041_T0044.wav,C_041,Kapcsold ki a porszívót fürdőszobában
XSPK_C_041_T0045,wavs_synthetic_crossspeaker/XSPK_C_041_T0045.wav,C_041,A nagyszobaajtót nyisd ki
XSPK_C_041_T0046,wavs_synthetic_crossspeaker/XSPK_C_041_T0046.wav,C_041,A füldőszobába húzd le a red redőnyöket
XSPK_C_041_T0047,wavs_synthetic_crossspeaker/XSPK_C_041_T0047.wav,C_041,Hívd föl a fiam telefonon.
XSPK_C_041_T0048,wavs_synthetic_crossspeaker/XSPK_C_041_T0048.wav,C_041,Csendesítsd a televíziót a szobában.
XSPK_C_041_T0049,wavs_synthetic_crossspeaker/XSPK_C_041_T0049.wav,C_041,Kisszobába kapcsold be a ventilátorokat
XSPK_C_041_T0050,wavs_synthetic_crossspeaker/XSPK_C_041_T0050.wav,C_041,Folyosóban kapcsold ki a porszívót
XSPK_C_041_T0051,wavs_synthetic_crossspeaker/XSPK_C_041_T0051.wav,C_041,Kapcsold be a tévét a kisszobában
XSPK_C_041_T0052,wavs_synthetic_crossspeaker/XSPK_C_041_T0052.wav,C_041,Zárjuk be az ablakot a szobában
XSPK_C_041_T0053,wavs_synthetic_crossspeaker/XSPK_C_041_T0053.wav,C_041,Kisszobában kapcsold be a fűtés.
XSPK_C_041_T0054,wavs_synthetic_crossspeaker/XSPK_C_041_T0054.wav,C_041,A kisszobában kapcsold k be a fűtést
XSPK_C_041_T0055,wavs_synthetic_crossspeaker/XSPK_C_041_T0055.wav,C_041,A folyosói redőnyt húzd fel
XSPK_C_041_T0056,wavs_synthetic_crossspeaker/XSPK_C_041_T0056.wav,C_041,Konyhába kapcsold be a porszívót
XSPK_C_041_T0057,wavs_synthetic_crossspeaker/XSPK_C_041_T0057.wav,C_041,A konyhában nyisd ki az ajtót.
XSPK_C_041_T0058,wavs_synthetic_crossspeaker/XSPK_C_041_T0058.wav,C_041,Húzd le a redőnyt a szobában
XSPK_C_041_T0059,wavs_synthetic_crossspeaker/XSPK_C_041_T0059.wav,C_041,Kapcsold ki a für fürdőszobába a fűtést
XSPK_C_041_T0060,wavs_synthetic_crossspeaker/XSPK_C_041_T0060.wav,C_041,A szobában válcs tatornát a rádión.
XSPK_C_041_T0061,wavs_synthetic_crossspeaker/XSPK_C_041_T0061.wav,C_041,Kapcsold be á ventillátort a nagyszobában.
XSPK_C_041_T0062,wavs_synthetic_crossspeaker/XSPK_C_041_T0062.wav,C_041,Kapcsold ki a ventilárt a kisszobában
XSPK_C_041_T0063,wavs_synthetic_crossspeaker/XSPK_C_041_T0063.wav,C_041,Fürdőszoban fel a lámpam
XSPK_C_041_T0064,wavs_synthetic_crossspeaker/XSPK_C_041_T0064.wav,C_041,A kisszobába nyissa ki az a ablakot
XSPK_C_041_T0065,wavs_synthetic_crossspeaker/XSPK_C_041_T0065.wav,C_041,A konhában zárd be az ablakot
XSPK_C_041_T0066,wavs_synthetic_crossspeaker/XSPK_C_041_T0066.wav,C_041,Válcs csatornát a tévén a fürdő szobában.
XSPK_C_041_T0067,wavs_synthetic_crossspeaker/XSPK_C_041_T0067.wav,C_041,A fürdőszobámban kapcsszold ki a ventillátort
XSPK_C_041_T0068,wavs_synthetic_crossspeaker/XSPK_C_041_T0068.wav,C_041,A fürdőszobában kapcsold ki a rádiót.
XSPK_C_041_T0069,wavs_synthetic_crossspeaker/XSPK_C_041_T0069.wav,C_041,Húzzuk be a függöny a szobában
XSPK_C_041_T0070,wavs_synthetic_crossspeaker/XSPK_C_041_T0070.wav,C_041,Csendesít a tévét kisszobában.
XSPK_C_041_T0071,wavs_synthetic_crossspeaker/XSPK_C_041_T0071.wav,C_041,Konyhába kapcsold fel a villanyt
XSPK_C_041_T0072,wavs_synthetic_crossspeaker/XSPK_C_041_T0072.wav,C_041,Kapcsold be a porszívt a szobába
XSPK_C_041_T0073,wavs_synthetic_crossspeaker/XSPK_C_041_T0073.wav,C_041,A fürdőszobában húzd le a redőnt.
XSPK_C_041_T0074,wavs_synthetic_crossspeaker/XSPK_C_041_T0074.wav,C_041,A fojjosón kapcsold le a villany.
XSPK_C_041_T0075,wavs_synthetic_crossspeaker/XSPK_C_041_T0075.wav,C_041,Folyosón nyisd ki az ajtót.
XSPK_C_041_T0076,wavs_synthetic_crossspeaker/XSPK_C_041_T0076.wav,C_041,Nagyszobában kapcsold be a ventilátort
XSPK_C_041_T0077,wavs_synthetic_crossspeaker/XSPK_C_041_T0077.wav,C_041,Kapcsold be hatvan fokon a mosógépet a konyhában
XSPK_C_041_T0078,wavs_synthetic_crossspeaker/XSPK_C_041_T0078.wav,C_041,Húzd fel a fűtést a nagyszobába.
XSPK_C_041_T0079,wavs_synthetic_crossspeaker/XSPK_C_041_T0079.wav,C_041,Kapcsold föl a villanyt a fürdőszobába
XSPK_C_041_T0080,wavs_synthetic_crossspeaker/XSPK_C_041_T0080.wav,C_041,Kapcsold be a ventalatort a nagyszobaban
XSPK_C_041_T0081,wavs_synthetic_crossspeaker/XSPK_C_041_T0081.wav,C_041,A konyhában khapcsold be a porszivót.
XSPK_C_041_T0082,wavs_synthetic_crossspeaker/XSPK_C_041_T0082.wav,C_041,Válts catornát a rádijón a fürdőszobába
XSPK_C_041_T0083,wavs_synthetic_crossspeaker/XSPK_C_041_T0083.wav,C_041,A fürdőszobában a mosógépet hatvan fokra kapcsold be
XSPK_C_041_T0084,wavs_synthetic_crossspeaker/XSPK_C_041_T0084.wav,C_041,Zárd be az atót a konyhában
XSPK_C_041_T0085,wavs_synthetic_crossspeaker/XSPK_C_041_T0085.wav,C_041,A redőnyt húzd le a szobába
XSPK_C_041_T0086,wavs_synthetic_crossspeaker/XSPK_C_041_T0086.wav,C_041,Fürdőszobába kapcsold ki a fűtést.
XSPK_C_041_T0087,wavs_synthetic_crossspeaker/XSPK_C_041_T0087.wav,C_041,A nagyszobában kapcsold le a villant.
XSPK_C_041_T0088,wavs_synthetic_crossspeaker/XSPK_C_041_T0088.wav,C_041,Nagyszobában kapcsold be a fűtést.
XSPK_C_041_T0089,wavs_synthetic_crossspeaker/XSPK_C_041_T0089.wav,C_041,Nagyszobába hangosítsd föl a tévét
XSPK_C_041_T0090,wavs_synthetic_crossspeaker/XSPK_C_041_T0090.wav,C_041,Kapcsold be a fütés a nagyszobában.
XSPK_C_041_T0091,wavs_synthetic_crossspeaker/XSPK_C_041_T0091.wav,C_041,Konyhába húzzuk el a függönyöket
XSPK_C_041_T0092,wavs_synthetic_crossspeaker/XSPK_C_041_T0092.wav,C_041,A konyhában kapcsold le a világitást.
XSPK_C_041_T0093,wavs_synthetic_crossspeaker/XSPK_C_041_T0093.wav,C_041,A kisszobában lekapcsoldjuk a fűtés
XSPK_C_041_T0094,wavs_synthetic_crossspeaker/XSPK_C_041_T0094.wav,C_041,Húzd le a ledőnyt a folyosón
XSPK_C_041_T0095,wavs_synthetic_crossspeaker/XSPK_C_041_T0095.wav,C_041,Szobába húzd le a redőny
XSPK_C_041_T0096,wavs_synthetic_crossspeaker/XSPK_C_041_T0096.wav,C_041,Kapcsold le a villant a szobában.
XSPK_C_041_T0097,wavs_synthetic_crossspeaker/XSPK_C_041_T0097.wav,C_041,A nagycobába hangosítsd fel a tévét
XSPK_C_041_T0098,wavs_synthetic_crossspeaker/XSPK_C_041_T0098.wav,C_041,Fürdőszobába kapcsold ki a porszívó
XSPK_C_041_T0099,wavs_synthetic_crossspeaker/XSPK_C_041_T0099.wav,C_041,A konyhában húzd fel a törlőt.
XSPK_C_041_T0100,wavs_synthetic_crossspeaker/XSPK_C_041_T0100.wav,C_041,Húzd ki az ajtót a konyhában.
XSPK_C_041_T0101,wavs_synthetic_crossspeaker/XSPK_C_041_T0101.wav,C_041,A fürdőszobában húzd fel a fűtő.
XSPK_C_041_T0102,wavs_synthetic_crossspeaker/XSPK_C_041_T0102.wav,C_041,A konyhában kapcsold ki a kenyérpiritót.
XSPK_C_041_T0103,wavs_synthetic_crossspeaker/XSPK_C_041_T0103.wav,C_041,Nagyszobába nyisd ki az ajtót
XSPK_C_041_T0104,wavs_synthetic_crossspeaker/XSPK_C_041_T0104.wav,C_041,Hangosítsd fel a tévét a folyoson
XSPK_C_041_T0105,wavs_synthetic_crossspeaker/XSPK_C_041_T0105.wav,C_041,Kapcsold be a rádiót a fürdőszobába.
XSPK_C_041_T0106,wavs_synthetic_crossspeaker/XSPK_C_041_T0106.wav,C_041,Kapcsold le a fűtést a fürdőszobában.
XSPK_C_041_T0107,wavs_synthetic_crossspeaker/XSPK_C_041_T0107.wav,C_041,Hangosítsd föl a tévét a kisszobába
XSPK_C_041_T0108,wavs_synthetic_crossspeaker/XSPK_C_041_T0108.wav,C_041,Fürdőszobába vedd le a fűtést
XSPK_C_041_T0109,wavs_synthetic_crossspeaker/XSPK_C_041_T0109.wav,C_041,Fürdőszobába válts csatornát a tévén
XSPK_C_041_T0110,wavs_synthetic_crossspeaker/XSPK_C_041_T0110.wav,C_041,Nyisd ki az ajtót a kisszobában
XSPK_C_041_T0111,wavs_synthetic_crossspeaker/XSPK_C_041_T0111.wav,C_041,Húzd föl ledőny redőnyt a szobába
XSPK_C_041_T0112,wavs_synthetic_crossspeaker/XSPK_C_041_T0112.wav,C_041,Kapcsold le a villanyt a villanyt a szob a konyhában
XSPK_C_041_T0113,wavs_synthetic_crossspeaker/XSPK_C_041_T0113.wav,C_041,A nagyszobában kapcsold be a rádiót.
XSPK_C_041_T0114,wavs_synthetic_crossspeaker/XSPK_C_041_T0114.wav,C_041,Húzd le a fűtést a kisszobába.
XSPK_C_041_T0115,wavs_synthetic_crossspeaker/XSPK_C_041_T0115.wav,C_041,Nagyszoban csatornát válni
XSPK_C_041_T0116,wavs_synthetic_crossspeaker/XSPK_C_041_T0116.wav,C_041,A nagyszobába kapcsold be a radiátort
XSPK_C_041_T0117,wavs_synthetic_crossspeaker/XSPK_C_041_T0117.wav,C_041,Válcs csatornát a rádión.
XSPK_C_041_T0118,wavs_synthetic_crossspeaker/XSPK_C_041_T0118.wav,C_041,Kapcsoljuk ki a zsebrádiót
XSPK_C_041_T0119,wavs_synthetic_crossspeaker/XSPK_C_041_T0119.wav,C_041,A fürdőszobában kapcsold ki a évét
XSPK_C_041_T0120,wavs_synthetic_crossspeaker/XSPK_C_041_T0120.wav,C_041,A szobába kapcsold be a radiátor
XSPK_C_041_T0121,wavs_synthetic_crossspeaker/XSPK_C_041_T0121.wav,C_041,A nagyszobába halkítsd le a tévét
XSPK_C_041_T0122,wavs_synthetic_crossspeaker/XSPK_C_041_T0122.wav,C_041,A fürdőszobában lekapcsoljuk a fűtés
XSPK_C_041_T0123,wavs_synthetic_crossspeaker/XSPK_C_041_T0123.wav,C_041,Bezárjuk a ablakot a szobában
XSPK_C_041_T0124,wavs_synthetic_crossspeaker/XSPK_C_041_T0124.wav,C_041,A szobaban kapcsold be a ventillatort
XSPK_C_041_T0125,wavs_synthetic_crossspeaker/XSPK_C_041_T0125.wav,C_041,A fürdőszobába kapcsold be a ventillátorokat
XSPK_C_041_T0126,wavs_synthetic_crossspeaker/XSPK_C_041_T0126.wav,C_041,Konyhába kapcsold be a ventilátort
XSPK_C_041_T0127,wavs_synthetic_crossspeaker/XSPK_C_041_T0127.wav,C_041,A nagyszobában kapcsold be a pod a ventillátort
XSPK_C_041_T0128,wavs_synthetic_crossspeaker/XSPK_C_041_T0128.wav,C_041,Konyhába húzd fel a rolót
XSPK_C_041_T0129,wavs_synthetic_crossspeaker/XSPK_C_041_T0129.wav,C_041,Kapcsold le a világitást a fürdőszobába.
XSPK_C_041_T0130,wavs_synthetic_crossspeaker/XSPK_C_041_T0130.wav,C_041,A konyhában húzd fel a fűtést.
XSPK_C_041_T0131,wavs_synthetic_crossspeaker/XSPK_C_041_T0131.wav,C_041,Nagyszobába kapcsold be a fűtést
XSPK_C_041_T0132,wavs_synthetic_crossspeaker/XSPK_C_041_T0132.wav,C_041,A fürdőszobában a mosogépet harminc fokon kapcsold be.
XSPK_C_041_T0133,wavs_synthetic_crossspeaker/XSPK_C_041_T0133.wav,C_041,Kapcsvold ki a számítógépet a nagyszobában
XSPK_C_041_T0134,wavs_synthetic_crossspeaker/XSPK_C_041_T0134.wav,C_041,Kapcsold be a portyívót a konyhában.
XSPK_C_041_T0135,wavs_synthetic_crossspeaker/XSPK_C_041_T0135.wav,C_041,Válts csatornát a kony a rádión a konyhában
XSPK_C_041_T0136,wavs_synthetic_crossspeaker/XSPK_C_041_T0136.wav,C_041,Konyhában nyisd kí az ablakot.
XSPK_C_041_T0137,wavs_synthetic_crossspeaker/XSPK_C_041_T0137.wav,C_041,Kisszobában húzd le a redőnyt
XSPK_C_041_T0138,wavs_synthetic_crossspeaker/XSPK_C_041_T0138.wav,C_041,Nagyszobába húz le a fűtés
XSPK_C_041_T0139,wavs_synthetic_crossspeaker/XSPK_C_041_T0139.wav,C_041,A konyhában csendesíts á tévét.
XSPK_C_041_T0140,wavs_synthetic_crossspeaker/XSPK_C_041_T0140.wav,C_041,A nagyszobai ventilátort kikapcsolnád
XSPK_C_041_T0141,wavs_synthetic_crossspeaker/XSPK_C_041_T0141.wav,C_041,A konyhában kapcsold be a rádiót
XSPK_C_041_T0142,wavs_synthetic_crossspeaker/XSPK_C_041_T0142.wav,C_041,Kapcsold be a mosógépet harminc fokon fürdőszobában
XSPK_C_041_T0143,wavs_synthetic_crossspeaker/XSPK_C_041_T0143.wav,C_041,A kisszéában kapcsold ki a számítógépet
XSPK_C_041_T0144,wavs_synthetic_crossspeaker/XSPK_C_041_T0144.wav,C_041,A szobában kapcsold be a rádjó.
XSPK_C_041_T0145,wavs_synthetic_crossspeaker/XSPK_C_041_T0145.wav,C_041,Harminc fokon mosd ki a mosógépbe a fürdőszobába
XSPK_C_041_T0146,wavs_synthetic_crossspeaker/XSPK_C_041_T0146.wav,C_041,A rádiót kapcsold be a kisszobába
XSPK_C_041_T0147,wavs_synthetic_crossspeaker/XSPK_C_041_T0147.wav,C_041,A nagyszobában kapcsold ki a rádit
XSPK_C_041_T0148,wavs_synthetic_crossspeaker/XSPK_C_041_T0148.wav,C_041,Nyisd ki a ajtót a konyhába
XSPK_C_041_T0149,wavs_synthetic_crossspeaker/XSPK_C_041_T0149.wav,C_041,Halkítsd a tévét a kisszobában
XSPK_C_041_T0150,wavs_synthetic_crossspeaker/XSPK_C_041_T0150.wav,C_041,Válts csatornát a rádión a szobába
XSPK_C_041_T0151,wavs_synthetic_crossspeaker/XSPK_C_041_T0151.wav,C_041,És a kisszobában kapcsold be a ventilátor
XSPK_C_041_T0152,wavs_synthetic_crossspeaker/XSPK_C_041_T0152.wav,C_041,A szobában válcs totornát delvion.
XSPK_C_041_T0153,wavs_synthetic_crossspeaker/XSPK_C_041_T0153.wav,C_041,Zárják ki az ablakot a szobába
XSPK_C_041_T0154,wavs_synthetic_crossspeaker/XSPK_C_041_T0154.wav,C_041,A fojjosón kapcsold fell a villany.
XSPK_C_041_T0155,wavs_synthetic_crossspeaker/XSPK_C_041_T0155.wav,C_041,Oltsd le a villanyt
XSPK_C_041_T0156,wavs_synthetic_crossspeaker/XSPK_C_041_T0156.wav,C_041,Zárd be a konyhában az ablakot.
XSPK_C_041_T0157,wavs_synthetic_crossspeaker/XSPK_C_041_T0157.wav,C_041,Kapcsold ki a számítógépet a fojjosón.
XSPK_C_041_T0158,wavs_synthetic_crossspeaker/XSPK_C_041_T0158.wav,C_041,A kisszobában csendesíd a tévét.
XSPK_C_041_T0159,wavs_synthetic_crossspeaker/XSPK_C_041_T0159.wav,C_041,Folyoson zárd be at ablakot
XSPK_C_041_T0160,wavs_synthetic_crossspeaker/XSPK_C_041_T0160.wav,C_041,Nagyszobába kapcsoljuk be a termosztátot
XSPK_C_041_T0161,wavs_synthetic_crossspeaker/XSPK_C_041_T0161.wav,C_041,A kiszobában kapcsold ki a porszivó.
XSPK_C_041_T0162,wavs_synthetic_crossspeaker/XSPK_C_041_T0162.wav,C_041,Húzd szét a függönyt a nagycobában
XSPK_C_041_T0163,wavs_synthetic_crossspeaker/XSPK_C_041_T0163.wav,C_041,A folyosón zárd be a a ...  ajtót
XSPK_C_041_T0164,wavs_synthetic_crossspeaker/XSPK_C_041_T0164.wav,C_041,Harminc fokra állítsd a mosógépet
XSPK_C_041_T0165,wavs_synthetic_crossspeaker/XSPK_C_041_T0165.wav,C_041,A konyhában kapcsold be a mosógépet és állítsd harminc fokra
XSPK_C_041_T0166,wavs_synthetic_crossspeaker/XSPK_C_041_T0166.wav,C_041,Kapcsold föl a villanyfölkapcsolót a nagyszobába
XSPK_C_041_T0167,wavs_synthetic_crossspeaker/XSPK_C_041_T0167.wav,C_041,Kapcsold be a ventillátort asz fürdőszobában
XSPK_C_041_T0168,wavs_synthetic_crossspeaker/XSPK_C_041_T0168.wav,C_041,A konyhába kapcsold ki a rádiót.
XSPK_C_041_T0169,wavs_synthetic_crossspeaker/XSPK_C_041_T0169.wav,C_041,Húzd le a redőnyt azszobában
XSPK_C_041_T0170,wavs_synthetic_crossspeaker/XSPK_C_041_T0170.wav,C_041,A nagyszobába kapcsold ki a rádiót
XSPK_C_041_T0171,wavs_synthetic_crossspeaker/XSPK_C_041_T0171.wav,C_041,A füldőszobába kapcsold be a porszívót
XSPK_C_041_T0172,wavs_synthetic_crossspeaker/XSPK_C_041_T0172.wav,C_041,A kisszobában húzd le a redőnt.
XSPK_C_041_T0173,wavs_synthetic_crossspeaker/XSPK_C_041_T0173.wav,C_041,Kisszobában kapcsold ki a radiátort
XSPK_C_041_T0174,wavs_synthetic_crossspeaker/XSPK_C_041_T0174.wav,C_041,Konyhában kapcsold be a radiátort
XSPK_C_041_T0175,wavs_synthetic_crossspeaker/XSPK_C_041_T0175.wav,C_041,Kisszobába nyisd ki az ablakot.
XSPK_C_041_T0176,wavs_synthetic_crossspeaker/XSPK_C_041_T0176.wav,C_041,Fürdőszobában üsd ki az ajtót.
XSPK_C_041_T0177,wavs_synthetic_crossspeaker/XSPK_C_041_T0177.wav,C_041,A fojjosón nyisd ki az ajtót.
XSPK_C_041_T0178,wavs_synthetic_crossspeaker/XSPK_C_041_T0178.wav,C_041,Húzd szét a függönyt a szobába.
XSPK_C_041_T0179,wavs_synthetic_crossspeaker/XSPK_C_041_T0179.wav,C_041,A fürdőszobában húzd elre a redőnyt
XSPK_C_041_T0180,wavs_synthetic_crossspeaker/XSPK_C_041_T0180.wav,C_041,Kisszobába kapcsold le a  villanyt
XSPK_C_041_T0181,wavs_synthetic_crossspeaker/XSPK_C_041_T0181.wav,C_041,Húzd le a rod a redőnyt a konyh a kisszobában
XSPK_C_041_T0182,wavs_synthetic_crossspeaker/XSPK_C_041_T0182.wav,C_041,Zárban konyhában ajtót
XSPK_C_041_T0183,wavs_synthetic_crossspeaker/XSPK_C_041_T0183.wav,C_041,A konyhában kapcsold ki a porszívót
XSPK_C_041_T0184,wavs_synthetic_crossspeaker/XSPK_C_041_T0184.wav,C_041,A szobában vedd feljebb a televíziót
XSPK_C_041_T0185,wavs_synthetic_crossspeaker/XSPK_C_041_T0185.wav,C_041,A fürdőszobában kapcsold be a ventillátort
XSPK_C_041_T0186,wavs_synthetic_crossspeaker/XSPK_C_041_T0186.wav,C_041,Húzd le a redőnyt a sz kisszobába
XSPK_C_041_T0187,wavs_synthetic_crossspeaker/XSPK_C_041_T0187.wav,C_041,A fürdőszobában nyiss ki az ajtót.
XSPK_C_041_T0188,wavs_synthetic_crossspeaker/XSPK_C_041_T0188.wav,C_041,A kisszobába kapcsold ki a radiátort
XSPK_C_041_T0189,wavs_synthetic_crossspeaker/XSPK_C_041_T0189.wav,C_041,Vedd le a fűtést a nagyszobába
XSPK_C_041_T0190,wavs_synthetic_crossspeaker/XSPK_C_041_T0190.wav,C_041,Kapcsold be légy szíves a kenyérpirítót a konyhában
XSPK_C_041_T0191,wavs_synthetic_crossspeaker/XSPK_C_041_T0191.wav,C_041,A kisszobábán hangosítsd a tévét.
XSPK_C_041_T0192,wavs_synthetic_crossspeaker/XSPK_C_041_T0192.wav,C_041,Kapcsold ki a fűtést a folyoson
XSPK_C_041_T0193,wavs_synthetic_crossspeaker/XSPK_C_041_T0193.wav,C_041,Fürdőszaba kapcsold ki a tévét
XSPK_C_041_T0194,wavs_synthetic_crossspeaker/XSPK_C_041_T0194.wav,C_041,A radiátort vedd lejjebb a konyhába
XSPK_C_041_T0195,wavs_synthetic_crossspeaker/XSPK_C_041_T0195.wav,C_041,Elkészült ami kellett kapcsoljuk ki a számítógépet
XSPK_C_041_T0196,wavs_synthetic_crossspeaker/XSPK_C_041_T0196.wav,C_041,A kisszobában kapcsold át a televíziót
XSPK_C_041_T0197,wavs_synthetic_crossspeaker/XSPK_C_041_T0197.wav,C_041,A folyosón kapcsold ki a rádjót.
XSPK_C_041_T0198,wavs_synthetic_crossspeaker/XSPK_C_041_T0198.wav,C_041,A szobában kapcsold ki a ventillátort.
XSPK_C_041_T0199,wavs_synthetic_crossspeaker/XSPK_C_041_T0199.wav,C_041,A nagyszobában húzd vé szét a függönyt
XSPK_C_041_T0200,wavs_synthetic_crossspeaker/XSPK_C_041_T0200.wav,C_041,Kapcsold fel a villanyt a kisszobában.
XSPK_C_041_T0201,wavs_synthetic_crossspeaker/XSPK_C_041_T0201.wav,C_041,Kapcsold ki a kenyérpirítót
XSPK_C_041_T0202,wavs_synthetic_crossspeaker/XSPK_C_041_T0202.wav,C_041,Huzd fel a fűtés a kisszobába
XSPK_C_041_T0203,wavs_synthetic_crossspeaker/XSPK_C_041_T0203.wav,C_041,A nagyszobába kapcsold ki a számógépet
XSPK_C_041_T0204,wavs_synthetic_crossspeaker/XSPK_C_041_T0204.wav,C_041,A konyhában kapcsold be a ke kenyérpirító.
XSPK_C_041_T0205,wavs_synthetic_crossspeaker/XSPK_C_041_T0205.wav,C_041,Húzd be a fürdőszoba függönyét
XSPK_C_041_T0206,wavs_synthetic_crossspeaker/XSPK_C_041_T0206.wav,C_041,Nagyszobai rádión légy szíves csatornát váltani
XSPK_C_041_T0207,wavs_synthetic_crossspeaker/XSPK_C_041_T0207.wav,C_041,Kapcsold le a villant a kisszobában.
XSPK_C_041_T0208,wavs_synthetic_crossspeaker/XSPK_C_041_T0208.wav,C_041,Húzd feljebb a radidátort a kisszobában
XSPK_C_041_T0209,wavs_synthetic_crossspeaker/XSPK_C_041_T0209.wav,C_041,A konyhában kapcsold ki á kenyérpirítót.
XSPK_C_042_T0000,wavs_synthetic_crossspeaker/XSPK_C_042_T0000.wav,C_042,Kapcsold be a rádiót a kisszobába.
XSPK_C_042_T0001,wavs_synthetic_crossspeaker/XSPK_C_042_T0001.wav,C_042,A konyhába húzd fel a redőnyt.
XSPK_C_042_T0002,wavs_synthetic_crossspeaker/XSPK_C_042_T0002.wav,C_042,Kapcsold be a tévét a folyosón.
XSPK_C_042_T0003,wavs_synthetic_crossspeaker/XSPK_C_042_T0003.wav,C_042,Nyisd ki az ablakot a fürdőszobában
XSPK_C_042_T0004,wavs_synthetic_crossspeaker/XSPK_C_042_T0004.wav,C_042,A szobában kapcsold be a sradiátort
XSPK_C_042_T0005,wavs_synthetic_crossspeaker/XSPK_C_042_T0005.wav,C_042,Nagyszoba hőmérsékletét kapcsold ki
XSPK_C_042_T0006,wavs_synthetic_crossspeaker/XSPK_C_042_T0006.wav,C_042,Kisszobába fütést le
XSPK_C_042_T0007,wavs_synthetic_crossspeaker/XSPK_C_042_T0007.wav,C_042,Kapcsold fel a villanyt a nagyszobába
XSPK_C_042_T0008,wavs_synthetic_crossspeaker/XSPK_C_042_T0008.wav,C_042,Konyhában húzd le a fűtés.
XSPK_C_042_T0009,wavs_synthetic_crossspeaker/XSPK_C_042_T0009.wav,C_042,Fütés ki szoban
XSPK_C_042_T0010,wavs_synthetic_crossspeaker/XSPK_C_042_T0010.wav,C_042,Válts csatornát a rádin a kisszobába
XSPK_C_042_T0011,wavs_synthetic_crossspeaker/XSPK_C_042_T0011.wav,C_042,Kapcsold ki a ventilátort a folyosón.
XSPK_C_042_T0012,wavs_synthetic_crossspeaker/XSPK_C_042_T0012.wav,C_042,A kisszobábn kapcsold ki a radiátort
XSPK_C_042_T0013,wavs_synthetic_crossspeaker/XSPK_C_042_T0013.wav,C_042,Kapcsold ki a ventilátorokat a fürdőszobába
XSPK_C_042_T0014,wavs_synthetic_crossspeaker/XSPK_C_042_T0014.wav,C_042,Kapcsold be a tévét a nagyszobában
XSPK_C_042_T0015,wavs_synthetic_crossspeaker/XSPK_C_042_T0015.wav,C_042,A szobába kapcsold ki a radiátor
XSPK_C_042_T0016,wavs_synthetic_crossspeaker/XSPK_C_042_T0016.wav,C_042,Kapcsold le a villént a fürdőszobában.
XSPK_C_042_T0017,wavs_synthetic_crossspeaker/XSPK_C_042_T0017.wav,C_042,Kapcsold ki légy szíves a szobai rádiót
XSPK_C_042_T0018,wavs_synthetic_crossspeaker/XSPK_C_042_T0018.wav,C_042,A konyai redőnyt engedd le
XSPK_C_042_T0019,wavs_synthetic_crossspeaker/XSPK_C_042_T0019.wav,C_042,A fürdőszobában fejezd be a porszívózást
XSPK_C_042_T0020,wavs_synthetic_crossspeaker/XSPK_C_042_T0020.wav,C_042,Nyisd ki az ablakot a naccobában.
XSPK_C_042_T0021,wavs_synthetic_crossspeaker/XSPK_C_042_T0021.wav,C_042,Kapcsold be a hűtést a konyhában.
XSPK_C_042_T0022,wavs_synthetic_crossspeaker/XSPK_C_042_T0022.wav,C_042,Konyha nyit ajtom
XSPK_C_042_T0023,wavs_synthetic_crossspeaker/XSPK_C_042_T0023.wav,C_042,Berárjuk a ablakot a kisszobában
XSPK_C_042_T0024,wavs_synthetic_crossspeaker/XSPK_C_042_T0024.wav,C_042,A nagyszobában csendesítsd a tévét
XSPK_C_042_T0025,wavs_synthetic_crossspeaker/XSPK_C_042_T0025.wav,C_042,Nagyszobába kapcsold be légy szíves a porszívót
XSPK_C_042_T0026,wavs_synthetic_crossspeaker/XSPK_C_042_T0026.wav,C_042,Rádiót konyhába kapcsold ki
XSPK_C_042_T0027,wavs_synthetic_crossspeaker/XSPK_C_042_T0027.wav,C_042,Nyit ki az ajtót a szobába
XSPK_C_042_T0028,wavs_synthetic_crossspeaker/XSPK_C_042_T0028.wav,C_042,A kisszobában kapcsold ki a fűtést
XSPK_C_042_T0029,wavs_synthetic_crossspeaker/XSPK_C_042_T0029.wav,C_042,Húz le a ledőnyt a füfürdőszobában
XSPK_C_042_T0030,wavs_synthetic_crossspeaker/XSPK_C_042_T0030.wav,C_042,Konyhába kapcsold be a tűzhelyet.
XSPK_C_042_T0031,wavs_synthetic_crossspeaker/XSPK_C_042_T0031.wav,C_042,Kapcsoljuk be a számítógépet
XSPK_C_042_T0032,wavs_synthetic_crossspeaker/XSPK_C_042_T0032.wav,C_042,A kisszobában húzd szét a függöny
XSPK_C_042_T0033,wavs_synthetic_crossspeaker/XSPK_C_042_T0033.wav,C_042,Konyhában kapcsold be a kenyérpirítót
XSPK_C_042_T0034,wavs_synthetic_crossspeaker/XSPK_C_042_T0034.wav,C_042,Húzd fel a fűtést a kisszobába.
XSPK_C_042_T0035,wavs_synthetic_crossspeaker/XSPK_C_042_T0035.wav,C_042,A nagyszobába kapcsold be a rádiót
XSPK_C_042_T0036,wavs_synthetic_crossspeaker/XSPK_C_042_T0036.wav,C_042,A konyhában kapcsold ki a számítgépet.
XSPK_C_042_T0037,wavs_synthetic_crossspeaker/XSPK_C_042_T0037.wav,C_042,Folyosón kapcsold ki a rádiot
XSPK_C_042_T0038,wavs_synthetic_crossspeaker/XSPK_C_042_T0038.wav,C_042,Nyissuk ki az ajtót a nagyszobában
XSPK_C_042_T0039,wavs_synthetic_crossspeaker/XSPK_C_042_T0039.wav,C_042,Kapcsold le a fürdőszobába a villanyt
XSPK_C_042_T0040,wavs_synthetic_crossspeaker/XSPK_C_042_T0040.wav,C_042,Húzd be a függönyt a na a fürdőszobába
XSPK_C_042_T0041,wavs_synthetic_crossspeaker/XSPK_C_042_T0041.wav,C_042,Váltsál csatornát légy szíves a kisszobában
XSPK_C_042_T0042,wavs_synthetic_crossspeaker/XSPK_C_042_T0042.wav,C_042,A fürdőszobában kapcsold be porszívót
XSPK_C_042_T0043,wavs_synthetic_crossspeaker/XSPK_C_042_T0043.wav,C_042,Vedd lejjebb a tévét a szobába
XSPK_C_042_T0044,wavs_synthetic_crossspeaker/XSPK_C_042_T0044.wav,C_042,A kisszobában hangosítsd fel a tévén
XSPK_C_042_T0045,wavs_synthetic_crossspeaker/XSPK_C_042_T0045.wav,C_042,A fürdőszobában kapcsold be a mosógépet hatvan fokra.
XSPK_C_042_T0046,wavs_synthetic_crossspeaker/XSPK_C_042_T0046.wav,C_042,A konyhába állítsd be a mosógépet állítsd hatvan fokra
XSPK_C_042_T0047,wavs_synthetic_crossspeaker/XSPK_C_042_T0047.wav,C_042,Nyisd ki a nagyszobaajtót
XSPK_C_042_T0048,wavs_synthetic_crossspeaker/XSPK_C_042_T0048.wav,C_042,Kapcsold ki a vízforralót a konyhába.
XSPK_C_042_T0049,wavs_synthetic_crossspeaker/XSPK_C_042_T0049.wav,C_042,Kapcsold ki a rádiót a szobám szobában.
XSPK_C_042_T0050,wavs_synthetic_crossspeaker/XSPK_C_042_T0050.wav,C_042,A konyhába a vízforralót kapcsold be
XSPK_C_042_T0051,wavs_synthetic_crossspeaker/XSPK_C_042_T0051.wav,C_042,Konyhába han hangosícsd fel a tévé.
XSPK_C_042_T0052,wavs_synthetic_crossspeaker/XSPK_C_042_T0052.wav,C_042,Váltsál csatornát a szobába a rádión
XSPK_C_042_T0053,wavs_synthetic_crossspeaker/XSPK_C_042_T0053.wav,C_042,Fürdőszoban le lámpam
XSPK_C_042_T0054,wavs_synthetic_crossspeaker/XSPK_C_042_T0054.wav,C_042,Kapcsold be a radiátort a folyosón
XSPK_C_042_T0055,wavs_synthetic_crossspeaker/XSPK_C_042_T0055.wav,C_042,Fürdőszobába húzd fel a redőnyt.
XSPK_C_042_T0056,wavs_synthetic_crossspeaker/XSPK_C_042_T0056.wav,C_042,És a konyhába húzd be a függönyt
XSPK_C_042_T0057,wavs_synthetic_crossspeaker/XSPK_C_042_T0057.wav,C_042,A kisszobában kapcsold be a tévét.
XSPK_C_042_T0058,wavs_synthetic_crossspeaker/XSPK_C_042_T0058.wav,C_042,Nagyszobában kapcsold be a hűtés.
XSPK_C_042_T0059,wavs_synthetic_crossspeaker/XSPK_C_042_T0059.wav,C_042,A folyosón kapcsold be a ventilátort.
XSPK_C_042_T0060,wavs_synthetic_crossspeaker/XSPK_C_042_T0060.wav,C_042,A konyhában húzd fel a rolót.
XSPK_C_042_T0061,wavs_synthetic_crossspeaker/XSPK_C_042_T0061.wav,C_042,Kony a konyhában kapcsold feljebb a fűtést
XSPK_C_042_T0062,wavs_synthetic_crossspeaker/XSPK_C_042_T0062.wav,C_042,A szobaban kapcsold ki a rádiót
XSPK_C_042_T0063,wavs_synthetic_crossspeaker/XSPK_C_042_T0063.wav,C_042,A szobába húzd be a függönyt
XSPK_C_042_T0064,wavs_synthetic_crossspeaker/XSPK_C_042_T0064.wav,C_042,Kapcsold föl a villanyt a folyosón.
XSPK_C_042_T0065,wavs_synthetic_crossspeaker/XSPK_C_042_T0065.wav,C_042,A fürdőszobában kapcsold be a mosógépet és állítsd harminc fokra
XSPK_C_042_T0066,wavs_synthetic_crossspeaker/XSPK_C_042_T0066.wav,C_042,A kisszobában kapcsold fel a villanyt.
XSPK_C_042_T0067,wavs_synthetic_crossspeaker/XSPK_C_042_T0067.wav,C_042,Kapcsold ki a számítógépet a szobában
XSPK_C_042_T0068,wavs_synthetic_crossspeaker/XSPK_C_042_T0068.wav,C_042,Húzd be a psz függönyt a folyoson
XSPK_C_042_T0069,wavs_synthetic_crossspeaker/XSPK_C_042_T0069.wav,C_042,Húzd le a fűtést a fürdőszobába.
XSPK_C_042_T0070,wavs_synthetic_crossspeaker/XSPK_C_042_T0070.wav,C_042,Öntsél vizet a kancsóba
XSPK_C_042_T0071,wavs_synthetic_crossspeaker/XSPK_C_042_T0071.wav,C_042,Kisszobában csukjuk be az ajtót
XSPK_C_042_T0072,wavs_synthetic_crossspeaker/XSPK_C_042_T0072.wav,C_042,Kisszobába kapcsold ki a fűtést
XSPK_C_042_T0073,wavs_synthetic_crossspeaker/XSPK_C_042_T0073.wav,C_042,Fürdőszobában kapcsold le a villanyt
XSPK_C_042_T0074,wavs_synthetic_crossspeaker/XSPK_C_042_T0074.wav,C_042,Kapcsold be a gáztűzhelyt a konyhában.
XSPK_C_042_T0075,wavs_synthetic_crossspeaker/XSPK_C_042_T0075.wav,C_042,A szobába kapcsold le a villanyt.
XSPK_C_042_T0076,wavs_synthetic_crossspeaker/XSPK_C_042_T0076.wav,C_042,A számítógépet kapcsold be a nagyszobába
XSPK_C_042_T0077,wavs_synthetic_crossspeaker/XSPK_C_042_T0077.wav,C_042,A szobába kapcsold be a számítógépet.
XSPK_C_042_T0078,wavs_synthetic_crossspeaker/XSPK_C_042_T0078.wav,C_042,A kisszobában húzd föl a redőnyt.
XSPK_C_042_T0079,wavs_synthetic_crossspeaker/XSPK_C_042_T0079.wav,C_042,Fürdőszobába kapcsoljuk ki a porszívót
XSPK_C_042_T0080,wavs_synthetic_crossspeaker/XSPK_C_042_T0080.wav,C_042,A konyhába vedd lejjebb a radiátort
XSPK_C_042_T0081,wavs_synthetic_crossspeaker/XSPK_C_042_T0081.wav,C_042,Kapcsold le a villanyt a szobában.
XSPK_C_042_T0082,wavs_synthetic_crossspeaker/XSPK_C_042_T0082.wav,C_042,Szobába kapcsoljuk fel a fűtést
XSPK_C_042_T0083,wavs_synthetic_crossspeaker/XSPK_C_042_T0083.wav,C_042,A folyosón kapcsold ki a porszívó.
XSPK_C_042_T0084,wavs_synthetic_crossspeaker/XSPK_C_042_T0084.wav,C_042,A folyoson kapcsold ki a porszívót
XSPK_C_042_T0085,wavs_synthetic_crossspeaker/XSPK_C_042_T0085.wav,C_042,Kapcsold ki a felciláztort az konyhában
XSPK_C_042_T0086,wavs_synthetic_crossspeaker/XSPK_C_042_T0086.wav,C_042,A konyhában is húzd fel a redőnyt
XSPK_C_042_T0087,wavs_synthetic_crossspeaker/XSPK_C_042_T0087.wav,C_042,A folyosón húzd le a redőnyt.
XSPK_C_042_T0088,wavs_synthetic_crossspeaker/XSPK_C_042_T0088.wav,C_042,A porszívót kapcsold be a nagyszobába
XSPK_C_042_T0089,wavs_synthetic_crossspeaker/XSPK_C_042_T0089.wav,C_042,Konyhában kapcsol a ventillátort
XSPK_C_042_T0090,wavs_synthetic_crossspeaker/XSPK_C_042_T0090.wav,C_042,Kisszobában nyisd ki az ablakot.
XSPK_C_042_T0091,wavs_synthetic_crossspeaker/XSPK_C_042_T0091.wav,C_042,Kapcsold ki a porszivót a szobában.
XSPK_C_042_T0092,wavs_synthetic_crossspeaker/XSPK_C_042_T0092.wav,C_042,Lehúzzuk a redőnyt a nagyszobában
XSPK_C_042_T0093,wavs_synthetic_crossspeaker/XSPK_C_042_T0093.wav,C_042,Húzd fel a radiátort a konyhában
XSPK_C_042_T0094,wavs_synthetic_crossspeaker/XSPK_C_042_T0094.wav,C_042,Kapcsold be a rádjót a fürdőszobában.
XSPK_C_042_T0095,wavs_synthetic_crossspeaker/XSPK_C_042_T0095.wav,C_042,Húzd fel a radiátort a knagyszobában
XSPK_C_042_T0096,wavs_synthetic_crossspeaker/XSPK_C_042_T0096.wav,C_042,A kisszobában nyiss az ajtót.
XSPK_C_042_T0097,wavs_synthetic_crossspeaker/XSPK_C_042_T0097.wav,C_042,A konyhában kapcsold ki a forszívót
XSPK_C_042_T0098,wavs_synthetic_crossspeaker/XSPK_C_042_T0098.wav,C_042,A konyhán engedd le a redőnyt
XSPK_C_042_T0099,wavs_synthetic_crossspeaker/XSPK_C_042_T0099.wav,C_042,A folyosón húzzuk be a függöny
XSPK_C_042_T0100,wavs_synthetic_crossspeaker/XSPK_C_042_T0100.wav,C_042,A szobában alkítsd le a tévét
XSPK_C_042_T0101,wavs_synthetic_crossspeaker/XSPK_C_042_T0101.wav,C_042,A konyhában huzd szét a függönyt.
XSPK_C_042_T0102,wavs_synthetic_crossspeaker/XSPK_C_042_T0102.wav,C_042,A folyosón kapcsold be a ventillátorokat
XSPK_C_042_T0103,wavs_synthetic_crossspeaker/XSPK_C_042_T0103.wav,C_042,A szobába vedd feljebb a radiátort
XSPK_C_042_T0104,wavs_synthetic_crossspeaker/XSPK_C_042_T0104.wav,C_042,A fühldőszobában zárd be az ajtót
XSPK_C_042_T0105,wavs_synthetic_crossspeaker/XSPK_C_042_T0105.wav,C_042,A szobában zárd az ablakot
XSPK_C_042_T0106,wavs_synthetic_crossspeaker/XSPK_C_042_T0106.wav,C_042,Konyhában kapcsold ki a gáztűzhelyt.
XSPK_C_042_T0107,wavs_synthetic_crossspeaker/XSPK_C_042_T0107.wav,C_042,A nagyszobai ventilátort kikapcsolnád
XSPK_C_042_T0108,wavs_synthetic_crossspeaker/XSPK_C_042_T0108.wav,C_042,Folyosó hőmérsékletét kapcsold
XSPK_C_042_T0109,wavs_synthetic_crossspeaker/XSPK_C_042_T0109.wav,C_042,Kapcsold varádiót a fürdőszobába
XSPK_C_042_T0110,wavs_synthetic_crossspeaker/XSPK_C_042_T0110.wav,C_042,Szobában húzd szét a függönyt.
XSPK_C_042_T0111,wavs_synthetic_crossspeaker/XSPK_C_042_T0111.wav,C_042,A kisszobában kapcsold ki légy szíves a számítógépet
XSPK_C_042_T0112,wavs_synthetic_crossspeaker/XSPK_C_042_T0112.wav,C_042,Húzd fel a fűtést a konyhában.
XSPK_C_042_T0113,wavs_synthetic_crossspeaker/XSPK_C_042_T0113.wav,C_042,Konyha nyisd ki a ablakot
XSPK_C_042_T0114,wavs_synthetic_crossspeaker/XSPK_C_042_T0114.wav,C_042,A nagyszobába kapcsold be a porszivó.
XSPK_C_042_T0115,wavs_synthetic_crossspeaker/XSPK_C_042_T0115.wav,C_042,Konyhába zárd be az ajtó
XSPK_C_042_T0116,wavs_synthetic_crossspeaker/XSPK_C_042_T0116.wav,C_042,Kapcsold ki a ventillátort a szobában.
XSPK_C_042_T0117,wavs_synthetic_crossspeaker/XSPK_C_042_T0117.wav,C_042,A folyosón nyiss ki az ablakot.
XSPK_C_042_T0118,wavs_synthetic_crossspeaker/XSPK_C_042_T0118.wav,C_042,A konyhában indítsd el a mosógépet harinc fokos programon
XSPK_C_042_T0119,wavs_synthetic_crossspeaker/XSPK_C_042_T0119.wav,C_042,A nagyszobában kapcsold ki a tévét.
XSPK_C_042_T0120,wavs_synthetic_crossspeaker/XSPK_C_042_T0120.wav,C_042,A nagyszobába nyisd ki az ajtót.
XSPK_C_042_T0121,wavs_synthetic_crossspeaker/XSPK_C_042_T0121.wav,C_042,Kisszoban záran ajtó
XSPK_C_042_T0122,wavs_synthetic_crossspeaker/XSPK_C_042_T0122.wav,C_042,Konyhában vízforraló bekapcsolni
XSPK_C_042_T0123,wavs_synthetic_crossspeaker/XSPK_C_042_T0123.wav,C_042,Konyhába kapcsold ki a vízforralót.
XSPK_C_042_T0124,wavs_synthetic_crossspeaker/XSPK_C_042_T0124.wav,C_042,A folyosón kapcsold ki a ventilátort
XSPK_C_042_T0125,wavs_synthetic_crossspeaker/XSPK_C_042_T0125.wav,C_042,Kisszobába kapcsold fel a lámpát.
XSPK_C_042_T0126,wavs_synthetic_crossspeaker/XSPK_C_042_T0126.wav,C_042,Állícsd a mosógépet harminc fokra a konyhában.
XSPK_C_042_T0127,wavs_synthetic_crossspeaker/XSPK_C_042_T0127.wav,C_042,Folyosóba zárd be az ajtót
XSPK_C_042_T0128,wavs_synthetic_crossspeaker/XSPK_C_042_T0128.wav,C_042,A szobában kapcsold fel a villanyt
XSPK_C_042_T0129,wavs_synthetic_crossspeaker/XSPK_C_042_T0129.wav,C_042,Húzd be a függönyt a kisszobaba.
XSPK_C_042_T0130,wavs_synthetic_crossspeaker/XSPK_C_042_T0130.wav,C_042,Zár be a ajtót a na szobában
XSPK_C_042_T0131,wavs_synthetic_crossspeaker/XSPK_C_042_T0131.wav,C_042,Kapcsold föl a folyosón a villanyt
XSPK_C_042_T0132,wavs_synthetic_crossspeaker/XSPK_C_042_T0132.wav,C_042,A fürdőszobában kapcsold ki a ventilátort
XSPK_C_042_T0133,wavs_synthetic_crossspeaker/XSPK_C_042_T0133.wav,C_042,Kapcold be a ventillátort a szobában.
XSPK_C_042_T0134,wavs_synthetic_crossspeaker/XSPK_C_042_T0134.wav,C_042,A folyosóban váltsd csatornát a tévén
XSPK_C_042_T0135,wavs_synthetic_crossspeaker/XSPK_C_042_T0135.wav,C_042,A konyhába kapcsold ki a porszívót.
XSPK_C_042_T0136,wavs_synthetic_crossspeaker/XSPK_C_042_T0136.wav,C_042,Kapcsold le a villanyt a folyosón.
XSPK_C_042_T0137,wavs_synthetic_crossspeaker/XSPK_C_042_T0137.wav,C_042,Kapcsold ki a számítógépet a konyhánk a konyhában.
XSPK_C_042_T0138,wavs_synthetic_crossspeaker/XSPK_C_042_T0138.wav,C_042,Nagyszobába kapcsold fel a lámpát.
XSPK_C_042_T0139,wavs_synthetic_crossspeaker/XSPK_C_042_T0139.wav,C_042,Zárd be az ajtót a konyha kisszobába
XSPK_C_042_T0140,wavs_synthetic_crossspeaker/XSPK_C_042_T0140.wav,C_042,Vál csatornát a tévén a folyosón.
XSPK_C_042_T0141,wavs_synthetic_crossspeaker/XSPK_C_042_T0141.wav,C_042,Húz szét a függönyt a folyosón
XSPK_C_042_T0142,wavs_synthetic_crossspeaker/XSPK_C_042_T0142.wav,C_042,A fürdőszobába nyisd ki az ajtót.
XSPK_C_042_T0143,wavs_synthetic_crossspeaker/XSPK_C_042_T0143.wav,C_042,Mind a két ventilátort kapcsoljuk ki túl hideg van
XSPK_C_042_T0144,wavs_synthetic_crossspeaker/XSPK_C_042_T0144.wav,C_042,Kapcsold ki a fűtést szobában.
XSPK_C_042_T0145,wavs_synthetic_crossspeaker/XSPK_C_042_T0145.wav,C_042,Kíszobában kapcsold be a számítógépet.
XSPK_C_042_T0146,wavs_synthetic_crossspeaker/XSPK_C_042_T0146.wav,C_042,Mosógépet kapcsold ki a hatvan fokon a konyhában.
XSPK_C_042_T0147,wavs_synthetic_crossspeaker/XSPK_C_042_T0147.wav,C_042,Csendesítsd a tévét a szobában.
XSPK_C_042_T0148,wavs_synthetic_crossspeaker/XSPK_C_042_T0148.wav,C_042,A kisszobaban kapcsold be a radiot
XSPK_C_042_T0149,wavs_synthetic_crossspeaker/XSPK_C_042_T0149.wav,C_042,Szoba ki ventilátor
XSPK_C_042_T0150,wavs_synthetic_crossspeaker/XSPK_C_042_T0150.wav,C_042,A folyosón kapcsold ki a tévét
XSPK_C_042_T0151,wavs_synthetic_crossspeaker/XSPK_C_042_T0151.wav,C_042,Kapcsold ki a ventillátort nagy nagyszobábaban
XSPK_C_042_T0152,wavs_synthetic_crossspeaker/XSPK_C_042_T0152.wav,C_042,Zárd be az ablakot az nagyszobában
XSPK_C_042_T0153,wavs_synthetic_crossspeaker/XSPK_C_042_T0153.wav,C_042,Húzd le a hűttés a zobába.
XSPK_C_042_T0154,wavs_synthetic_crossspeaker/XSPK_C_042_T0154.wav,C_042,Vál csatornát a rádión a kisszobába.
XSPK_C_042_T0155,wavs_synthetic_crossspeaker/XSPK_C_042_T0155.wav,C_042,A kisszobába halkítsd le a tévét
XSPK_C_042_T0156,wavs_synthetic_crossspeaker/XSPK_C_042_T0156.wav,C_042,Fürté ki folyosó
XSPK_C_042_T0157,wavs_synthetic_crossspeaker/XSPK_C_042_T0157.wav,C_042,Kapcsold ki a tévét a fojjosón.
XSPK_C_042_T0158,wavs_synthetic_crossspeaker/XSPK_C_042_T0158.wav,C_042,Konyhába vál csatornát a tévén.
XSPK_C_042_T0159,wavs_synthetic_crossspeaker/XSPK_C_042_T0159.wav,C_042,A konyhában kapcold ki a ventillátor
XSPK_C_042_T0160,wavs_synthetic_crossspeaker/XSPK_C_042_T0160.wav,C_042,Nagyszobába kapcsold be a rádiót.
XSPK_C_042_T0161,wavs_synthetic_crossspeaker/XSPK_C_042_T0161.wav,C_042,Kapcsold be a mosógépet a konyhába harminc fokos hatvan fokos hőmérséklet esetén
XSPK_C_042_T0162,wavs_synthetic_crossspeaker/XSPK_C_042_T0162.wav,C_042,Kisszobába kapcsold be a porszívót
XSPK_C_042_T0163,wavs_synthetic_crossspeaker/XSPK_C_042_T0163.wav,C_042,Kapcsold át a televíziót a szobában
XSPK_C_042_T0164,wavs_synthetic_crossspeaker/XSPK_C_042_T0164.wav,C_042,A folyosón kaptold be a fűtést.
XSPK_C_042_T0165,wavs_synthetic_crossspeaker/XSPK_C_042_T0165.wav,C_042,A nagyszobában kapcsold be a porszívót.
XSPK_C_042_T0166,wavs_synthetic_crossspeaker/XSPK_C_042_T0166.wav,C_042,Hívd fel a lányomat telefonon.
XSPK_C_042_T0167,wavs_synthetic_crossspeaker/XSPK_C_042_T0167.wav,C_042,A szobában hangosics fel a tévét
XSPK_C_042_T0168,wavs_synthetic_crossspeaker/XSPK_C_042_T0168.wav,C_042,Konyhába kapcsold fel a villanyt.
XSPK_C_042_T0169,wavs_synthetic_crossspeaker/XSPK_C_042_T0169.wav,C_042,Kapcsold be a konyhában a mosást harminc fokon
XSPK_C_042_T0170,wavs_synthetic_crossspeaker/XSPK_C_042_T0170.wav,C_042,Kapcsoljuk le a fürdőszobában a villanyt
XSPK_C_042_T0171,wavs_synthetic_crossspeaker/XSPK_C_042_T0171.wav,C_042,Csold be a fűtést a folyoson
XSPK_C_042_T0172,wavs_synthetic_crossspeaker/XSPK_C_042_T0172.wav,C_042,Nyiccsi az ajtót a folyosón.
XSPK_C_042_T0173,wavs_synthetic_crossspeaker/XSPK_C_042_T0173.wav,C_042,Ablakot nyisd ki a konyhába
XSPK_C_042_T0174,wavs_synthetic_crossspeaker/XSPK_C_042_T0174.wav,C_042,Úzd lejjebb a fürdőszobában a radirátor
XSPK_C_042_T0175,wavs_synthetic_crossspeaker/XSPK_C_042_T0175.wav,C_042,Kapcsold be a fűtést a fürdőszobában.
XSPK_C_042_T0176,wavs_synthetic_crossspeaker/XSPK_C_042_T0176.wav,C_042,Konyhába kapcsold be a ventilátorokat
XSPK_C_042_T0177,wavs_synthetic_crossspeaker/XSPK_C_042_T0177.wav,C_042,A konyhában nyissuk ki az ajtót
XSPK_C_042_T0178,wavs_synthetic_crossspeaker/XSPK_C_042_T0178.wav,C_042,Húzd be a függöny a szobában
XSPK_C_042_T0179,wavs_synthetic_crossspeaker/XSPK_C_042_T0179.wav,C_042,Kapcsold fel a világítást a szobában.
XSPK_C_042_T0180,wavs_synthetic_crossspeaker/XSPK_C_042_T0180.wav,C_042,Kapcsold ki a sütőt a konyhába.
XSPK_C_042_T0181,wavs_synthetic_crossspeaker/XSPK_C_042_T0181.wav,C_042,Kapcsold be a rádiót a szobában.
XSPK_C_042_T0182,wavs_synthetic_crossspeaker/XSPK_C_042_T0182.wav,C_042,Konyhába kapcsoljuk le a villanyt
XSPK_C_042_T0183,wavs_synthetic_crossspeaker/XSPK_C_042_T0183.wav,C_042,A nagyszobában kapcsold be a rádió.
XSPK_C_042_T0184,wavs_synthetic_crossspeaker/XSPK_C_042_T0184.wav,C_042,A szobában vedd feljebb a televíziót
XSPK_C_042_T0185,wavs_synthetic_crossspeaker/XSPK_C_042_T0185.wav,C_042,Hangosítsuk a tévét a nagyszobába
XSPK_C_042_T0186,wavs_synthetic_crossspeaker/XSPK_C_042_T0186.wav,C_042,A kisszobában kapcsold le a fűtés.
XSPK_C_042_T0187,wavs_synthetic_crossspeaker/XSPK_C_042_T0187.wav,C_042,Konyhában kapcsold le a villanyt
XSPK_C_042_T0188,wavs_synthetic_crossspeaker/XSPK_C_042_T0188.wav,C_042,A konyhában kapcsold ki kapcsold át a rádiót
XSPK_C_042_T0189,wavs_synthetic_crossspeaker/XSPK_C_042_T0189.wav,C_042,A radiátort kapcsold be a konyhában
XSPK_C_042_T0190,wavs_synthetic_crossspeaker/XSPK_C_042_T0190.wav,C_042,A szobában kapcsold be a rádión
XSPK_C_042_T0191,wavs_synthetic_crossspeaker/XSPK_C_042_T0191.wav,C_042,A nagyszobában hangosídd a tévét
XSPK_C_042_T0192,wavs_synthetic_crossspeaker/XSPK_C_042_T0192.wav,C_042,Nagyszobába hangosítsd fel a tévét
XSPK_C_042_T0193,wavs_synthetic_crossspeaker/XSPK_C_042_T0193.wav,C_042,A konyhába kapcsold be a vízforralót.
XSPK_C_042_T0194,wavs_synthetic_crossspeaker/XSPK_C_042_T0194.wav,C_042,Kapcsold ki a számítógépet a nagyszobában.
XSPK_C_042_T0195,wavs_synthetic_crossspeaker/XSPK_C_042_T0195.wav,C_042,Nagyszobába húzd le a ladiátor
XSPK_C_042_T0196,wavs_synthetic_crossspeaker/XSPK_C_042_T0196.wav,C_042,Húzd fel a redőnt a fürdőszobában.
XSPK_C_042_T0197,wavs_synthetic_crossspeaker/XSPK_C_042_T0197.wav,C_042,Dísd ki az ajtót a fördőszobában
XSPK_C_042_T0198,wavs_synthetic_crossspeaker/XSPK_C_042_T0198.wav,C_042,A szobában zárd az ajtót
XSPK_C_042_T0199,wavs_synthetic_crossspeaker/XSPK_C_042_T0199.wav,C_042,Válcs csatornát a rádión nagyszobába.
XSPK_C_042_T0200,wavs_synthetic_crossspeaker/XSPK_C_042_T0200.wav,C_042,A fürdőszobában kapcsold be a ventilátort.
XSPK_C_042_T0201,wavs_synthetic_crossspeaker/XSPK_C_042_T0201.wav,C_042,A folyosón kapcsold ki a porszívót.
XSPK_C_042_T0202,wavs_synthetic_crossspeaker/XSPK_C_042_T0202.wav,C_042,Kapcsold be a rádiót a fűrdőszobában
XSPK_C_042_T0203,wavs_synthetic_crossspeaker/XSPK_C_042_T0203.wav,C_042,Fürdőszobába válts csatornát a tévén
XSPK_C_042_T0204,wavs_synthetic_crossspeaker/XSPK_C_042_T0204.wav,C_042,Kapcsold be a rediát a konyhában
XSPK_C_042_T0205,wavs_synthetic_crossspeaker/XSPK_C_042_T0205.wav,C_042,A nagyszobában húzd le a fűtést.
XSPK_C_042_T0206,wavs_synthetic_crossspeaker/XSPK_C_042_T0206.wav,C_042,A redőnyt a konyhában húzd le
XSPK_C_042_T0207,wavs_synthetic_crossspeaker/XSPK_C_042_T0207.wav,C_042,A fürdőszobába húzd szét légy szíves a függönyt
XSPK_C_042_T0208,wavs_synthetic_crossspeaker/XSPK_C_042_T0208.wav,C_042,A kisszobába hangosícsd fel a tévét.
XSPK_C_042_T0209,wavs_synthetic_crossspeaker/XSPK_C_042_T0209.wav,C_042,Kapcsold be a fürdőszobában a porszívót
