text_id,text
T0000,Később azonban a páciens állapota valamivel jobbra fordult
T0001,Érdekes vetületekre derülhet fény
T0002,Cserelapként az első természetes lap lesz felütve
T0003,"Így van pénze fogorvosra, robotporszívóra stb"
T0004,"Ma nem megyünk sehova, tegnap bevásároltunk"
T0005,"A horgonyokat, ha azokat nem haszn"
T0006,"Édes magam, ne hagyd magad"
T0007,"Írok, ha elindulok"
T0008,Valamivel később pedig kikölcsönözte és elolvasta Sidney Luxton Loney trigonometriakönyvét
T0009,"Remélem, nem fagyoskodtok"
T0010,A lineáris algebra a lineáris egyenletrendszerek elméletéből fejlődött ki
T0011,Alant felsorolom az osztálytársak neveit
T0012,"Ricardo ezt képtelen elfogadni, és öngyilkos lesz emiatt"
T0013,Nincs ehhez kicsit korán
T0014,Összesen hatszázötven függvényt állított elő ezen a területen
T0015,"Oké, csörögj rám"
T0016,Péntektől érvényes a katalógus
T0017,"Csak este tudtak hazahozni, amikor a többi vendég hazament"
T0018,Nekem is az a tippem
T0019,"Gondolkodtam, hogy két lapot küldök a késedelem miatt"
T0020,Azonban félórás vizsgálat után sem jutott eszébe jó megoldás
T0021,Az elméleti és alkalmazott matematika elemi eredményeinek áttekintése
T0022,Ne törd a fejed rajta
T0023,"Megszűnt a miniszterelnöki intézmény, az államfő jogkörei jelentősen bővültek"
T0024,Sok puszit küldök szeretettel
T0025,A kormányhatározat szerint a leépítéseket differenciáltan hajtják végre
T0026,Legalább háromszor találkoztak
T0027,Ennyit tudtam még javítani rajtuk
T0028,Ebül szerzett jószág ebül vész el
T0029,"Szerencsére van, aki értékeli"
T0030,"Igen, ez is jó"
T0031,"A késeket rendszeresen fenni kell, hogy mindig élesek legyenek"
T0032,Nagyon szépen köszönöm
T0033,Az európai felfogás az alábbi egységekre tagolja az országot
T0034,Leif Pandurót a legjelentősebb dán írók között tartják számon
T0035,"Gondolom, töltő is kéne hozzájuk"
T0036,"Egyszerű számolás mutatja, hogy minden kettőhatvány majdnem tökéletes"
T0037,Kedvelem a mediterrán ételeket
T0038,Az nem az én szobabiciklim
T0039,Az ösztöndíj felszabadította a kikötőben végzett munka alól
T0040,Kicsit később meglátom
T0041,A permanganátok a permangánsav sói
T0042,Meséit azonban mégsem lehet egyszerűen fordításoknak tekinteni
T0043,Ilyen elő szokott fordulni egy háztartásban
T0044,Willamet teljesen leköti a munkája
T0045,Mérete a lehullott csapadék mennyiségétől függően változik
T0046,"Puhák a párnák, de nehezek az ágyak"
T0047,A város kórházát elárasztották a sebesült katonák
T0048,"Azért az egér, gondolom, működik"
T0049,Nagy hatással volt az életére
T0050,"Nyitott probléma, hogy létezik-e akár egyetlen kvázitökéletes szám is"
T0051,"Nemcsak személyes kapcsolataiban, munkájában is érzelmi analfabéta"
T0052,Én utolsó szeretnék lenni
T0053,Pályafutását hátralévő részét Sevillában töltötte
T0054,"A becsület ma már nem divat, de még mindig népszerű"
T0055,Jelenleg az orosz Katyusa-ben versenyez
T0056,Sokat fejlődik a technika
T0057,Pyrénées-Orientales megyében található
T0058,Claire Foy két idősebb testvére van
T0059,Szerepel a Sárga Császárról és a ról szóló legendákban is
T0060,Ez egy Edgar Rice Burroughs paródia volt
T0061,A középkorban Gotland már fontos kereskedelmi központtá volt
T0062,A községi önkormányzat egyetlen település és katasztrális község tartozik
T0063,Emlékezés Török Pálra sat
T0064,Tajpejben és ban forgatták
T0065,Az első két éjszaka semmi sem történt
T0066,A Club América játékosa volt
T0067,Lucijára és Sv
T0068,Emiatt fordult Moroder végül is Debbie Harryhez
T0069,Kendall először az E
T0070,Az utómunkálatokban részt vett Jay Cassidy és Evan Schiff is
T0071,A leelo a szetuk identitásának az alapját képezi
T0072,Legyen szép a napod
T0073,Luxemburg a Hagenbach-Bischoff módszert használja az Európa Parlamenti választásainál
T0074,Ugyanekkor épültek az első villák a későbbi Noa-negyed területén
T0075,Felszálló halmazrendszert alkotnak a természetes számok végtelen részhalmazai is
T0076,Három hónappal később önkezével vetett életének
T0077,Rózsa Sándor és a vállon lőtt Imre elmenekültek
T0078,A szobor feltehetőleg papi ruházatban és süveggel ábrázolta a szentet
T0079,A természetes élőhelye a mérsékelt övi erdők
T0080,A stabilizációt ion motorok biztosították
T0081,Irányítása a lánctalpak fékezésével történt
T0082,Montoyát a bokszutca piros lámpa alatti elhagyása miatti diszkvalifikálták
T0083,Költeményeit arab és román nyelvre is lefordították
T0084,Története során a város végig megtartotta nevét
T0085,Tagja volt Bassár el-Aszad elnök belső körének
T0086,Tizenegy testvére közül csak öt lánytestvére érte meg a felnőttkort
T0087,Ugyanezen a helyen már többször is fellépett az együttes
T0088,Fő törekvése Flandria önállóságának kivívása volt
T0089,A csatornán keresztül menekülnek
T0090,A más egyetemről kapott meghívásokat pozíciójának erősítésére használta fel
T0091,A karaktert Ken Leung alakítja
T0092,Retrospektív Van Gogh-nak
T0093,Polgári családból származik
T0094,Ezt követően a Dorogi Bányász játékosa lett
T0095,A film többnyire pozitív értékeléseket kapott a kritikusoktól
T0096,A pingvin fehér-fekete színezete az álcázást szolgálja a vízben
T0097,A legelső grófokról kortárs írásos feljegyzés nem maradt fenn
T0098,Európa és Ázsia bükkös és gyertyános tölgyeseiben fordul elő
T0099,Játékát szerva-röptézés jellemzi
T0100,Seoul International Drama Awards legjobb betétdalnak járó díját
T0101,Az egészségügyi alapellátást a háziorvosi szolgálat biztosítja
T0102,Tanulmányait Pozsonyban és Pesten végezte
T0103,Tulajdonképpen az Égi királyság folytatása
T0104,Egy országból legfeljebb négy játékos indulhatott el
T0105,Hogy néz ez ki
T0106,Tehát a forgatónyomaték csak a külső eredő erővel arányos mennyiség
T0107,Két feleségétől összesen négy gyermeke született
T0108,A melegebb tengereket kedvelik
T0109,Néha frissen is árusítják
T0110,Később ez a hely vált a japán tendai buddhizmus központjává
T0111,Adását követően csökken a perifériás artériás ellenállás és a vérnyomás
T0112,A Baranya megyei eszperantó mozgalom egyik vezető egyénisége
T0113,Legnépesebb települése Pécs
T0114,Kreatív írás kurzuson kijelölték egy darab megírására
T0115,A Kanada Rend tagja
T0116,A rádió is gyakran közvetít innen koncerteket
T0117,Farkas István önkéntesként harcolt a nemzetőrségben
T0118,Családjának sikereit ügyesen fordította a maga javára
T0119,A német egyesítéskor nem csatlakozott a közös hadsereghez
T0120,Ezen a helyen nem fogsz többé látni egy ideig
T0121,Naivaként kezdte később karakter szerepeket alakított kiválóan
T0122,Az olimpián csak négy csapat indult
T0123,Most Magyarország romlását a Moldvai Fejedelemség hanyatlása követte
T0124,Öt próba teljesítése után egy sérülés miatt visszalépett
T0125,Leginkább a YouTube csatornáján keresztül vált ismertté
T0126,Házasságuk egy évig tartott
T0127,Emiatt a vonalaik majd mindegyike igen látványos tájakon vezet keresztül
T0128,A település alapításáról nem léteznek pontos adatok
T0129,Az énekelt szövegnek több változata is lehet
T0130,A középkorban népesült be
T0131,Más kutatók vitatják ezt a kapcsolatot
T0132,Ezek mind az állati lélek funkciói
T0133,Az épület a modern építészeti irányzat ragyogó példája
T0134,A Krasznodari-víztározó mentén rizstermesztés is folyik
T0135,A Ferrari leszerződtette a sérült Felipe Massa helyére
T0136,A Shannon folyó forrása
T0137,A tizenkét mérkőzés mindegyikén szerepelt
T0138,Dísznövényként kertbe ültetik
T0139,Jelentős szerepük van a virágok beporzásában
T0140,A kommunista hatalomátvételt követően kitelepítették és vagyonától megfosztották
T0141,Az egyes ázsiai régiókat és országokat külön szócikkek részletezik
T0142,Indonéziához tartozó Celebesz szigetén honos
T0143,Ilija üteg tüzet nyitott rá
T0144,Később egy része Késmárk birtokába került
T0145,Tiszta időben elmosódott ellipszisként szabad szemmel is látható
T0146,"Ott voltam én is, mert kíváncsi voltam rájuk"
T0147,Szervező az Opál Tehetséggondozó Alapítvány volt
T0148,A nép vagy az állam azonban nem a király tulajdona
T0149,Felesége Ioana Nicolaie költőnő
T0150,A kupát a Torino nyerte meg immár negyedszer
T0151,De erre irányuló minden kezdeményezésük zátonyra futott
T0152,Vendégként lakott az épületben Bartók Béla és Kodály Zoltán
T0153,A falak gránitból készültek
T0154,A helyiek gyakran látogatják
T0155,Nevét Ernest Edward Williams herpetológus tiszteletére kapta
T0156,Selmeczi György Kolozsváron született
T0157,Jákon ezt a szerepet töltötte be a Szent Jakab-kápolna
T0158,A sorozat főcíme eredetileg Cherry ötlete volt
T0159,Hivatalosan ekkortól hívják Maria hurrikánnak
T0160,Loison kívül mindenkinek tetszik az ötlet
T0161,Az esküvői ruhák mellett Wang estélyi ruhákat is tervez
T0162,A Huszti járás Kárpátalja egyik elmaradott térsége
T0163,A rendkívül különleges hajviseletnek igen komoly eredete van
T0164,A nyugat-boszniai offenzíva hatására kötötték meg a Daytoni békét
T0165,Mind a hat elnökjelölt kampányolt a függetlenedés mellett is
T0166,A Közmunkák Tanácsa erőteljes késztetésére ezeket a főváros építtette
T0167,A Sylvester János Protestáns Gimnázium tanára
T0168,Jelenleg is kivégzésére vár Észak-Karolinában
T0169,Az alábbi eset játszódott le Amerika egyik kikötőjében
T0170,Közelében ma is megtalálhatók egy lelőtt amerikai repülőgép maradványai
T0171,Katonai szolgálatáért Ezüst- és Bronz Csillaggal tüntették ki
T0172,Armstrong Londonban él
T0173,Színezete és mintázata rendkívül változó
T0174,Ulászló javára a két éve halott Mátyás király trónjáért
T0175,A hely a magyar történelem lapjain is szerepel
T0176,A felvilágosult abszolutizmus uralkodói jóvoltából
T0177,A trianoni békeszerződés előtt Zágráb vármegye Zágrábi járásához tartozott
T0178,Tárgyalás helyett azonban csapdát állít nekik és végez velük
T0179,Nevét az itt található Orbán-hegy után kapta
T0180,Rákóczi Ferenc fejedelem egyik első reguláris ezredének megszervezője
T0181,Az Észak-Alföldön fekszik
T0182,Tagjait a szakkollégiumot fenntartó alapítvány kuratóriuma választja
T0183,Személyéről és alkotásairól keveset tudunk
T0184,Az elemzők legelterjedtebb felhasználási területe a számítógépes programozási nyelvek elemzése
T0185,Postája közt lel egy Mike kaliforniai címéről jött csomagot
T0186,Szinte minden csapattal képes volt a mezőny első felében végezni
T0187,A homeopátia egyre gyakrabban alkalmazza
T0188,A méhek ebbe építkeznek
T0189,A szervezetben többféle antioxidáns van jelen
T0190,Déli részén található a Karintiába átvezető Katschberg-hágó
T0191,A Barcaság területén tucatnyi faluban élnek csángók
T0192,Ugyanakkor sok fosszilis fajt csak fosszíliák alapján ismerünk
T0193,David két nővel alszik
T0194,A második fordulóba az első forduló nyolc legjobb csoportmásodikja került
T0195,A hegyet egykor a Balaton mosta ki mai formájára
T0196,A két csoport genetikailag is jól elkülönül
T0197,Az ásványvízforrások jelenléte a vidék egyik kiemelkedő jellemvonása
T0198,Jelenleg a Toyota gyári csapatának versenyzője a rali-világbajnokságon
T0199,A hasonló nevet viselő kamarazenekar rendszeresen ad koncertet a templomban
T0200,Az együttes továbbá dolgozik második nagylemezén
T0201,Démétriosz körülbelül tíz esztendeig volt a pártusok foglya
T0202,Több hazai és külföldi díjat is elnyert
T0203,A későbbiekben csodálta Rembrandt és Vincent van Gogh munkáit
T0204,Röviddel később rátaláltak a test közelében fekvő két cetlire
T0205,Az önkormányzatok szintjei külön feladatkörökkel rendelkeznek
T0206,Egyes részei vízválasztóul szolgálnak a Jeges-tenger és a Csendes-óceán között
T0207,Mindenekelőtt tisztázatlan volt a függvény fogalma
T0208,Magányos harcos menyét
T0209,Ők már régóta a monarchia egyik alapjának számítottak
T0210,A dal hallható a film filmzenei albumján
T0211,Festeni Nagybányán Hollósy Simonnál tanult
T0212,Eredetéről nem léteznek pontos adatok
T0213,Kabán Annamária apja
T0214,Jelenleg a lengyel Vive Targi Kielce játékosa
T0215,Ezután a színház szerződtette
T0216,A cég központja mindvégig Modenaban maradt
T0217,Talán ő is ott volt a várakozók között
T0218,Magyar lakossága a reformáció idején református hitre tért
T0219,Ezt a technikát sem csak monopolhelyzetben lévő vállalatok alkalmazzák
T0220,András a templomos lovagrendnek adományozta
T0221,Létezett a wz
T0222,Ilyen terület volt az Appalache-hegység is
T0223,Nem ritkák a kivételes helyszínről jelentkező élő adások
T0224,Ezek ellenére sem került a csapat a playoffba
T0225,Az eredmény végül igazolta a közvéleménykutatásokat
T0226,Békés Megyei Igazgatósága
T0227,A harmadik és negyedik helyezettek helyosztó futamokban vettek részt
T0228,A Gemenci-erdő tanösvényein sétálva az ártér egyedülálló szépségének lehetünk részesei
T0229,Christopher nagy sírásban tört ki
T0230,A madár a tojásait üregbe rakja
T0231,Kitüntetésként elismert díj
T0232,Kína ugyanis a Keleti Zhou-korban lépett be a vaskorba
T0233,Ekkor négy mérkőzésen lépett jégre
T0234,Egy kivételével valamennyi helyen történelem előtti maradványok is kerültek elő
T0235,Ezek alapján a Szigetet sem tudná vezetni
T0236,Az egészségügyi ellátást orvosi rendelő és gyógyszertár biztosítja
T0237,Pál meghívta Rómába
T0238,A Besztercebányai kerület Gyetvai járásának székhelye
T0239,Sigray gróf háromszor is megnősült élete során
T0240,A fellelhető megállapítások csupán feltevések
T0241,Az éneket pedig a Grand Hotelben rögzítették
T0242,A leírt információk az egyházközség levéltárában megtalálhatóak
T0243,Ezek képezték akkor a családi vállalkozások alapját
T0244,A láb mindig is sebezhető pontja volt a lovas katonáknak
T0245,Nagy színháztermén kívül egy kisebb előadóteremmel is rendelkezik
T0246,A spórapora barnásfekete
T0247,Ezután egy három oldalról indított támadás kezdődött a városban
T0248,Kevesen maradtak életben az egykori Sinszengumi tagok közül
T0249,A darabot szerzője az ötöknek ajánlotta
T0250,Története legnagyobb részét alacsonyabb osztályokban töltötte
T0251,Emiatt nőtt a turistaforgalom is a településen
T0252,Az első idény még csak három versenyből állt
T0253,A kód a változók deklarációjával folytatódik
T0254,Frigyes gondjaira bízta
T0255,Fribourg szövetségesei között volt mások mellett a Burgundi Hercegség
T0256,Színpadon Magyarországon még nem mutatták be
T0257,Utóbbi két sorozat egy-egy évadot ért meg
T0258,A kastély gróf Degenfeld-Schomburg Adolfé volt
T0259,Első ottani évében csak a bajnokságban játszott
T0260,Feltérképezte Ausztrália északi partját
T0261,Később bevezették a kötelező hadikölcsön-jegyzést
T0262,Ausztrália csaknem teljes területén elterjedt faj
T0263,Ugyanebben az évben a Coppa Nazionale is ismét Firenzébe került
T0264,További állománya található a Falkland-szigeteken
T0265,Vasa életét személyes tragédiák sora kísérte végig
T0266,Jánost pedig fogva tartotta Heidelbergben
T0267,Magyarra egészében Tandori Dezső ültette át
T0268,Ezt a teológiát történelmi kálvinizmusnak nevezte el
T0269,Egy közvetlenül mellette becsapódó szovjet aknavető gránát megölte
T0270,Productions Film céget
T0271,Egy bajnoki címet és angolkupa-győzelmet ért el a Cityvel
T0272,Makkai Domokos és Nagy Róza fia
T0273,Tanult Eperjesen és Strasbourgban
T0274,A tojó fészkét a földön lévő kisebb mélyedésbe rejti
T0275,Ezen kívül Európa összes királyi családjával rokonságban áll
T0276,Ferdinánd császár megerősítette Kirchberg mezővárosi jogait és címert adományozott neki
T0277,Elterjedési területén belül több kisebb szigetre feltehetően csak betelepítették
T0278,Hatalmas ipari területeket szolgáltak ki Kelet-Londonban és környékén
T0279,Ezek sokszor eléggé hasonlítottak
T0280,Esat Toptani eltávolításával azonban korántsem oldódott meg a belpolitikai helyzet
T0281,Három évvel később helyreállították
T0282,Amenemhat fáraó fia volt
T0283,Kerüli a napsütötte részeket
T0284,A kormány nemzeti gyászt rendelt el tiszteletére
T0285,Gyalogosan indultak megkeresni a bázist
T0286,A katolikus lakosság száma a kivándorlás miatt csökken
T0287,Közigazgatásilag Balához tartozik
T0288,Viszonylag könnyen olvasható
T0289,Az ormány rövid és széles
T0290,Számos sikeres darabban főszerepet játszott
T0291,Az emberre is veszélyes lehet
T0292,Édesapja elhagyta őket
T0293,A norvégiai Trondheimben nőtt fel
T0294,Szobahőmérsékleten a polónium-dioxidnak kalcium-fluorid kristályszerkezete van
T0295,Jelenlétük gazdasági és kulturális felemelkedést hozott a területre
T0296,Kőszeg város díszpolgára
T0297,Ebből következően a vallás nem kapcsolódik a tudáshoz és cselekvéshez
T0298,Élete utolsó napjaiban is ezen dolgozott
T0299,Egyébként ez a darab a ciklus egyetlen népdalfeldolgozása
T0300,Ezt sem hiszi el Tibbe főnöke
T0301,Játszik a Pécsi Harmadik Színházban is
T0302,A trianoni békeszerződésig Maros-Torda vármegye Marosi alsó járásához tartozott
T0303,Ugyanebben az időszakban a göttingeni egyetem botanikai kertjének igazgatója
T0304,A Steilacoom név eredete bizonytalan
T0305,A jók általánosan értelmezve Isten népe
T0306,A lemez nem szerepelt sikerrel az eladási listákon
T0307,Vickire Jeremy és Elena találnak rá
T0308,A játék elején öt nehézségi szint közül lehet választani
T0309,A Vásárhelyi Találkozó évfordulójára
T0310,Lipót személyes irányítása alá vont
T0311,Ez év októberében csatlakozott a Red Bull Junior Team-hez
T0312,A kiállítást aktív sajtóvisszhang kísérte
T0313,A trianoni békeszerződésig Vas vármegyéhez tartozott
T0314,Színház tagja lett
T0315,A török kormány nem ismeri el az események népirtás voltát
T0316,A repülés a gyors és közvetlen
T0317,Lakóit Rákóczi rakamazi birtokaira telepítette
T0318,Felesége Pócsik Ildikó szinkronrendező
T0319,Ez mérhetetlen fájdalommal töltötte el
T0320,Tanulmányait a budapesti Ludovika Akadémián folytatta
T0321,Ezt használta forrásként önéletrajzi regényeihez
T0322,A belföldi járatokon kívül néhány cég külföldi járatokat is üzemeltet
T0323,Az utolsó években a Miskolci Egyetem Bölcsészettudományi karán is oktatott
T0324,Az így keresett pénzéből fiát a legjobb tanítókhoz küldte
T0325,Ázsia mérsékelt övi részein is fellelhető
T0326,A csontos lemezek a gerinc közepe táján levő tüskékhez vezettek
T0327,A település feltehetően már a középkorban is létezett
T0328,A spanyol bajnokságban a középmezőnyben végeztek
T0329,Ezután évekig elfordult a politikai élettől
T0330,Végül a baletteket külön estéken adták le
T0331,További hasznos szolgáltatás adható a programhoz a kiterjesztések használatával
T0332,A Maribori Területi Levéltár Muravidékért felelős részlegének vezetője
T0333,A bejárathoz hat lépcsőfok vezet fel
T0334,Az árván maradt leányok nehéz időknek néztek elébe
T0335,A forgatási helyszín az Egyesült Királyság és Marokkó volt
T0336,Magyar lakossága helyére ekkorra románok települtek
T0337,Kelet-Magyarország építészetének emblematikus figurája
T0338,Őt lehet tekinteni az argentin számítástechnika atyjának
T0339,És ez így zajlott a továbbiakban megszakítás nélkül
T0340,A lap megtekintése után a játékosok megteszik fogadásaikat
T0341,A párbeszédben szereplő Oberst ellentmondásosan áll hozzá zenéjéhez
T0342,Ezzel sorozatban harmadszorra nyerte meg ezt a tornát
T0343,A harmadik bizonyítás egy némileg általánosabb lemmán alapszik
T0344,Az alapító országok között volt Magyarország is
T0345,Mára a hazai fejlesztő szakma egyik legjelentősebb szakembereként tartják számon
T0346,A Columbia Egyetemen tanult
T0347,Szerkesztette a Heckenast-féle Regélőt is
T0348,A bevonulást élesen elítélte a nemzetközi közvélemény
T0349,Ez a kívánsága a Scot Honda jóvoltából teljesült is
T0350,Sorba képezték a Boeingekre
T0351,Ennek ő lett az első világbajnoka
T0352,Iskolái elvégzése után riporternek állt
T0353,Publikációi jelentek meg önkormányzati-pénzügyi és területfejlesztési témakörökben
T0354,További megfejtései az ismert feliratok alapján esetlegesek
T0355,A ceremóniát a Nickelodeon televízióadó közvetítette nemzetközileg élőben
T0356,A párzási időszak tavasszal és nyáron van
T0357,A második lázadásnak mintegy áldozata volt
T0358,Másrészt hidat képeznek a jelenkorhoz
T0359,Élőhelyeire az erdőirtás lehet veszéllyel
T0360,Égés azonban nemcsak egyesülés lehet
T0361,A torna első győztese a román Simona Halep volt
T0362,Három évig maradtak együtt
T0363,A make programot rendszerint paraméter nélkül hívjuk
T0364,Az utastér padlózata is fából készült
T0365,A következő területek szintén korábbi népszövetségi mandátumok
T0366,Petele község része
T0367,Vezetékes földgáz-hálózata kiépült és fejlett a telekommunikációs hálózata is
T0368,Osztója az Eddington-számnak
T0369,Baranyai Aurél volt a gyógyszerészi hivatás mintaképe
T0370,Jó kapcsolatot alakított ki a holland Baloldali Zöldekkel
T0371,Tudományos faji nevét Philip Lutley Sclater tiszteletére kapta
T0372,Mindhárom esetben olimpiai rekorddal győzött
T0373,Kristin Gore Washingtonban nőtt fel
T0374,A két épület a város legtöbb pontjáról látható
T0375,Endre görög szerzeteseket telepített be
T0376,Elektromos motorokban mód van az elektronikus fordulatszám szabályozásra
T0377,Hasonló modorban készült egyes termek falainak lábazati burkolása is
T0378,A Nagylengyeli-patak a Cserta folyó bal oldali mellékvize
T0379,A bolgár uralkodó több évig a római katolikus egyházhoz tartozott
T0380,Az oszmán-törökök ebben az évben megostromolták és elfoglalták Ádent
T0381,Ezt megelőzően már freskókkal díszítették a templomot
T0382,Lelkesedésében meghívta őket Hamburgba
T0383,Egy teljes fejezetet szentel a föld alatti szén-dioxid-süllyesztőnek
T0384,Ezt követően Olaszországban a Fiorentina együttesében is megfordult
T0385,Ő írta az első rendszeres tábori orvostani munkát Magyarországon
T0386,Meglehetősen aktív közéleti személyiség is volt
T0387,A bahái hit is elfogadja William Miller számításait
T0388,A találkozót az athéni Olimpiai Stadionban rendezik meg
T0389,Tévesen gyakorta egyfajta vulkáni kráternek tekintik
T0390,Károly bárói rangra emelte
T0391,Valamint egyedülállóan egy buddhista templom is található a területén
T0392,A dalt jelölték Grammy-díjra is
T0393,Itt kezdődik a bonyodalom
T0394,Curt balesetének részletei pedig megdöbbentő hasonlóságokat mutatnak a sajátjával
T0395,Nógrádi Tóth István nótaénekes-iskolájában éveken keresztül zenetörténeti előadásokat tartott
T0396,A lap illusztrációi fekete-fehérben jelentek meg
T0397,A film két Oscar-díjat nyert
T0398,Az egyházközségek egyetlen egyházkerületet alkotnak
T0399,Versenyzőként az ötvenes évek legvégén aratta legnagyobb sikereit
T0400,Határa elég termékeny
T0401,Kétévesen ívik először
T0402,Fiatalon családjával rendszeresen jártak protestáns gyülekezetekbe
T0403,Johannes Keplerrel is kapcsolatban állt
T0404,Az oszmán hatóságok megtorlásul élete végéig házi őrizetben tartották
T0405,Nepál először vett részt a téli olimpiai játékokon
T0406,Egy héttel később azonban szabadon engedték őket
T0407,Az ország adottságai kedvezőek a turizmus számára
T0408,Részt kellett venniük a polisz katonai védelmében
T0409,Ez volt a klub hatodik kupagyőzelme
T0410,Szegény családba született
T0411,Köztársaság kezdetéig tartott
T0412,Az érettségi találkozók igen kedves és szeretetteljes ünnepségek szoktak lenni
T0413,Eredetileg a zenekar Quartet Yep-nek nevezte magát
T0414,In Hunyady Gy
T0415,Laboratóriumot rendezett be és folytatta eddigi munkásságát
T0416,A legtöbb darab még forgalomban van
T0417,Konrád uralkodásától Sváb Fülöp meggyilkolásáig
T0418,A párt megbízott ügyvédje volt
T0419,A társaság regionális alapon szerveződik
T0420,Itt van a buszok végállomása is
T0421,Értékesek a közigazgatási jog körébe vágó értekezései is
T0422,Felesége német koncentrációs táborban érte meg a felszabadulást
T0423,Ezenkívül még két Grand Slam-döntőt játszott
T0424,Az orosz államisággal együtt alakult ki és változott
T0425,Repülés közben képesek voltak a combjukat vízszintes pozícióba helyezni
T0426,A tornát a házigazda magyar férfi vízilabda-válogatott nyerte
T0427,A földrengés és az azt követő szökőár nagy pusztítást okozott
T0428,Római katolikus kispolgári családban született
T0429,A rakéta megtalálható a Hezbollah fegyverzetében is
T0430,Megyeszékhelye és legnagyobb városa Graham
T0431,Sportvezetőként a Magyar Röplabda Szövetség elnökeként tevékenykedett
T0432,A legnagyobb sokféleségben Borneó és Szumátra szigetén fordulnak elő
T0433,Franciaország veresége után tevékenységét Londonba helyezte át
T0434,Az épület jelenleg helyi védettség alatt áll
T0435,Bemutatta az elképzelését a parciális differenciálegyenletek elméletének a problémájáról
T0436,Ezt a templomot Mátyás király alapította a ferencesek számára
T0437,Saját metróállomása van
T0438,Így alakult ki a másodperc mint mérték
T0439,További lehetősek nyílnak a falusi turizmus fejlesztésében
T0440,Zenei tanulmányait Ábrahám István dobosnál kezdte
T0441,Sportolói pályafutása után fiatalokat edzett
T0442,Az előadás során hagyományos ír hangszereken játszó együttes kísérte
T0443,Az első gólt Dzsudzsák Balázs lőtte
T0444,Debrecenben született orvos szülők egyetlen gyermekeként
T0445,A középkori leletek már egy kisebb településhez tartoznak
T0446,Anyaga kvarcit és metamorf kőzetek
T0447,A budapesti Eötvös Loránd Tudományegyetemen szerzett politológus végzettséget
T0448,Egy időben ő volt az egyik legsikeresebb osztrák autóversenyző
T0449,A település egy római erőd helyén létesült
T0450,Eszerint megkülönböztetünk lineáris és nemlineáris regressziót
T0451,A vb-t a brazil Corinthians nyerte
T0452,Végül is megegyeztek
T0453,Erzsébet királyné táviratban fejezte ki jókívánságait
T0454,Lajos francia király felügyeletére bízta őt
T0455,Miklós-i káptalan is jogot tartott rá
T0456,Magyarországon termőterülete néhány száz hektár
T0457,Velük három évet zenél együtt és három lemezt készítenek
T0458,Az animében ehhez képest főszereplőkké válnak
T0459,Ezek szerepét még nem ismerik
T0460,Emellett Duisburg város térképésze is volt
T0461,Kleopátra fürdőjéig terjedt
T0462,Létrehozott egy nagyzenekart is
T0463,Egy lehetősége a mentésre az ellenfélnek
T0464,Magyarországon Gulácsy Lajos festészetére hatottak erősen
T0465,Nem mindenki örül a frigynek
T0466,Sir Edward Bacon fiaként született
T0467,A változásból egyedül a Lombard-Velencei Királyság maradt ki
T0468,A börtönben elfordult a Vörös Hadsereg Frakciótól
T0469,Nyugaton és délen a tenger határolja
T0470,Sokan Karl Marx elméleteit is a klasszikus iskola részeként kezelik
T0471,Mind az öt kisközségnek a postája és táviró-állomása Csány
T0472,A Természetvédelmi Világszövetség Vörös listáján nem veszélyeztetett fajként szerepel
T0473,Erre közvetett adatok is mutatnak
T0474,Sokat állt a garázsban kisebb-nagyobb hibák miatt
T0475,Királyként az alábbi táblázatban lévő megszólítások jártak ki neki
T0476,A falutól északkeletre olaj- és gázmező található
T0477,Az Andok déli lejtőin honos
T0478,Tagja a Kormánytisztviselői Kar Területi Etikai Bizottságának
T0479,Felesége Gömöry Vilma színésznő volt
T0480,Édesapjával több közös filmjük is volt
T0481,Ez a szellemiség a protestantizmusból vezethető le
T0482,Elemi és gimnáziumi tanulmányai Csurgón végezte
T0483,Egészségügyi okok miatt katonai szolgálatra alkalmatlannak nyilvánították
T0484,Szerém vármegye Vukovári járásának része volt
T0485,Sokféle papi munka létezett
T0486,Feltehetően a templomot is ekkoriban hagyták el
T0487,Az Iowában beszélt angol két nyelvterületre oszlik
T0488,Ez volt az első igazi szerepe
T0489,A jelenetet a szomszédos Miasszonyunk-kápolnában egy freskó örökíti meg
T0490,Az iparosok száma meghaladta a százat
T0491,Az állat teste sötétszürke
T0492,Ebben az időszakban volt a Budapest Társaság egyik alapítója
T0493,Az építészeti stílus sok generáció alatt alakult ki
T0494,A templom környékét évszázadokon keresztül temetőnek használták
T0495,Kisebb halakkal és tintahalakkal táplálkozik
T0496,A hatodik Amon már fél perc hátránnyal ért célba
T0497,Ismert orosz üdülőváros
T0498,Eleinte a Hunnia Filmgyár fényképésze volt
T0499,A falu neve menedékhelyet jelent
T0500,A várost szárazföld felől Marokkó határolja
T0501,Ezzel a szakasszal vált teljessé a pálya Kiskunfélegyházától Orosházáig
T0502,A tagok nem álltak le a zenéléssel
T0503,Ideológiája a kritikai realizmust fejleszti tovább
T0504,Belső felépítése követi a klasszikus ortodox templomok tagozódását
T0505,Élete folyamán sokat foglalkozott az oktatással és az iskolarendszerrel
T0506,A kritikusok nagy része kedvező fogadtatásban részesítette a dalt
T0507,E szerzők Suetonius követőjének állítják be magukat
T0508,Az idei esztendő is kínál néhány alkalmat a megemlékezésre
T0509,Mezőgazdasági jellegét később is megtartotta
T0510,Pedagógiai munkássága is jelentős
T0511,Kilencévesen került Budapestről Németországba
T0512,Magyarországon csak az Alpokalján található meg
T0513,Később megjelentek a kölcsönösen előnyös gazdasági kapcsolatok elemei is
T0514,Ekkor megnyílik a pokol kapuja
T0515,A jegyeket egy nap alatt eladták
T0516,Akkoriban Pollack Mihályt Zichy János bízta meg a tervek elkészítéséhez
T0517,A templom barokk stílusban épült az utca vonalától beljebb
T0518,Nyugat-Európa több városában és a környező országokban is fellépett
T0519,Karjaik a test többi részétől nem különülnek el
T0520,Így a város körülbelül negyvenezer fős haderővel rendelkezett
T0521,Jobban hasonlítottak a mai krokodilokra
T0522,A legfelső réteg homokos kavics vagy ritkán terméskő
T0523,A trianoni békeszerződésig Arad vármegye Kisjenői járásához tartozott
T0524,Már a honfoglalás előtt település állt a helyén
T0525,Barcelona több évtizede jelentős kereskedelmi központ
T0526,Kanada öt legnagyobb egyetemének egyike és a legnagyobb szövetségi egyetem
T0527,Kizárólag a Karácsony-szigeten fészkel
T0528,Csak évtizedekkel később épülhetett fel a kápolna
T0529,A faj Brazíliában és Argentínában honos
T0530,Albert belga király hivatalos felkérése után
T0531,Ő egereken végzett kísérleteket
T0532,Utóbbi sikertelenségének legfőbb oka Syd Barrett mentális leépülése volt
T0533,A kortársak nem voltak jó véleménnyel Czinke szakmai tudásáról
T0534,A mai tanácsadásra is kihat
T0535,Robot epizódjainak listáját tartalmazza
T0536,A metil-klorid szilíciumra történő addícióját katalizálja
T0537,Ebből a korból valók az első nyelvemlékek is
T0538,A folyók vizét ősidők óta öntözésre használták fel
T0539,Ezen a tárcsán vannak az érintkezők
T0540,A falu lakói a középkorban magyarok voltak
T0541,Ebbe a gombának energiát kell fektetnie
T0542,Az első darab korábbi formájában szlovák népdalok füzére volt
T0543,A mélytengerek lakói
T0544,A régészeti leletek alapján területe már ősidők óta lakott volt
T0545,Ez a későbbi osztályoknál már általánossá vált
T0546,A lépés a játékok elkötelezett felhasználói között felháborodást váltott ki
T0547,Kanadában is számos Saint Lucia-i él
T0548,Egyébként közelítő modelleket kell használni
T0549,Fox biztosítja a film meglehetősen kétségbeesett középpontját
T0550,Ő volt a korábbi adó csatornahangja is
T0551,Sokszor még a vállai is sárgásak
T0552,Ascari csak a negyedik lett
T0553,Mutatós akváriumi hal
T0554,Mesterei Forgách József és Kováts Tibor voltak
T0555,A teológiai kar Szentpétervárra került
T0556,Barátságuk termékeny hatással volt mindkettőjükre
T0557,Itt ismerkedett meg Szent-Györgyi Alberttel és családjával
T0558,Rövid angliai tartózkodás után halt meg
T0559,Utazásai alatt afrikai dobolási technikákat is elsajátított
T0560,Rolandnak meg is van a jel
T0561,A budavári főtemplom első orgonáiról nincsenek írásos emlékeink
T0562,A játék a Cézár-sorozat harmadik tagja
T0563,Kötelező olvasmány az amerikai tengerészetnél
T0564,A testvérek középső neve ebben az esetben azonos
T0565,A Magyar Országos Levéltárban levéltárosi képesítést szerzett
T0566,A harcokat követően ezredét a román frontra vezényelték
T0567,A sós forrásokon az Angara partján gyógyászati központ alakult ki
T0568,A szám elején hallható bevezető szöveget Sonja Durham mondta fel
T0569,Az Anjouk megalapították a Piazza Fontanán az első vámhivatalt
T0570,A diákok egymás között Fra Angelico néven emlegették professzorukat
T0571,Törvényen kívüliek lettek és csak saját törvényüket tisztelték
T0572,Dél-Kínában sok a hamis bankjegy és érme
T0573,Nagy hatással volt rá Neumann Jánoson kívül Bertrand Russell is
T0574,Ázsia délkeleti részén honosak az ide tartozó fajok
T0575,Mindezek ellenére igen játékos
T0576,Ettől kezdve mintegy két évszázadon át gyakran változott a főváros
T0577,Ezt a szigetet a Harkonnen-tenger választja el a fővárostól
T0578,A szocialisták parlamenti frakciójának vezetője
T0579,Szarajevói Filmfesztivál versenyprogramjában volt
T0580,Ezek a hely voltak a Sínai-félszigetre induló expedíciók kikötői
T0581,Német és magyar nyelven egyaránt jelentek meg írásai
T0582,A Magyarországot három sportoló képviselte
T0583,A légikikötő létesítése jelentősen növelte a környék turisztikai vonzerejét
T0584,A latin feliratokat felváltotta a görög szöveg
T0585,A huszonhét jugoszláv indulóból négy volt szlovén
T0586,A személyiségeket két csoportba sorolhatjuk
T0587,Tanulmányait a Bolyai Tudományegyetemen végezte jog és közgazdaságtan szakon
T0588,A losonci református teológián is tanított
T0589,A községnek korábban volt roma lakossága is
T0590,A gépen nagy magasságban repülve üzemeltették a távcsövet
T0591,Szaporodási ideje szeptembertől januárig tart
T0592,Tizenkét évesen kezdett el vívni a Honvéd színeiben
T0593,A kövületek nagy részét Kansas államban fedezték fel
T0594,A join mintákat több nyelvben is megtalálhatjuk
T0595,A fák vékony ágaira készíti fészkét
T0596,A következő időszakban Helsinki gyors ütemben fejlődött
T0597,Ez természetesen pénzügyi okok miatt nem valósult meg
T0598,Iskoláit Kolozsvárt járta
T0599,Emellett nevet is adnak a szervezetnek
T0600,A szocializmus évtizedeiben a téma sosem került napirendre
T0601,A Rajna bal partján fekvő hangulatos üdülőhely
T0602,A jobb felső sarokban a zenekar logója látható
T0603,Többnyire éjszaka vadászik
T0604,Határa jelentős régészeti lelőhely
T0605,Birtokai a Felvidéken voltak
T0606,Szülei Horn Ede és Egan Róza
T0607,Jelenleg a Lausanne-Sport vezetőedzője
T0608,A függvények végtelenben vett viselkedését foglalja magában
T0609,A két fiatal a munka alatt egymásba szeret
T0610,Mascagninak megtetszett a librettó és elfogadta
T0611,Az egyházfő higgadt és bátor választ adott a német követelésekre
T0612,Bourbon Jakabnak első házasságából három lánya született
T0613,Ekkor kezdték a helységet Rácz-Szent-Péternek nevezni
T0614,Emellett a magasabb részeken sok a bükkös
T0615,Az ilyen tengeralattjárókon nagyon veszélyes volt a szolgálat
T0616,Stílusa latin reggae
T0617,Határos vala Kraszna vármegyével
T0618,A legközelebbi nagyvárosok Bonn és Mainz
T0619,Szülei Görgey György és Castelláris-Perczián Erzsébet Vilma
T0620,És még mindig van itt valami
T0621,Lika elveszítése után az itteni muzulmán lakosság egésze Boszniába menekült
T0622,Ugyanebben a versenyszámban a sevillai vb-n ötödik lett
T0623,A nembe mintegy tucatnyi faj tartozik
T0624,A repülőgépet Takáccsal megépítették de az rögtön összetört
T0625,Ebben az időben épült meg a plébánia is
T0626,A szálak Ara-Kovács Attila kezében futottak össze
T0627,A síkságokon és a hegyvidékeken is él
T0628,Európa középső részén honos
T0629,A szereplőt Joey Cavalieri és Joe Staton alkotta meg
T0630,A Selmecbányai Bányászati Akadémián szerzett bányamérnöki oklevelet
T0631,Istian meg gyászolja a két társát
T0632,A tehetősebb lengyelek már októberben megkezdték a továbbhaladást Nyugatra
T0633,A Siuslaw-folyó partjánál helyezkedik el az óváros
T0634,Szabadon látogatható és feltáró kutatásra nem érdemes
T0635,Philadelphiának tizenöt testvérvárosa van
T0636,Még novemberben elhagyta az országot
T0637,A kisebb gyümölcsöket egészben eszi meg
T0638,A Miss Paraguay verseny győztesei
T0639,Korábban Szenegál és Ghána csapatát is irányította
T0640,Oktatói elfoglaltsága mellett jelentős tudományos tevékenységet fejtett ki
T0641,Mindeközben három év telik el
T0642,A redőket a bennük lefutó izmok emelik ki
T0643,A nőstény évente csak egy kölyköt ellik
T0644,Később az Erdődy család birtoka
T0645,A körzetek számokkal vannak jelölve
T0646,Előszeretettel alkalmazzák automata gépek hidegalakító-térformázó és kivágó-lyukasztó szerszámainak készítésére is
T0647,Mindkét próbálkozás sikertelen maradt
T0648,Abban az időben az írástudás szintje nagyon alacsony volt
T0649,A Baranya vármegyei értelmiségi római katolikus Fischer családban született
T0650,A Tardis egy himalájai kolostorhoz érkezik
T0651,Eredetileg a Duna és mellékfolyói egész hosszában előfordult
T0652,Eközben azonban sikerült megőriznie hatalmát
T0653,Az olimpián tizenegy birkózó képviselte Magyarországot
T0654,Dél- és Délkelet-Ázsiában igen elterjedt faj
T0655,Az évek során a leányvállalat növekedett és nyereséges maradt
T0656,A mester a Dinamo Moszkva edzőjeként folytatta a pályafutását
T0657,Ekkor pusztult el az Óratorony és az Angyali üdvözlet temploma
T0658,A kontinenstornán öt csapat vett részt
T0659,Nézettségi és tetszési rekordokat döntött
T0660,Nevét az argentin San Juan provincia után kapta
T0661,Moses szerint ilyen nem történt
T0662,Déli részére összpontosult a gazdasági funkció a raktárakkal
T0663,Elsők között szólaltattak meg tizenhatodik századi erdélyi reneszánsz muzsikát
T0664,Kezdő mérnökként négy éven át a Nyírségi Állami Erdőgazdaságban dolgozott
T0665,A magyar piarista rendtartomány tizenkettedik kollégiuma lett a szegedi
T0666,Federernek ez volt a negyedik tornagyőzelme az Australian Openen
T0667,A játék tartalmaz többjátékos játékmódot is
T0668,Körben mindenfelé adminisztrációs irodák találhatók
T0669,A vonatok kihasználtsága általában kielégítő
T0670,A házukban már helyreállt a rend
T0671,Használata Magyarországon is legális
T0672,Északkelet irányban halad az orosz határ felé
T0673,Feltételezhetően Szevasztopol ostrománál is alkalmazásra került
T0674,Visszatelepítésük jelenleg is folyik
T0675,A cirkuszban ismerte meg feleségét
T0676,A község jegyzője Kovács Péter volt
T0677,A nőstényeknek nincs szarvuk
T0678,A könyveit sorrendben olvasva láthatjuk gondolkodásmódjának fejlődését
T0679,Ez a terület ábrázolja az emberi szenvedést és a poklokat
T0680,Milyen kedves ez a név óvd meg Franciaországot
T0681,Az ellenkező irányban nem közlekedik
T0682,Lendvai Szécsi Borbálát vette feleségül
T0683,A csapat korrupciós vizsgálatok alatt áll
T0684,Többszörös svéd korosztályos válogatott játékos
T0685,Az előadás után találkoztam Heinrich Grünfeld csellistával
T0686,Három férfi versenyszámban osztottak érmeket
T0687,Később a Marczali család kapta meg királyi adományként
T0688,Magyarországon eddig kiadatlan naplója a Szolidaritás történetének felbecsülhetetlen forrása
T0689,A Föld más részeire is betelepítették
T0690,Napjainkban leginkább a vegyi és fizikai védelem elterjedt
T0691,Bródy Sándor író és Rosenfeld Izabella fia
T0692,Az ötödik esetben pedig a j változó null értéket kap
T0693,A tüntetéseket leverték
T0694,Átigazolása négy millió euróba került a kisebbik liverpooli csapatnak
T0695,Mitológiai képei mellett a napi sajtó hírei is foglalkoztatták
T0696,Több lett a mozgáskorlátozottak közlekedését segítő rámpa
T0697,A háztulajdonos a lakomával mond köszönetet az építkezésen dolgozóknak
T0698,Hunyadi huszárezred parancsnokának
T0699,Megyeszékhelye és legnagyobb városa Newton
T0700,A megbízhatósággal sem volt gond
T0701,Budapest közigazgatásában dolgozott hivatalnokként
T0702,Wright azonban végül megnyerte az utolsó leget és továbbjutott
T0703,Egyre kevesebb a levegő és egyre hidegebb van
T0704,Legtöbbször csoportosan nő
T0705,Ez hogy lehetséges
T0706,Titkosszolgálati szakértőként azóta rendszeresen nyilatkozik és publikál
T0707,A farok további részén merev faroktollak helyezkedtek el
T0708,Számos pályázati- és ösztöndíj nyertese
T0709,Ő küldte a koronát Szent István királynak
T0710,Az éppen nem fészkelő madarakkal bárhol találkozhatunk a déli tengereken
T0711,Amikor Irena egyéves volt a család Lengyelországba települt
T0712,Magyarország legnagyobb vízalatti barlangja
T0713,Családja azonban igyekezett zenei pályafutását elősegíteni
T0714,Rockov a Belgrádi Egyetemen pszichológiát tanult a filozófiai karon
T0715,A képernyőn a pályának mindig csak egy kis részét látjuk
T0716,Innen Bécsbe vitték Thun gróf osztrák kultuszminiszter oldala mellé
T0717,A várat írásos forrásaink nem említik
T0718,Egyszeres világ- és kétszeres Európa-bajnok
T0719,A teszt bármiféle probléma nélkül lezajlott
T0720,Emiatt könnyen égési sérüléseket okozhat
T0721,Folyamatosan kapott felkéréseket divatbemutatókra és fotózásokra
T0722,Politikailag mérsékelt konzervatív-liberális nézeteket vallott
T0723,Ezeket használja a legtöbb buddhista iskola
T0724,Eredetileg a marhák vásárra való hajtásában segédkezett
T0725,Az utóbbit a török határőrök tartóztatták fel a török határon
T0726,A házassági címerben ez a feleség címereként jelenik meg
T0727,A fáraó mindössze hat évig uralkodott
T0728,Az Alpokban viszont teljesen hiányzik
T0729,Megyeszékhelye és legnagyobb városa Brunswick
T0730,Ez valóban így van
T0731,A kölcsönhatás forrása valamely meghatározott test által létesített erőtér
T0732,Mai napig rendelkezik kirgiz állampolgársággal
T0733,Akár három különböző hasnyálmirigyük is előfordulhat
T0734,A falu a környék falvaihoz hasonlóan a tatárjárás alatt elpusztult
T0735,A terület a neolitikum óta lakott
T0736,A forgatás további részét Chicago városában folytatták
T0737,Csak részben tárták fel
T0738,Mainz volt az utolsó erőd az osztrákok kezén
T0739,A törökhöz hasonlóan csak határozatlan névelőt ismer
T0740,A résztvevőkön kívül és is az első elődöntőben szavazott
T0741,Nem alkalmazható epilepsziánál
T0742,A luxemburgi ipar ezután Németország számára termelt
T0743,A tünetek a szervezetbe kerülés után fél órán belül jelentkeznek
T0744,A barlangnak két szintje van
T0745,A következő szezontól Magyarországon játszott
T0746,Számos élelmiszerben megtalálható
T0747,Édesapja Podmaniczky László kapitány volt
T0748,Halálát áramütés okozta
T0749,Hivatala mellett egy ideig a főispán titkáraként is dolgozott
T0750,Háromszor volt ezüst- és kétszer bronzérmes a csapattal a bajnokságban
T0751,Gyorsan elterjedt városban és vidéken egyaránt
T0752,Emellett két női játékos is részt vehetett a világbajnokságon
T0753,Halálának éve nem állapítható meg pontosan
T0754,Denevérek és vörös rókák szokták látogatni
T0755,Az elfogadhatatlan ajánlatot a megjelentek visszautasították
T0756,A Nagyváradi Napló kiadója és egyben laptulajdonosa Fehér Dezső volt
T0757,Mikola közelében fekvő település
T0758,A Lincoln College-ben végzett
T0759,Miért jön létre az élet
T0760,Több magyar játékfilmben szerepelt
T0761,A Pannon-régióban a nevezéktani alfaj él
T0762,Robinson nehezen megszerzett boldogsága azonban nem tarthatott sokáig
T0763,A terület gazdag fémekben és ásványokban
T0764,Ilosvától északnyugatra fekvő település
T0765,Johann Strauss melódiáinak felhasználásával Daróci Bárdos Tamás szerezte
T0766,A területet főleg korai mormon telepesek lakták be
T0767,Szerencsére Hiro és Ando épp arra jár
T0768,Másik nevezetes épülete a Giordano Brunoról elnevezett kollégium
T0769,A személyes tragédia és saját életveszélye elszánttá és könyörtelenné tette
T0770,A Metastasio-féle opera seria egyik legjelentősebb alakja volt
T0771,Eredeti neve Claude Joséphine Rose Cardin
T0772,Magyarországon van még egy hozzá hasonló barlang Pécsett
T0773,Ekkor került a birtokába a felsőlendvai vár is
T0774,Erre még aznap sor is került
T0775,Néhány hónapig Monsieur de Sainte-Colombe tanítványa is volt
T0776,A Bolgár Birodalomnak hadisarcot kellett fizetnie az Oszmán Birodalomnak
T0777,Később a gyakorlati kutatások felé fordult
T0778,A dal összesen hét héten át volt jelen a listán
T0779,A nyilvánosság eredményeképpen a könyvet több európai nyelvre is lefordították
T0780,Szent Antal szobra a diadalív jobb oldalán látható
T0781,A csapások elől a munkába menekült
T0782,A címvédő a Dinamo Zagreb csapata
T0783,Barbados nevének eredete vitatott
T0784,Még gyermekkorában Párizsba került és ott is nevelkedett
T0785,Gál Gyula hétszeres magyar bajnok és ötszörös magyar kupagyőztes
T0786,Tőle délnyugatra helyezkedik el a Saltfjellet-Svartisen Nemzeti Park
T0787,Több cikket és előadást is publikált különböző szovjet lapokban
T0788,A tanulmány szerint a városban csökken az üzleti utazások száma
T0789,Polgári foglalkozása mogyoróvállalat-tulajdonos
T0790,Nelson csatlakozott a többi brit hajóhoz a támadáshoz
T0791,A mágikus számok használata szintén tekinthető kemény kódnak
T0792,A hegységben számos állatfaj található
T0793,Az ügynöke szerint erre jogilag nincs mód Michael szerződése miatt
T0794,A gép első felhasználói az Amerikai Tengerészgyalogság és a Légierő
T0795,Rádzsasztán legnagyobb vára a város felett magasodik
T0796,A honfoglalás után határvédő íjászok által lakott település volt
T0797,Nékó egyiptomi fáraó seregeivel
T0798,Magyarországon például még egy sem található belőle
T0799,Kata énekel is
T0800,Cheshire megyében töltötték életük nagy részét
T0801,A tartományi székhely és közvetlen környéke tartozik a járáshoz
T0802,Élettársával Szabados Tamással közösen számos ismeretterjesztő filmet készített
T0803,Azóta edzenek együtt
T0804,Gyermekei oktatásának szentelte magát
T0805,Ezután a kiskunfélegyházi kórház szülészetén állt munkába
T0806,Nagrom mára teljesen elnéptelenedett
T0807,A rendszer ilyenkor mindinkább törekszik az adott irányban megváltozni
T0808,Az angolok többsége a falakig sem jutott el
T0809,Christopher Robin Milne már egészen kis korától imádta a mackókat
T0810,Dévától északnyugatra fekvő település
T0811,Fiatalon megtanult gitáron és basszusgitáron játszani
T0812,Ezen felül külső helyszínen forgattak még ban és ban is
T0813,A helikopter azonban az erdő miatt nem tudott leszállni
T0814,Egy csapatban szerepelt Lisztes Krisztiánnal
T0815,Ázsia mérsékelt övében és trópusi részein is vannak állományai
T0816,Közben megérkeztek az élelmezésre a Moldvából ígért állatok is
T0817,Nagyon szoros és jó kapcsolatot ápol a családjával
T0818,A kép hátterében az Endurance hajó látható
T0819,A birodalom összeomlása után a kanton területén alemannok települtek meg
T0820,A keleti fele ezzel szemben alacsonyabb magaslatokat mutat
T0821,A nőstény négy pár tojást rak
T0822,Polgári foglalkozása vasesztergályos
T0823,A portál a Békés Megyei Hírlap internetes mutációja
T0824,Halála után emlékére utcát neveztek el róla Esztergomban
T0825,Édesapja Ráskai Balázs tárnokmester volt
T0826,A megye címerében a három történelmi tartomány címere van összevonva
T0827,A legénység nagy részét elfogják és egy táborban őrzik
T0828,A magyar elnevezését a horvát nevének magyarosított változata jelenti
T0829,Gilgames dicső tetteiről szólt ez a történet
T0830,A diák elegánsan öltözött megfigyelő
T0831,Tízéves korában kezdett gitáron játszani
T0832,A legnagyobb telefonos ügyfélszolgálatuk a walesi Swansea-ban található
T0833,Nagy rajokban él
T0834,A tó környéke már ősidők óta lakott volt
T0835,Jelenleg a portugál légierő használja
T0836,Jellasics szeptemberi támadásáig csapataival a drávai magyar hadseregben szolgált
T0837,Azt a csoportot Abu Mohammad al-Julani irányította
T0838,Jézus földi szolgálatának jó része a betegek gyógyításával telt
T0839,A lateráni székesegyház a kereszténység legkorábbi bazilikája
T0840,Haitin született egy nazarénus lelkész fiaként
T0841,A zenélés mellett produceri tevékenységet is folytatott
T0842,Ma a város leginkább a turisták fogadására rendezkedett be
T0843,Tollazata fényes fekete
T0844,A karon Magyary Zoltánnal került baráti kapcsolatba
T0845,A viszonylatot a Volánbusz üzemeltette
T0846,A Tilos Rádió élőben közvetítette a koncertjüket
T0847,Mi a méz
T0848,A videóban Madonna nem az igazi énjét mutatja meg
T0849,Évente egyszer-kétszer költ
T0850,A délin fordítva
T0851,Kepler ebben az időben a Hold pályáját számolta
T0852,Neves építészeket fogadott álmai megvalósításához
T0853,Lakói növénytermesztéssel és állattenyésztéssel foglalkoznak
T0854,Tehetős hispániai lovagrendi családból származott
T0855,Saját bevallása szerint a jobb életkörülmények miatt szökött meg csapatától
T0856,A tábornok egyik előretolt állása volt Lőcse
T0857,A farkasok igen ötletes módon állandóan a nyomukban vannak
T0858,Az Atlasz hegység tövében éltek
T0859,A zenekar basszusgitárosa és egyben legidősebb tagja
T0860,Ilyen például az operaház és számos irodaház
T0861,A folyó egy része hajózható
T0862,A test alsó része aranysárga
T0863,A Partizánnal három bajnoki címet és két kupagyőzelmet szerzett
T0864,Két egymással párhuzamos vezeték között elektromos kapacitás mérhető
T0865,Quinn megérkezik az erdei házhoz
T0866,Jó technikájának köszönhetően énekhangját haláláig megőrizte
T0867,Katonai tudása miatt segédtisztté választották és nem sokkal később alezredessé
T0868,A tengerpart szépsége és változatos élővilága azonban figyelemre méltó
T0869,A regény filozófiai esettanulmánynak is tekinthető
T0870,A Pilis harmadik leghosszabb és negyedik legmélyebb barlangja
T0871,Ugyanebben az évben a Magyar Föld közgazdasági napilap segédszerkesztője lett
T0872,Lábuk a fák ágaihoz alakultak ki
T0873,Megjelenik az Alon-Tarsi-sejtésben
T0874,Középiskolát Pesten járta
T0875,A választott host osztalékot kap a vendége későbbi mulatozásaiból
T0876,Hatásukként főleg az amerikai Cannibal Corpse-ot nevezték meg
T0877,Számos közleménye jelent meg a hazai és külföldi szaklapokban
T0878,Elsősorban tölgyerdők lakója
T0879,Borzalmak jönnek talán
T0880,A török időkben a hódoltsági terület része lett
T0881,Ő érte el a versenyen a legjobb százalékos eredményt
T0882,Születésének ideje nem ismert
T0883,Ezután Csecsenföldet az egész Kaukázussal együtt az Orosz birodalomhoz csatolták
T0884,A szövés és a hímzés volt a fő ág
T0885,Helyszínei Saint-Pierre-Quiberon és La Chapelle-Gauthier voltak
T0886,A kilencvenes évek óta foglalkozott politikával
T0887,Miklós cár lemondásakor már ismét orosz földön tartózkodott
T0888,A két madarat csak hangjuk alapján lehet megkülönböztetni
T0889,A bolgárok eközben délkelet felől szorítják vissza a szerbeket
T0890,Ám hamarosan komoly gondba ütköztek
T0891,Az ősi perzsák ábrázolása különösen Iránban váltott ki heves reakciókat
T0892,Ezután továbbra is fontos kereskedelmi és adminisztratív központ maradt
T0893,Római Katolikus Plébánia
T0894,Kína és Tajvan területén honos
T0895,Utolsó jelentősebb munkáját betegsége és halála miatt nem tudta befejezni
T0896,Felfedezése óta egy élő példány sem került elő többé
T0897,Kezdetben a szakmájában dolgozott
T0898,Egyetemi tanulmányait a Kaliforniai Egyetemen és a Dél-kaliforniai Egyetemen végezte
T0899,A trianoni békeszerződésig Szepes vármegye Ólublói járásához tartozott
T0900,A párt liberális bevándorlási politikát folytat
T0901,Tudhalijasz alatt Szuppiluliumasz megakadályozta a további kaska térnyerést
T0902,A kikapcsoláskor az érintkezők között keletkező ívet többféle módon semlegesítik
T0903,Kultikus helyeik is a tölgyesekben voltak
T0904,Példának okáért a tárgyat a latinban a tárgyesettel fejezik ki
T0905,Ma már csak a romjai láthatók
T0906,A Nintendo kezdetben nem árulta el a vezetéknevét
T0907,Hunt épp a strandon van
T0908,A zsombolyra függőleges járatok jellemzők
T0909,Térbeli elrendeződésük szerint lehetnek szabályosak vagy szabálytalanok
T0910,Ezt követően szólóénekesként folytatta pályafutását
T0911,Egy évvel később a zuglói Danuvia klubban halmoztak sikert sikerre
T0912,A xenon-trioxidot nagyon óvatosan kell kezelni
T0913,A sorozat csak Nintendo konzolokon jelent meg
T0914,Az ortodox kereszténység is szentként tiszteli
T0915,Családjában több püspök és egy bíboros is megtalálható volt
T0916,Jelenleg méhészeti szempontból nincs jelentőségük
T0917,Egyébként tényleg apáról és lányáról van szó
T0918,Mint fiatal ember a Martinovics-féle összeesküvésbe keveredvén Bécsbe internálták
T0919,Villamosmérnök diplomával rendelkezik
T0920,A GameCube első kiadásában található
T0921,Raikonak végül sikerült elpusztítania a szellemet
T0922,Élettársi kapcsolatban él
T0923,Ilyen láp vette körül három oldalról az Ecsedi várat
T0924,Ehhez hasonlóan más folytonos modellek átviteli függvényei is felírhatók
T0925,A dobogó harmadik fokára a kínai állhatott fel
T0926,Ekkor kezdték az eredeti Szernye-mocsár helyett a Fekete-mocsár elnevezést használni
T0927,Ezután vette át a vezetést és győzött Lucien Petit-Breton
T0928,A brit albumlistán a második helyet érte el
T0929,Minden a stílus
T0930,Ezzel véget ért uralkodásának utolsó fegyveres konfliktusa
T0931,A főhajó felső szintjén tizenkét festmény Krisztus életéből ábrázol jeleneteket
T0932,Vilmos császár óceánjárón készített
T0933,Konek Ferenc fia
T0934,A helyközi autóbuszok színezése általában kék és fehér volt
T0935,Most kezdődik el a nyolcadik osztály
T0936,Tízszer nem tudott befejezni versenyt és csak hétszer ért célba
T0937,Ez képezte a tv-sorozat alapját
T0938,A falak habarcsba rakott mészkőből vannak
T0939,A tejet régebben csak sajt és vaj formában használták
T0940,Léteznek többszörös fogyatékosságok is
T0941,Tüdőbetegségben fiatalon elhunyt
T0942,A bázison folytatta szolgálatát
T0943,Az édesanya a helyszínen azonnal meghalt
T0944,Szedett mintás szőttesein az uralkodó szín kevés feketével a piros
T0945,A Rákóczi-szabadságharc idején az erdélyi szászok végig a Habsburgokat támogatták
T0946,A játékban három fontosabb pont van
T0947,Ez egyfajta beépített megszakítás-prioritás kezelésként használható
T0948,Számos turistát vonz a közelben található Kínai negyed
T0949,Ionjaik nagy mérete miatt komplex vegyületek képzésére nem hajlamosak
T0950,Nevük a sejtciklusban játszott ciklikus változásokat követő szerepükre utal
T0951,Szenuszert piramisa körül jött létre egy temető
T0952,Az egyetem virágzott Atkinson hivatali ideje alatt
T0953,A víz innen folyik ki
T0954,A trianoni békeszerződésig Kis-Küküllő vármegye Radnóti járásához tartozott
T0955,A Barátok közt sorozatban Harmath Szonját alakítja
T0956,A hegység oltalma alatt fekszik Vrgorac városa
T0957,Dévától északkeletre fekvő település
T0958,Benedek pápát a lemondásra
T0959,Ugyancsak ő adta ki két kötetben Hallgató magyarjait és csárdásait
T0960,Régebbi évszázadokból csak német elnevezései ismeretesek
T0961,Az öt al-ház a három nagy ház potenciális szövetségesei lehetnek
T0962,Alapító tagja volt a Körhinta kör irodalmi csoportosulásnak
T0963,Munkássága maradandó nyomot hagyott a sebészeti szakmában
T0964,Utoljára a Deutsche Bahn üzemeltette
T0965,Sok kelta települést a rómaiak is tovább használtak
T0966,Különösen igaz ez az impresszionista csendéletekre
T0967,Van itt egy majoros lak
T0968,Bonifác pápa idézésére
T0969,Házasságuk mindennapos veszekedések sorozata
T0970,Ez volt a Megadeth hetedik Grammy-jelölése
T0971,A Czartoryski lengyel hercegi családból származott
T0972,A kolostort azonban kétszáz évvel később a portyázó magyarok elpusztították
T0973,Henrik Gimnáziumba adta
T0974,Ezt követően horvátokkal telepítették be
T0975,Természetes élőhelyei a szubtrópusi és trópusi hegyi esőerdők
T0976,A természetes élőhelye a szubtrópusi vagy trópusi nedves hegyi erdő
T0977,Négyéves korától tanult zongorázni
T0978,Jogtanácsosi Munkaközösség tagja
T0979,Másrészt viszont ez okozza az elektron-párok kialakulását is
T0980,A Latin Unió költségvetését a tagországokra kirótt kötelező hozzájárulások táplálják
T0981,A szezon során még egy alkalommal kapott játéklehetőséget
T0982,Magyarországon főleg német gyártmányok jelentek meg
T0983,E szenátusi döntésnek Helsinki zavaros állapota volt az oka
T0984,Fegyelmezett utasok számára ez az áramlás az utazást kényelmesebbé teszi
T0985,A felszabadított erőket pedig sikeres támadásba vezették a Konföderáció ellen
T0986,Szövegeik témája főleg a politika
T0987,A rózsaszín bábok végül a talajban kelnek ki
T0988,A török hódoltság idején települtek ide a rácok
T0989,Előtora felül ritkásan pontozott
T0990,Juno neve a római mitológiából származik
T0991,Ennek ellenére Abe több külpolitikai gólját nem érte el
T0992,Eredetileg a közeli Cobb megyéhez tartozott
T0993,A városban gyár és több középiskola található
T0994,A Kárpát-medencétől a Bajkál-tóig elterjedt
T0995,László elkobozta és a váradi káptalannak adta
T0996,Pesten született vagyonos kereskedő-szülőktől
T0997,Mindkét csapattal két-két bajnoki címet nyert
T0998,A város reptere a Florence-i városi repülőtér
T0999,Magjai augusztus és október között érnek
T1000,Már az első üzleti években beindult a sorozatgyártás
T1001,A trákok fontos települése volt
T1002,Ez már előre mutatta az erőviszonyok megváltozását
T1003,A nőstények színe lényegesen élénkebb a hímekénél
T1004,Háromszáz kutat tárt fel
T1005,Az értékes lelőhelyet világörökségi helyszínnek javasolják
T1006,A régi falu majdnem tökéletes állapotban fennmaradt
T1007,Magyar életrajzi lexikon
T1008,A nyolcaddöntőben Szenegál ellen játszott Svédország
T1009,Román neve ugyancsak nyírfát jelent
T1010,A horvát alsóbb osztályokban játszik
T1011,Az igény elévülését hivatalból kell figyelembe venni
T1012,A sportban a teniszt és a golfot kedveli
T1013,A redundáns rendszerek elmélete foglalkozik részletesebben ezen témakörrel
T1014,Emberre soha nem támadt
T1015,Csapatversenyben a negyedik helyen végzett társaival
T1016,A huszárság mellett léteztek még dragonyos és ulánus alakulatok
T1017,A komplexum bal hátsó részét foglalja el
T1018,Egy lánya és egy fia született
T1019,Személyre szóló hely van
T1020,A város lakossága többször is sikertelenül fellázadt a normannok ellen
T1021,A játék Saturn-verziója általánosságban kedvező kritikai fogadtatásban részesült
T1022,Erdélyi fajta szarvasmarhát és juhot tenyésztettek
T1023,Férje Fehér Mátyás Jenő történetíró volt
T1024,A farok szőrzete két sorba rendezett
T1025,Személyes tragédiák miatt öt évet kellett várnia következő filmje elkészítéséig
T1026,Marosvásárhelyen tanult teológiát
T1027,Közigazgatásilag Nes község székhelye
T1028,Ezek számát és javadalmait még növelte is
T1029,A tengerparton rekedt francia egységeknek reményük sem maradt a menekülésre
T1030,Ezekről képeket Shinoda blogján lehet találni
T1031,Ez évben kapta meg a Ferenc József-rend lovagkeresztjét
T1032,Az egész Földön elterjedt alcsaládnak több ezer faját ismerjük
T1033,Időnként egy-egy staffázs-figura visszavezethető más festők korábbi képeire
T1034,Mindez teljesen megviseli Kate-et
T1035,A korai arab időszakban ásták ki őket
T1036,A boldog családi körből a szabadságharc riadója zavarta fel
T1037,A bronzkorban már megjelentek az emelt padlós házak
T1038,Még ebben az évben gyermektelenül meghalt
T1039,Élőhelyül az erdőket és ligeterdőket választották
T1040,Baselben a területi bajnokság Játékvezető Bizottságának elnöke
T1041,Az országhatár elérésével ér véget
T1042,Célcsoportjuk minden korosztály
T1043,Torony település belterületén északi irányból az Arany-patakba torkollik
T1044,A sírfeliratok között a latinon kívül illír nevek is találhatók
T1045,Turisták és vadászok régóta tudtak róla
T1046,A Zagrosz-hegység vidékén élők beszélik
T1047,Az indukált feszültség a Lenz-törvény értelmében akadályozza a fluxus növekedését
T1048,A Velencei-hegységben is előfordul
T1049,Munkájáért elnöki dicséretben részesült
T1050,Felesége kedvéért otthagyta az osztrák hadsereget és Magyarországon telepedett le
T1051,A város legfontosabb gazdasági ágazata a tengeri kikötői tevékenységhez kapcsolódik
T1052,Francesco apját tömlöcbe záratja és átveszi az örökséget
T1053,Mindössze két prototípus épült belőle
T1054,Közel száz albumot adott ki
T1055,Olga királyné igen jártas volt a természettudományokban
T1056,Birja a k
T1057,Fellépett már Brüsszelben is
T1058,Több költeménye meglehetősen trágár
T1059,Az egyetem hallgatói uniója azonban mindkettejük szereplését megtiltotta
T1060,Az önkéntes kamarai tagok részére az ügyintézés térítésmentes
T1061,Walter feladja magát a rendőrségen
T1062,Három lánytestvére is sportolt
T1063,Rákóczi Ferenc Gimnázium levelező tagozatán tette le
T1064,Székhelye Barcelona városa
T1065,Sárospatakon beválasztották a helyi képviselő-testületbe
T1066,Ez általában pálinka
T1067,A építészeti egységeket lizénák választják el egymástól
T1068,Kilenc üreg vált ismertté a kőbányában
T1069,Ezt a jelet megerősítő jelzésnek hívják
T1070,A város oktatási intézményeinek fenntartója a Newporti Iskolakerület
T1071,Az Amszterdam-szigeten költ és az Indiai-óceán területén él
T1072,Először az első elődöntőben adta elő a dalát Malmőben
T1073,Ausztria a vereség révén meggyengült
T1074,A Red Alert cselekménye egy párhuzamos univerzumban játszódik
T1075,Gusztáv megkoronázásának napja ma nemzeti ünnep
T1076,Nagy mennyiségben fogyasztottak kagylót
T1077,Fiatalkora nem ismert
T1078,A híd a település főterének alsóbb részén helyezkedik el
T1079,Hufu uralkodása alatt töltötte be a vezíri posztot
T1080,Sima kis izom éppen a bőr alatt
T1081,Az elnyelt energiának klinikailag igazolt terápiás hatása van
T1082,Remek meccset vívott a két csapat
T1083,Unokája Frederick Campbell volt
T1084,Különböző magvakkal és gyümölcsökkel táplálkozik
T1085,Eredetileg székelyek által alapított település
T1086,Mesterei Csajka István és Kisfaludi Strobl Zsigmond voltak
T1087,A cselekmény során egyre inkább fontosabb szereplőivé válnak
T1088,Egyesek szerint egyszerre dráma és regény
T1089,A híd építését az osztrák hadsereg végezte
T1090,Ráadásul a Tatabánya elleni idegenbeli rangadón kiállították
T1091,Az előző szezonhoz hasonlóan ugyanaz a lebonyolítási rendszer volt
T1092,Azóta minden évben ilyen mezeket hordanak a Sunderland játékosai
T1093,Ő azonban az egyik találmányával még időben megmenekül
T1094,Ezen váratlan fejlemények miatt a kormány felfüggesztette az ügyet
T1095,A fiókák még két hétig a fészekben tartózkodnak
T1096,A kifejlett egyedek késő nyáron jönnek elő
T1097,A gyarmatosítás idején betelepítették Észak-Amerikába
T1098,Egy földtani kutatóintézet igazgatójaként tevékenykedett
T1099,Szegényházban érte a halál
T1100,A trianoni békeszerződés előtt Udvarhely vármegye Udvarhelyi járásához tartozott
T1101,Az egyetemet Budapesten végezte
T1102,Anjou grófjai és hercegei gyakran különböző országok uralkodói lettek
T1103,Az egyik legnagyobb rajongója Mick Jagger
T1104,A Humboldt Egyetemen tanult Berlinben
T1105,Rákóczi Ferenc fejedelemmel kapcsolatos történelmi emlékek ismertetése
T1106,Édesapja munkája miatt Vácra költöztek
T1107,Egyesek a női Rod Stewartként emlegetik
T1108,A diploma után megkezdődött színészi karrierje ausztráliai televíziós produkciókban
T1109,Ilyen kezdetek után alakult ki fokozatosan önálló részlegként
T1110,Fejlődésük során a sekély víz helyén száraz földterület alakul ki
T1111,Ötször nyert bajnoki címet és háromszor Norvég Kupát az együttessel
T1112,Torontóban szerkesztette a helyi rádió heti egyórás magyar adását
T1113,Tanulmányait Susann McDonald tiszteletbeli professzornál folytatta az Indianai Egyetemen
T1114,Terápiás hatásának pontos mechanizmusa nem ismert
T1115,Mint neve is mutatja megjelenése hasonlít az Európában elterjedt szarkára
T1116,Számos díjat és kitüntetést kapott munkásságáért
T1117,A mai város helyén egykor kis mordvin falu állt
T1118,A Xperia tipo dual csak fekete és ezüst színekben kapható
T1119,Az ezt megelőző és követő szakaszok kivitelezése jelenleg is zajlik
T1120,A bölcseletet Budán végezte
T1121,A regisztrált hajók száma meghaladja a tízezret
T1122,Jelenleg Írországban él feleségével és két gyermekével
T1123,Halála előtt néhány héttel hazaköltözött
T1124,A hercegi korona csak a heraldikában fordul elő
T1125,Ekkor összetett csapatversenyben ezüstérmes lett
T1126,Csak nem feltétlenül ebben a sorrendben
T1127,Nagyapja Spanyolországból bevándorolt mezőgazdasági munkás volt
T1128,Po némi habozás után az utóbbi mellett dönt
T1129,Számtalan nemzetközi kiállításon mutatták be alkotásait
T1130,Az utolsó évad csak az esküvőjével kapcsolatos eseményekkel foglalkozik
T1131,A Habarovszki határterület északkeleti részének egyik folyója
T1132,A barátnője az első gyermeküket várta
T1133,Fontos a célzat fennállása
T1134,Lexie több Playboy videóban és különkiadásban is szerepelt
T1135,A felnőtt csapat színeiben ez az egy bajnokin szerepelt
T1136,Az anyja Törökországból az apja Olaszországból származik
T1137,Életképeivel a Vándorkiállítási Társaság egyik vezető alakja lett
T1138,A felállás hónapokon keresztül folyamatosan változott
T1139,Károly követett a trónon
T1140,Hátrányuk a viszonylagos drágaságuk
T1141,Másnap csaknem az egész lakosság követte őket
T1142,Az energiafelhasználás területei részei a sokat vitatott fenntartható fejlődés problematikájának
T1143,Megjelenésekor az album óriási sikert aratott világszerte
T1144,Geológiai-lemeztektonikai értelemben az óceánok egy szabályos fejlődési pályát járnak be
T1145,Halála után Bécsben utcát neveztek el róla
T1146,Lajos seregét is
T1147,Egyszerre egy kölyköt hoznak világra
T1148,Évente több ezren keresik fel a kis falut
T1149,A virágai fehérek
T1150,Keleten és délen a Balti-tenger határolja
T1151,A Hódmezővásárhely melletti Kopáncs-Kökénydombon találták meg
T1152,A budapesti egyetemen folytatta jogi tanulmányait
T1153,A Tanácsköztársaság bukását követően letartóztatták
T1154,Az ír kislemezlistán első helyezett lett
T1155,Mindkét elmélet jól egyezett a kísérleti tapasztalatokkal
T1156,Ezt követően készített lemezt a Weather Reporttal
T1157,A többi másoló neve ismeretlen
T1158,Szeménél fekete sáv található
T1159,Ismereteink alapján magyar-hun hagyomány csak onogur-bolgár közvetítés révén tehető fel
T1160,A felfedezés jelentős pozitív hatást gyakorolt a környék gazdaságára
T1161,Leggyakoribb zárvány a grafit
T1162,A kék-fehérekkel kétszeres bajnok
T1163,Háromszoros bajnok és hatszoros kupagyőztes
T1164,A németen kívül később még négy nyelvet megtanult
T1165,Osztály elnöki tisztségét látta el
T1166,A trópusi és szubtrópusi Amerika jellemző növényei
T1167,A beutazáshoz vízum szükséges
T1168,A temetkezési körzetek fontos részét képezték a piramis-komplexumoknak
T1169,Az amerikai hadsereg jelképe
T1170,Leszerelése után az írásból élt
T1171,A dalt a dán Basim adta elő angolul
T1172,A feleségét és gyermekeit a testvéréhez küldik élni
T1173,Jurenák János már fiatalon ellátta az egyházközösség ellenőri feladatait
T1174,A páncélos hadosztályok egy vagy több páncélos dandárból álltak
T1175,Apjához hasonlóan ő is a Stauf-dinasztia szolgálatában állt
T1176,A párt az alapjövedelem-programját egy önálló honlapon is bemutatta
T1177,A kilátó megközelítését jól látható turistajelzések segítik
T1178,Az anyagok eltérő keménységéhez alkalmazkodva a mérési módszerek is eltérnek
T1179,Sírja szülőfalujában található
T1180,Ezen kívül egy weblap függhet ideiglenesen tárolt információtól is
T1181,Heidit három évre leszerződtette a Metropolitan modell ügynökség
T1182,Több állami kitüntetést is kapott
T1183,Sokféle okból lehet ágat létrehozni
T1184,Grosz Lipót és Klein Lora fiaként született
T1185,Ám még ebben az esztendőben meghalt
T1186,A lakótelep e két egységét a Késmárk utca választja el
T1187,Tápláléka rovarokból és gyümölcsökből áll
T1188,Még ebben az évben Berlin állatkertje is kapott néhány példányt
T1189,Az ország délkeleti részén terül el
T1190,Élete hátralevő részében Nicsiren itt tanított
T1191,Két év elteltével itt érte a halál
T1192,Levelei lándzsásak vagy lándzsás tojásdadok
T1193,Több eltérő vélemény is létezik a felvételi munkák hatékonyságát illetően
T1194,Kispolgári zsidó családba született
T1195,Washingtonban és a New York-i Columbia Egyetemen tanult
T1196,A svájci tartalék kiszorította a támadókat a városból
T1197,Leo hat éves korában elveszítette édesapját
T1198,A szövetségi állam Etiópia északnyugati részén található
T1199,Ezeket a lakásokat ma is lakják
T1200,Képeivel számos egyéni és csoportos kiállításon szerepelt Magyarországon és külföldön
T1201,Béla kedvelt híve volt
T1202,Ezért az alakításért az év színésze díjjal tüntették ki
T1203,A kantoni elnök jelenleg a Gazdasági Minisztérium feje
T1204,Ettől kezdve Nagybecskereken élt
T1205,A város ma etnikailag nagyon vegyes képet mutat
T1206,Rövid csápjaik segítik őket a táplálékkeresésben
T1207,Az epizódokban megjelennek különleges Nickelodeon hírességek is
T1208,A torony inaktív állapotban kék
T1209,Előállítható üveges állapotban is
T1210,Bolívia és Brazília szavannáinak lakója
T1211,Vilmos német császár születésnapján
T1212,Lajos francia király anyai nagyanyja
T1213,Ezután éveken át csak hazai gyártók állítottak ki
T1214,Mindenféle kiképzés nélkül a munkálatok rendkívül veszélyesek voltak
T1215,A sziget négy részre osztható
T1216,Kázmér lengyel és Luxemburgi János cseh király részvételével
T1217,Nevét a felette emelkedő várról kapta
T1218,Angliai mércével gyéren lakott terület
T1219,A bajnoki pontokra kizárólag a Pro és Pro-Am-ben indulók voltakjogosultak
T1220,Spórapora halvány okkersárga
T1221,Sikerült megteremtenie a községben a modern közoktatás alapjait
T1222,Ki kell dolgozni a tevékenység módszertanát
T1223,A laikus bíróságok azután laikus ítéleteket hoztak
T1224,Zsigmond Ágost királyhoz
T1225,Felülete nedves időben kissé nyálkás
T1226,Végül visszatér az alvilágba és mindenről részletesen beszámol királynak
T1227,A hitelező szempontjából ez egy kockázati felár
T1228,Pierre de Montmorency öt leánya közül ő volt a legfiatalabb
T1229,Kialakulását számos legenda és történet övezi
T1230,A közeli Kék sziklák is pompás turista-látványosság
T1231,A szovjet csapatok kivonása után Oroszország Tambovi területére települt
T1232,Az előadást különböző effektek és hangzások is színesítik
T1233,Válásuk után Carlos Mike-hoz költözik
T1234,Azonban ez nem gyakori
T1235,Kizárólag azokhoz az emberekhez szóltam
T1236,Ebben a nyelvben a birtokos névmást nem használják névelővel
T1237,A jula törzs nevét a magyar gyula méltóságnévvel szokták azonosítani
T1238,A hal színezete élőhelyenként változó
T1239,A sziget nagyobb része Stord községhez tartozik
T1240,Megjelenése óta a dalt számtalan előadó feldolgozta
T1241,Középiskolai tanulmányait követően a budapesti egyetemen filozófiát hallgatott
T1242,Az album deluxe kiadásán három bónuszdal szerepel
T1243,Ekkortól viseli közismert nevét
T1244,Győrben és Pozsonyban az evangélikus líceumban végezte tanulmányait
T1245,A Rómába igyekvő választók közül ráadásul ketten Frigyes fogságába estek
T1246,Az Inga idézés a Yu-Gi-Oh
T1247,A máltai egyetemen tanul
T1248,A római időkből villák romjait tárták fel
T1249,A kilátó ingyenesen látogatható
T1250,Az önkormányzathoz egyetlen település tartozik egy katasztrális községben
T1251,A vetülékfonalakat ennél az eljárásnál kézi munkával helyezik be
T1252,Virágzáskor a méhek előszeretettel látogatják
T1253,A közeli templom órája negyedet üt
T1254,Néha a mellkason is látható egy fehér terület
T1255,Nézzünk pár tipikus hibát
T1256,Helyükre szlovák telepeseket hoztak
T1257,Az alkinek nagyon reakcióképes vegyületek
T1258,Valeria szerepéért rangos díjakat nyert
T1259,Plummer háromszor házasodott meg
T1260,E jelenséggel kapcsolatban próbál igaz állításokat megfogalmazni
T1261,Középiskolai tanulmányait Nagyszebenben végezte
T1262,Cave jelentősen meggazdagodott a kiadvány hasznából
T1263,A suta szemfogai kisebbek és alig látszanak
T1264,Ő szeretne a legnagyobb blogger lenni a világon
T1265,De végül Alföldi Róbert is Kállai-Kiss Zsófit küldte haza
T1266,Tizenhat évesen játszott a csehszlovák válogatottban
T1267,Az északi imádkozó sáska stílusok közös jellemzőik alapján könnyen felismerhetők
T1268,Területén egykor több ma is létező település létezett
T1269,Csipkés tartozik hozzá
T1270,Beriszló halála után a Bánffyak és a Zrínyiek birtoka
T1271,Környékén a középkorban főként aranyat bányásztak
T1272,A színe feketésbarnává válik
T1273,Igen tevékeny résztvevője volt a közgazdasági életnek
T1274,Anat a helyi templomban is képviseltette magát
T1275,Sokszor különös helyzetekbe keveredik
T1276,Ma főként magyarok és szerbek lakják
T1277,Hacsek ennek pont az ellentéte
T1278,Szatmári Mór és Hirsch Lenke fia
T1279,Más nyelvben ragozott alakokat feltételezve ez nyilván sokkal bonyolultabb
T1280,A Lunar Orbiter-program egyik tervezőmérnöke volt
T1281,Kiadta Emich Gusztáv Pesten
T1282,Német és orosz nyelven beszél
T1283,Európában sebezhető fajként tartják nyilván
T1284,Még egyetlen kongói demokratikus köztársasági sportoló sem nyert olimpiai érmet
T1285,Azóta a tévés hálózatok kedvelt darabja
T1286,Az itt kitermelt szenet a társaság mozdonyaiban égették el
T1287,A fej formáját az Ibanezre jellemző éles vonalak adják
T1288,A világ első hibaáram-védelmi rendszerét Henri Rubin fejlesztette ki Dél-Afrikában
T1289,Fészkét faodvakba készíti
T1290,Ebből képződik a gerincvelő szürkeállománya
T1291,A tóba a csatornán keresztül az óceánjáró hajók is eljutnak
T1292,Az épület sarkain vakolatból kialakított díszítést alkalmaztak
T1293,Az Aerosmith számos későbbi zenekarra gyakorolt jelentős befolyást
T1294,Ekkor került a terület a Korfu család birtokába
T1295,Végre véget ér a harc
T1296,Testüket rongyokkal takarják el
T1297,A Bethlen Gábor Közgazdasági Szakközépiskolában tanult Debrecenben
T1298,Ott van már a házunk
T1299,Orosz és lengyel nyelvből fordított
T1300,A legtöbb város címerében szerepel a hagyományos korona
T1301,Pollenje allergiát okozhat
T1302,Ausztria első győzelmét aratta
T1303,Ekkortól tagja a helyi ötvöscéhnek
T1304,A vallásos témákat egyéni felfogásban festette meg
T1305,Beceneve Fábián Öcsi
T1306,A jezsuita rend alapítója Loyolai Szent Ignác
T1307,King Mob ága
T1308,Északkeleti irányba átszeli a köztársaság nyugati felét
T1309,A népesség többi része elszórtan él a község völgyeiben
T1310,A Magyar Általános Kőszénbánya Részvénytársaság
T1311,A modellfrissítés során bevezettek két Bullet basszusgitár változatot is
T1312,Több helytörténeti előadássorozatot tartott
T1313,Nevüket Simonyról vehették
T1314,Az ezüst és az arany nemesfém
T1315,A két győzelmük között eltelt harminchét év rekordnak számít
T1316,A kompozíciót Skoda Lajos építész álmodta meg
T1317,Iskoláit Siófokon és Budapesten végezte
T1318,Déli irányban hagyja el Dombóvár települést
T1319,Béla király a tatárok által elpusztított vidékre német hospeseket telepített
T1320,Az állami légitársaság a Donecki Területi Tanács kezelésébe került
T1321,Legendává válása szinte halálának pillanatában megkezdődött
T1322,Évekig elnöke volt egy terézvárosi polgári körnek
T1323,Főtitkára Horváth Gábor
T1324,Béla Gimnáziumban végezte középiskolai tanulmányait
T1325,Sikereit természetesen nem könnyen érte el
T1326,Az északi országrész vezírjeként székhelye Szaisz volt
T1327,Lola és Andres szerelme nem ismer határokat
T1328,Pályáját Zalaegerszegen a Hevesi Sándor Színházban kezdte
T1329,Háziállataink fajtáinak első rendszeres áttekintését állította össze Szépirodalommal is foglalkozott
T1330,A több milliós hazai ortodoxia néhány tízezerre zsugorodott
T1331,A tornyot egy fallal védett várudvar övezte
T1332,A legjobb második Hollandia lett
T1333,Több vidéki városban is sikerrel szerepelt társulatával
T1334,Havonta jelent meg
T1335,A zsidóságot tekinti a női típus egy népben történő megvalósulásának
T1336,A büntetés magában az elkövetett tettben nyilvánul meg
T1337,A bajnokság osztályait több alkalommal is átkeresztelték
T1338,A walesiek és az argentin kormányzat között is viták voltak
T1339,A legnagyobb tengere a Wesessa-tenger
T1340,A kavicsos és repedezett tengerfenéket kedveli
T1341,A rómaiak fennhatósága alatt uralkodott
T1342,Az együttes eddig két nagylemezt és egy koncertalbumot jelentetett meg
T1343,A heteroszexuális mellett a homoszexuális szerelem is megjelenik témaként
T1344,Idősb Kovács Kálmán matematikus fia
T1345,Velence közigazgatása alá tartozik
T1346,A Shire Hall ma a megyei tanács tulajdona
T1347,A falut más néven Bucsának is hívják
T1348,Élőhelyének változását némileg tolerálja
T1349,A Ming-dinasztia idején teljesen használaton kívülre került
T1350,Főiskolai gyakorlatát a Nemzeti Színházban töltötte
T1351,Cosenza megye a Calabriai-félsziget északi részét foglalja el
T1352,Publikációit magyar és angol nyelven adja közre
T1353,A megvalósíthatósági tanulmány legfőbb szerepe a döntés-előkészítésben van
T1354,E szoroson keresztül gyakran érte támadás Erdélyt és Magyarországot is
T1355,Ez az idő arányosan csökken az oldat koncentrációjának megfelelően
T1356,Az információt több amerikai sajtótermék is feldolgozta
T1357,Az alábbi táblázatban látható néhány példa a gyakoribbak közül
T1358,Verekedés közben Gyurka a szakadékba zuhan
T1359,Teljes neve Eric Arnaud Otogo-Castane
T1360,Az őstulok csak a pleisztocén végén alakult ki
T1361,Termesztését és hatásait intenzíven kutatják a Nyugat-Magyarországi Egyetemen
T1362,A film bemutatása nem volt kritikáktól mentes
T1363,Lacy-val szembeni ellentétei továbbra is fennmaradtak
T1364,Nemzetközi repülőtere összeköti Európával és Nairobival
T1365,Megporzásuk a víz segítségével megy végbe
T1366,A közhiedelemmel ellentétben a víz alatt is képes marni
T1367,Azóta több módosításra került sor
T1368,Itt lépett fel először az Opéra comique színpadán
T1369,Mindegyik kocsiban az üléseket bőr fedi és Wi-Fi hozzáférést biztosítanak
T1370,A Gazdasági és Informatikai Bizottság tagjaként dolgozott
T1371,Filibert savoyai herceg portréját vetette vászonra
T1372,Pótlása tervben van
T1373,A klub színei kék-fehér
T1374,Az európai ipartörténeti örökség egyik kiemelkedő helyszíne
T1375,Röptük erőteljes és egyenes
T1376,A hegyről kilátás nyílik Zürichre és a Zürichi-tóra
T1377,Főleg a városi akváriumok tartják ezt a harcsát
T1378,Zeneszerzés mellett még szakkönyveket is írt
T1379,A szőrzet hosszabb lehet a farkon és a pofán
T1380,Elkészítjük a tervet eredeti méretben
T1381,Egy Karaoke kiegészítő amit csak Japánban adtak ki
T1382,Ezeken a mérkőzéseken kezdőként végig a pályán maradt
T1383,Családjával jelenleg New Yorkban él
T1384,Emellett az idők folyamán számos lemezkiadónál felbukkant hasonló szerepben
T1385,Frigyes meghalt és Keresztélyt királlyá koronázták
T1386,Ezzel párhuzamosan matematikai ismereteit Johann Friedrich Pfaffnál bővítette
T1387,Jelenleg programozó Kolozsvárott
T1388,A település ősi magva a bányához közelebb alakulhatott ki
T1389,Ebben a szezonban ki is esett
T1390,Rengeteg fordítás történt ebben az időszakban
T1391,Vizsgálta megnyilvánulásának szimbólumait
T1392,Velük Blunt gyakorlatilag csak az iskolai szünidők idején találkozott
T1393,Érzékszerveik igen érzékenyek
T1394,Típusa pedig parasztballada
T1395,Sándor orosz cárt
T1396,A vizsgára jelentkezők a vizsgabizottság előtt jelennek meg
T1397,Valentino beleszeret Barbarita-ba
T1398,A falat két bástya is erősíti
T1399,Jelenleg a belga Charleroi játékosa
T1400,"Fiának, Oscarnak keresztapaságát sógora, Napóleon vállalta el"
T1401,Innen jött az ötlet
T1402,Pályáját versekkel kezdte
T1403,A Kozma utcai izraelita temetőben helyezték végső nyugalomra
T1404,Hetedik helyét és szenvedésüket a pálya karakterisztikájára fogták
T1405,A testület tisztikarának első alelnöke
T1406,Kázmér lengyel királyok udvarával
T1407,Így gyakorta azok indáival ejti foglyul ellenfeleit
T1408,Ezt követően Károly és Lajos között a viszony elhidegült
T1409,Itt van Ben Grossman és Deborah is
T1410,A késő barokk legfontosabb német képviselői
T1411,Nyolc éven át díszleteket festett
T1412,A fogyatékos emberek és számos más ügy szószólójaként emlegetik
T1413,Barokk Tekla-oltára van az Erzsébet-apácák pozsonyi templomának
T1414,Az ilyen pályák keringési ideje több mint huszonnégy óra
T1415,Hérakleitosz szerint minden ellentétpár egységet s egyszersmind sokaságot alkot
T1416,A Padovan-sorozat tagja
T1417,Aktívan részt vett a független Szlovénia létrehozásában
T1418,A Mátyás-szobor felállítására kiírt pályázat bíráló bizottságának egyik tagja
T1419,Az amerikai versenyre Firman visszatért a csapathoz
T1420,Magyarország mellett elsősorban Krakkóban és Zágrábban folytatott kutatásokat e téren
T1421,Azóta platina minősítést szerzett itt
T1422,Termése fehér bogyó
T1423,Az Olt bal partján fekvő település
T1424,Gépesített Hadtest között
T1425,Biztonságosan le kell zárni
T1426,A szombathelyi büntetés-végrehajtási intézetben is tartott órákat
T1427,Ekkor emelték az első középületeket
T1428,Bartók Béla feldolgozta énekhangra és zongorára
T1429,A komplexumhoz egy kis kápolna és egy kocsma is tartozott
T1430,Díszítésükben nagy szerepet kapott a katonaság és a rendőrség ábrázolása
T1431,Előtte a kommunizmus áldozatainak emlékszobra található
T1432,Trianon előtt Modrus-Fiume vármegye Ogulini járásához tartozott
T1433,Ennek volt része a ma is látható kaputorony
T1434,A csoport ezután elhagyja a repülőgép roncsait
T1435,Szakmai pályafutása állandóan konfliktusba került diákjaival és munkatársaival
T1436,A csapadékmennyiség aránylag kicsi
T1437,Innen északra áll el-Bagavat nekropolisza
T1438,A reformáció idején középkori lakossága lutheránussá lett templomával együtt
T1439,Eredeti modelljében a központi helyeknek tíz szintjét különböztette meg
T1440,Ezzel párhuzamosan járt-kelt Németalföldön és prédikált a népnek
T1441,Magyarországon többek közt a Cserhátban fordul elő
T1442,A mérkőzések kezdési időpontjai helyi idő szerint vannak feltüntetve
T1443,Ezen kívül palliumot adományozott még több dél-itáliai egyházmegyének is
T1444,A kifejezés angolszász nyelvterületen terjedt el
T1445,Ez a tény majdnem a zenekar pályafutásának végét jelentette
T1446,Apja is katonatiszt volt
T1447,Gyakran lép fel vendégzenészekkel
T1448,Mindössze egy évig volt ennél a csapatnál edző
T1449,A budapesti egyetemen jogi és bölcseleti előadásokat hallgatott
T1450,A dolgozók viselkedését többnyire irracionális és rejtett tényezők határozzák meg
T1451,A kolostor későbbi kegyura a Kanizsai család lett
T1452,A programokkal teli év már januárban kezdődött Spanyolország ellen
T1453,Ugyanebben az évben az együttes feloszlott
T1454,A hetvenes és nyolcvanas években készült képei aukciókon szerepelnek
T1455,A dalt az orosz-észt Tanja adta elő angol nyelven
T1456,Mobutu egy autentikus afrikai rendszert akart kiépíteni
T1457,Gyakran publikált szaklapokban is
T1458,A másik két lehetséges város Atlanta és Fokváros volt
T1459,A hadifogság után hazajött
T1460,A király ezen képhez modellt ült
T1461,Az versenyen az ob legjobb bokszolójának választották
T1462,A motorok a szárny alá függesztett gondolában kaptak helyet
T1463,A náci hatalomátvétel miatt el kellett hagynia a várost
T1464,Mexikó második legnagyobb médiuma a Televisa után
T1465,Középiskolai tanulmányait a szombathelyi Premontrei Rendi Szent Norbert Gimnáziumban végezte
T1466,A harang oldalán Nepomuki Szent János képe volt látható
T1467,Két őr betoppan és elviszik Ankát a másik cellából
T1468,Mérget vett be
T1469,Ezért kis test nem az egyedfejlődés emléke
T1470,A település legfontosabb vízfolyása a Baranya-csatorna
T1471,A templom Szent Jakab tiszteletére volt szentelve
T1472,Európa számos kutatóintézetében és egyetemén megfordult kutatóként és meghívott előadóként
T1473,Ugyanebben az évben kitüntették az Order of Merittel
T1474,Franciaországban a Miracle hetekig az első helyen állt a listákon
T1475,Szent István király plébániatemplom
T1476,Fehér festékek készítésére használják
T1477,A duett Brandy és Monica legsikeresebb száma is
T1478,Elsősorban lehetnek természetesek vagy mesterségesek
T1479,Rendkívül jó nyomkövető
T1480,Alfonz egyesítette a királyságot
T1481,A Mester ezután Grace segítségével kinyitja a szemet
T1482,Nyaranta megtartják a lakótelepi napokat
T1483,Jelenleg a Vác játékosa
T1484,Az erdőkben található meg
T1485,Gyártója a Newport News Hajógyár volt
T1486,Képes rádióelektronikai zavarásra is
T1487,Több kisebb település egyesülésével alakult ki
T1488,Ez volt a második sárga lapja
T1489,Neve eredetéről lásd a Déli-Lavina-torony alatt
T1490,Egy fiuk és három lányuk született
T1491,A magántársaságok eleinte saját maguk adtak a kocsiknak pályaszámot
T1492,A nádor schönbrunni mintára kezdte kiépíteni a tulajdonát
T1493,Kurus előtti dátumok hozzávetőlegesek
T1494,Ő egy korszaknak az élenjáró prófétája
T1495,Feltehetően korhadó növényi anyagokat bont
T1496,Az indiai földrajzi névvel alkották fi
T1497,Édesapja Choli Daróczi József
T1498,A Számítástechnika tantárgy itt is erőssége volt
T1499,Francesco Sforza herceghez
T1500,Apja a holokauszt áldozata lett
T1501,Amatőr pályafutása legnagyobb sikereit a Winnipeg Falconsban érte el
T1502,A hazatérés azonban nem a szabadságot jelenti Bauer számára
T1503,A szemetet hajóval szállítják el a szigetről
T1504,Soria tartomány harmadik legnépesebb városa
T1505,A felszerelés jelentős részét ezért a keskeny partszakaszon hagyták
T1506,A magyar és román tagozaton egyaránt rendezett
T1507,A szünidőket édesanyjával töltötte New Yorkban
T1508,Ezután az édesanyjával Atlantába költözött és egy táncszínház tagja lett
T1509,Legrangosabb épülete az istennő központi szentélye
T1510,Később ezt a szerepet a felnőttek vették át
T1511,Kirov hajógyár épített
T1512,Lisztet is egész életében foglalkoztatta a Faust-történet
T1513,A hadseregparancsnok a király távollétében a sereg korlátlan irányítója volt
T1514,Időnként a fürdő egyes részeit temetőként hasznosították
T1515,Kisebb halakkal és férgekkel táplálkozik
T1516,A törekvő Heidi folyamatosan kezdett munkákat kapni
T1517,Az amszterdami csapatban sok sikert ért el
T1518,Danny több német bajnoki címet is nyert
T1519,Vele átellenben fa harangláb áll
T1520,Jelenleg az al-Sabab középpályása
T1521,Középső triász mészkőben keletkezett
T1522,A kisebb ázsiai kertek kedvelt növényei
T1523,A játék egyjátékos és többjátékos módban is játszható
T1524,Több neves balett iskola ajánlott fel neki ösztöndíjat
T1525,A mintegy félszáz lelkes település Somogy megyében található
T1526,Csak a késő középkorban népesült be ismét
T1527,Vezető beosztást nem kapott többé
T1528,Nagy területre kiterjedő szórványtelepülés volt
T1529,Sok kritika érte a szintetizátor használata miatt
T1530,Emeli a gégét és a garatot
T1531,Német- és angol nyelvtudással bír
T1532,Jövőbeni fennmaradása és terjedése csak jelenlegi termőhelyén várható
T1533,Mint csaknem minden rágcsáló a hutia is társas állat
T1534,A lemezen gitározott és basszusgitározott
T1535,Holló Józsefet egy zenekari próbán fedezték fel maguknak
T1536,A Compagnie de Fives-Lille villamos gyárának tervezési osztályán kapott állást
T1537,Könyvei több néven is jelentek már meg
T1538,A golf másik fő formája a match play
T1539,Ennek ellenére életük végéig jó barátságban maradtak egymással
T1540,A hőmérséklet az energia rendezetlen mozgásként tárolt formája
T1541,Magyarország a lehetséges legerősebb felállásával vett részt az olimpián
T1542,Tanítványai nagy sikereket értek el hazai és nemzetközi gyermekrajz-pályázatokon
T1543,Az utóbbiak nagy részét szőlőültetvényekkel telepítették be
T1544,Egy időben középkori plébániatemploma után Sveta Sofijának nevezték
T1545,Az Andok-hegységben Kolumbia és Ecuador területén honos
T1546,A történet maga amolyan sötét tévedések vígjátéka
T1547,Fiatalként Chicagóban imádta az elektronikát és a kémiát
T1548,A földön elfekvő fügekaktuszok közé tartozik
T1549,Az előkelő bázeli Merian család tagja
T1550,Politikai elemzők szerint a Vajdaság a kulcsa Szerbia európai integrációjához
T1551,Ezen napi kettő nemzetközi személyszállító vonat közlekedik
T1552,A vért némi piros tintával helyettesítik
T1553,A film az egyik legnagyobb kasszasiker volt a maga idejében
T1554,Egyes archaizmusokat az idősebb nemzedékek használnak
T1555,A forgatókönyvet Clea DuVall írta
T1556,A közeli tengerparti strandok a turisták által kedveltek
T1557,A község területén jelentős régészeti lelőhelyeket tártak fel
T1558,Az időnként elárasztott területeket kedveli
T1559,Tervezője nem ismert
T1560,A vonal ibériai nyomtávolsággal épült
T1561,A tájház és a tárgyi örökség megőrzése együttesen szükséges
T1562,A páncélzatát szürkésbarna szőr borítja
T1563,Magyar falu Torna várm
T1564,Ferdinánd nápolyi király parancsára
T1565,Nyugati kapuját gazdag kőfaragás díszíti
T1566,A leggyorsabb kört Michael Schumacher futotta
T1567,A tündér vetélytársa volt a szomszéd hegyekben élő Nimfának
T1568,A Nagy Lajos Gimnáziumban érettségizett
T1569,Visszavonulása után Franciaországban lett edző
T1570,Polgári foglalkozása pénzügyi tervező
T1571,A londoni egyezmény rendelkezéseivel voltaképpen minden győztes elégedetlen volt
T1572,Baráti kapcsolatokat ápolt Telli Haszan boszniai pasával
T1573,Gimnáziumi évei alatt irodalmárnak készült
T1574,Nyelvismeretei a fordítások felé terelték
T1575,Székhelye Andorra la Vellában volt
T1576,Hivatali elfoglaltsága mellett gazdag irodalmi tevékenységet fejtett ki
T1577,A dal segített Chaka Khan visszatérésében is
T1578,A vallásuk bonyolult és sok istent számlál
T1579,Május elején rendezik meg a Batta Dem fesztivált
T1580,Irányát és tárgyait tekintve Eötvös Károlyhoz hasonlították
T1581,Tantermei jól felszereltek
T1582,Ott ismerkedett meg későbbi feleségével is
T1583,Felesége unszolására kezdett írni
T1584,A lemezt az Island Records jelentette meg
T1585,Autodidakta módon tanult
T1586,Engedély és csónak kölcsönzés a helyszínen
T1587,Greshamben található a Mount Hood Közösségi Főiskola
T1588,Négy magyarországi versenyző volt egy versenyszámban
T1589,A még meglévő hálózatok hossza fokozatosan csökkent
T1590,A kanadai kislemezlista élére került a dal
T1591,A földön keresgéli magvakból álló táplálékát
T1592,Számos díjat nyert Belgiumban és külföldön egyaránt
T1593,Több big beat együttesben játszott
T1594,Nyugdíjas éveire Erdélyben maradt
T1595,Ezt kívánta megteremteni a Pragmatica sanctioval
T1596,Ehhez a program több kapcsolót biztosított
T1597,Eredeti asszír neve Nohadra volt
T1598,Az Erdélybe behatoló románok itt találkoztak az első komolyabb ellenállással
T1599,További feltárása nagy munka lenne
T1600,Mindkét alakítását kedvezően fogadták
T1601,Magyarország nem szerzett érmet a kontinenstornán
T1602,Jelenleg a Leicester City kapusa
T1603,Egy bajnoki címet és két norvég kupát nyert a csapattal
T1604,Fejlődése alapvetően két család gazdasági tevékenységéhez kapcsolódik
T1605,Ettől az évtől technikai igazgató lett a szövetségben betöltött posztja
T1606,Lakott itt Liszt Ferenc is
T1607,A szoftver jelenleg erősen fejlesztés alatt áll
T1608,Az egyemeletes épület homlokzatán fülkében barokk Madonna-szobor látható
T1609,A cél a szerelem és az élethosszig tartó boldogság megtalálása
T1610,Azóta a pusztaszabolcsi önkormányzat üzemelteti
T1611,Ma csak alapfalai látszanak
T1612,A másodikat Nagy Stanleyként emlegetik a sziget lakói
T1613,A forgási állandók mértékegysége a mérés típusától függ
T1614,Az üzemanyagtartály a törzsben kapott helyet
T1615,Tizennyolc éves korától helyet kapott az Államtanácsban
T1616,Francia nyelven folyik az oktatás
T1617,Több filmes és televíziós produkció rendszeres szereplője
T1618,Mindhárom csapatnak sikerült legalább két gólt szereznie
T1619,Schumacher már fiatal korában részt vett különböző gokart versenyeken
T1620,A szonda feladata volt a Mars felszínének fényképezése
T1621,A Nagy-korallzátonyon sokfelé megtalálható
T1622,Magyar csapat nem vett részt a versenyen
T1623,Alig maradt meg belőle néhány épület
T1624,Felügyelt rájuk az öreg bölcs
T1625,Az aranyérmet a svájci Madeleine Chamot-Berthod nyerte meg
T1626,Tápláléka magvak és gerinctelenek
T1627,Magyarországi állásai mellett több alkalommal volt vendégprofesszor Németországban
T1628,Szokványos helyzete ágaskodó
T1629,A Jézusnak volt-e szakálla
T1630,Három katlanból áll
T1631,A szabályos testek konvexek
T1632,Rumiko és Tony kapcsolata hullámzó volt
T1633,Az Antarktisz kivételével valamennyi kontinensen elterjedt
T1634,A levelei átellenesen ülnek
T1635,Legszebb ezek közül a három szilmaril volt
T1636,A teológiát Budapesten a Központi Papnevelő Intézet növendékeként végezte
T1637,Mint képviselő a mérsékelt köztársaság híve volt
T1638,A dalhoz három videóklipet forgattak
T1639,Helpfau-Uttendorf Felső-Ausztria Innviertel régiójában fekszik a Mattig folyó bal partján
T1640,A Franciaországhoz tartozó Korzika szigetén honos
T1641,Kézai tudósításának egyes állításait más források is megerősítik
T1642,Ezen időszakban Kadhafi-párti tüntetések is zajlottak a téren
T1643,A magyarországi romák csoportjai eltérnek egymástól anyanyelvük szerint
T1644,Az országos ismertséget a televízió biztosította számára
T1645,Ez a szerep nagy ismertséget hozott a számára
T1646,A konvergenciával azonban nem foglalkozunk
T1647,A fájdalomcsillapítás nem összetévesztendő az érzéstelenítéssel
T1648,Beckert majd lelövi Addison
T1649,Végül egy kompromisszumos kiáltványt fogadott el a Konferencia
T1650,Ekkor betegsége miatt lemondott tisztségéről és visszavonult
T1651,Talán ezért is lett halála után az ő védőszentjük
T1652,Így az egyenes vevő hibái kiküszöbölhetők
T1653,Az összejövetelek zsolozsmával kezdődnek
T1654,A játék üres táblával kezdődik
T1655,Williams soha nem bocsátott meg szüleinek
T1656,Később Haynald Lajos érseknek lett az udvari orvosa
T1657,A magyar közgazdasági társaság főtitkára
T1658,Az épületek védelme mögött megkezdődött a három hétig tartó harc
T1659,A település ekkor Zemplén vármegyéhez tartozott
T1660,Az Amerikai Egyesült Államok középső részének déli területein honos
T1661,Ezek szokatlan módon a hátsó lökhárítóba lettek beépítve
T1662,Több filmjében is a legjobb izraeli színészekkel forgatott együtt
T1663,A piros-fehérekkel egyszeres kupagyőztes
T1664,Szeptembertől novemberig költ
T1665,A középiskola elvégzése után a hadseregben szolgált négy évet
T1666,A Budapesti Tudományegyetemen jog- és államtudományból doktorált
T1667,A korszakban minden területnek lehetett egy kastélya
T1668,Az első bizonyosan tőlük származó emlékek a Dzsemdet Naszr-korban keletkeztek
T1669,Szólóénekesi diplomáját is itt szerezte
T1670,Ufa legfontosabb felsőoktatási intézménye a Baskír Állami Egyetem
T1671,Az autó belsejében is végeztek kisebb módosításokat
T1672,Sajnos nem nyertünk semmit
T1673,Abban az évben világbajnoki bronzérmes lett
T1674,Már ebben az időszakban is közkedvelt volt
T1675,Ott ezen eredmények nem voltak kimutathatóak
T1676,Ezután kezdett filmekben szerepelni
T1677,A nőstény a tápnövény ágainak végére helyezi el petéit
T1678,Ebben a csillagok meghódításáról ír
T1679,Kivívta a maga alkotói függetlenségét
T1680,Jelenleg a walesi élvonal tagja
T1681,Élőben néha Dream Theater társaságában adták elő
T1682,A környék régészeti lelőhelyei
T1683,Legtöbbjük a Komi Köztársaságban és a Permi határterületen él
T1684,Ez volt Franciaország negyedik győzelme
T1685,A zenét az évek során rengeteg együttes dolgozta már fel
T1686,A család a Gutkeled nemzetségből származik
T1687,A lengyelek a csoport utolsó helyén végeztek
T1688,Írói munkásságára jellemzőek Vörösmartyval váltott levelei
T1689,Maga a Riemann-hipotézis a matematika egyik legfontosabb sejtése
T1690,A lapot Stieglitz saját vagyonából finanszírozta
T1691,A központi vezérlés két elektronika szekrényben van elhelyezve
T1692,A szarvasmarha az első háziasított fajok egyike
T1693,Szakmai fordítást és szakmai fordítás lektorálását is végzett
T1694,Egyre több egész estés filmet forgatnak
T1695,Kassán és Rozsnyón tevékenykedik
T1696,Központi épületei az Indóház téren állnak
T1697,Itt van a híres Szilícium-völgy
T1698,Jó erdő és rét
T1699,Bécsben készült alkotásai alapján a dunai iskola egyik elindítójának tartják
T1700,Neve előtagjától a helységnévrendezéskor megfosztották
T1701,Velük három albumot adott ki
T1702,Alkohol és drogproblémákkal küzdött
T1703,A kifejlett példányok a tavasz elején párzanak
T1704,Ulászló magyar király választásán és koronázásán sem
T1705,Később kidolgozta a szívritmus-szabályozó elvi alapjait
T1706,A terület az őskortól lakott
T1707,Több színváltozata is ismert
T1708,Angela és Pablo pedig mindent filmre akarnak venni
T1709,Kevesen ismerik az ez által okozott problémákat
T1710,Kisebb a csatolás a síkbeli cisz-pozíció esetén
T1711,Minden évben több ezer embert vonz a tópartra
T1712,Első beosztása klinikai asszisztens az Mt
T1713,Kőbányájához német munkások települtek be
T1714,Eurázsiában és Észak-Amerikában honos
T1715,Itt találkozott a munkásmozgalommal
T1716,A római és bizánci időkben szerepe háttérbe szorult
T1717,Korlátozták az Olaszországból beutazást
T1718,Pápán beállt bonyhádi Perczel Mór seregébe
T1719,A földrajzi körülmények határozták meg lakóinak hagyományos gazdálkodását
T1720,A Bár-Kalán-nemzetség ősi fészke a mai Csongrád vármegye területe volt
T1721,Rendezője Luc Besson
T1722,Édesapja még gyerekkorában meghalt
T1723,Ugyanakkor ennek sincsen semmi akadálya
T1724,Építése idejéről nem történik említés
T1725,Ennek következtében nagyon kemény meccset játszott
T1726,A koponya rövid volt és hátul kiszélesedett
T1727,A terület a Duna hajdani árterét foglalja magába
T1728,A szigettel együtt a Velencei Köztársaság fennhatósága alá tartozott
T1729,Több mint harminc kötetet fordított le
T1730,Az iskola tanulóinak többsége szociális hátrányokkal érkezik
T1731,Néhány évet töltött Le Havre-ben
T1732,A gyerekekkel rendszerint meglehetősen türelmes
T1733,Általános majd középiskolai tanulmányait Pristinában végezte
T1734,Idős emberek szerint akkor lehettek ötszázan is a faluban
T1735,A Williamsnél Nigel Mansell helyettesítette Coulthardot
T1736,Hawaii-n és a Bermuda-szigeteken is meghonosították
T1737,Részt vett a varsói felkelésben
T1738,A másik poszter egy tengerparti jelenet fekete-fehér képét ábrázolta
T1739,Sándor skót király fölött
T1740,Az osztály ezt követően másfél évig üzemeltette a típust
T1741,Roberta ambiciózus és egyre magasabbra tör
T1742,Jelenleg Szamarkand régió második legnagyobb városa
T1743,Visszatért a sportágba Niki Lauda egy McLaren volánja mögött
T1744,A Fazekas Mihály Fővárosi Gyakorló Gimnáziumban érettségizett
T1745,Különösen mint gyermekorvos volt ismert
T1746,A klub székhelye Potsdam és hazai mérkőzéseiket a Karl-Liebknecht-Stadionban játsszák
T1747,Kilenc nappal később őt is bíróság elé állították
T1748,Hirtelen sötét felhők jelennek meg és hevesen esni kezd
T1749,A klasszikus formák kedvelője
T1750,Megélhetését üzletemberként teremtette meg
T1751,Ez például a románban gyakori
T1752,Ipari Szakmunkásképző Intézetben kollégiumi nevelőtanári beosztásban dolgozott
T1753,Sírja fölé tíz évvel később díszes emléket emelt a kegyelet
T1754,Számos dokumentum- és játékfilmet készített a Magyar Televíziónak is
T1755,Manapság már nehéz tisztán hagyományos zouk videókat találni
T1756,A kereskedelem következtében gazdaggá váló település gazdag építészeti örökséggel büszkélkedhetett
T1757,Ezt a sast a császári koronázási jelképekkel ruházták fel
T1758,Mindketten kapcsolatba kerültek a milánói kézilabdacsapat tagjaival
T1759,A cég nem csupán számítógépre készített játékokat
T1760,A fasiszta terror áldozata lett
T1761,Önkormányzati szinten létezik községi bíró és rendőrségi bíróság
T1762,Van katholikus és református temploma
T1763,A társulat vezetője Zrinyi Gál Vince
T1764,Nisko területe már az ókorban lakott volt
T1765,Közel félmillió magyar zsidó került Auschwitzba
T1766,A fordítást Oroszlány Balázs és Mayer Ingrid készítették
T1767,Első mérkőzésén a Kortrijk ellen rögtön gólt szerzett
T1768,Közben elhidegült feleségétől és visszaköltözött Koblenzbe
T1769,Itt részt vett az Egyetemes tizedes osztályozás bevezetésében
T1770,Azonban a munkája nagy áldozattal jár
T1771,A természetes élőhelyük szubtrópusi és trópusi esőerdők és cserjések
T1772,Tervezéseinek száma száz felett van
T1773,Ebben a mesében szokatlan teremtmények láthatóak
T1774,A filmiparban már háromszor is feldolgozták színes változatban
T1775,A nőstény decembertól áprilisig hozza világra egyetlen kicsinyét
T1776,Alkotásai között megtalálhatóak a kötött és szabad versek
T1777,Csonka Ferenc ügyvéd és Borbély Etelka fia
T1778,Magyar nyelven a Galaktika közölte néhány elbeszélését
T1779,Lathamban van általános iskola
T1780,A részt Alan Burnett írta
T1781,Hannah-t kellett eljátszania
T1782,A csatában Longinus és legatusa is életét vesztette
T1783,Hittanra azonban a Szent György téri elemibe járt
T1784,A Rogers pálya természetes gyeppel volt borítva
T1785,Alapító tagjai akkor még mind középiskolások voltak
T1786,Makovica várában uradalmához tartozott
T1787,Rákóczi Ferenc erdélyi fejedelem gyermekkorát mutatja be
T1788,Apró gerinctelenekkel és magvakkal táplálkozik
T1789,Középiskoláit Ungváron végezte el
T1790,A League of Legends egy jó játék
T1791,Apja rajztanárként dolgozott egy magániskolában
T1792,Elterjedésének északi határa Szlovákia
T1793,A változók szimbolikus nevekkel jelölhetők
T1794,Az olvadó jég vizét szárított tengeri hínárral fogták fel
T1795,Az egyik csoportosítása szerint a regionális földrajz segédtudománya
T1796,A zeneszerzője Zack Ryan
T1797,Nem sokkal sérülése előtt hároméves szerződést írt alá csapatával
T1798,Van itt a kis-honti evang
T1799,Page-ből szerveznek kirándulásokat a Patkó-kanyarhoz
T1800,Az előírások is sokat változtak
T1801,Tanulmányait a párizsi konzervatóriumban végezte
T1802,A Chiloé-szigetek tagjainak többsége az öbölben található
T1803,Ezeket ma is így nevezik
T1804,Nyugdíjba vonulása után Rudabányán élt
T1805,Az ország déli részének atlanti-óceáni partvonalán fekszik
T1806,Tavasszal és ősszel ezek a ludak vándorlásához kapcsolódtak
T1807,Ezt követően számos alkalommal külügyminiszter és három alkalommal miniszterelnök volt
T1808,Székhelye Santa Lucía
T1809,A baleset konkrét oka a mai napig ismeretlen
T1810,Welden e levél hatására megtört
T1811,A középkorban átépítették
T1812,A regény számos eleme hiányzik a filmből
T1813,A klub színei a kék fehér
T1814,A svéd jogrendszer reformja is nagy léptékkel haladt előre
T1815,Tanítás mellett gazdálkodott és több lap külső munkatársa is volt
T1816,Richárdban a Royal Shakespeare Company-val
T1817,A fennsík közepén található a motte-domb maradványa
T1818,A stadion digitális eredményjelzővel és saját megvilágítással rendelkezik
T1819,A moldvai csángók is ismerik
T1820,Luxemburg az első érmeit szerezte a téli olimpiai játékok történetében
T1821,Collie kistérség South-West régióban fekszik
T1822,Ezt követően hazatért
T1823,Az események azonban mégis az egyházszakadáshoz vezettek
T1824,A Deutsche Bahn székháza
T1825,Ezen kívül korábban énekelt az Audioslave-ban is
T1826,A forma a klasszikus szonáta-elvet követi
T1827,Életformájuk mintája kóbor ebek mindennapjai voltak
T1828,Később visszavonult a politikától és az üzleti életben tevékenykedett
T1829,Chopin-kéziratot őriz a fiókjában
T1830,Ed végül elfogadja a barátságát
T1831,A park részben társadalmi munkában épült
T1832,A Felső-Tisza-parti rendezvényen neves előadók hada lép fel évről évre
T1833,Az összes fordulót az Egyesült Királyságban rendezték meg
T1834,Az első kerékpáros nyom ebből a szempontból jól vizsgázott
T1835,Perdikkasz makedón király megkísérelte birodalmához csatolni a felső-makedóniai területeket
T1836,A Panasonic Corporation észak-amerikai név
T1837,Jenna és Barbara Bush is velük tartott
T1838,Trópusi esőerdők lombkoronájának lakói
T1839,Szaga nem jellegzetes
T1840,Két évvel később Kolozsvárra ment tanulmányai folytatására
T1841,E két Vid elnevezése később zavart okozott megkülönböztetésükben
T1842,A jelölt európai parlamenti meghallgatását meg kellett ismételni
T1843,A középkorban az erdőket a községek birtokolták
T1844,A bukaresti békében biztosította Oroszország déli határait
T1845,Rendszeresen tartott lelki-napokat gyermekek számára
T1846,A fellépés hatalmas média visszhangot keltett
T1847,Ország Ilona telepítette a sárospataki Gombos-kertet
T1848,A kegyképet az osztrák császár a Szent István-székesegyházba Bécsbe viteti
T1849,Négyévesen kezdett el táncolni
T1850,Bákó keleti szomszédjában fekvő település
T1851,Turnéi során bejárta Európát
T1852,Jelenleg a kínai élvonalban szerepel
T1853,Az alultápláltság széles körben elterjedt jelenséggé vált
T1854,Legendás a tanulók ujjainak és így fogásaiknak keménysége
T1855,Az olimpián már két számban vett részt
T1856,Az utasok nagy része kanadai állampolgár vagy portugál bevándorló volt
T1857,A városi érsek közbenjárásának köszönhetően azonban hamarosan szabadon bocsátották
T1858,Fizetős operációs rendszer
T1859,A szám hatalmas siker lett
T1860,Az állatöv fokban kifejezett szélessége nincs meghatározva
T1861,A faluban három templom is található
T1862,Apja időnként tanácsaival segítette őt a tanulásban
T1863,Az elosztott eszközökkel való kommunikáció legnagyobb része ciklikusan történik
T1864,A jégkorszakot követően alakult ki a térség mai domborzata
T1865,A vezetőedző továbbra is Josep Guardiola
T1866,Emellett a Language Learning amerikai folyóirat szerkesztője
T1867,Saját festményeire a tér és a mozgások határozott érzékeltetése jellemző
T1868,Amelynek azóta is tagja
T1869,Ide fut be a várat körbevevő árok két vége is
T1870,Kialakulása a város gyors ipari és kereskedelmi fejlődésével függött össze
T1871,Fontosabb pontjait az Alkotmány tartalmazza
T1872,Ezt követően hadnagyként szolgált a weimari herceg vérteseinél
T1873,Még így is nagyon ritka macskaféle
T1874,Az atomfegyverek ügyében felszólalt a Kongresszusban
T1875,Azonban kerüli a tengerpartok közelségét és az erdőket
T1876,Nem kell védeni
T1877,További sorsáról nincs adat
T1878,Legközelebbi rokona az Orinoco-paradicsom
T1879,A Trichogaster-fajok Ázsia déli és délkeleti részein fordulnak elő
T1880,A versenyek között felügyelőként dolgozott a Sydney-i Oran Park versenypályán
T1881,Évei így is nélkülözésben teltek
T1882,György szobortól is látható
T1883,Fülünk a hallás érzékszerve
T1884,Felesége Szabó Katalin
T1885,Ezek tükrözik a helyi szokásokat és modort
T1886,A Főiskolát egy-másfél év után elhagyta
T1887,Középen államalapító királyunk aláírása látható
T1888,A fő probléma a turisztikai létesítmények biztonsága lett
T1889,Természetes ellenségek híján azóta jelentősen elterjedt
T1890,A temetésen Karl Dönitz tengernagy is beszédet mondott
T1891,Néhány helyi gazda még ma is készít bort pincéjében
T1892,Főként nemzetgazdasági és statisztikai tanulmányokkal foglalkozott
T1893,Berlini Nemzetközi Filmfesztiválon debütált
T1894,A Dijála-völgyben helyezkedett el
T1895,A videóklipet Shane Drake rendezte
T1896,A terület élén a Ravennában székelő exarcha állt
T1897,Kilenc gyermeke született
T1898,Megindult az általa szervezett egyházmegyék püspöki székesegyházainak építése is
T1899,De dolgozik mások filmjeiben operatőrként is
T1900,Szerepelt rádiójátékokban és rendezett is
T1901,Leginkább karakterszerepeket alakít
T1902,A menta bizonyos fajaiban is megtalálható
T1903,Béla erősítette meg
T1904,Lajos oklevelében a Gellei székhez tartozó falvak között szerepel
T1905,Ezt teszik felelőssé a fájdalomért
T1906,A játék stabil és visszatérő konfigurációinak halmaza Abel-csoportként jellemezhető
T1907,Több sorozat egyes epizódjaiban is játszott
T1908,Történelmi államok esetén zárójelben szerepel a jelenkori államokhoz viszonyított elhelyezkedésük
T1909,Mácsait Szigethy Gyula karnagy követte
T1910,A kubai szocialista forradalom után a homoszexualitást törvény büntette
T1911,Mönchengladbachtól ezek a vonatok két külön vonalon haladnak
T1912,Nyár közepétől októberig virágzik
T1913,Európától a Közel-Keleten át Japánig koncertezett
T1914,János Pál pápa nevét őrzi
T1915,Az időjárás tanulmányozásával a meteorológia foglalkozik
T1916,Itt egyszerre több páros táncol
T1917,Egyik darabjában Platónt és annak tanítványait tette nevetségessé
T1918,Miller de Brassó
T1919,A középkorban alakultak ki az első falvak
T1920,Ezt a halat kedvelik a városi akváriumok
T1921,A megyeszékhely Boone
T1922,Létrejön a Faith and Order mozgalom
T1923,A nevek mellett az évszám segít a tájékozódásban
T1924,Mindehez azonban összesen csak két mérkőzésre volt szüksége
T1925,Nyakán egy sárga öv található
T1926,A Lengyel Bajnokságban kétszer végzett a góllövőlista élén
T1927,Összesen két darab készült belőle
T1928,Megosztja ezt a bárban Marshall-lal és Barneyval
T1929,Attól fogva kizárólag franciául írt
T1930,A városháza átvészelte a bombázást
T1931,A kézirat szerint pomázi barlang
T1932,A század második fele a megpróbáltatások ideje volt
T1933,A párzási időszak márciustól októberig tart
T1934,Pepper nem háztartási használatra tervezett funkcionális robot
T1935,Az alcsaládjának legnagyobb magyarországi faja
T1936,Az abszolutizmus korában a nyomda élére császári biztos került
T1937,A növényekben gazdag sekélyebb állóvizeket kedveli
T1938,Az ábrán feltüntettük a két Dandelin-gömböt
T1939,A király feldühödött és egy égig érő tornyot építtetett
T1940,A függetlenségi harcok kezdetén a katonaság a királypártiak oldalán állt
T1941,Ezután távozik Sopronból
T1942,Vitéz Kozma István vezérőrnagy meglátogatja csapatait és ellenőrzi azok ellátását
T1943,Gömöry Vilmát édesanyja vallásában keresztelték meg Hatvanban
T1944,Lemondott karmesteri állásáról és gőz erővel kezdett el komponálni
T1945,Elnyerte az Emmy-díjat is
T1946,Külön távmérők szolgálták ki a másodlagos és a légvédelmi tüzérséget
T1947,Többszörös Bundesliga gólkirály lett a Bayern mezében is
T1948,Ugyanakkor ellenérzést kelt benne sok üldöző viselkedése
T1949,Középiskolai tanulmányai elvégzése után joghallgató lett
T1950,A csapat ezen kívül a legsikeresebb brazil klubok egyike
T1951,A konzervatív értelmiségieket tömörítő Eötvös József Csoport alapító tagja
T1952,Az utóbbi években az alma legjelentősebb kártevője
T1953,A pártban is vezető beosztásokat töltött be
T1954,Sztrabón például vitatja a felsorolt nevekkel illetett népek kilétét
T1955,Frodót a teher egyre inkább megtöri
T1956,Ez a legnagyobb vulkáni hegycsoport a környéken
T1957,Két szerelmespár is van a csapatban
T1958,Emiatt védelem alatt áll
T1959,Termést a következő év tavaszán hoz
T1960,Brunszvik Teréz pedig mélyen tisztelte Beethovent
T1961,Tanulmányainak végeztével szolgálatba lépett
T1962,A futam megegyezett a lesiklás versennyel
T1963,Lausanne-i és londoni tanulmányai befejezése után Milánóban telepedett le
T1964,Természetesen ugyanígy a női énekeseknél is
T1965,A Madaras a Kárpátok külső vulkáni ívének részét képezi
T1966,A legrégebbi leletek a Kanis Ib
T1967,A magház a szárba süllyed
T1968,Elsőként az Arsenal együttese
T1969,Kázmér lengyel király diplomatája lett
T1970,Hegyeiben vasat és ezüstöt bányásztak
T1971,Budapesten és Bergenben él
T1972,Később különböző tiszti beosztásokat töltött be
T1973,A bank Franco tábornok uralma alatt szoros ellenőrzés alá került
T1974,Nem teljes a lista
T1975,Legfőképp magvakkal táplálkozik
T1976,A félsziget körüli tengerek a hajók számára veszélyesek
T1977,Az ellenzők és a támogatók is intenzív kampányt folytattak
T1978,Antiokhoszt próbálta trónra emelni
T1979,Hadtest közvetlen alakulata lett
T1980,A nemzetközi kiadásban már Captain Hollywood rappel
T1981,A francia forradalom után Vézelay-t az összeomlás veszélye fenyegette
T1982,Négyéves korában került Amerikába
T1983,Azonban ez nem felel meg a valóságnak
T1984,Lengyel katolikus családból származott
T1985,A felette tartott halotti beszédek szintén ki vannak adva
T1986,Még gyermekkorában került az osztrák fővárosba
T1987,Lampert sok királyt szolgált
T1988,A kupa győztese jogán Bulgária csapatot indíthat az Európa-ligában
T1989,A Jézer-hegység éghajlata nagyjából megegyezik a Fogarasi-havasok éghajlatával
T1990,Ulászló néven magyar királyként is uralkodott
T1991,Írásai megmaradtak az Országos Széchényi Könyvtár kézirattárában és szabadon kutathatók
T1992,A talajra rakja kavicsokból és növényi anyagokból készített fészkét
T1993,A kitört lázadás az egész városra kiterjedt
T1994,Az udvarán található üzletek a keleti bazárok hangulatát tükrözték
T1995,Az összes füzet elérhető elektronikus formában is
T1996,Ebben a szezonban harminchét mérkőzésen kilenc gólt szerzett
T1997,A dohányosok aránya általában csökken az oktatásban eltöltött évek növekedésével
T1998,Ezután a hadserege maradványai csatlakoztak a doni kozákokhoz
T1999,Mind a négy mozdony mellékvonali szolgálatban volt Hannover körzetében
T2000,Miért maradhatott meg
T2001,Hokkaidón nem él
T2002,Henrik francia király esküvője alkalmából
T2003,San Franciscoban született
T2004,Ez volt az egyetlen üdítőital a magyar piacon
T2005,A legtöbb faj életmódját kevéssé ismerjük
T2006,A színárnyalatot vizelet hozzáadásával lehetett változtatni
T2007,Még ebben az évben a Győri Kisfaludy Színházba szerződött
T2008,Kereskedelmi forgalomban általában a dinátrium-sója kapható
T2009,Göttingenben Gauss-szal közösen mérték a Föld mágneses terét
T2010,Minden víz alatti város saját védelmi haderővel rendelkezik
T2011,Ugyanebben az évben a zenekar feloszlott
T2012,Jacket Dave és Sue is édesapjuknak hitték
T2013,A szigeten oktatás folyik és környezetvédelmi kutatásokat is végeznek
T2014,Továbbá a kiválasztott jelképek néha a pajzs alakját is meghatározzák
T2015,Ez volt a klub első és eddig egyetlen bajnoki címe
T2016,A szigeten három község található
T2017,Ezzel az ötödik legcsapadékosabb nap lett a város történelmében
T2018,A törvényt viszont hamarosan hatályon kívül helyezték
T2019,César-gálán kezdték el
T2020,Már korán különös képességet mutatott a matematika és fizika iránt
T2021,Olaját is felhasználják
T2022,Uszty-Vacserga településig hajózható
T2023,Épületeinek többségét vallási célra használhatták
T2024,Összesen három mérkőzésen lépett pályára
T2025,Ezután a férfi visszaküldi őt New Englandba
T2026,Hazatérve Balassagyarmaton az állami gimnázium hittanára lett
T2027,Írországban tanult egy bentlakásos iskolában
T2028,A jelenlegi erőfeszítések fő célja a hatékonyság növelése
T2029,Vannak nálam sokkal öregebbek
T2030,Minimális egyed került idáig megfigyelésre
T2031,Középiskoláit a kolozsvári református kollégiumban végezte
T2032,Graham Hill a verseny közepén a hatodik helyen haladt
T2033,Az irányítás rövid gondolkodás után engedélyt adott
T2034,A szakadó esőben csak néhány kört tettek meg a pilóták
T2035,A száraz szavannák lakója
T2036,Sándor szerepét játszotta
T2037,Nagykárolyban a Hubay-tanítvány Orosz Rózsika tanítványa volt
T2038,Érdekességként megemlíthető még a talált andezit előfordulás
T2039,A lemezek éle finoman fogazott
T2040,A kamera megmutatja a fogvatartók arcát
T2041,Latabár Árpád is
T2042,Kilencéves korában családjával az Egyesült Államokba emigrált
T2043,Ortega szerint a szintaktikai összetettséget többdimenziósan kell mérni
T2044,A falvak helyét kiterjedt tanyavilág foglalta el
T2045,További munkái a Magvető Könyvkiadónál jelennek meg
T2046,További merülésekre is készül
T2047,Költő és prózaíró volt
T2048,Sándor cár meggyilkolását követő oroszországi pogromokról
T2049,A természettudomány és az okkultizmus keveréke
T2050,Számos canopy-pálya található amerikai nemzeti parkokban
T2051,Ez időben egy eset hozta izgalomba Heréd lakosait
T2052,Károly nem küldött hozzá követet házassági ajánlattal
T2053,Székhelye Puerto Lempira
T2054,Így lehetőség nyílt a szer növényekre gyakorolt hatásának vizsgálata
T2055,Kelemen pápát is gyógyította
T2056,Szentkirályszabadja és Veszprém között található
T2057,Ez bizonyos esetekben matematikailag könnyebb kezelhetőséget tesz lehetővé
T2058,Magyarországon is több rajongói portál alakult
T2059,Ez volt a második megjelentetett Tátra-térkép
T2060,Ferdinánd ismét vásártartási jogot adott a városnak
T2061,Mindezek a szervezettel szemben ellenszenvet keltettek
T2062,Henrik a későbbiekben is juttatott neki különböző elkobzott földbirtokokat
T2063,A kifejlett lepke telel át
T2064,Megyeszékhelye és legnagyobb városa Bozeman
T2065,Fehéregyháza község központja
T2066,Ekkor a települést Fonód-nak hívták
T2067,Édesanyjával már gyermekkorában sokat járt színházba
T2068,A klub jelenleg a másodosztályban szerepel
T2069,Gótikus részletei maig is látszanak
T2070,A grófság területe időben változott
T2071,Német bevándorló családból származott
T2072,Napokon belül Berengár bevonult Paviába
T2073,Késleltetést alapvetően két különböző módon érhetnek el
T2074,Szíriában jelenlétét hivatalosan nem dokumentálták
T2075,A tél enyhe
T2076,Frigyes császár visszafoglalta
T2077,A használati engedély lehet kizárólagos vagy nem kizárólagos
T2078,Férje halála után ismét visszatért a színpadra
T2079,Hazai mérkőzéseiket a Laugardalsvöllur-ban rendezik
T2080,Legnagyobb irodája a kínai Hangcsouban van
T2081,Egy nő tünetei is változhatnak idővel
T2082,Szenuszert kapcsolatára nincs közvetlen utalás
T2083,A vizsgálatot három egri kanonok folytatta le
T2084,A Skála áruház egyik reklámarca
T2085,A kiállítás Varga Pál akvarelljeit és olajképeit is bemutatta
T2086,A könyvben exkluzív Jay Chou-fotók láthatóak
T2087,Pályafutása három klubhoz kötődik
T2088,Feje egy uradalomnak
T2089,Kiállt az általános iskolai és közkönyvtárak létesítéséért Ljubljanában
T2090,Pettigrewt árulása miatt a Voldemorttól kapott mágikus keze öli meg
T2091,A párosítások öt győztese jutott tovább a második fordulóba
T2092,A kupát a Fiorentina nyerte meg a klub történetében először
T2093,Utóbbi nem ismerte el hitelesnek a választási vereségét
T2094,Zenei ihletője elsősorban a verbunkos volt
T2095,A teljes darab megírása azonban tovább késett
T2096,Ezek a gyakorlatok már adaptálásra kerültek férfiak számára is
T2097,A második a vámszedő példázata
T2098,A későbbiekben mint királyi solymászok települése szerepel
T2099,Az írók mellett a magyar illusztrátorok munkái is megjelentek
