utt_id,speaker,reference,prediction,wer
C_001_0001_stove_NULL_AO,C_001,Kapcsold ki a hűtő ő villanytűzhelyt,kapcsolat kérhetőszer.,1.0
C_001_0010_heating_NULL_AO,C_001,Kapcsold be a rá radiátort,kaptam a radiátor.,0.8
C_001_0001_computer_NULL_AO_2,C_001,Kikapcsoltad a monitort,Meghagyott a monétort.,0.6666666666666666
C_001_0100_shutter_kitchen_AOL,C_001,Ereszd le a zsala zsalut a konyhába,Elezni a sorota konyhával.,0.8571428571428571
C_002_0010_window_smallroom_AOL,C_002,Zárjuk be az ablakot a kisszobába,"Tánadj, hogy az ablakot akisszöbb, abban.",0.6666666666666666
C_002_0001_vacuum_room_LAO,C_002,Szobába kapcsoljuk ki a porszívót,szobába kapcsoljuk ki a poszívú.,0.4
C_002_0100_TV_NULL_AO,C_002,Vegyük halkabbra a televíziót,Vagy a kockabban a televízió.,1.0
C_002_0001_door_smallroom_LAO,C_002,Kisszobába nyissuk ki az ajtót,"Piszóbábban is oké, az ajtót.",0.8
C_002_0010_fan_smallroom_AOL,C_002,Kapcsoljuk be a ventilátorokat a kisszobába,"Kapcsolj, hogy bármint előtt előtt a katakisszobában.",1.0
C_002_0001_vacuum_smallroom_LAO,C_002,Kisszobába kapcsoljuk ki a porszívót,És szubályban kapcsoljuk ki a porcívolta.,0.6
C_002_0010_heating_corridor_LXAO,C_002,A folyosón hideg a radiátor ezért be kell kapcsolni a termosztátot,Folyosan ideg a radiátor ezért be kell kapcsolni a termosztátok.,0.36363636363636365
C_002_1000_electricity_kitchen_LAO,C_002,Konyhába kapcsoljuk fel a villanyt,"Kújnál, bakokcsa, jövő, lájtál.",1.0
C_002_0001_window_NULL_XAO,C_002,Jó idő van nyissuk ki az ablakokat,"Jó ide, van is uki ez a blapokat.",0.8571428571428571
C_002_0001_window_smallroom_AOL,C_002,Nyissuk ki az ablakot a kisszobába,Nincs sikérze a bladot a kis szobállat.,1.0
C_002_0010_door_livingroom_LAO,C_002,Nagyszobába csukjuk be az ajtót,Nagyszerűen bocsuk így be az ajtót.,0.8
C_003_0001_fan_kitchen_AOL,C_003,Kapcsold ki a ventilátort a konyhába,Kapszol ki a vendjára zakonyával.,0.6666666666666666
C_003_0010_fan_livingroom_AOL,C_003,Kapcsold be a ventilátort a nagyszobába,"kapcsolában, játszolta, na szóval.",1.0
C_003_0001_window_bathroom_LAO,C_003,Fürdőszobába nyisd ki az ablakot,"Pületes, zavarni is ki a zavarod.",1.0
C_003_0010_radio_smallroom_LAO,C_003,Kisszobába kapcsold be a rádiót,"ki szóval kapcsolva rá, adjós!",1.0
C_003_0001_fan_smallroom_AOL,C_003,Kapcsold ki a ventilátort a kisszobába,"kapszol ki, vajn tjázott a kis szvávon.",1.0
C_003_0001_radio_kitchen_OAL,C_003,A rádiót kapcsold ki a konyhán,"Hát, de az kapszol ki a kolyhára.",0.8333333333333334
C_003_0010_curtain_room_LAO,C_003,Szobába húzd be a függönyt,"Szóval, van húzbár függent.",1.0
C_003_0010_vacuum_room_AOXL,C_003,Kapcsold be a porszívót légyszi a szobába,Kácsolva fosztilod és jössz el a szóval.,0.8571428571428571
C_003_0010_door_room_LAO,C_003,A szobába zárd be az ajtót,A szóval várzáll be az ajzó.,0.5
C_003_0001_washingmachine_NULL_AO,C_003,A mosógépet indítsd el és állítsd be a harminc fok melegre,"Amúgy szó, hogy pedint is, ne isáj az el, hami szófája.",1.0
C_003_0010_curtain_kitchen_LAO,C_003,Konyhába húzd be a függönyt,Konyháva húzbál fűgőn.,1.0
C_003_0001_door_smallroom_AOL,C_003,Nyisd ki a ajtót a kisszobába,"Niske, ájt oda kis szó!",1.0
C_003_0010_radio_room_LAO,C_003,A szobába kapcsold be a rádiót,Szóval a bárkápp szó be a rádióz.,0.8333333333333334
C_003_0010_heating_corridor_AXOL,C_003,Kapcsold be légy szíves a termosztátot a folyosón,"Kapszolva, ezt járszámul, szállaforosok.",1.0
C_004_0001_door_smallroom_LAO,C_004,Kisszoba nyit ajtom,Fiszt szóba nyik adom.,1.3333333333333333
C_004_0100_electricity_room_LAO,C_004,Szoban le lekapcsolol lámpam,"Szóban legy, legy, kocsolol lámban.",1.25
C_004_1111_NULL_kitchen_LA,C_004,Konyha csatornat válni,"Konyhok, csótórát, várnél.",1.0
C_004_0001_vacuum_kitchen_OAL,C_004,Porszívót ki konyha,Porszívot ki konyám!,0.6666666666666666
C_004_0010_window_smallroom_LAO,C_004,Kisszoba bezárni a nap ablakokat,"Kis szopa, te szárél ha nap a blokótat.",1.4
C_004_0001_vacuum_bathroom_OAL,C_004,Porszivo ki fürdőszob,Borsziból ki 4 cső szúbát.,1.3333333333333333
C_004_1111_NULL_room_LA,C_004,Szoban csatornát válni,"Szóban, játott 8 nincs.",1.3333333333333333
C_004_NULL_toaster_kitchen_OL,C_004,Piritos konyhában,"Péritos, konyhában!",1.0
C_004_0001_curtain_room_LAO,C_004,Szoba felhúz függöny,Szopa fel úzböggönyen.,1.0
C_004_0001_door_bathroom_LAO,C_004,Fürdőszoban nyit ajton,"Förtös opal, mit a idón.",1.6666666666666667
C_004_0001_curtain_livingroom_LAO,C_004,Nagyszoban felhuz függöny,nap szoban fel az ökönnyen.,1.6666666666666667
C_004_0010_curtain_kitchen_LAO,C_004,Konyhába húz be a függönyt,Konyhába húz be a völgön.,0.2
C_004_NULL_fan_smallroom_LO,C_004,Kisszoban telendilátor,kis szopane fel lendilától.,2.0
C_005_0010_computer_room_AOL,C_005,Kapcsold be a számítógép et a szobában,kapcsolt be a számítók képget a szovában.,0.5714285714285714
C_005_0010_radio_room_AOL,C_005,Kapcsold be a rádiót a szobában,kapcsolatban a rádiót a szobában.,0.5
C_005_0010_door_livingroom_AOL,C_005,Zárd be a ajtót a nagyszobában ,Zsárt be a fő a ajtót a nagy szobában.,0.8333333333333334
C_005_1000_shutter_room_AOL,C_005,Húzd fel a redőnyöket a szobában,hogy fel a reddőnyelket a szomában.,0.5
C_005_0010_stove_kitchen_LAO,C_005,A konyhában kapcsold be a gázt,a konyhában kapcsolj be a kázt.,0.5
C_005_1000_electricity_smallroom_LAO,C_005,A kisszobában kapcsold fel a lámpát,a kis szopában kapcsolta fel a plántát.,0.8333333333333334
C_005_0001_window_room_LAO,C_005,A szobában kinyitjuk a a ablakot,a szobában kinyítsuk a vlogot.,0.6666666666666666
C_005_0100_electricity_livingroom_AOL,C_005,Kapcsold le a villanyt a nagyszobában,kapcsolat a villany a nagy szobában.,0.8333333333333334
C_005_1111_radio_kitchen_AOL,C_005,Kapcsold át a rádiót a konyhában,kapcsolat át a rádiót a konyhában.,0.3333333333333333
C_005_0010_fan_room_AOL,C_005,Kapcsold be a ventillátort a szobában,kapsolt be a ventellátort a szubából.,0.5
C_005_0001_window_livingroom_AOL,C_005,Kinyityuk a ablakot a nagyszobában,kénétjük a blakot a nagy szobában.,0.8
C_005_1000_TV_smallroom_AOL,C_005,Hangosídd fel a tévét a kisszobában,hangosít fel a tévét a kis szobában.,0.5
C_006_0001_curtain_smallroom_AOL,C_006,Húzd szét a függönyt a kisszobában,Húzzét a függent a kis szabában.,0.8333333333333334
C_006_0010_vacuum_livingroom_AOL,C_006,Kapcsold be a porszívót a nagyszobában,kapcsol be a porzsivóta megy szabában.,0.6666666666666666
C_006_0100_shutter_room_LAO,C_006,A szobában húzd le a redőnyt,A szobában újra redent.,0.6666666666666666
C_006_1000_TV_livingroom_AOL,C_006,Vedd feljebb a televíziót a nagyszobában,"Vett pegyett a televízió, a tanács szobában.",0.8333333333333334
C_006_0010_curtain_smallroom_AOL,C_006,Húzd be a függönyt a kisszobában,"Húr bár figyelj, hogy kisra bárban.",1.0
C_006_0100_dishwasher_kitchen_LAO,C_006,A konyhában kapcsold be a mosogatógépet,"A konyhában kapcsolj be, amúgy rakatog egy pet.",1.0
C_006_1000_heating_smallroom_LAO,C_006,A kisszobában húzd fel a radiátort,A kis sobából húz fel a rövődéákat.,0.6666666666666666
C_006_0001_vacuum_room_LAO,C_006,A szobában kapcsold ki a porszívót,A szobában kapcsolat képp horszívok.,0.6666666666666666
C_006_0001_curtain_livingroom_AOL,C_006,Húzd szét a függönyt a nagyszobában,húrcét a függönt a meccrobában.,0.6666666666666666
C_006_1000_heating_bathroom_LAO,C_006,Fürdőszobában húzd fel a radiátort,Füttesabbabban hoz felerózja a szórt.,0.8
C_006_1000_shutter_room_LAO,C_006,A szobában hihúsz fel a redőnyt,A sobában hívóz felregen.,0.8333333333333334
C_006_0100_electricity_bathroom_LAO,C_006,A fürdőszobában kapcsold le a villanyt,a Fütösöbbabán kaptott a villányt.,0.8333333333333334
C_006_0001_heating_kitchen_LAO,C_006,A konyhában kapcsold ki a radiátort,a kolynában kapcsolatkozott kezleti átokt.,1.0
C_006_0001_curtain_bathroom_LAO,C_006,A fürdőszobábn húzd szét a függönyt,a field-sabábán új set-ofiggyönt.,1.0
C_006_0100_shutter_corridor_AOL,C_006,Húzd le a redőnyt a folyosón,Húz láradjunk a folyosom.,0.8333333333333334
C_006_0001_computer_room_LAO,C_006,A szobában kapcsold ki a számítógépet,a szobában kapcsolatki a számítógépet.,0.6666666666666666
C_006_1000_electricity_livingroom_LAO,C_006,A nagyszobában kapcsold fel a villanyt,A nácsobában kaptott fel a villányt.,0.5
C_006_0001_fan_smallroom_AOL,C_006,Kapcsold ki a ventillárot a kisszobában,"kapcsolat kia, ventenátot a kis sábából.",1.0
C_006_0010_heating_livingroom_AOL,C_006,Kapcsold be a radiátort a nagyszobában,"kapcsolatbá, radiátort, nasztobábán.",1.0
C_006_0001_curtain_smallroom_LAO,C_006,A kisszöbában húzd szét a függönyt,akit szabában húl szét a figyelmet.,0.6666666666666666
C_006_0100_heating_kitchen_LAO,C_006,A konyhában húzd le a radiátort,A konyhában oldal rádi a tag.,0.5
C_006_0100_heating_bathroom_LAO,C_006,A fürdőszobában húzd le a radiátort,"a földesobában úgy lelre, de játszott.",1.0
C_006_0001_heating_livingroom_LAO,C_006,A nagyszobában kapcsold ki a radiátort,a nice-robában kapcsolat kér az értiátok.,1.0
C_006_0001_window_corridor_LAO,C_006,A folyosón nyisd ki az ablakot,a folyoson nincs kell bablakott.,1.0
C_006_0100_electricity_bathroom_AOL,C_006,Kapcsold le a villanyt a fürdőszobában,kapszon láj villanita földesz a bármán.,0.8333333333333334
C_006_0001_washingmaschine_bathroom_LAO,C_006,A fürdőszobábana kapcsold be a mosást harminc fokon,a füldösobában kapcsol be a mosart harmig sokra.,0.75
C_006_1000_shutter_kitchen_LAO,C_006,A konyhában húzd fel a redőnyt,a koinkában húz kvára lehet.,1.0
C_007_0010_door_livingroom_AOL,C_007,Zárd be az ajtót a nagyszobában,Zsák be az altót a nostalbából.,0.5
C_007_0001_curtain_kitchen_LAO,C_007,A konyhában húzd szét a függönyt,A konjába húszíth a fűgönt.,0.6666666666666666
C_007_0010_toaster_kitchen_LAO,C_007,A konyhába kapcold be a pirítósz,a konyhába kaptunk be a pirítős.,0.5
C_007_1111_radio_kitchen_ALO,C_007,Vál csatornát a konyhában a rádión,fátja tulajd a konyhában a lálium.,0.5
C_007_0010_curtain_bathroom_LAO,C_007,A fürdőszobába húzd be a függönyt,A függőzőbából húzba a függőző.,0.6666666666666666
C_007_0100_heating_smallroom_AOL,C_007,Húzd le ladiátort a kisszobában,utl le a loriátot a kicsőbában.,0.8
C_007_0001_heating_corridor_LAO,C_007,A folyoszon kapcsold ki a radiátort,a fújóson kapcsolj ki a radiátort.,0.6666666666666666
C_007_1000_shutter_bathroom_LAO,C_007,A fürdőszobába húzd fel a redőnyt,"a földöszúbába, húz fel a lelőnt.",0.6666666666666666
C_007_0010_washingmaschine_kitchen_AOL,C_007,Kapcsold be a mo mosógépet a konyhában hatvan fokon,"kapcsolat a mosoképet a konyában, a hátvan fokor.",0.8888888888888888
C_007_1000_heating_livingroom_LAO,C_007,A nagyszobában húzd fel a iladitátort,a naszobában húsz fel a laliátort.,0.6666666666666666
C_007_0100_TV_livingroom_LAO,C_007,A nagyszobában halkítsd a tévét,a Nossobábán halkított évet.,1.0
C_007_0001_heating_room_LAO,C_007,A szobába kapcsold ki a radiátort,a szobában kapcsolni a zádiátort.,0.8333333333333334
C_007_0001_door_bathroom_AOL,C_007,Nyiszd ki az ajtót a fürdőszobába,Nizki az atót a füldőcsrobában.,0.6666666666666666
C_007_1000_electricity_corridor_AOL,C_007,Kapcsold fel a villanyt a folyosón,kaptosztj fel a vilán a főjósó.,0.5
C_007_0010_window_smallroom_AOL,C_007,Zárd be az ablakot a kisszubában,"azok rájpé az a blokot, az kiszi várpont.",1.1666666666666667
C_007_0010_window_livingroom_LAO,C_007,A nagyszobában zárd be a ablakot,Azt most szóbából szed be a blokot.,0.8333333333333334
C_007_0001_heating_livingroom_AOL,C_007,Kapcsold ki a radiátort a nagyszobában,kapcsolsi aláliátot a nosszabbában.,0.8333333333333334
C_007_0001_fan_livingroom_AOL,C_007,Kapcsold ki a ventillátort a nagyszobában,kaptos ki a pendéláltot a Nosszobában.,0.5
C_007_1000_electricity_bathroom_AOL,C_007,Kapcsold föl a villanyt a fürdőszobában,kaptolt epőd a vilany a füldósobában.,0.6666666666666666
C_007_1000_TV_livingroom_AOL,C_007,Hangosíd a tévét a nagyszobában,"Hongkukit, a TV-t, a Nosszú babam.",0.8
C_007_0001_door_kitchen_AOL,C_007,Nyisd k iaz ajtot a konyhában,niski az adott a konyhában.,0.8333333333333334
C_007_1000_heating_smallroom_AOL,C_007,Húzd fel a radiátort a kisszobában,20 fel a liádot a kisítszóbában.,0.5
C_007_0100_electricity_corridor_AOL,C_007,Kapcsold le a villanyt a folyosón,kaptam le a világyat fújózó.,0.6666666666666666
C_007_0001_window_livingroom_AOL,C_007,Nyisd ki a a ablakot a nagyszobában,Niski a blakot a sovábom.,0.7142857142857143
C_007_0010_computer_smallroom_LAO,C_007,A kisszobában kapcsold be a számítógépet,a kiszióbából kaptuk be a számítóképet.,0.6666666666666666
C_007_0100_electricity_bathroom_AOL,C_007,Kapcsold be a villanyt a fürdőszobába,"kaptó bett, a vilán, a csúzsó bármám.",0.8333333333333334
C_007_0010_window_bathroom_LAO,C_007,A fürdőszobában zárd be az ablakot,"A sütősőbából, zár a belőz a blokot.",1.0
C_008_1000_electricity_livingroom_AOL,C_008,Kapcsold fel a villanyt a nagyszobában,"kácsot, pár a víran, a nácsomában.",0.6666666666666666
C_008_1111_TV_livingroom_ALO,C_008,Válts csatornát a nagyszobában a tévén,Zvázzatónát a nagyszombában a kébén.,0.6666666666666666
C_008_1000_TV_smallroom_AOL,C_008,Angosítsd fel a tévét a kisszobában,"Angol síz, per a tíreit a kíszombában.",0.8333333333333334
C_008_0001_heating_kitchen_LAO,C_008,Konyhában kapcsold ki a radiátor,Környhámban kallott ki a da déd átort.,1.0
C_008_0001_curtain_corridor_AOL,C_008,Húzd szét a függöny a folyosón,"Ó, szétáppal gond, a följ alszónk!",1.0
C_008_0010_dishwasher_kitchen_LAO,C_008,A konyhában kapcsold be a mosogatógépet,"Akkor nyávan kapi szól, mert most sok galtó képet.",1.5
C_008_0010_heating_kitchen_AOL,C_008,Kapcsold be a anitátor a konyhában,Kapzorbe a tanirátor a konyhában!,0.6666666666666666
C_008_0100_heating_livingroom_ALO,C_008,Úzd lejjebb a nagyszobában a radirátor,"Ó, de nem, ahogy tömáma. Én adírától.",1.1666666666666667
C_008_0010_washingmaschine_bathroom_LOA,C_008,Fürdőszobában kapcsold be a mosógépet haszvan fokon,"Pöldöszombában kapcsolj fel, Morsom képet azban vokon.",1.0
C_008_0001_computer_room_LAO,C_008,A szobádon kikapcsolom szeámítógépet,A szombánydor kikapzordom az elmétogépet.,1.0
C_008_0010_fan_bathroom_LAO,C_008,A fürdőszobában kapcold be a ventilátor,A földöszomáman kapszol be a vettén ánton.,0.6666666666666666
C_008_0010_curtain_bathroom_AOL,C_008,Húzd be a függönyt a fürdőszobában,"Hó, mell a fünkőt a furtoson, bambon!",0.8333333333333334
C_008_0001_vacuum_bathroom_LAO,C_008,A fürdőszobában kapcsold ki a porszívót,A vördöszöm várman kapcsók ki a porcépot.,0.6666666666666666
C_008_0001_curtain_kitchen_AOL,C_008,Húzd szét a függönyöket a konyhában,"Ó, szétan, függönjök el a konyhámban!",0.8333333333333334
C_008_1000_heating_room_AOL,C_008,Húzd feljebb a radidátort a szobában,"Ó, szpelyen, bán, a nandidát, talszal szombánban!",1.0
C_008_0010_curtain_livingroom_LAO,C_008,A nagyszobában húzd be a függöny,A nájtomában kórhúz mell van gond.,0.8333333333333334
C_008_1000_TV_livingroom_LAO,C_008,A nagyszobában angosítsd fel a tévét,A nagyszomámban angószís fél a tébét.,0.6666666666666666
C_008_0100_electricity_smallroom_AOL,C_008,Kapcsold le a villanyt ké kisszobában,"Kapszor ne, amirány kérkési szól bármól.",1.0
C_008_0010_NULL_livingroom_AL,C_008,Kapcsold be a nagyszobában,Kapjól me a nació már van.,1.25
C_008_0001_curtain_kitchen_LAO,C_008,A konyhában húzd két a függöny,A konyhában hóz két a bündgön.,0.3333333333333333
C_008_1000_electricity_kitchen_AOL,C_008,Katvold fel a villanyt a konyhában,"Kársba az pedag, végig az kárskoinkámban.",1.0
C_008_0010_computer_livingroom_ALO,C_008,Kapcsold be a nagyszobában a számítógépet,Csak csolv me a nagyszomában a számítógéped.,0.8333333333333334
C_008_0010_curtain_bathroom_LAO,C_008,A fürdőszobában húz be a függönyt,A főző szörmában úgyző bármúgygőnc.,0.8333333333333334
C_008_0100_heating_room_LAO,C_008,A szobában hőzd lejjebb a radidátor,"az szomámban, húz eljel van a nézáltóz.",1.0
C_008_0010_vacuum_bathroom_AOL,C_008,Kapcsold be a porszívót a fürdőszobában,"A pár színtbár tanpa, de szóval bármán.",1.1666666666666667
C_008_0010_radio_livingroom_AOL,C_008,Kapcsold be a rádiód a nagyszobában,"Kaptjon be a ládi oldal, dartsó bánban!",0.8333333333333334
C_008_0010_curtain_smallroom_LAO,C_008,A kisszobában húz be a függönyt,A készombában hóz vevön gönyt.,0.8333333333333334
C_008_0010_heating_corridor_LAO,C_008,A folyojot kapcsold be a radidátort,A fozorjot kapcsoljt be a néni zártot.,0.6666666666666666
C_009_1000_shutter_bathroom_AOL,C_009,Huzd fel a redönyt fürdőszobaban,"Úgy föl a rednőn, hogy főd a szababban.",1.4
C_009_0010_fan_bathroom_AOL,C_009,Kapcsold be a ventillatort a fürdőszobaban,"A csodál van, tényleg.",1.0
C_009_1000_electricity_livingroom_AOL,C_009,Kapcsold fel a villanyt a nagyszobaban,"kapcsolatban, nem tudná szávó volt.",1.0
C_009_0100_electricity_smallroom_AOL,C_009,Kapcsold le a villant a kisszobaban,"Aztudod, hogy én amikor ki szabályam.",1.0
C_009_0100_electricity_corridor_AOL,C_009,Kapcsold le a villant a folyosón,kapcsolatban eltálltunk.,1.0
C_009_0010_window_bathroom_LAO,C_009,A fürdőszobaban zárd be az ablakot,"A föltozsába van zállt, bár tárbalkan.",0.8333333333333334
C_009_0010_window_smallroom_LAO,C_009,A kisszobaban zárd az ablakot,"Akkor szababban, záromtosabb akartok.",1.0
C_009_0010_window_kitchen_AOL,C_009,Zárd be az ablakot a konyhában,Hát bizább akartok a nyába.,0.8333333333333334
C_009_0010_window_corridor_AOL,C_009,Zárd be az ablakot a folyosón,az adbágyzábbak a felyeson.,0.6666666666666666
C_009_0100_shutter_smallroom_AOL,C_009,Huzd le a redönyt a kisszobaban,Bújt lágadnunk a készabában.,0.8333333333333334
C_009_0010_radio_room_AOL,C_009,Kapcsold a rádet a szobaban,"kaptam darályt, a csapapapam.",0.8
C_009_0100_electricity_room_LAO,C_009,A szobaban kapcsold le a villanyt,"Azt a baban kaptunk, hogy nem félont.",1.1666666666666667
C_009_1000_TV_room_LAO,C_009,A szobába hangosítsd fel a tévét,Aztán babam ugye süssel a tevet.,0.8333333333333334
C_009_0001_computer_smallroom_LAO,C_009,A kisszobában kapcsold ki a zámítógépet,"Akkor is szával baromkapszolj, a zsámi töképet.",1.0
C_010_0010_fan_room_LAO,C_010,A szobában kapcsold be a ventilátort,"A szóval van kocsó, beöntjük.",0.8333333333333334
C_010_0001_computer_smallroom_LAO,C_010,A kisszobába kapcsold ki a számítógépet,"Aki ezt a várom kaptott, kia szántok.",1.1666666666666667
C_010_0001_curtain_corridor_LAO,C_010,A folyosón húzd szét a függönyt,a puja srácok húzsáta figyeljünk.,1.0
C_010_0010_curtain_bathroom_AOL,C_010,Húzd be a függönyt a füldőszobába,"Húthabb, gondolj után.",1.0
C_010_0010_window_bathroom_LAO,C_010,A fürdőszobában zárd be az ablakot,"A hüttőt, a bármuntállizm.",0.8333333333333334
C_010_0001_radiator_room_AOL,C_010,Kapcsold ki a radiátort a szobába,Kacsok el a rájátot azokával.,0.8333333333333334
C_010_0010_fan_kitchen_LAO,C_010,A konyhába kapcsold be a ventilátort,a konyhával kacsobb belzendelhet.,1.0
C_010_1000_electricity_corridor_AOL,C_010,Kapcsold fel a villanyt a folyosón,"Kaptam a szávílete, hogy érjön.",0.8333333333333334
C_010_0001_curtain_kitchen_AOL,C_010,Húzd szét a függönyt a konyhába,húzzét a hüggöntek a lámát.,0.6666666666666666
C_010_0010_window_corridor_AOL,C_010,Zárd be az ablakot a folyosón,"Zállj, hogy az oldal.",0.8333333333333334
C_010_1000_radiator_livingroom_AOL,C_010, Húzd fel a radiátort a nagycobába,"Kusza, rá, mi a totális van.",1.0
C_010_0100_electricity_bathroom_LAO,C_010,A füldőszobában kapcsold le a villanyt,"A hűtösz a vállal, kaptam, lábjul.",0.8333333333333334
C_010_0010_door_room_AOL,C_010,Zárd be az ajtót a szobába,Szervezett a szolvába.,0.8333333333333334
C_010_0100_radiator_livingroom_AOL,C_010,Húzd le a radiátort a nagycobába,"Kudarod, játottal nácsodál.",1.0
C_010_0100_electricity_kitchen_LAO,C_010,A konyhában kapcsold le a villanyt,A konyhában kultúrulom illan.,0.6666666666666666
C_010_0010_toaster_kitchen_OAL,C_010,A kenyérpirítót kapcsold be a konyhába,"Kérni, hogy tudjuk ott kacson, ne konjában.",1.1666666666666667
C_010_0010_curtain_corridor_LAO,C_010,A folyosón húzd be a fügönyt,A folyasdson húzva higyét.,0.8333333333333334
C_010_0010_vacuum_livingroom_AOL,C_010,Kapcsold be a porszívót a nagycobába,Kaptam a porcigutárt a vávon.,0.6666666666666666
C_010_0010_door_kitchen_AOL,C_010,Zárd be az ajtót a konyhában,"Záj be, záj, tudod, tudod, konyába.",1.0
C_010_0010_window_room_LAO,C_010,A szobában zárd be az ablakot,A szavágon zárgázzam magot.,0.8333333333333334
C_010_0001_vacuum_livingroom_AOL,C_010,Kapcsold ki a porszívót a nagycobába,"kaktunk ki a porcimodránc, a bármát.",0.5
C_010_1111_radio_corridor_AOL,C_010,Válts csatornát a rádión a folyosón,"Válcsatulnát a rádiút, a kólyosan.",0.6666666666666666
C_010_0010_radiator_bathroom_AOL,C_010,Kapcsold be a radiátort a fühldőszobába,"Kaptam belőle, hogy játottam itt a szóval.",1.0
C_010_0100_radiator_room_AOL,C_010,Húzd le a radiátort a szobába,"Húz a rádiát, hogy a szabában.",0.8333333333333334
C_010_0100_radiator_bathroom_AOL,C_010,Húzd le a radiátort a fühldőszobába,"De játottam, firtös a város.",0.8333333333333334
C_010_1000_electricity_kitchen_AOL,C_010,Kapcsold fel a villanyt a konyhában,"Kacsoldtál, vírnál, te konyávon.",1.0
C_010_0010_curtain_room_AOL,C_010,Húzd be a függönyt a szobában,"Púzdva, figyeljünk just a bávo.",0.8333333333333334
C_010_1000_shutter_corridor_LAO,C_010,A folyosón húzd fel a ledőnyöket,A purocsón után előre jelen.,0.8333333333333334
C_011_1000_electricity_kitchen_AOL,C_011,Kapcsold fel a villanyt a konyhába,Kavcsolt fel a villanyt a konyhába.,0.3333333333333333
C_011_1111_TV_smallroom_AOL,C_011,Csatornát váltson a tévében a kisszobában,Csatornát vágcon a tv-ben a kiszobában.,0.5
C_011_0001_fan_livingroom_AOL,C_011,Kapcsold ki a ventilátort a nagyszobába,kapcsolt ki a ventillátort majd szobába.,0.6666666666666666
C_011_0001_fan_smallroom_AOL,C_011,Kapcsold ki a ventilátört a kisszobába,kapcsolt ki a ventilátóért a kiszobába.,0.5
C_011_0001_door_room_LAO,C_011,A szobába nyisd ki az ajtót,A szobába nyíst ki az ajtót.,0.3333333333333333
C_011_1000_TV_corridor_AOL,C_011,Hangosítsd fel a tévét a folyosóba,"Hongoshijt, fair attevet, affolyosor var.",1.0
C_011_0010_curtain_bathroom_AOL,C_011,Húzd be a függönyt a fürdőszobába,"húzd, be a függönt, a füldő szobába.",0.6666666666666666
C_011_0001_TV_room_AOL,C_011,Hangosítsd ki a tévét a szobába,Hangosizt ki a tevet a szobába.,0.5
C_011_0100_TV_livingroom_LAO,C_011,A nagyszobában hangosítsd le a tévét,A nagy szobában hangosítsd le a tévét.,0.5
C_011_1000_shutter_corridor_AOL,C_011,Húzd fel a redőnyt a folyosóra,hózt fél a redönt a folyó sóra.,0.8333333333333334
C_011_0100_shutter_room_LAO,C_011,A szobába engedd le a redőnyt,A szobában enged le a redönt.,0.5
C_011_0100_shutter_bathroom_AOL,C_011,Húzd le a redőnyt a fürdőszobába,húzd le a redönt a fürdő szobába.,0.6666666666666666
C_011_0010_door_bathroom_AOL,C_011,Zárd ki az ajtót a fürdőszobába,Záld ki az ajtót a füldő szobába.,0.5
C_011_0100_shutter_kitchen_AOL,C_011,Húzd le a redőnyt a konyhába,húzd le a redőnyt a konyhába.,0.3333333333333333
C_011_0001_oven_kitchen_LAO,C_011,A konyhában kapcsold ki a sütőt,A konyhában kapcsolat ki a sütőt.,0.3333333333333333
C_011_0100_electricity_bathroom_AOL,C_011,Kapcsold le a villanyt a fürdőszobában,kapcsód le a villaint a firdő szobával.,0.6666666666666666
C_011_0100_electricity_smallroom_AOL,C_011,Kapcsold le a villanyt a kisszobába,kapcsolj le a villajnt a kiszobába.,0.5
C_013_1000_corridor_electricity_LAO,C_013,A folyosóban kapcsold fel a villanyt,Vajon sokban kaptsod fel a villányt.,0.6666666666666666
C_013_0001_bathroom_washingmachine_LAO,C_013,A fürdőszobában kapcsold be a mosógépet harminc fokon,"a fürdő szobában kapcsolta, be a mazsolgépett, ahagy minthogy fogok.",1.0
C_013_0001_livingroom_curtain_AOL,C_013,Húzd szét a függönyt a nagyszobában,hús szét a függőint a nagyszobában.,0.5
C_013_0010_smallroom_curtain_AOL,C_013,Húzd be a függönyt a kisszobában,Húst be a függöint a fisszobában.,0.5
C_013_0001_corridor_fan_AOL,C_013,Kapcsold ki a ventilátort a folyosóban,kapcsolat kiaventilától tapogyosóban.,1.0
C_013_0100_bathroom_radiator_LAO,C_013,Fürdőszobában vedd lejjebb a radiátort,Jürgdő szobában vejjebb a radiátort.,0.8
C_013_0010_smallroom_window_LAO,C_013,Kisszobában zárjuk be az ablakot,és szobában szárjunk be az ablakot.,0.8
C_013_1111_bathroom_TV_AOL,C_013,Váltsd csatornát a tévén a fürdőszobába,Vágyd satornát a TV-n a földöszobában.,0.6666666666666666
C_013_0010_room_curtain_LAO,C_013,Szobában húzd be a függönyt,szobában húzd be a függöinte.,0.4
C_013_0001_livingroom_fan_AOL,C_013,Kapcsold ki a ventilátort a nagyszobában ,kapcsód ki a ventilátort a nagyszobában.,0.3333333333333333
C_013_0001_kitchen_radiator_LAO,C_013,Konyhában kapcsold ki a a radiátort,konyhában kapcsolatja radiátor.,1.0
C_013_1111_room_TV_AOL,C_013,Váltsd csatornát a tévén a szobába,"Válj, hogy satornát a tervénös szobában.",1.0
C_013_0001_livingroom_curtain_LAO,C_013,Nagyszobában húzd szét a függönyt,nagyszerűen a nagyszerűen a nagyszerűen a nagyszerűen a nagyszerűen a nagyszerűen a nagyszerűen a nagyszerűen a nagyszerűen a nagyszerűen a nagyszerűen a nagyszerűen a nagyszerűen a nagyszerűen a nagyszerűen a nagyszerűen a nagyszerűen a nagyszerűen a nagyszerűen a nagyszerűen a nagyszerűen a nagyszerűen a nagyszerűen a nagyszerűen a nagyszerűen a nagyszerűen a nagyszerűen a nagyszerűen a nagyszerűen a nagyszerűen a nagyszerűen a nagyszerűen a nagyszerűen a nagyszerűen a nagyszerűen a nagyszerűen a nagyszerűen a nagyszerűen a nagyszerűen a nagyszerűen a nagyszerűen a nagyszerűen a nagyszerűen a nagyszerűen a nagyszerűen a nagyszerűen a nagyszerűen a nagyszerűen a nagyszerűen a nagyszerűen a nagyszerűen a nagyszerűen a nagyszerűen a nagyszerűen a nagyszerűen a nagyszerűen a nagyszerűen a nagyszerűen a nagyszerűen a nagyszerűen a nagyszerűen a nagyszerűen a nagyszerűen a nagyszerűen a nagyszerűen a nagyszerűen a nagyszerűen a nagyszerűen a nagyszerűen a nagyszerűen a nagyszerűen a nagyszerűen a nagyszerűen a nagyszerűen a,29.4
C_013_0100_livingroom_radiator_LAO,C_013,Nagyszobában vedd lejjebb a radiátort,nagy szobában vett lejjába radiátort.,1.0
C_013_0010_smallroom_computer_AOL,C_013,Kapcsold be a számítógépet a kisszobában,"kapcsolj be, a számítógépert a kis szobában.",0.8333333333333334
C_013_0001_livingroom_computer_AOL,C_013,Kapcsold ki a számítógépet a nagyszobában,kapcsoljt ki a számítógépet a nagyszobában.,0.3333333333333333
C_013_0010_room_curtain_AOL,C_013,Húzd be a függönyt a szobában,A húst be a függőint a szobárban.,0.6666666666666666
C_013_0001_livingroom_vacuum_LAO,C_013,Nagyszobában kapcsold ki a porszívót,Nagy szobában kapcsolat kia porcívót.,1.0
C_013_0001_room_curtain_LAO,C_013,Szobában húzd szét a függönyt,szobában húzd szét a függöny.,0.4
C_013_0001_kitchen_fan_LAO,C_013,A konyhában kapcsold ki a ventilátort,konyhában kapcsolat kiaventi látartak.,0.8333333333333334
C_013_0010_room_radio_LAO,C_013,Szobában kapcsold be a rádiót,szobában kapcsód be a rádiót.,0.6
C_013_0001_room_radio_AOL,C_013,Kapcsold ki a rádiót a szobában,kapcsolt ki a rádiót a szobában.,0.3333333333333333
C_013_0101_NULL_NULL_A,C_013,Tárcsázd a fiamat,Terteszt a fiamat.,0.6666666666666666
C_013_1000_room_radiator_LAO,C_013,Szobában húzd fel a radiátort,szobában húzt fel a hadijától.,0.6
C_013_0100_smallroom_radiator_LAO,C_013,Kisszobában vedd lejjebb a radiátort,"Tisszobában vebleje, radiatort.",1.0
C_013_1111_corridor_TV_AOL,C_013,Váltsd csatornát a tévén a folyo folyosóba,Vágy satornát a tévéne. A szóval.,0.8571428571428571
C_013_1000_smallroom_shutter_LAO,C_013,Kisszobában húzd fel a redőnyt,kiszobában húzt fel a redőnyt.,0.6
C_013_1000_livingroom_shutter_AOL,C_013,Húzd fel a redőnyt a nagyszobában,húzd fel a redőinte a nagy szobában.,0.6666666666666666
C_014_1000_electricity_smallroom_LAO,C_014,Kisszobába kapcsold fel a villanyt,"Kisztem, bármokat csorcsót várja.",1.0
C_014_0001_heating_livingroom_AOL,C_014,Kapcsold ki a hőmérsékletet a nagyszobába,"Kaptjunk el a mérséget, hogy itt a mászomában.",1.0
C_014_0001_fan_smallroom_LAO,C_014,Kisszobába kapcsold ki a ventilátorokat,kis szobába kapcsolatni a ventilátor.,0.8
C_014_1000_TV_smallroom_AOL,C_014,Hangosítsd fel a tévét a kisszobába,"A mozsítson a TV-t, ki szabábba.",0.8333333333333334
C_014_0010_fan_room_LAO,C_014,A szobába kapcsold be a ventilátorokat,Szobából kapcsolva a ventilát.,0.8333333333333334
C_014_0010_toaster_kitchen_LAO,C_014,A konyhába kapcsold be a pirítógépet,Akkor nyávok abcsónba perjét vagyok.,1.0
C_014_0010_vacuum_smallroom_AOL,C_014,Kapcsold be a porszívót a kisszobába,kapcsolva porcival takisszolában.,1.0
C_014_0001_door_corridor_LAO,C_014,Folyosón nyisd ki az ajtót,"folyosan nincs jelen, zájtott.",1.0
C_014_0100_electricity_kitchen_LAO,C_014,Konyhába kapcsold le a villanyt,Konyhával kaptam el a külön.,0.8
C_014_0001_door_smallroom_LAO,C_014,Kisszobába nyisd ki a ajtót,Kiszó be van isti a ajtó.,1.0
C_014_0001_vacuum_corridor_AOL,C_014,Kapcsold ki a porszívót a folyosón,"Hát, hogy ját. Porsz jön, hogy a folyosok.",1.1666666666666667
C_014_0010_vacuum_room_AOL,C_014,Kapcsold be a porszívót a szobába,"Hát, hogy bárkborsz jól teszem rá, ma.",1.1666666666666667
C_014_0010_window_kitchen_LAO,C_014,Konyhába zárd be az ablakot,"Konyhába, zájba, zábra, konyhába.",1.0
C_014_0010_heating_room_LOA,C_014,Szoba hőmérsékletét kapcsold be,szubonyi érség adékot csorlát.,1.0
C_014_0001_washingmachine_bathroom_AOXL,C_014,Kapcsold be a mosógépet harminc fok fölötti hőmérséklet esetén a fürdőszobába,"kapcsolj be a sorgépet, 30 szakfőtti hőméseket esetni. Firdő szabába.",0.8181818181818182
C_014_0001_computer_livingroom_AOL,C_014,Kapcsold ki a számítógépet a nagyszobába,"Kaptam ki a számi, hogy tudjunk, hogy pedig lehet szóval.",1.3333333333333333
C_014_0001_vacuum_kitchen_AOL,C_014,Kapcsold ki a porszívót a konyhába,kapcsolatki a porc jól terkonyhába.,0.8333333333333334
C_014_0010_radio_smallroom_LAO,C_014,Kisszobába kapcsold be a rádiót,Kis szobába kakcsoljban állni a...,1.0
C_014_0001_window_kitchen_AOL,C_014,Nyisd ki az ablakot a konyhába,"Nincs kezőbb, hogy akar konyhába.",1.0
C_014_0100_heating_smallroom_AOL,C_014,Kapcsold le a hőmérsékletet a kisszobába,"Kaptur da a nézsgődre, kiszó bármó.",0.8333333333333334
C_014_0001_computer_livingroom_LAO,C_014,Nagyszobába kapcsold ki a számítógépet,Nagyon szobába kapcsolatja számított.,1.0
C_014_0001_oven_kitchen_AOL,C_014,Kapcsold ki a sütőt a konyhába,"Kapcsolatja, csütjön, konyhába.",1.0
C_014_1000_heating_kitchen_ALO,C_014,Kapcsold fel a konyhába a hőmérsékletet,"kapcsolat fel a konyáva, hogy mi eségeted?",0.8333333333333334
C_015_0010_computer_smallroom_LOAX,C_015,A kisszobai számítógépet kapcsold be légy szíves,A kisztóba izámi túlgébet kapcsolva réci lesz.,0.8571428571428571
C_015_0001_computer_smallroom_AXLO,C_015,Kapcsold ki légy szíves a kisszobai számítógépet,Kakcsolód kérjé szíves a kiszóban is számítógépet.,0.8571428571428571
C_015_0010_curtain_smallroom_ALO,C_015,Húzd be a kisszobai függönyt,Úgy bárki szabály fűködni.,1.0
C_015_1111_dishwasher_kitchen_LAXO,C_015,A konyhában kapcsold már be légy szíves a mosogatógépet,A konyhában kapcsolj már belétszéves a mosokatók.,0.5555555555555556
C_015_0001_oven_kitchen_AOL,C_015,Kapcsold ki a sütőt a konyhában,Kockcsold ki a sütőző pogyhában.,0.6666666666666666
C_015_0100_heating_smallroom_LOA,C_015,Kisszoba fűtését öö vegyük már lejjebb,Kiszabafültését begyük már eljebb.,0.8333333333333334
C_015_0001_window_bathroom_ALOX,C_015,Nyisd ki a fürdőszoba ablakot légy szíves,"Nisgye a füldőzőbábla, pokyájtunk el is.",0.8571428571428571
C_015_0001_vacuumcleaner_kitchen_ALO,C_015,Kapcsold ki a konyhai porszívót,Kockcsók ki a konyhaj porsi volt.,0.8
C_015_0010_vacuumcleaner_corridor_ALO,C_015,Kapcsold be a folyosón a porszívót,"Kaptam, hogy te a főjőső nap osti volt.",1.1666666666666667
C_015_0100_TV_room_LAO,C_015,A szobában halkítsd le a tévét,Szebálban hallgunk is lehetődébbét.,1.0
C_015_0010_vacuumcleaner_bathroom_LAO_II,C_015,A fürdőszobában kapcsold ki a porszívót,a főtő szabályban kapcsolatki a korszí volt.,1.0
C_015_0001_door_kitchen_ALO,C_015,Nyisd ki a konyha ajtót,Nysz ki a konyhálytút.,0.6
C_015_1000_radiator_corridor_AOL,C_015,Vedd föl a radiátort a folyosón,Vét felvadjátott a folyosól.,0.8333333333333334
C_015_0010_computer_room_LAO,C_015,Szobában kapcsold be a számítógépet,A szobában kapcsolatban számítógépet.,1.0
C_015_0010_fan_livingroom_ALO,C_015,Kapcsold be a nagyszobai ventilátort,Kocsódban a szobai ventirátort.,0.8
C_015_0001_vacuumcleaner_kitchen_LA,C_015,A konyhát kiporszívóznád,A konyhányi porszébóz ráad.,1.0
C_015_0010_door_livingroom_LOA,C_015,A nagyszoba ajtót zárd már be,"Látszok, hogy bajtunk rád már be.",0.8333333333333334
C_015_1111_TV_kitchen_LAO,C_015,A konyhába váltsunk csatornát a tévén,A konyhába válcunk csatornált a tévén.,0.5
C_015_0100_electricity_smallroom_AOL,C_015,Kapcsold le a villanyt a kisszobában,Kocktól le a világ is szabában.,0.6666666666666666
C_015_0010_curtain_room_ALO,C_015,Húzd be a szobai függönyt,"Húzba szobáj, függent.",1.0
C_015_0010_window_corridor_LOAX,C_015,Folyosó ablakát csukd be légy szíves,Fajósó ablakát csináljuk beléjtszire.,0.8333333333333334
C_015_0010_computer_room_LOA,C_015,Szobai számítógépet bekapcsolnád,szobai számítógépek be koppcsolnád.,1.3333333333333333
C_015_0010_radiator_kitchen_ALO,C_015,Kapcsold be a konyhai fűtést,Kockcsót be a konyhályi fűtést.,0.6
C_015_1000_shutter_kitchen_ALO,C_015,Húzd föl a konyhai redőnyt,Úgy fel a konyháját önt.,0.8
C_015_0001_vacuumcleaner_livingroom_LAX,C_015,A nagyszobában fejezd be légy szíves a porszívózást,"A nagyszerbában, fejezben így szíves a polszípózást.",0.625
C_015_0001_washingmachine_kitchen_AXOL,C_015,Harminc fokon indítsd már el légy szíves a mosógépet a konyhába,"30 fokon indíts már el légy, hogy a mosóképet a konyába.",0.5454545454545454
C_015_0010_window_kitchen_ALOX,C_015,Zárd be a konyha ablakot légy szíves,Zálda a konyhablakot éjtszíves.,0.8571428571428571
C_015_0001_door_corridor_LOAX,C_015,Folyosó ajtót nyisd ki légy szíves,"Fújusú ajtót, nyiškirítsz ide esze.",1.0
C_015_0001_window_smallroom_ALO,C_015,Nyisd ki a kisszoba ablakát,Nézz ki a kis szubból blokált.,0.8
C_015_0001_window_corridor_LAO,C_015,A folyosón nyisd ki az ablakot,A folyoson is kérdább lapát.,0.8333333333333334
C_015_0100_shutter_bathroom_ALOX,C_015,Húzd le a fürdőszobai redőnyt légy szíves,Múzzal fődő szopai redöntélytíves.,1.0
C_015_0001_door_corridor_ALO,C_015,Nyisd ki a folyosó ajtaját,"Nincs ki a fősőjt, hogy tejed.",0.8
C_016_0100_shutter_kitchen_LAO_II,C_016,Konyhába húzd le a redőnyt,Konyháva húzva előnt.,1.0
C_016_0001_heating_kitchen_LAO,C_016,Konyhában kapcsold ki a fűtést,Konyhávon kaptad ki a fűtést.,0.6
C_016_1000_heating_smallroom_LAO,C_016,Kisszobába kapcsold fel a fűtést,"kiszága, hogy sosem hűtést.",1.0
C_016_0010_fan_bathroom_ALO,C_016,Kapcsold be a fürdőszobába a ventilátort,Kaptam a függes rávalamát játott.,0.8333333333333334
C_016_0001_vacuum_bathroom_AOL,C_016,Kapcsold ki a porszívót a fürdőszobába,kopszett ki a posziót az a fűző,0.6666666666666666
C_016_1000_TV_livingroom_AOL,C_016,Hangosítsd föl a tévét a nagyszobába,"Hong Kong-us is föl a TV-et, nem csaló.",1.0
C_016_0010_radio_livingroom_AOL,C_016,Kapcsold be a rádiót a nagyszobába,Kaptad be a rádi az nácszoló.,0.6666666666666666
C_016_0001_door_corridor_LAO,C_016,A folyosón nyisd ki a ajtót,Egy kis érkező.,1.0
C_016_0001_fan_corridor_AOL,C_016,Kapcsold ki a ventilátort a folyosón,kopszörgyelent játszol főzőm.,1.0
C_016_0001_shutter_corridor_LAO,C_016,Folyosón húzd szét a redőnyt,Azt vajövőséget edent.,1.0
C_016_0001_computer_livingroom_LAO,C_016,Nagyszobába kapcsold ki a számítógépet,"Netsz a kockácsat, köszönöm, hogy előtt.",1.2
C_016_0001_door_bathroom_AOL,C_016,Nyisd ki az ajtót a fürdőszobába,Nisgy kérdett a fűző szababba.,1.0
C_016_1111_NULL_kitchen_AL,C_016,Válts csatornát a konyhában,Várcsádonát konyheva.,1.0
C_016_0100_shutter_corridor_LAO,C_016,Folyosón húzd le a redőnyt,"Köszönöm, guzzáért.",1.0
C_016_0001_window_kitchen_AOL,C_016,Nyisd ki az ablakot a konyhába,"Nincs kezd el, bárkodok, olyan három.",1.0
C_016_0010_computer_room_AOL,C_016,Kapcsold be a számítógépet a szobába,"Kosszul be a számomra, hogy ez a szabában.",0.8333333333333334
C_016_0001_computer_livingroom_AOL,C_016,Kapcsold ki a számítógépet a nagyszobába,A főttet ki a számomra gyerünk az első levet.,1.1666666666666667
C_016_0010_curtain_kitchen_AOL,C_016,Húzd be a függönyt a konyhába,"Fúzva, függé, te konyhával.",1.0
C_016_1111_TV_livingroom_LAO,C_016,Nagyszobában válts tévé csatornát,"Nincs szóval, várjátok, hogy tűnik, hogy tűnik.",1.75
C_016_1111_TV_room_AOL,C_016,Válts csatornát a tévén a szobában,"Akkor vársd el neveti, én.",1.0
C_016_0100_TV_smallroom_LAO,C_016,Kisszobában halkítsd le a tévét,"Kisza, hagyi időt.",1.0
C_016_0100_TV_room_LAO,C_016,Szobában halkítsd le a tévét,Szóval mi a hárkézletet.,0.8
C_016_1000_shutter_corridor_AOL,C_016,Húzd fel a redőnyt a folyosón,"Húszállj, nem távíg főzöm.",1.0
C_016_0001_door_smallroom_LAO,C_016,Kisszobába nyisd ki az ajtót,és szabályonyoské legyen.,1.0
C_016_0001_window_smallroom_AOL,C_016,Nyisd ki az ablakot a kisszobába,"Nincs kezdobog, lagisztóval.",1.0
C_016_0001_fan_livingroom_ALO,C_016,Kapcsold ki a nagyszobába a ventilátort,Kaptad ki a necsevában telt.,0.6666666666666666
C_016_0001_curtain_room_AOL,C_016,Húzd szét a függönyt a szobába,Húst érte a függent a szabában.,0.6666666666666666
C_016_1000_heating_kitchen_LAO,C_016,Konyhába kapcsold fel a fűtést,Konyem a kosztor felvítésd.,1.0
C_016_0001_radio_livingroom_LAO,C_016,Nagyszobába kapcsold ki a rádiót,Nesze akartatkozász!,1.0
C_017_0001_oven_kitchen_LAO,C_017,A konyhába kapcsold ki a sütőt,A konnyhába kapcsolat kiosítőt.,0.8333333333333334
C_017_1111_NULL_kitchen_LA,C_017,Konyhába válts csatornát,"Konnyhába vágy, csatornát.",1.0
C_017_0001_door_corridor_LAO,C_017,A folyosón nyisd ki az ajtót,Főjös van nincs teszedet.,1.0
C_017_0001_computer_room_AOL,C_017,Kapcsold ki a számítógépet a szobába,"Kapcsolat kiasz, sámi törgépp, a továbbó.",0.8333333333333334
C_017_0100_electricity_livingroom_LAO,C_017,A nagyszobába kapcsold le a villanyt,A nekis szabávokat tudják vélni.,0.8333333333333334
C_017_1111_radio_kitchen_LAO,C_017,A konyhába váltsál csatornát a rádión,a Konnyhába vágycsa-ácsatornát a rádéval.,0.8333333333333334
C_017_0100_shutter_bathroom_LAO,C_017,Fürdőszobába húzd le a redőnyt,"Firdesz vabba, húz lenned?",1.0
C_017_1000_TV_kitchen_AOL,C_017,Hangosítsd fel a tévét a konyhába,Hánygorszítva a dévet a konnyába.,0.6666666666666666
C_017_0100_TV_bathroom_AOL,C_017,Halkítsd le a tévét a fürdőszobába,"Halkizát, TV-t a külsöszababól.",0.8333333333333334
C_017_0001_computer_smallroom_LAO,C_017,A kisszobába kapcsold ki a számítógépet,kisz szavába kapcsolatkoz a számítógépet.,0.8333333333333334
C_017_0010_kettle_kitchen_AOL,C_017,Kapcsold be a vízforralót a konyhába,"kapcsolatból, a visszforral, a konyhába.",0.6666666666666666
C_017_0001_window_bathroom_LAO,C_017,A fürdőszobába nyisd ki az ablakot,A füldes szobában is kezdve a rohot.,1.0
C_017_1000_TV_room_LAO,C_017,A szobába hangosítsd fel a tévét,Szerintem a srácokat.,0.8333333333333334
C_017_0010_radiator_corridor_LAO,C_017,A folyosón kapcsold be a radiátort,A folyoson kapsodből a diától.,0.6666666666666666
C_017_0010_computer_smallroom_LAO,C_017,A kisszobába kapcsold be a számítógépet,A kíszavába kaptott be a számító gépet.,0.6666666666666666
C_017_0010_fan_bathroom_AOL,C_017,Kapcsold be a ventilátorokat a fürdőszobába,"kapcsolva venti, látereket a fődőst ovába.",1.0
C_017_0100_TV_corridor_LAO_II,C_017,Folyosón halkítsd le a tévét,Fújra is van hál kis látévet.,1.2
C_017_0010_radio_livingroom_AOL,C_017,Kapcsold be a rádiót a nagyszobába,kapcsolatből rádi ott a nagyszorvába.,0.8333333333333334
C_017_0100_shutter_livingroom_LAO,C_017,A nagyszobába húzd le a redőnyt,"A neki szabályok, hogy látod.",0.8333333333333334
C_017_1000_electricity_room_AOL,C_017,Kapcsold föl a villanyt a szobába,kapt short fel a vilányt a szabából.,0.8333333333333334
C_017_0001_fan_livingroom_LAO,C_017,Nagyszobába kapcsold ki a ventilátorokat,"Nagyszer bárba kapcsolatok, hogy a venti látorokat.",1.2
C_017_1000_electricity_livingroom_LAO,C_017,A nagyszobába kapcsold fel a villanyt,"A nácszorbával kocsot, hogy felé leint.",0.8333333333333334
C_017_0010_vacuum_bathroom_LAO,C_017,A fürdőszobába kapcsold be a porszívót,Üdvesszük a vállmakam csodra a porcokot.,0.8333333333333334
C_017_0010_vacuum_kitchen_AOL,C_017,Kapcsold be a porszívót a konyhába,kapcsolatba a porszívot a konyhába.,0.6666666666666666
C_017_0001_computer_livingroom_AOL,C_017,Kapcsold ki a számítógépet a nagyszobába,kapcsolatka a számi togépet a nács szabába.,1.0
C_017_0100_TV_kitchen_AOL,C_017,Halkítsd le a tévét a konyhába,Halkizlát évet a konyhába.,0.8333333333333334
C_017_0001_fan_corridor_LAO,C_017,A folyosón kapcsold ki a ventilátorokat,A folyason kapcsolatja a ventiláltarokat.,0.6666666666666666
C_017_1000_TV_bathroom_LAO,C_017,Fürdőszobába hangosítsd fel a tévét,Fődő szobába hangos isten a tévét.,1.0
C_017_0001_curtain_room_LAO,C_017,Szobába húzd szét a függönyt,"A szlava húzt érte fel, gint.",1.2
C_017_0010_fan_smallroom_AOL,C_017,Kapcsold be a ventilátorokat a kisszobába,kapcsolatban a ventilátorokat a kisztafába.,0.5
C_017_0001_fan_room_AOL,C_017,Kapcsold ki a ventilátorokat a szobába,kapcsolatok a ventilátorokat a szobába.,0.5
C_018_0100_TV_smallroom_AOL,C_018,Vedd lejjebb a tévét a kisszobába,"Vennem, az éve cokit se vám.",1.0
C_018_0010_computer_livingroom_LAO,C_018,A nagyszobába kapcsold be a számítógép,"Nóit se válva kopt, hogy be, ha se mi dögök.",1.6666666666666667
C_018_0001_window_corridor_AOL,C_018,Nyisd ki az ablakot a folyosón,"Nincs kell, gondolom, hogy ne fogja.",1.0
C_018_0010_toaster_kitchen_LAO,C_018,A konyhába kapcsold be a pirítógépet,"A konyháma kapcsolat beapítsa, hogy be.",0.8333333333333334
C_018_0010_window_bathroom_LAO,C_018,Fürdőszobába zárd be az ablakot,Üdvöszön a zágnózavzokot.,1.0
C_018_0001_curtain_smallroom_LAO,C_018,Kisszobába húzd szét a függönyt,"Ki se várva, húst se jön.",1.2
C_018_0010_washingmachine_bathroom_LAO,C_018,A fürdőszobába kapcsold be a mosógépet állítsd hatvan fokra,"A függes semmi van, kocsor be a függes, a függes, a függes, a függes, a függes, a függes, a függes, a függes, a függes, a függes, a függes, a függes, a függes, a függes, a függes, a függes, a függes, a függes, a függes, a függes, a függes, a függes, a függes, a függes, a függes, a függes, a függes, a függes, a függes, a függes, a függes, a függes, a függes, a függes, a függes, a függes, a függes, a függes, a függes, a függes, a függes, a függes, a függes, a függes, a függes, a függes, a függes, a függes, a függes, a függes, a függes, a függes, a függes, a függes, a függes, a függes, a függes, a függes, a függes, a függes, a függes, a függes, a függes, a függes, a függes, a függes, a függes, a függes, a függes, a függes, a függes, a fü",16.333333333333332
C_018_0010_radio_room_OAL,C_018,A rádiót kapcsold be a szobába,"Az állni út, komcsolva szemállal.",1.0
C_018_0001_door_room_LAO,C_018,A szobában nyisd ki az ajtót,"A szemával ne is kérd el, hogy tudom.",1.1666666666666667
C_018_1000_shutter_bathroom_LAO,C_018,Fürdőszobába húzd fel a redőnyt,Fügyesz a babahúsz fel a reggelt.,0.8
C_018_0001_fan_corridor_LAO,C_018,Folyosón kapcsold ki a ventilátor ,"Puer se olyan kapcsolatok, amelyre átol.",1.2
C_018_0001_window_kitchen_LAO,C_018,Konyhába nyisd ki az ablakot,Konjábuniski oda blokor.,1.0
C_018_0010_radio_livingroom_LAO,C_018,A nagyszoba kapcsold be a rádiót,"Na, és semmi akarom csorban, hanem.",1.0
C_018_0100_radiator_livingroom_LAO,C_018,Nagyszobába vedd le a radiátort,"Naise baba, vele arra riátor!",1.0
C_018_0010_kettle_kitchen_AOL,C_018,Kapcsold be a vízforraló a konyhába,"Konszolút, hogy valószínűleg, hogy hagyom.",1.0
C_018_0001_toaster_kitchen_LAO,C_018,A konyhába kapcsold ki a pirítógépet,A konyhába kapcsol ki a pizsogében.,0.3333333333333333
C_018_0100_shutter_kitchen_AOL,C_018,És húzd le a redőnyt a konyhába,És húz le a legyőkonyhával.,0.5714285714285714
C_018_0001_washingmachine_kitchen_AOL,C_018,Kapcsold be a mosógépet állítsd harminc fokra a konyhába,"kapcsolom me a mosúgében, állis, hallni a pokra a konyába.",0.8888888888888888
C_018_0100_electricity_kitchen_LAO,C_018,A konyhába kapcsold le a  villanyt,Okonjából kapszördább érne.,1.0
C_018_0100_shutter_room_AOL,C_018,Húzd le a redőnyt a szobába,"Újz be az eddény, hogy szavába.",1.0
C_018_0001_fan_room_LAO,C_018,Szobába kapcsold ki a ventilátort,"Aztán a kis szabából kopt, hogy ki van törődött.",1.6
C_018_0100_shutter_livingroom_LAO,C_018,Nagyszobába húzd le a redőny,"Na, hogy se bárba húzja a leved.",1.2
C_018_1000_TV_kitchen_LAO,C_018,A konyhába vedd feljebb a tévét,A konyhámo lesz felyemot éve.,0.8333333333333334
C_018_0100_electricity_room_AOL,C_018,Kapcsold le a villanyt a szobába,"Kocsóna, vinajtusztok, vávok!",1.0
C_018_0010_fan_room_AOL,C_018,Kapcsold be a ventilátort szoba,koptul be a ventőváltul szúva.,0.6
C_018_0010_vacuum_kitchen_OAL,C_018,A porszívót kapcsold be a konyhába,A poszívos kocsóvákonába.,0.8333333333333334
C_018_0010_fan_bathroom_LAO,C_018,Fürdőszobába kapcsold be a ventilátort,"Üdülsebb abba kapcsolj, beöventül azon.",1.0
C_018_1000_electricity_corridor_LAO,C_018,Folyosón kapcsold fel a villany,"Pőjön, s van komfort, bármilyen.",1.0
C_018_0010_computer_smallroom_OAL,C_018,A számítógépet kapcsold be a kisszobába,A samizulnében komcsol beokítavával.,0.8333333333333334
C_020_0001_TV_corridor_AOL,C_020,Kapcsold ki a tévét a folyosón,"A különbözőség, hogy a különbözőség, hogy a különbözőség, hogy a különbözőség, hogy a különbözőség, hogy a különbözőség, hogy a különbözőség, hogy a különbözőség, hogy a különbözőség, hogy a különbözőség, hogy a különbözőség, hogy a különbözőség, hogy a különbözőség, hogy a különbözőség, hogy a különbözőség, hogy a különbözőség, hogy a különbözőség, hogy a különbözőség, hogy a különbözőség, hogy a különbözőség, hogy a különbözőség, hogy a különbözőség, hogy a különbözőség, hogy a különbözőség, hogy a különbözőség, hogy a különbözőség, hogy a különbözőség, hogy a különbözőség, hogy a különbözőség, hogy a különbözőség, hogy a különbözőség, hogy a különbözőség, hogy a különbözőség, hogy a különbözőség, hogy a különbözőség, hogy a különbözőség, hogy a különbözőség, hogy a különbözőség, hogy a különbözőség, hogy a különbözőség, hogy a külön",20.0
C_020_0010_heating_smallroom_LAO,C_020,A kiszzobámban ö kapcsold be a fűtés,ahis szavában kapcsolva a hűtést.,0.8571428571428571
C_020_0010_door_corridor_AOL,C_020,Zárd be az ajtót a szo a folyosón,Nendáva majd totálva.,1.0
C_020_0001_computer_livingroom_LAO,C_020,A nagyszobában kapcsold ki a számítógépet,hagyzobában kapcsolat kieszámító éppet.,1.0
C_020_0010_radio_room_AOL,C_020,Kapcsold be rádiót a szobában,Aki nem is.,1.0
C_020_0100_TV_bathroom_AOL,C_020,Csendesítsd a tévét a fürdőszobában,"Tudod, hogy a kis életet is van?",1.2
C_020_0010_vacuum_kitchen_OLA,C_020,Porszívót a konyhában kapcsold be,A porcig volt a konyhámban kapcsolva.,1.2
C_020_0001_vacuum_room_OLA,C_020,Porszívót a szobában is kapcsold ki,a borszívot a szobában is kapcsolat ki.,0.6666666666666666
C_020_0001_door_bathroom_LAO,C_020,A fürdőszobában nyisd ki az ajtót,és kibbeszolvában nincs ki a lehetót.,0.8333333333333334
C_020_0001_TV_room_AOL,C_020,Kapcsold ki a tévét a szobában,A kia TV-et a szobában.,0.8333333333333334
C_020_0100_electricity_room_AOL,C_020,Kapcsold be a villanyt a szobában,"abcsolg, hogy a világon a szobában.",0.6666666666666666
C_020_0001_vacuum_room_AOL,C_020,Kapcsold ki a porszívót a szobában,"kaptam, hogy járból szélt a szobában.",0.8333333333333334
C_020_0010_TV_room_AOL,C_020,Kapcsold be a tévét a szobában,Hoppcsolta a TV-t a szobában.,0.6666666666666666
C_020_0001_radio_kitchen_LAO,C_020,A konyhában kapcsold ki a rádiót,Akkor nyhább magad sod ki ráadja.,1.0
C_020_1000_shutter_kitchen_OLA,C_020,A redőnyt a konyhában és a függőfolyosó és a konyhában húzd fel,"A redényt a hóngyhában, és a hülygők vagy a hóngyhában húzz fel.",0.5833333333333334
C_020_0010_window_room_LAO,C_020,A szobában zárd be az ablakot,A szubában zább az abla volt.,0.8333333333333334
C_020_0100_electricity_corridor_AOL,C_020,Kapcsold le a villanyt a folyosón,Kapszsorlagják a folyason.,0.8333333333333334
C_020_0001_radio_smallroom_LAO,C_020,A kisszobában kapcsold ki a rádiót,Aki szabában kapcsolat kérdjük.,1.0
C_020_1111_TV_livingroom_LAO,C_020,A nagyszobában válts csatornát a tévén,"Azt szobába válsa, továbbében.",1.0
C_020_1111_TV_kitchen_AOL,C_020,Válts csatornát a tévén a konyhában,Válcs csatornát a tévén a konyhával.,0.3333333333333333
C_020_0100_TV_room_LAO,C_020,Szobában csendesítsd ki csendesítsd a tévét,szobában csendesítszik a tévét.,0.8333333333333334
C_020_0100_TV_smallroom_AOL,C_020,Csendesítsd a tévét a kisszobában,"Csendesítsa, kérje, hogy híszolvában.",1.0
C_020_0001_fan_smallroom_AOL,C_020,Kapcsold ö ki a ventilátort a kisszobában,kapcsolat ki a ventilátort a kiszavában.,0.42857142857142855
C_020_0001_washingmaschine_bathroom_AOL,C_020,Kapcsold be harminc fokon ö mosógépet a fürdőszobában,"Azt mondta, hogy ha a szóval a mosogépet a hölbe szolgálva.",1.25
C_020_1000_shutter_corridor_LAO,C_020,Folyosón húzd fel a redőnyt,A hújra is van a hújra.,1.0
C_020_0001_door_smallroom_LAO,C_020,A kisszobában nyisd ki az ajtót,"Piszta, lában is keződve.",1.0
C_020_0001_TV_smallroom_LAO,C_020,A kisszobában kapcsold ki a tévét,is szabályba kapcsolat kert érjét.,1.0
C_020_0010_door_kitchen_AOL,C_020,Konyhában zárd be a ajtót,"Já van, lát be a van.",0.8
C_020_0010_window_corridor_AOL,C_020,Zárd be az ablakot a folyosón,Nárnod a brakot a helyoson?,0.8333333333333334
C_021_0010_radio_bathroom_AOL,C_021,Kapcsold be a rádiót a fürdőszobában,"kapszott barádióta, férte szavában.",1.0
C_021_0010_vacuum_corridor_AOL,C_021,Kapcsold be a porszívót a folyosón,"A főtt volt, és a főtt volt.",1.0
C_021_0001_radio_room_LAO,C_021,A szobában kapcsold ki a rádiot,a szubában kapcsolot kiorádjunk.,1.0
C_021_1000_shutter_livingroom_LAO,C_021,A nagyszobában húzd föl a redőnyt,"A nevet felállva, amúgy felállítunk.",0.8333333333333334
C_021_0001_washingmaschine_bathroom_AOL,C_021,Kapcsold be harminc fokon a mosógépet a fürdőszobában,kaptja a bevarant fúkal a morsógépet a fődő szobával.,0.875
C_021_0100_TV_livingroom_AOL,C_021,Csendesítsd a tévét a nagyszobában,"De síti a TV-t, vagy tovább.",1.0
C_021_0001_curtain_kitchen_AOL,C_021,Húzd szét a függönyt a konyhában,"Úszé, te a figyelj nekik olyan nyával.",1.0
C_021_1000_TV_bathroom_LAO,C_021,A fürdőszobában hangosítsd a tévét,"A füldes szóval van, gondoljunk a TV.",1.0
C_021_1000_heating_room_AOL,C_021,Húzd fel a fűtést a szobában,Úzt fel a füterst el szolában.,0.6666666666666666
C_021_0100_TV_room_LAO,C_021,A szobában csendesítsd a tévé,A főbárban csendesít a télét.,0.6
C_021_0001_TV_kitchen_LAO,C_021,A konyhában kapcsold ki a tévét,a kormányában kaptóz ki a tervet.,0.6666666666666666
C_021_0001_vacuum_livingroom_LAO,C_021,A nagyszobában kapcsold ki a porszívót,A náj szobában kapcsolat kiapportző volt.,0.8333333333333334
C_021_0010_vacuum_kitchen_AOL,C_021,Kapcsold be a porszívót a konyhába,"Apsi, hogy való, szívo, akkor nyhez van.",1.1666666666666667
C_021_0010_window_bathroom_LAO,C_021,A fürdőszobába zárd be az ablakot,"A firtet szabában, szábral, a vakon.",0.8333333333333334
C_021_0001_TV_kitchen_AOL,C_021,Kapcsold ki a tévét a konyhában,"Kaptunk, kertévet akarják.",1.0
C_021_0100_electricity_livingroom_LAO,C_021,A nagyszobában kapcsold le a villanyt,A nátszolában kapcsolató lelvény.,0.8333333333333334
C_021_0010_curtain_livingroom_AOL,C_021,Húzd be a függönyt a nagyszobába,Úgy bárműgőint elnálisztol a lábán.,0.8333333333333334
C_021_1000_electricity_livingroom_LAO,C_021,A nagyszobában kapcsold fel a villanyt,"A nagyszerű abban, kaptja a felövédelé.",0.6666666666666666
C_021_1111_TV_corridor_LAO,C_021,A folyosón válts csatornát a tévén,"A fújra soha vagyok, hogy a tornát a tévé.",1.1666666666666667
C_021_0001_window_livingroom_LAO,C_021,A nagyszobába nyisd ki az ablakot,"Nem adsz a lában, is kevábbra kutatok.",1.1666666666666667
C_021_0001_fan_bathroom_AOL,C_021,Kapcsold ki a ventillátort a fürdőbe,"katsod kell menni, látod, a fültőben.",0.8333333333333334
C_021_1111_radio_livingroom_AOL,C_021,Válts csatornát a rádión a nagyszobába,Vágy sztutó nataradjon a tovább.,0.8333333333333334
C_021_0010_vacuum_smallroom_AOL,C_021,Kapcsold be a porszívót a kisszobába,"Azt mondom, hogy szívot aggisztol abban.",1.0
C_021_0001_washingmaschine_kitchen_LAO,C_021,A konyhában kapcsold be harminc fokon a mosógépe,A konyhában kapcsolj be 30-okon a mosógépe.,0.5
C_021_0100_electricity_room_LAO,C_021,A szobában kapcsold le a villanyt,"A főváron kopt volt, lehogyi lény.",0.8333333333333334
C_021_1000_TV_kitchen_AOL,C_021,Hangosítsd a tévét a konyhában,A borsíta a dévét a konyhával.,0.8
C_021_0010_fan_room_LAO,C_021,A szobában kapcsold be a ventilátort,a szubávon kapcsolatban téváltunk.,1.0
C_021_1000_electricity_smallroom_AOL,C_021,Kapcsold föl a villanyt a kisszobába,"Na, a főt, hogy a világ tagítsa vágva.",1.1666666666666667
C_021_0010_vacuum_kitchen_LAO,C_021,A konyhában kapcsold be a porszívót,"A konyhával, kaptott a fő széve.",0.8333333333333334
C_021_0001_door_livingroom_LAO,C_021,A nagyszobában nyisd ki az ajtót,Análytulában is kevőjtuk.,1.0
C_021_0001_heating_corridor_AOL,C_021,Kapcsold ki a fütést a folyoson,kapszat kiaffi tésztapolja srácok,1.0
C_021_1111_radio_corridor_LAO,C_021,A folyosón válts csatornát a rádión,A folyosulmács csatornált a rádján.,0.6666666666666666
C_021_0100_shutter_smallroom_LAO,C_021,A kisszobában húzd le a redőny,Akítsalában út loradény.,1.0
C_021_0001_radio_kitchen_AOL,C_021,Kapcsold ki a rádiot a konyhában,kaphcsót kiorádióta konjáva.,1.0
C_021_0010_heating_kitchen_LAO,C_021,A konyhában kapcsold be a fütést,a krinhában kockáltal be a fétés.,0.6666666666666666
C_022_0010_door_kitchen_AOL,C_022,Zárd be az ant a konyhában,"Lehet a látot, hogy hagyom.",1.0
C_022_1111_TV_smallroom_AOL,C_022,Válts csatornát a tévén a kisszobában,"Hát, nem tudod, hogy tévének is száva.",1.1666666666666667
C_022_1111_radio_room_AOL,C_022,Válts csatornát a rádión a szobában,"Vács, satorlát a rádiul a szóában.",0.6666666666666666
C_022_0001_door_kitchen_AOL,C_022,Nyisd ki ajtót a konyhában,"Nézd ki, hajtottak, hogy járnod.",1.0
C_022_0001_window_corridor_LAO,C_022,Folyosón nyisd ki az ablakot,Hogy a srácok is játszott.,1.0
C_022_0010_computer_smallroom_LAO,C_022,Kisszobában kapcsold be a számítógépet,kisztül akar is azban számítod.,1.0
C_022_1000_heating_bathroom_AOLL,C_022,Húzd fel a fűtést a konyhában vagy fürdőszobában,"Úgy szállod, hogy ő tészt a gonyával. Fősülös szállod.",1.0
C_022_0010_dishwasher_kitchen_LAO,C_022,Konyhába kapcsold be a mosogatógépet,kujával kapcsolat be a beszélgető éppet.,0.8
C_022_0001_TV_livingroom_AOL,C_022,Kapcsold ki a tévét a nagyszobában,A farts oldikát tingsz a vág szabályban.,1.0
C_022_0010_fan_kitchen_AOL,C_022,Kapcsold be a ventillátort a konyhában,"kapcsolatban, mert látott a gógyhelyen.",0.8333333333333334
C_022_0100_heating_smallroom_AOL,C_022,Húzd le a fűtést a kisszobába,"Húznak, itt is kiszaválló.",1.0
C_022_0010_vacuum_room_AOL,C_022,Kapcsold be a porszívót a szobában,"Kárcsodva, vorszívott szolában.",1.0
C_022_0010_curtain_smallroom_AOL,C_022,Húzd be a függönyt a kisszobába,"Úgy bármelyet, hogy itt akisszaválok.",1.0
C_022_0001_vacuum_livingroom_LAO,C_022,A nagyszobába kapcsold ki a porszívót,A nácszványok kapcsolatja a borszlígó.,0.6666666666666666
C_022_0001_heating_room_LAO,C_022,Szobá szobában kapcsold ki a fűtést,"Szóval, hogy amig nem tudok ki a fődésre.",1.0
C_022_0010_vacuum_corridor_AOL,C_022,Kapcsold be a porszívót a folyoson,"Csodálva, porcsi, vatafúj.",1.0
C_022_0001_window_livingroom_AOL,C_022,Nyisö nyisd ki az ablakom a nagyszobába,"Nincs kezett, abla molyt szedállat.",1.0
C_022_1000_TV_kitchen_AOL,C_022,Hangosítsd a tévén a konyhában,"A mohizt a TV-et, a konyhábor.",0.8
C_022_0100_shutter_kitchen_LAO,C_022,A konyhába húzd le a redőnyt,"Kujten van, hogy újzlátod itt.",1.0
C_022_0100_TV_room_AOL,C_022,Csendesítsd a tévét a szobában,"Szenve sziasított, tényleg, szóállal.",1.0
C_022_1000_heating_room_AOL,C_022,Húzd fel a fűdést a szobában,"A húsz talapű, de ez a szalám.",1.0
C_022_0010_door_corridor_AOL,C_022,Zárd az ajt a folyoson,"Názzal, szállt a fős.",0.8
C_022_0001_door_kitchen_LAO,C_022,Konyhába nyisd ki az ajtó,"A pohár van is, kivált.",1.0
C_022_0010_TV_bathroom_AOL,C_022,Kapcsuld a tévét a fürdőszavan,"Kocsi, lát, téved, füldöz, havan.",1.0
C_022_1000_TV_bathroom_LAO,C_022,Fürdőszobába hangosíd a tévét,Firdesz fel a hozzátérjét!,0.75
C_022_0100_electricity_room_AOL,C_022,Kapcsold le a villanyt a szobában,"Kaptam, hogy a davile.",0.8333333333333334
C_022_0001_curtain_room_AOL,C_022,Húz szét a függönyt a szobában,Kusztet a fűgőt szóával.,0.8333333333333334
C_022_0100_electricity_livingroom_AOL,C_022,Kapcsold le a villanyt a nagyszobában,"A csodzavízett, a csebában.",0.8333333333333334
C_022_0001_curtain_kitchen_AOL,C_022,Húzd szét a függönyt a konyhába,"Úszé, ah, mindenek olyan helye van.",1.0
C_022_0010_curtain_livingroom_LAO,C_022,A nagyszobába húzd be a függöny,A dászolában húzba hülté.,0.8333333333333334
C_022_1000_shutter_kitchen_AOL,C_022,Húzd a redőnyt a könyhában,Fúzsal azért a folytával.,0.8
C_022_1111_radio_kitchen_AOL,C_022,Válts csatornát a rádión a konyhában,A srácsatornát rádior konyhámat.,1.0
C_022_0100_electricity_kitchen_AOL,C_022,Kapcsold le a villanyt a konyhában,"A csodra vél ajta, hogy jármált.",1.0
C_023_0010_dishwasher_bathroom_AOL,C_023,Kapcsold be a mosogatógépet a fürdőszobában,"Kácsodd el, most voltó érte. Fildesszük a bármán.",1.1666666666666667
C_023_0010_door_bathroom_AOL,C_023,Zárd be az ajtót a fürdőszobában,"Szállj be, az állj tot a bűz, ezt a barom.",1.3333333333333333
C_023_0001_radio_room_LAO,C_023,Szobában kapcsold ki a rádiot,"Szóval, mam, kapcsolat, járjáljál.",1.0
C_023_0010_kettle_kitchen_LAO,C_023,A konyhában kapcsold be a vízforralót,"A konyhárban kapcsolj, de amit folygára?",0.8333333333333334
C_023_1000_shutter_bathroom_AOL,C_023,Húzd föl a redőnyt a fúrdőszobában,"Úgy föl a veszet, hogy a föl játszom a bánom.",1.1666666666666667
C_023_0001_computer_smallroom_LAO,C_023,A kisszobában kapcsold ki a zámítógépet,"Tisztam, abban kaptam, hogy keresztem, hogy értem.",1.1666666666666667
C_023_1000_shutter_kitchen_AOL,C_023,Húzd föl a redőnyt a konyhában,Úgy szól a rázet akonyában.,0.8333333333333334
C_023_0001_heating_livingroom_AOL,C_023,Kapcsold ki a fűtést a nagyszobában,Kapszott ki a kicsit is talált szabályban.,0.8333333333333334
C_023_1000_TV_smallroom_LAO,C_023,Kisszobában hangosítsd fel a telvíziót,"Viszont bármára, ahol sértsél, hát tele bizélyet.",1.4
C_023_0010_door_corridor_AOL,C_023,Zárd be az ajtót folyosón,"Tehát, de az alajtrot, hogy a srácok.",1.2
C_023_0010_window_room_LAO,C_023,Szobában zárd be az ablakot,"Szebábban, zájt az ablapot.",0.8
C_023_0100_heating_smallroom_LAO,C_023,Kisszobában kapcsold lejjebb a fűtést,"Kisztovában kapcsolj, vagy ebben, hogy te is.",1.4
C_023_0010_curtain_bathroom_AOL,C_023,Húzd be a függönyt a fürdőszobában,"Fújsz be, áll fűgőntel, fűzőszemába.",1.0
C_023_0010_window_bathroom_LAO,C_023,Fürdőszobaban zárd be az ablakot,"Füzészümbalmaz, ne edve zambalmaz.",1.0
C_023_0001_window_room_LAO,C_023,Szobában nyisd ki az ablakot,"Aztán, szobában, nincs sezobban.",1.0
C_023_0010_door_smallroom_AOL,C_023,Zárd be az ajtót kisszobában,"Az át, de van egy tot, ki szomában.",1.6
C_023_0010_heating_livingroom_AOL,C_023,Kapcsold be a fűtést a nagyszobában,"Kapszolj be a futist, a légy szalárom.",0.6666666666666666
C_023_0001_toaster_kitchen_LAO,C_023,A konyhában kapcsold ki a porítóst,Akkor nyávan kosszú a piirítos.,0.8333333333333334
C_023_0001_vacuum_livingroom_AOL,C_023,Hapcsold ki a porszívót a nagyszobában,"Hát, jól tudja, porcról tabácszomávam.",1.0
C_023_1000_electricity_livingroom_AOL,C_023,Kapcsold fel a villanyt a nagyszobában,"Kowskvács fel, ahol így látom, ahol csalávam.",1.1666666666666667
C_023_1000_shutter_room_AOL,C_023,Húzd föl a redőnyt a szobában,"Vúzt fel a helyzet, azt van bármán.",1.0
C_023_0010_washingmaschine_kitchen_AOL,C_023,Hatvan fokra állítsd be a mosógépet a konyhában,"Hát papokra állisban, most sok bébe ez a konyában.",1.0
C_023_1000_heating_room_LAO,C_023,Szobában kapcsold feljebb a fűtést,"Szobában kapcsolta, érben pültes.",0.8
C_023_0001_fan_room_LAO,C_023,Szobában kapcsold ki a ventillátort,"Szobában kapsod, fiamint jártod.",0.8
C_023_1111_TV_room_LAO,C_023,Szobában váltsál csatornát a televízióban,"Sobából van, sárcsával soha rá teszem a bizélyből.",1.4
C_023_0100_shutter_smallroom_AOL,C_023,Engedd le a redőnyt a kisszobában,"Henged le a látad, tök ki a szabába!",0.8333333333333334
C_023_0001_washingmaschine_bathroom_AOLAL,C_023,Kapcsold fel a mosógépet a fürdőszobában harminc fokra a fürdőszobában,"kapcsolat fel a macsolát, hogy énben a büldet sem áll van. Ha nem foglalka a büldet sem áll van.",1.5
C_023_0001_door_corridor_LAO,C_023,Folyosón nyisd ki az ajtot,"Pövesső, nincs ki az álljtort.",0.6
C_023_0001_door_kitchen_AOL,C_023,Nyisd ki az ajtót a konyhában,"Nézz ki a helyt, hogy valakor nyármám.",1.0
C_024_0010_radio_room_LAO,C_024,A szobába kapcsold be a rádiót,a szobában kapcsolj be a rádjúok.,0.6666666666666666
C_024_0100_TV_room_LAO,C_024,A szobában halkítsd a tévét,a szobában halkézsd rá téve.,0.8
C_024_0010_heating_livingroom_LAO,C_024,A nagyszobába kapcsold be a radiátor,a nagyszer bármak kapcsolom a radiátot.,0.8333333333333334
C_024_1000_electricity_kitchen_AOL,C_024,Kapcsold gel a villanyt a konyhában,kapszón fel a vilántakonyhában.,0.8333333333333334
C_024_0100_TV_kitchen_AOL,C_024,Halkítsuk a tévét a konyhában,hagygétsük a TV-et akkonyában.,0.8
C_024_0001_heating_livingroom_LAO,C_024,Nagyszobába kapcsold ki a radiátor,Látszabával kapcsolatja a rádiátot.,0.8
C_024_0001_heating_bathroom_AOL,C_024,Kapcsold ki a radiátort a fürdőszobába,kapszolta ki a radiátort a kültső szobába.,0.5
C_024_1000_TV_corridor_LAO,C_024,A folyosón hangosítsuk a tévét,a folyosan hágosítikat.,1.0
C_024_1000_heating_kitchen_LAO,C_024,A konyhába kapcs fel a fűtést,"a konyhába, kocsó, felapültés.",1.0
C_024_1000_TV_kitchen_AOL,C_024,Hangosítsuk a tévét a konyhában,hangosítjuk a szévet a honyhába.,0.6
C_024_0001_curtain_corridor_AOL,C_024,Húzd szét a függöny a folyoson,"Húst szét a figyelm, a főső.",0.5
C_024_0010_door_smallroom_AOL,C_024,Zárd be az ajtót a kisszobában,"Zsárk be az ajtót, akik szabálybat.",0.6666666666666666
C_024_0100_electricity_smallroom_ALO,C_024,Kapcsoljuk le a szobában a kisszobában a villanyt,kapszolt jukra a kis szabában a világban.,0.75
C_024_0010_vacuum_livingroom_AOL,C_024,Kapcsold be a porszívót a nagyszobába,"kapcsol be a posztimot, a csabába.",0.5
C_024_0001_window_kitchen_LAO,C_024,Konyhába nyisd ki az ablakot,"Van jába, nincs ki az abrakot.",0.8
C_024_0001_window_smallroom_LAO,C_024,A kisszobában nyisd ki az ablakot,A készen bárban is télsz a blákkot.,1.0
C_024_1000_TV_livingroom_LAO,C_024,Nagyszobába hangosítsuk a tévét,"Na szabából, hangos is tűködtél.",1.25
C_024_0001_fan_livingroom_LAO,C_024,Nagyszobába kapcsold ki a vnetillátort,Na szobába kapszott ki a feltélása.,0.8
C_024_0100_shutter_smallroom_LAO,C_024,A kisszobába húzd le a red,A kis szabályban hozta.,0.8333333333333334
C_024_0001_stove_kitchen_AOL,C_024,Kapcsold ki a sütőt a konyhába,"Rátcsót kély a sütőz, akkonyhában.",0.8333333333333334
C_024_0001_vacuum_room_LAO,C_024,A szobába kapcsold ki a porszívót,A szobába kapcsolásként a porszim.,0.5
C_024_0010_vacuum_room_AOL,C_024,Kapcsold be a porszívót a szobába,kapcsolatból szibota.,1.0
C_024_0100_electricity_bathroom_ALO,C_024,Kapcsoljuk le a folyosón a villanyt,"kapcójuk le, a fő szón a vilán.",0.8333333333333334
C_024_1111_radio_corridor_AOL,C_024,Válts csatornát a rádión a folyoson,Bársztott a látaládiút a folyasó.,0.6666666666666666
C_024_0010_vacuum_corridor_AOL,C_024,Kapcsold be a fürdör a porszívót a folyosón,"kapcsolat be a függes, a porcig volt, a folyoson.",0.625
C_024_0010_window_kitchen_LAO,C_024,A konyhába zárd be az ablakot,A pogyhával számítászat brakodt.,0.8333333333333334
C_024_0001_curtain_bathroom_AOL,C_024,Húzd szét a függönyt a fürdőszobába,"Kusztik a fülőny, a fülőső vállba.",0.8333333333333334
C_024_0010_heating_corridor_LAO,C_024,Folyosón kapcsold be a vagyiátort,Pajosan kapszol be a diátot.,0.6
C_024_0100_shutter_bathroom_LAO,C_024,A fürdőszobába húzd le a regöny,"A füldös szobába, húznál, ha képes.",0.8333333333333334
C_024_0010_curtain_kitchen_AOL,C_024,Húzd be a függöny a konyhában,"Kuszbál, függé, akar nyávás.",1.0
C_025_0010_door_room_LAO,C_025,A szobába zárd be az ajtot,A szomában zárd el zajtól.,0.6666666666666666
C_025_0001_heating_bathroom_AOL,C_025,Kapcsold ki a fűtést a fürdőszobába,"Kaptottak a pültés, a pültés szubában.",0.8333333333333334
C_025_0100_TV_corridor_LAO,C_025,Folyoson halkítsd le a tévét,"Vajon szó, ha kizsd el a témét.",1.2
C_025_0010_fan_smallroom_AOL,C_025,Kapcsold fel a ventillátort a kisszobába,"kapcsolta, bántiláltat, a kis szobába.",0.8333333333333334
C_025_0010_window_smallroom_AOL,C_025,Zárd be az ablakot a kisszobába,"Zálltám szablakot, a kis szobába.",1.0
C_025_1000_shutter_livingroom_LAO,C_025,Nagyszobába húzd fel a redőnyt,nagyszorvában húsz fel a redőny.,0.6
C_025_0010_toaster_kitchen_ALO,C_025,Kapcsold be a konyhába a kenyérpirítót,Kaptott be a konyhába a kenyér pirított.,0.5
C_025_1000_shutter_kitchen_AOL,C_025,Huzd fel a redonyt a konyhába,20 perr a redönt a konyhában.,0.6666666666666666
C_025_0001_window_smallroom_OAL,C_025,Az ablakot nyisd ki a kiszobába,Az ablakot nincs kell kiszobába.,0.6666666666666666
C_025_1000_electricity_bathroom_LAO,C_025,Fürdőszobába kapcsold fel a villany,Ütő szobárba kapcsoljuk be a világ.,1.0
C_025_1111_NULL_room_AL,C_025,Válts csatornát a szobába,"Bárcsat oldná, a szobában.",0.75
C_025_0010_vacuum_livingroom_LAO,C_025,Nagyszobába kapcsold be a porszívót,"Nácsomában kaptunk, de a poszívot.",0.8
C_025_0010_window_bathroom_AOL,C_025,Zárd be az ablakot a fürdőszobába,"Szálltás, jól van, hogy a videó szomában...",1.0
C_025_0010_fan_corridor_LAO,C_025,Folyoson kapcsold be a ventilátort,Ujoson kapcsolj be a ventilátot.,0.6
C_025_0001_door_corridor_LAO,C_025,Folyoson nyisd ki az ajtót,"Pajó, son, nyersi az ajtót.",0.8
C_025_0001_radio_livingroom_AOL,C_025,Kapcsold ki a radiót a nagyszobába,Kaptsobkerádióta nagy szobába.,1.0
C_025_0100_electricity_room_LAO,C_025,A szobába kapcsold le a villanyt,A szóval bakott volt el világy.,0.8333333333333334
C_025_0010_radio_livingroom_LAO,C_025,Nagyszobába kapcsold be a rádiot,"Nagyszerűen bármány kaptunk, beledről játjuk.",1.0
C_025_0010_curtain_room_LAO,C_025,Szobába húzd be a függöny,Szóval van húsba a függölt.,0.8
C_025_0010_door_livingroom_AOL,C_025,Zárd be az ajtót a nagyszobába,Zállj a zájtót a hátszóba a bab.,1.0
C_025_1000_TV_smallroom_AOL,C_025,Hangosítsd fel a tévét a kisszobába,A kis szobába.,1.0
C_025_0010_heating_smallroom_LAO,C_025,Kissszobába kapcsold be a fűtés,kiszomába kapcsolva a fűtést.,0.8
C_025_0010_dishwasher_kitchen_AOL,C_025,Kapcold be a mosogatógépet a konyhába,"A konyhába kapcsolj, de a másokatok gépet a konyhába.",1.1666666666666667
C_025_0001_radio_smallroom_AOL,C_025,Kapcsold ki a rádiót a kisszobába,Kaptott ki a rádiót a kiszobába.,0.3333333333333333
C_025_1000_electricity_room_AOL,C_025,Kapcsold fel a villany asz sz szobában,kaptú a felabílán a szobában.,0.8571428571428571
C_025_0010_fan_corridor_AOL,C_025,Kapcsold fel a ventilátort a folyoson,Kaptos a venti látot a folyószól.,0.8333333333333334
C_025_1000_TV_corridor_LAO,C_025,A folyoson hangosítsd fel a tévét,A folyoson hangos istvel a téved.,0.5
C_025_0001_door_smallroom_AOL,C_025,Nyisd ki az ajtót a kisszobába,"Nisztelzáltam, takissom, máma!",1.0
C_025_0010_computer_room_LAO,C_025,A szobába kapcsold be a számítógépet,A szobába kapcsol be a számítógéped.,0.3333333333333333
C_025_1000_shutter_smallroom_LAO,C_025,Kisszobába húzd fel a redőny,"Kiszvabába, húsz fel a redőn.",0.6
C_025_1111_TV_room_AOL,C_025,Válts csatornát a tévén a szobába,"Vássutod náv, a teben a szebából.",0.6666666666666666
C_025_1000_shutter_corridor_AOL,C_025,Huzd fel a redönyt a folyoson,Fúz fel a rádjónk a folyósón.,0.5
C_026_0100_heating_room_AOL,C_026,Lekapcsoljuk a fűtést a szobában,"Látok, ha tűnik a kintészt, aztán bármán.",1.2
C_026_0001_fan_livingroom_AOL,C_026,Kapcsold ki a ventillátor a nagyszobában,"Gondolk ki a vendénylát, a nőt, a bármán.",0.8333333333333334
C_026_0001_heating_livingroom_LAO,C_026,A nagycobában kapcsold ki a fűtést,Honnálottam már mindig a csontké a függést.,1.0
C_026_0001_door_corridor_LAO,C_026,A folyosón nyissuk ki az ajtó,A folyoson nyisunki az Antón.,0.6666666666666666
C_026_0100_electricity_smallroom_AOL,C_026,Kapcsold le a villant a kisszobában,"Kaptul le a millen, akirstum mármán.",0.6666666666666666
C_026_1111_TV_smallroom_AOL,C_026,Válts a tévén csatornát a kisszobában,Mert a témén csontunnán a kérszomáman.,0.6666666666666666
C_026_0001_window_smallroom_OAL,C_026,Az ablakon nyisd ki a kisszobában,"az omlókony nyiszt ki, a gyiszt van már a man.",1.5
C_026_0001_vacuum_smallroom_LAO,C_026,A kisszobában kapcsold ki a porszívót,A késő mamán kapcsol ki a posztímon.,0.6666666666666666
C_026_0010_fan_smallroom_LAO,C_026,A kisszobában kapcsold be a ventillátort,A kérszomában kacolt be a mentő látolt.,0.6666666666666666
C_026_0001_vacuum_corridor_AOL,C_026,Kapcsold ki a porszívót a folyosón,"Kaptunk ki a borsz, de búl a fősön.",0.8333333333333334
C_026_1111_radio_livingroom_LOA,C_026,A nagycobában a rádión válts csatornát,a nőztül márman arra győn meccsatulnán.,1.0
C_026_0010_window_kitchen_AOL,C_026,Zárd be az ablakot a konyhában,"Zsázz me az omlókul, omkonyáman.",0.8333333333333334
C_026_0100_electricity_room_AOL,C_026,Kapcsold le a villany a szobában,"Kaptul le, a millon az oma a munk!",1.0
C_026_1111_TV_room_AOL,C_026,Válts csatornát a tévén a szobában,"Mert, csendülnend, undíj min, azon már menn.",1.1666666666666667
C_026_0001_washingmaschine_kitchen_LOA,C_026,A konyhában a mosógépet harminc fokon kapcsold be,"a konyhában a mozsógépet, hallnány mintzvon konkapcsóan be.",0.75
C_026_0001_toaster_kitchen_AOL,C_026,Kapcsold ki a piritósütőt a konyhában,"kaptam a kint, a pénét, a sütün, a konnyerban.",1.1666666666666667
C_026_0001_curtain_livingroom_AOL,C_026,Huzzunk szén a függön a nagyszobában,Úrszunk szény a fűműen a zomáman.,0.6666666666666666
C_026_1000_electricity_room_LAO,C_026,A szobában kapcsold fel a villany,A szumáman kaptul mell a millen.,0.6666666666666666
C_026_0100_shutter_room_LAO,C_026,A szobában engedd le a redőnyt,"Aztán már a munkát, a különségek, a lennében.",1.1666666666666667
C_026_0010_vacuum_smallroom_LAO,C_026,A kisszobában kapcsold be a porszívót,A készen a mában kaptunk me a borszínvul.,1.0
C_026_0010_kettle_kitchen_AOL,C_026,Kapcsold be a vízmelegítőt a konyhában,"Kaptult mely a víz melegítült, okonjában.",0.8333333333333334
C_026_0010_door_livingroom_LAO,C_026,Nagyszobában zárjuk be az ajtón,"A nájtomában, az együtt megy, az az az az.",1.6
C_026_0010_window_room_AOL,C_026,Zárd be az ablakon a szobában,"Zsálld me a számlókunk, a szomáman.",0.8333333333333334
C_026_0010_window_livingroom_LOA,C_026,A nagycobában az ablakon csukd be,"a nájtőmájának, az ablóként, a zsóként mellett.",1.0
C_026_0100_heating_livingroom_AOL,C_026,Lekapcsoldjuk a fűtést a nagycobában,"Lekapcsoljuk a fűn, de az anástom elmond.",1.2
C_026_0010_window_bathroom_LAO,C_026,A fürdőszobában csunk be az ablakot,"A finőn zömmelman, Csúmé a lámán.",0.8333333333333334
C_026_1000_TV_room_AOL,C_026,Hangosítsd fel a tévét a szobában,"Amúgy szintem el, amit érjük a szomáman.",1.0
C_026_1000_electricity_smallroom_OAL,C_026,A villant kapcsold fel a kisszobában,"A millen kapcsolat fél, anki is szomáman.",1.0
C_026_0001_radio_corridor_AOL,C_026,Kapcsold ki a rádiót a folyosón,"Kaptunk ki a lányjunt, a főjősún.",0.5
C_026_0001_heating_bathroom_LAO,C_026,A fürdőszobában kapcsold ki a fűtész,A finnőre szóval már mindkopp csorjunk ki a finnődén.,1.0
C_026_1000_shutter_livingroom_LAO,C_026,A nagycobában húzd fel a redőny,A nájtom bármán most fel a lennőn.,0.6666666666666666
C_027_0001_radio_bathroom_OAL,C_027,A rádiót kapcsold ki a fűrdőszobába,a rádiót kapcsolj ki a Függel szobáma.,0.6666666666666666
C_027_0010_curtain_livingroom_ALO,C_027,Húzd be a nagyszobai függönyt,"Úgyzik, de a nájtszabály félkeint.",0.8
C_027_0010_heating_bathroom_AOL,C_027,Kapcsold be a fűtést a fürdőszobába,kapcsolj be a fűttést a földre szobában.,0.6666666666666666
C_027_0010_toaster_NULL_XOA,C_027,Tegyél be két kenyeret a pirítósba és kapcsold be,Tegyélbe képkenyeret a pirítósba és kapcsolatban.,0.6666666666666666
C_027_0010_curtain_bathroom_LOA,C_027,Fürdőszobai függönyt húzd be,"Füldösz a baj, hogy hogyhogy ez.",1.5
C_027_1111_TV_corridor_ALO,C_027,Válts csatornát a folyosón a tévén,"Vágy, csodó nartó fújósúno szévinok!",1.0
C_027_0001_vacuum_kitchen_LAO,C_027,A konyhába kapcsold ki a porszívót,a konyába kapcsolj ki a porszígot.,0.6666666666666666
C_027_0010_radio_bathroom_OLA,C_027,A rádiót a fürdőszobába kapcsold be,a rádióta füldő szomába kapcsoljt be.,1.0
C_027_0001_stove_kitchen_LOA,C_027,Konyhába gáztűzhelyet kapcsold ki,"Konyhaba, gásztus egyet kopp csort ki.",1.5
C_027_0010_waschingmaschine_kitchen_ALO,C_027,Hatvan most ki a ruhákat amiket odakészítettem a konyhába a mosógépbe,"60 fokon most ki a ruhákat, amiket odakészítettem a konyába a mosógépben.",0.45454545454545453
C_027_0001_curtain_corridor_LOA,C_027,A folyosói függönyt húzd szét,"A folyosóif, függönythúst szét.",0.8
C_027_0100_shutter_livingroom_LOA,C_027,Nagyszobai redúnyt engedd le,A nagy szubai redőint enged le.,1.5
C_027_0010_radio_smallroom_LAO,C_027,A kisszobába kapcsold be a rádiót,a kis szobába kapcsolj be a rádiót.,0.8333333333333334
C_027_0010_vacuum_room_LAO,C_027,A szobába kapcsold be a porszívót,A szobába kapcsolj be a porszébon.,0.3333333333333333
C_027_1111_TV_livingroom_ALO,C_027,Legyen valami más a nagyszobába a tévén,Legyem valami más a nagy szubábalt tévén.,0.5714285714285714
C_027_0001_stove_kitchen_LAO,C_027,A konyhába kapcsold ki a gáztűzhelyet,a konyábal kapcsoljt ki a gáztus helyet.,0.8333333333333334
C_027_0001_window_bathroom_AOL,C_027,Nyisd ki az ablakot a fürdőszobába,Nisztia zablakot a firdeszobába.,0.8333333333333334
C_027_0010_radio_kitchen_LAO,C_027,A konyhába kapcsold be a rádiót,a konyába kapcsolj be a rádiót.,0.6666666666666666
C_027_1111_radio_corridor_LOA,C_027,A folyosói rádión váltsál csatornát,a Fujosói Rádión vátsácsatonnak.,1.0
C_027_1000_TV_smallroom_LAO,C_027,A kisszobába hangosítsd fel a tévét,a kiszóbába hangosics fel a tévét.,0.6666666666666666
C_027_0010_door_corridor_LAO,C_027,Folyosón zárd be az ajtót,folyasó az át be az ajtót.,0.8
C_027_0010_computer_room_ALO,C_027,Kapcsold be a szobába a számítógépet,kapcsolj be a szobába a számítógép.,0.3333333333333333
C_027_1111_TV_corridor_LOA,C_027,A folyosón lévő tévén váltsál csatornát,a fúlyosún lévő tévében vált sátsaton át.,1.0
C_027_0001_washingmaschine_NULL_OA,C_027,Most ki azokat a ruhákat a mosógéppel amit odakészítettem harminc fokra állítsd be,"Most ki azokat a ruhákat a mosogéppel, amit oda készítettem. 30 fokráállíts be.",0.46153846153846156
C_027_0010_window_room_LAO,C_027,A szobába zárd be az ablakot,a szobába záld be az abbakot.,0.5
C_027_0001_fan_room_LAO,C_027,A szobába kapcsold ki a ventillátorokat,A szobába kapcsolj ki a menti látórokat.,0.5
C_027_1000_heating_smallroom_ALO,C_027,Nyomd fel a kisszobába a fűtést,Nyom fel a kis szobában a fűtést.,0.6666666666666666
C_027_0010_computer_livingroom_LOA,C_027,A nagyszobába a számítógépet kapcsold be,A nagyszobába a számítógépet kapcsolj be.,0.3333333333333333
C_027_0001_curtain_bathroom_AOL,C_027,Húzd szét a függönyt a fürdőszobába,"húszét a függt, nem a függd, és a bárma.",1.1666666666666667
C_027_0001_radio_smallroom_OAL,C_027,A rádiót kapcsold ki a kisszobába,a rádiót kapcsolj ki a kiszobában.,0.5
C_027_0010_heating_corridor_LAO,C_027,A folyosón kapcsold be a fűtést,A furjasson kapcsolj be a fűttés.,0.5
C_027_0010_curtain_smallroom_LOA,C_027,A kisszobai függönyt húzd be,"A kis szobályi figyeld, hogy húzd de.",1.0
C_028_0010_fan_room_OAL,C_028,A ventillátort kapcsold be a szobába.,A bendélától rosszód be a szobában.,0.5
C_028_0010_fan_livingroom_LAO,C_028,A nagycobában kapcsold be a ventillátort.,A nártobámbra kapjúbérvente látok.,0.8333333333333334
C_028_0001_curtain_kitchen_LAO,C_028,Konyhában húzd tét a függönyt.,"Konebbi, húst, tét, a fűködt.",0.8
C_028_1000_TV_room_AOL,C_028,Hangosítál tévét a szobában.,Csak úgy kusodzátejvek a trobából.,1.0
C_028_0001_radio_corridor_AOL,C_028,Kapcsold ki a rádió a folyosón.,A turkik adásd el a főőrszón.,0.8333333333333334
C_028_0001_heating_room_LAO,C_028,A szobába kapcsold ki a fűtés.,A Trobando Gapszlacki a fügyes.,0.6666666666666666
C_028_0001_heating_livingroom_LAO,C_028,A nagytabába kapcsold ki a fűtést.,A lota vába korszolgik a függé.,0.6666666666666666
C_028_1111_radio_bathroom_AOL,C_028,Válcs csatornát a rádión a fürdőszobában.,"Fajt, totónát, aldáderen, a függöszöbbem van.",1.0
C_028_0001_vacuum_room_LAO,C_028,A szobában kapcsold ki a porszívót.,"Szerintem, hogy a kaptalát így opor cegy volt.",1.3333333333333333
C_028_0010_fan_smallroom_LAO,C_028,Kisszobába kapcsold be a ventillátort.,"Kítsávábán, rajtott bármum, vende le a trót.",1.2
C_028_1000_heating_bathroom_LAO,C_028,Fürdőszobába húzd fel a fűtés.,"Völdös, guában, hútt bár alföldes.",1.0
C_028_1000_shutter_kitchen_AOL,C_028,Húzd fel a lollót a konyhában.,"Húst fel a lólót, konyában.",0.6666666666666666
C_028_0001_heating_livingroom_AOL,C_028,Kapcsold ki a fűtőt a nagycobában.,Kaptal ki a fügyet a natobarban.,0.5
C_028_1000_heating_livingroom_AOL,C_028,Húzd fel a fűtést a nagycobában.,"Húzz bár a függéz, a nácsóbármunt.",0.6666666666666666
C_028_0010_heating_corridor_AOL,C_028,Kapcsold be a fűtést a folyosón.,Gaptam a bárs vültést a főérszón.,0.8333333333333334
C_028_0001_fan_smallroom_LAO,C_028,Kisszobámban kapcsold ki a ventillátort.,"Kisobámban, kropőt ki a mendélyet ad.",0.8
C_028_0100_electricity_corridor_AOL,C_028,Kapcsold le a villant a folyosón.,Kaptal lel vele a fölőszor.,0.8333333333333334
C_028_0010_vacuum_livingroom_LAO,C_028,A naccobában kapcsold be a porszívót.,Análtal bárban kaptunk vele a portéboz.,0.8333333333333334
C_028_0001_radio_room_LAO,C_028,A szobában kapcsold ki a rádiót.,A továból kaptol ki a radiól.,0.5
C_028_0010_computer_kitchen_OAL,C_028,A számítógépet kapcsold be a konyhán.,A tánést a géphez kaptó be a gran.,0.8333333333333334
C_028_0001_window_smallroom_AOL,C_028,Nyicsiki az ablakot a kiszobába.,Nincs ki az ablakot a kísérpában.,0.6
C_028_0100_heating_corridor_LAO,C_028,A folyosón húzd le a fűtés.,"A folyasztra, ó, láfodj.",0.8333333333333334
C_028_0001_window_kitchen_AOL,C_028,Nyisd ki az ablakot a konyhában.,"Mi szkérd a blökkor, ha konyháppal?",1.0
C_028_1000_heating_corridor_LAO,C_028,A folyosón húzd fel a fűtés.,ha folyósold hoft fel a süddeis.,0.6666666666666666
C_028_0010_washing machine_kitchen_LAO,C_028,A konyhában kapcsold be hatvan fokon a mosógépet.,"A konyában köszöltve hölts van fúkon, a múlzolképpel.",0.75
C_028_0100_shutter_kitchen_LAO,C_028,A konyhában engedd le a redőnt.,A konában engem le oda dönt.,0.6666666666666666
C_028_0001_vacuum_corridor_AOL,C_028,Kapcsold ki a porszívót a fölyösón.,kapták ki a boardtábor a furószor.,0.5
C_028_0001_stove_kitchen_LAO,C_028,A konyhába kapcsold ki a tűzhelye.,"A konéában, kaptok ki a tűzet.",0.5
C_028_0010_radio_kitchen_AOL,C_028,Kapcsold be a rádiót a konyhában.,"Kaptam be a ládió, hogy külnában.",0.6666666666666666
C_028_0001_radio_bathroom_LAO,C_028,Fürdőszobában kapcsold ki a rádiót.,"Fütösz a barma, kaptam ki a ládérot.",1.0
C_029_0010_vacuum_kitchen_AOL,C_029,Kapcsold be a porszívót a konyhában.,"Kacsoly bárpasti volt, akkor jelvon.",1.0
C_029_0001_toaster_kitchen_AOL,C_029,Kapcsold ki a kenyérpirítót a konyhában.,"kaptott ki a kenyérpilított, a konjában.",0.5
C_029_0100_electricity_bathroom_AOL,C_029,Kapcsold le a villant a fürdőszobában.,"Kaptja a lábíllon, a füldösszobában.",0.6666666666666666
C_029_0100_TV_livingroom_LAO,C_029,A nagyszobában csendesícsd le a tévét.,A nács szabában halki zsárt helybét.,0.8333333333333334
C_029_0010_toaster_kitchen_AOL,C_029,Kapcsold be a pirítóst a konyhában.,kacsa egy beapidítost a konyában.,0.8333333333333334
C_029_0001_washing machine_kitchen_AOL,C_029,Kapcsold be a mosógépet a harminc fokra a konyhában.,Állis a most ugépett halincs vakrá a konyjában.,0.7777777777777778
C_029_0001_vacuum_corridor_AOL,C_029,Kapcsold ki a porszívót a folyosón.,kapcsolat kiappal a szímot a furoszónt.,0.6666666666666666
C_029_1000_TV_livingroom_LAO,C_029,A nagyszobában hangosícsd fel a tévét.,"Annács a bában, angol sí spela tévét.",1.0
C_029_0001_vacuum_kitchen_AOL,C_029,Kapcsold ki a porszívót a konyhában.,kapcsolat ki a posszívot a kohjában.,0.5
C_029_0010_kettle_kitchen_AOXL,C_029,Kapcsold be a vízmelegítőt a fü konyhában.,"Kaptam el a bíz, meg bíz, kaptam, hogy járban.",1.1428571428571428
C_029_0001_computer_kitchen_AOL,C_029,Kapcsold ki a számítógépet a konyhában.,Tudod ki a száviggyéppet a kutyaában?,0.5
C_029_0001_curtain_smallroom_LAO,C_029,A kisszobában húzd szét a függönt.,"A kis szabában, húzt ért a fűködt.",0.8333333333333334
C_029_0100_TV_room_AOL,C_029,Csendesícsd le a tévét a szobában.,Hogy gizlát évet a szabából.,0.8333333333333334
C_029_1111_TV_room_LAO,C_029,A szobában válcs csatornát a tévén.,"A szabában vágy, csatvonát a témim.",0.6666666666666666
C_029_0010_washing machine_bathroom_AOL,C_029,Kapcsold be a mosógépet hatvan fokra a kofürdőszobába.,Katsóan be mozolgépet hatam fogra a füldös szalában.,0.875
C_029_0010_vacuum_smallroom_LAO,C_029,A kisszobában kapcsold be a porszívót.,a kíszobában kacsorbál szív volt.,1.0
C_029_0010_heating_room_LAO,C_029,A szobában kapcsold be a fűtést.,A szobában kacsodjabbá fűtést.,0.5
C_029_0100_TV_kitchen_AOL,C_029,Halkícsd le a tévét a konyhában.,ha kizdál tévét a konyában.,0.6666666666666666
C_029_0010_window_livingroom_AOL,C_029,Zárd be az ablakot a nagyszobában.,"Záll be a szablakot, annál csinálj a bankot.",1.0
C_029_0010_window_kitchen_AOL,C_029,Zárd be a zablakot a konyhában.,Szába játszott a konyában.,0.8333333333333334
C_029_0001_fan_kitchen_LAO,C_029,A konyhában kapcsold ki a ventillátor.,akkor járban kakcsot ki a bentilátot.,0.6666666666666666
C_029_0001_heating_livingroom_LAO,C_029,A nagyszobában kapcsold ki a fűtést.,"Allah szabály van, kaccsot ki a fűtős.",0.8333333333333334
C_029_0001_washing machine_kitchen_LAO,C_029,A konyhában kapcsold be a mosógépet harminc fokra.,A konyjában kapszcsodt be a moszolgérpát. Hanyújts fokrát.,0.625
C_029_0010_heating_room_AOL,C_029,Kapcsold be a fűtést a szobában.,"Kacsoly bár fűtész, a szabábbban.",0.8333333333333334
C_029_1000_heating_room_LAO,C_029,A szobában húzd fel a fűtés.,A szombában fújsz fel a frutaszt.,0.5
C_029_0001_radio_livingroom_AOL,C_029,Kapcsold ki a rádiót a nagyszobában.,kapcsolatki a rádiót a nagyszerában.,0.5
C_029_0010_door_bathroom_AOL,C_029,Zárd be az ajtót a fürdőszobában.,szár bezájtott a függles szobában.,1.0
C_029_0001_heating_livingroom_AOL,C_029,Kapcsold ki a fűtést a nagycobában.,kaptott ki a fűtés a nácszóvában.,0.5
C_029_0010_computer_smallroom_OAL,C_029,A számítgéégépet kapcsold be a kisszobában.,A számitig népett kakcsolat bárki szemával.,0.8333333333333334
C_029_0010_vacuum_smallroom_AOL,C_029,Kapcsold be a porszívót a kisszobában.,"Kacsoll be a posztívot, a kis szemállatban.",0.6666666666666666
C_029_0100_electricity_room_LAO,C_029,A szobában kapcsold le a villanyt.,A szobával kacsollal vinnend.,0.8333333333333334
C_029_0010_fan_room_LAO,C_029,A szobában kapcsold be a ventillátort.,"A szobában kakcsolgában, tényleg a tört.",0.5
C_030_0010_vacuum_bathroom_AOL,C_030,Kapcsold be a porszívót a fürdőszobába.,kapszont el porcívat a sütő szaláltal.,1.0
C_030_0010_fan_room_AOL,C_030,Kapcsojja a ventillátort a szobában.,"Kaptam a gyövete, át volt.",0.8
C_030_0100_electricity_livingroom_AOL,C_030,Kapcsold le a világítást a nagyszobában.,"Kocsor, lovira, gyöp, a rást a rába.",0.8333333333333334
C_030_0100_TV_livingroom_AOL,C_030,Csendesícsd a tévét a nagyszobában.,"Jön, de húzott péri, a nájt a rában.",1.2
C_030_0010_toaster_kitchen_LAO,C_030,A konyhában kapcsold be a pirítót.,"A konjában, kapszolja a félintolt.",0.6666666666666666
C_030_0001_washing machine_kitchen_AOL,C_030,Állícsd harminc fokra a mosógépet a konyhában.,I just wanted to focus worshiping whenever.,1.0
C_030_0001_vacuum_smallroom_AOL,C_030,Kapcsold ki a porszívót a kisszobába.,kártyát vél pozulott a kis szavályat.,1.0
C_030_1000_TV_kitchen_AOL,C_030,Hangosícsd a tévét a konyhában.,"Ő van a szívesen, de az a szívesen, a különből.",1.6
C_030_0001_vacuum_bathroom_AOL,C_030,Kapcsold ki a porszívót a fürdőszobába.,kaptunk ki a portzikus a futiusz elárva.,0.6666666666666666
C_030_0001_kettle_kitchen_AOL,C_030,Kapcsold ki a vízforralót a konyhában.,"Kaptult ki a vizsgóra, oké?",0.6666666666666666
C_030_0001_computer_kitchen_LAO,C_030,A konyhában kapcsold ki a számítógépet.,"A konyában, kaptunk ki a szállító gyövett.",0.6666666666666666
C_030_1000_shutter_kitchen_LAO,C_030,A konyhában húzd föl a redőnyt.,"Akkor jön a gúzt, hogy a legyen.",1.0
C_030_0100_TV_kitchen_LAO,C_030,A konyhában halkícsd a tévét.,Akkor nyilvánk a helyzetérőt.,0.8
C_030_1111_TV_livingroom_LAO,C_030,A nagyszobában válcs csatornát a tévén.,"A meccel adott hát, sütőt, olyan tetejőt.",1.0
C_030_0001_washing machine_bathroom_LAO,C_030,A fürdőszobában kapcsold be a mosógépet harminc fokon.,"a függészaványon kultúra most oké, de hallott szóval.",1.0
C_030_0001_vacuum_kitchen_LAO,C_030,A konyhában kapcsold ki a porszívót.,"A konyában korcsót ki, korcsó volt.",0.8333333333333334
C_030_0010_heating_livingroom_AOL,C_030,Kapcsold be a fűtést a nagyszobában.,"Köszönöm, hogy elfültetek a nézten.",0.8333333333333334
C_030_1000_TV_room_LAO,C_030,A szobában hangosícsd a tévét.,"A szólában van, hogy értedjük.",0.8
C_030_0010_window_room_LAO,C_030,Szobában zárd be az ablako.,"Szobával, szabdásval.",1.0
C_030_0010_window_kitchen_AOL,C_030,Zárd be a tetőablakot a konyhában.,"Szerintem a tetszével, hogy kudjában.",0.8333333333333334
C_030_0001_fan_livingroom_LAO,C_030,A nagyszobában kapcsold ki a ventillátort.,a naturali kostümtkérőt.,1.0
C_030_0001_heating_corridor_AOL,C_030,Kapcsold ki a fűtést a folyosón.,Kacolt kérségeit a főső.,0.8333333333333334
C_030_0010_washing machine_kitchen_LAO,C_030,A konyhában kapcsold be a mosó gépet.,"Konyába, kocsújjjámosul.",1.0
C_030_0010_heating_room_LAO,C_030,A szobában kapcsold be a fűtés.,"A szolgálban, a kicsorjára a fűkös.",0.6666666666666666
C_030_1000_heating_livingroom_LAO,C_030,A nagyszobában húzd fel a fűtés.,"A másik lábban, most a fűtős.",0.6666666666666666
C_030_0001_radio_corridor_LAO,C_030,A folyosón kapcsold ki a rádió.,a folyoson kultúlt bíradiót.,1.0
C_030_0010_door_bathroom_AOL,C_030,Zárd be az ajtót a fürdőszobáb.,Szerintem a szutus szalált.,1.0
C_030_0001_heating_livingroom_LAO,C_030,A nagyszobában kapcsold ki a fűtés.,A legtolábban kocsodik be a hútyát.,0.6666666666666666
C_030_0010_computer_smallroom_AOL,C_030,Kapcsold be a számítógépet a kisszobában.,"kaptú a gyorszányot, hogy ők ott akisszaválja.",1.1666666666666667
C_030_0001_vacuum_kitchen_AOL,C_030,Kapcsold ki a porszívót a konyhában.,"kapt volt, kihapóciót, a konyában.",0.8333333333333334
C_030_0100_electricity_corridor_LAO,C_030,Folyosón kapcsold le a világítás.,és olyan kocsorjávi rájátás.,1.0
C_030_0010_fan_smallroom_LAO,C_030,A kisszobában kapcsold be a ventillátor.,"A kis terálló, a kulturálló, a terálló.",0.8333333333333334
C_031_0001_curtain_kitchen_AOL,C_031,Húzd szét a függönyt a konyhában.,Votet a függen a konjában.,0.6666666666666666
C_031_1000_shutter_bathroom_LAO,C_031,A fürdőszobába húzd fel a redőny.,A pültőt a párpár új fel a rétőt.,0.8333333333333334
C_031_0010_heating_room_AOL,C_031,Kapcsold be a fűtést a tobába.,"Kapta a bab utány, tatszott a baban.",1.0
C_031_0001_fan_room_AOL,C_031,Kapcsold ki a ventillátor a szobában.,"Kaptunk ki a bántél, hát az az a bárbám!",1.0
C_031_0001_curtain_bathroom_AOL,C_031,Húzd szét a függöny a fürdőszobában.,hogy tényleg a függen a függőt a barbán.,1.0
C_031_1000_electricity_kitchen_AOL,C_031,Kapcsold fell a villanyt a konyhában.,kaptott pál a pillanatok konyában.,0.8333333333333334
C_031_0010_door_livingroom_LAO,C_031,A nagyszobában zárd be az ajtót.,A nájtópában szedpáltozott.,0.8333333333333334
C_031_1000_heating_corridor_AOL,C_031,Húzd fel a fűtés a fojjosón.,Fosztpallap utány szapva előttem.,1.0
C_031_1000_heating_kitchen_LAO,C_031,A konyhában húzd fel a fűtés.,"Okonyába, újt valahogy vütejt.",1.0
C_031_0010_computer_room_LAO,C_031,A szobában kapcsold be a számítógépet.,"Aztok, bárpont, kopcsolat, báll, szám, mitok, kébett.",1.1666666666666667
C_031_0001_toaster_kitchen_LAO,C_031,A konyhában kapcsold ki a pirivasalót.,Hogy gonyjában kapta ki a pét farálló.,0.8333333333333334
C_031_0010_fan_livingroom_AOL,C_031,Kapcsold be a ventillátort a nagyszobában.,Kaptott bárpán cilártott a nosszabb bárpán.,1.0
C_031_1000_TV_room_LAO,C_031,A szobában hangosícs a tévét.,"A topába, a góti, a tevet.",0.8
C_031_1000_shutter_smallroom_LAO,C_031,A kisszobába húzd fel a redőny.,A két a pápához pál a rádtőn.,0.8333333333333334
C_031_0010_radio_kitchen_AOL,C_031,Kapcsold be a rádijót a konyhában.,"Kapta, barát, jó, dakonyában.",1.0
C_031_1000_heating_livingroom_LAO,C_031,A nagyszobába húzd fela fűté.,A nájt a pár pár húzt felapültek.,1.2
C_031_0010_fan_room_AOL,C_031,Kapcsold be a ventillátort a szobában.,"Kaptott párpantélász, aztán, aztán, aztán, aztán.",1.0
C_031_0010_dishwasher_kitchen_AOL,C_031,Kapcsold be a mosogatógépet a konyhában.,"Kaptott pálm, mocsokatul gépessz, okonyában!",1.0
C_031_0001_window_room_AOL,C_031,Nyiszd ki az ablakot a szobában.,"Nincs ki a táplákkal, te az, hogy párpán.",1.1666666666666667
C_031_0010_heating_room_LAO,C_031,A szobában kapcsold be a fűté.,A topában kaptott bávvűté.,0.8333333333333334
C_031_0001_door_smallroom_LAO,C_031,A kisszobában nyisd ki az ajtót.,A kita párpár nyisg játáltott.,0.8333333333333334
C_031_1000_shutter_smallroom_AOL,C_031,Húzd fel a redőnyt a kisszobába.,"Hogy fel arra tört a kíthal, baba!",0.8333333333333334
C_031_0100_TV_livingroom_LAO,C_031,A nagyszobában csendesícsd a tévét.,"A nájt a párpán, senn egy tisztás szépest.",1.4
C_031_0010_vacuum_bathroom_AOL,C_031,Kapcsold be a porszivót a fürdőszobába.,"Kaptal szpár, Pálcifallt a fritőszapába.",0.8333333333333334
C_031_1111_TV_kitchen_LAO,C_031,Konyhában válcs csatornát a tévén.,"Ponyába, bát, tot, donát, tot, teben.",1.2
C_031_0100_shutter_livingroom_LAO,C_031,A nagyszobába húzd le a redőny.,"Análtal párpá, újtál rá tönt.",1.0
C_031_0001_door_corridor_AOL,C_031,Nyisd ki az ajtót a fojjosón.,Nincs kátajtót a pajózó.,0.8333333333333334
C_031_0001_toaster_kitchen_AOL,C_031,Kapcsold ki a kennyérpirítót a konyhában.,"Kaptott kevét, valarulóta, konyában.",1.0
C_031_0010_door_room_AOL,C_031,Zárd be az ajtót a szobában.,Szerpáltal tudt a tovább pán.,1.0
C_031_0010_door_smallroom_LAO,C_031,A kisszobában zárd be az ajtót.,Aki a párpán szállt páltozott.,1.0
C_031_0001_vacuum_livingroom_AOL,C_031,Kapcsold ki a porszivót a nagyszobába.,"Kaptozik a voltipot, a nájta baba.",0.8333333333333334
C_031_0010_fan_smallroom_LAO,C_031,Kisszobába kapcsold be a ventillátor.,"Kisza, bár, bár, kapszol, bár, vál, szél, látott.",1.6
C_032_0100_shutter_room_LAO,C_032,Szobába engedd le a redőnyt.,"Szobába, én gondolom, hogy rádjunk.",1.0
C_032_0010_vacuum_kitchen_AOL,C_032,Kapcsold be a porszívót a konyhába.,kapcsoljbálporszívót a konyhába.,0.6666666666666666
C_032_0001_vacuum_kitchen_AOL,C_032,Kapcsold ki a porszívót a konyhába.,kapcsolatki a porszívóta konyhába.,0.6666666666666666
C_032_0001_radio_kitchen_OAL,C_032,A rádiót kapcsold ki a konyhába.,a rádiót kapcsolat ki a konyhába.,0.3333333333333333
C_032_0001_door_smallroom_AOL,C_032,Nyisd ki az ajtót a kisszobába.,Nést ki az olytót a kis szobába.,0.6666666666666666
C_032_0001_window_corridor_LAO,C_032,Folyosón nyisd ki az ablakot.,A folyoson nincs kell ablakodt.,1.0
C_032_0010_curtain_room_LAO,C_032,Szobába húzd be a függönyt.,"Sobbra, bahúzba, függönt.",1.0
C_032_0001_heating_livingroom_LAO,C_032,Nagyszobába kapcsold ki a fűtést.,Nátsz a vávakáv csorkérhítést.,1.0
C_032_0001_computer_livingroom_OAL,C_032,A számítógépet kapcsold ki a nagyszobába.,a számítógépet kapcsolj ki a nagy szobába.,0.6666666666666666
C_032_0010_heating_smallroom_AOL,C_032,Kapcsold be a fűtést a kisszobába.,kapcsolat be a fűtést a kiszavába.,0.3333333333333333
C_032_1000_shutter_room_LAO,C_032,Szobába húzd föl a redőnyt.,és ovalpá húszol a rádönt.,0.8
C_032_0010_vacuum_bathroom_AOL,C_032,Kapcsold be a porszívót a fürdőszobába.,kapcsolatbál porcél volt a fürdezőbába.,0.8333333333333334
C_032_0010_washing machine_kitchen_LAO,C_032,Konyhába kapcsold be a mosógépet hatvan fokon.,Konyhába kapcsolj be a mosógépet 60 fokon.,0.2857142857142857
C_032_0001_curtain_bathroom_LAO,C_032,Fürdőszobába húzd szét a függönt.,"Füldösovábba, úgy szét a füldgönt.",0.6
C_032_0001_heating_smallroom_AOL,C_032,Kapcsold ki a fűtést a kisszobába.,"kapcsolat, ki a füteist, akit szalvába.",0.6666666666666666
C_032_0010_fan_corridor_AOL,C_032,Kapcsold be a ventilátort a folyosón.,"kapcsoljval ment, tiláltott a folyosrón.",0.8333333333333334
C_032_0010_radio_smallroom_LAO,C_032,Kisszobába kapcsold be a rádiót.,kis szabából kapcsolba rád éjot.,1.0
C_032_0001_window_bathroom_AOL,C_032,Nyisd ki az ablakot a fürdőszobába.,"Niszt kell, ha blákozott a fürdészó vállba.",1.0
C_032_0001_door_corridor_AOL,C_032,Nyisd ki az ajtót a folyosón.,Nisgy gyer az ajtót a folyosul a fő.,0.8333333333333334
C_032_0100_heating_room_LAO,C_032,Szobába húzd le a fűtést.,"Sobbál be, hogy hozzá fűtést.",0.8
C_032_1111_TV_room_AOL,C_032,Válcsatornát a tévén a szobába.,Vársától náta a TV a szobába.,0.6
C_032_0100_heating_bathroom_LAO,C_032,Fürdőszobába húzd le a fűtést.,"Füldi szavába, húznál füldést.",1.0
C_032_0001_curtain_kitchen_AOL,C_032,Húzd szét a függönyt a konyhába.,Úszétsz a függönyt a konyhába!,0.5
C_032_0010_curtain_smallroom_LAO,C_032,Kisszobába húzd be a függönt.,"kiszavába, húzba függönt.",0.8
C_032_0010_heating_bathroom_LAO,C_032,Fürdőszobába kapcsold be a fűtést.,Füldő szobával kapcsoljba fült eftel.,1.0
C_032_0010_window_smallroom_AOL,C_032,Zárd be az az ablakot a kisszobába.,Zárban az ablakot a kis szobába.,0.7142857142857143
C_032_0001_washing machine_bathroom_LAO,C_032,Fürdőszobába kapcsold be a mosógépet harminc fokon.,Firdőszavába kapcsolvámosógép a tharmis okon.,0.8571428571428571
C_032_0001_fan_room_AOL,C_032,Kapcsold ki a ventilátort a szobába.,kapcsolatok a ventiáncóta szóvalba.,0.8333333333333334
C_032_0001_vacuum_livingroom_LAO,C_032,Nagyszobába kapcsold ki a porszívót.,Nács a vába kapcsolat kér pur sívót.,1.4
C_032_0010_vacuum_livingroom_AOL,C_032,Kapcsold be a porszívót a nagyszobába.,"Kaptjolj be porsi, volt a nocsobába.",0.6666666666666666
C_032_0010_window_smallroom_LAO,C_032,Kisszobába zárd be az ablakot.,"ki szobába, zárva, zavlakot.",1.0
C_033_0010_washing machine_bathroom_LAO,C_033,A fürdőszobában kapcsold be hatvan fokon a mosógépet.,"A helyzetet is van, a helyzetet is van.",0.875
C_033_0010_curtain_room_LAO,C_033,A szobában húzd be a függöny.,"Ez a marad, hogy olyan megyünk.",1.0
C_033_0100_TV_bathroom_LAO,C_033,A fürdőszobában csendesicsd a tévét.,"A fő nevem ámra njen, én annében.",1.2
C_033_0010_radio_livingroom_LAO,C_033,A nagyszobában kapcsold be a rádjó.,"A nekem áll majd, hogy olyan bárálló néz.",1.1666666666666667
C_033_1000_TV_bathroom_LAO,C_033,A fürdőszobában hangosicsd a tévét.,"Ami azért nem elámadj, honnan vagyunk, annem.",1.4
C_033_0010_heating_smallroom_AOL,C_033,Kapcsold be a fűtés a kijjobában.,"Várj a láhényen, láhényen vállnak.",0.8333333333333334
C_033_0001_computer_room_LAO,C_033,A szobában kapcsold ki a számítógépet.,"Az a mamas, komző a miatt, a miatt a miatt.",1.5
C_033_1000_TV_smallroom_LAO,C_033,A kisszobában hangosicsd a tévét.,"Oké, szemályozni, olyan évek.",1.0
C_033_1000_electricity_smallroom_LAO,C_033,A kisszobában kapcsold fel a villany.,"Amin amám amint, amin amint.",1.0
C_033_0100_TV_kitchen_LAO,C_033,A konyhában csendesícsd a tévé.,"Ahol nyámad, nyanlalint, annem.",1.0
C_033_0001_fan_bathroom_AOL,C_033,Kapcsold ki a ventillátort a fürdőszobában.,"Kaptjol ki, amendben, annak lábílt az amánc.",1.1666666666666667
C_033_1000_electricity_corridor_LAO,C_033,A folyosón kapcsold fel a villanyt.,"Ahholyan szó, rányjón ne, aranyjón.",1.0
C_033_0001_vacuum_kitchen_LAO,C_033,A konyhában kapcsold ki a porszivó.,"A huanyján, a huanyján, a huanyján.",0.6666666666666666
C_033_1000_electricity_corridor_AOL,C_033,Komojan vel a villanyt a fojjosón.,"Hogy a van a reny, ahogy a hón.",1.0
C_033_0100_TV_smallroom_AOL,C_033,Csendesícsd a tévét a kisszobában.,Tenneséged de mit a vizet vámon.,1.0
C_033_1000_heating_kitchen_LAO,C_033,A konyhábn húzd meg a fűnő.,"Olyan, mert olyan.",1.0
C_033_1000_shutter_smallroom_AOL,C_033,Húzd fel a redőnyt a kisszobában.,"Úgyhogy van anem, újra van anem, újra van anem.",1.5
C_033_0001_window_corridor_LAO,C_033,A folyosón nyisd ki az ablakot.,"A helyen felé, mi a helyen, rá, rá, rá, rá, rá.",1.6666666666666667
C_033_1000_shutter_bathroom_LAO,C_033,A fürdőszobában húzd fel a redőnyt.,"Vahényé, ne se váll majd. Vahényé, ne se váll majd.",1.6666666666666667
C_033_1111_TV_livingroom_LAO,C_033,A nagyszobában válcs csatornát a tévén.,"Na, hogy személyen van, hogy a sártozó náván bírjunk.",1.3333333333333333
C_033_1000_heating_smallroom_AOL,C_033,Húzd mel a fűtés a mzobába,"Úgyzik már a végén is, ami ne várom.",1.1666666666666667
C_033_1111_TV_corridor_LAO,C_033,A fojjosón válcs csatornát a tévén.,Ahogy...már...tárnamnál a nevén.,0.8333333333333334
C_033_1000_heating_room_AOL,C_033,Húzd fel a fűtés a szobába.,"Újra van a minne, az a mamá.",0.8333333333333334
C_033_0001_fan_smallroom_AOL,C_033,Kapcsold ki a ventillátort a nyisszobában.,"Fármilyen, amen jön, amen amin jön, amár menne.",1.3333333333333333
C_033_0010_NULL_bathroom_AXL,C_033,Kapcsold be hatvan fokon amijen a fürdőszobában.,Kártyúan mehordam a fórum.,0.8571428571428571
C_033_0100_TV_corridor_LAO,C_033,A fojjosón csendesícsd a tévét.,"Olyan helyen, ami nem érted.",1.0
C_033_0001_TV_room_AOL,C_033,Kapcsold ki a tévét a szobában.,"Kármilyen, hogy mi a neve az a mamon.",1.0
C_033_1111_TV_bathroom_LAO,C_033,A fürdőszobában válcs csatornát a tévén.,"A személyen elkezett, hogy nem is van.",1.0
C_033_0001_toaster_kitchen_AOL,C_033,Kapcsold ki a kenyérpirítót a konyhában.,"Kapszolta ki, akárnyi érved, agonyába.",1.0
C_033_0001_curtain_kitchen_LAO,C_033,A konyhában húzd szét a függöny.,"Vannál, vannál.",1.0
C_033_1000_electricity_livingroom_LAO,C_033,A nagyszobában kapcsold fel a villanyt.,"A nevet, a nevet, a nevet, a nevet.",1.0
C_033_1111_radio_kitchen_AOL,C_033,Válcs csatornát a rádjón a konyhában.,"Muánikatul, maduráliun, augúnyáman.",1.0
C_033_0001_heating_smallroom_AOL,C_033,Kapcsold ki a fűtés a nyiszobában.,"Aztán érted, hogy aztán előtt megjelent.",1.0
C_033_0010_TV_bathroom_AOL,C_033,Kapcsold be a tévét a fürdőszobában.,Kármi van a nevét a miatt.,0.6666666666666666
C_033_0010_window_room_AOL,C_033,Zárd be az ablakhot a szobában.,"Zsán bátom lopon, azon a várom.",0.8333333333333334
C_036_0001_radio_corridor_LAO,C_036,A fojjosón kapcsold ki a rádió.,A folyosunk akcsók ki a rádiót.,0.5
C_036_0100_heating_kitchen_AOL,C_036,Húzd le a fűtést a konyhában.,"Húsz le a főtésd, akkor nyában.",0.6666666666666666
C_036_0001_fan_room_LAO,C_036,A szobában kapcsold ki a ventillátor.,A szóvában kapcsolat kell menni külváltó.,0.8333333333333334
C_036_0001_window_bathroom_AOL,C_036,Nyisd ki az ablakot a fürdőszobában.,Niski a záplakot a fürtő szobában.,1.0
C_036_0001_fan_livingroom_LAO,C_036,A nagyszobában kapcsold ki a ventillátor.,a szobában kapcsót kiaventérátort.,1.0
C_036_0001_radio_room_LAO,C_036,A szobában kapcsold ki a rádió.,a szobában kapcsolat kérdéjunk.,0.8333333333333334
C_036_0001_door_bathroom_AOL,C_036,Nyisd ki az ajtót a fürdőszobában.,Niszt ki a zajtót a főtő szobában.,0.8333333333333334
C_036_0001_door_livingroom_LAO,C_036,A nagyszobában nyisd ki az ajtót.,A nagy szobában nyisd ki az ajtót.,0.3333333333333333
C_036_0001_fan_smallroom_LAO,C_036,A kisszobában kapcsold ki a ventillátor.,a kis szobában kapcsolat ki a ventélátort.,0.8333333333333334
C_036_0001_fan_smallroom_AOL,C_036,Kapcsold ki a ventillátort a kisszobában.,Kapcsót ki a venti látort a kis szobában.,0.8333333333333334
C_036_1000_electricity_kitchen_AOL,C_036,Kapcsold fel a villanyt a konyhában.,A kb. fél a véland a konyhában.,0.6666666666666666
C_036_0001_fan_kitchen_LAO,C_036,A konyhában kapcsold ki a ventillátor.,a konyában kapcsód ki a vendéllátort.,0.6666666666666666
C_036_0001_window_corridor_LAO,C_036,A fojjosón nyisd ki az ablakot.,A folyosóniski az a plakot.,0.8333333333333334
C_036_0001_door_corridor_AOL,C_036,Nyisd ki az ajtót a fojosón.,Nysz ki a zajtót a folyósón!,0.6666666666666666
C_036_1000_electricity_kitchen_LAO,C_036,A konyhában kapcsold fel a villany.,a konyhában kapcsolj fel a villan.,0.5
C_036_1111_NULL_kitchen_AL,C_036,Válcs csatornát a konyhában.,Vágycs a tornát a konyhában.,0.75
C_036_0001_fan_corridor_AOL,C_036,Kapcsold ki a ventillátort a fojjosón.,A kb. kb. kb. kb. kb. kb. kb. kb. kb. kb. kb. kb. kb. kb. kb. kb. kb. kb. kb. kb. kb. kb. kb. kb. kb. kb. kb. kb. kb. kb. kb. kb. kb. kb. kb. kb. kb. kb. kb. kb. kb. kb. kb. kb. kb. kb. kb. kb. kb. kb. kb. kb. kb. kb. kb. kb. kb. kb. kb. kb. kb. kb. kb. kb. kb. kb. kb. kb. kb. kb. kb. kb. kb. kb. kb. kb. kb. kb. kb. kb. kb. kb. kb. kb. kb. kb. kb. kb. kb. kb. kb. kb. kb. kb. kb. kb. kb. kb. kb. kb. kb. kb. kb. kb. kb. kb. kb. kb. kb. kb. kb. kb. kb. kb. kb. kb. kb. kb. kb. kb. kb. kb. kb. kb. kb. kb. kb. kb. kb. kb. kb. kb. kb. kb. kb. kb. kb. kb. kb. kb. kb. kb. kb. kb. kb. kb. kb. kb,24.833333333333332
C_036_0001_curtain_bathroom_LAO,C_036,A fürdőszobában húzd szét a függöny.,a földöszóvában a húszéter függel.,1.0
C_036_0001_vacuum_kitchen_LAO,C_036,A konyhában kapcsold ki a porszívó.,a konyában kapcsolat kia porcívót.,1.0
C_036_1000_heating_corridor_AOL,C_036,Húzd fel a fűtést a fojjosón.,"Húzt fel a főt, és a folyó són.",0.8333333333333334
C_036_0001_fan_corridor_LAO,C_036,A fojjosón kapcsold ki a ventillátor.,A folyosunkat csodkjává emberjátok.,0.8333333333333334
C_036_0001_curtain_bathroom_AOL,C_036,Húzd szét a függönyt a fürdőszobában.,Húszít a fűkönt a fűtőszerből.,0.6666666666666666
C_036_1000_electricity_bathroom_LAO,C_036,A fürdőszobában kapcsold fel a villany.,a fődő szovában kapcsolat fel a vélany.,0.8333333333333334
C_036_0100_shutter_room_LAO,C_036,A szobában húzd le a redőnyt.,A szobában húz le a rátőn.,0.3333333333333333
C_036_0001_window_kitchen_LAO,C_036,A konyhában nyisd ki az ablakot.,A konjában nincs ki az a plakor.,0.6666666666666666
C_036_0001_curtain_smallroom_AOL,C_036,Húzd szét a függönyt a kisszobában.,Húszét a fűként a kis szóvában.,0.8333333333333334
C_036_0001_heating_smallroom_AOL,C_036,Kapcsold ki a fűtést a kisszobában.,Kaptam ki a fűtést a kiszobában.,0.3333333333333333
C_036_1111_TV_kitchen_AOL,C_036,Válcs csatornát a tévén a konyhába.,Vágy csatornát a tévén a konyában.,0.3333333333333333
C_036_0001_computer_kitchen_AOL,C_036,Kapcsold ki a számítógépet a konyhában.,kapcsoljt ki a számítógépet a konyában.,0.3333333333333333
C_036_0010_door_smallroom_AOL,C_036,Zárd be az ajtót a kisszobában.,Zárva az ajtótak és szobában.,0.8333333333333334
C_036_0001_heating_bathroom_LAO,C_036,A fürdőszobában kapcsold ki a fűtés.,a fűtő szabályban kapcsoljt ki a fűtés.,0.6666666666666666
C_036_0001_vacuum_smallroom_LAO,C_036,A kisszobában kapcsold ki a porszívó.,A kis szobában kapcsolatki a porzéból.,0.6666666666666666
C_036_0010_computer_kitchen_AOL,C_036,Kapcsold be a számítógépet a konyhában.,Kaptsódve a számbítógépet a konyhában.,0.5
C_037_0100_TV_corridor_LAO,C_037,A folyosón csendesítsd a tévét.,A folyamatosan csellezségben téved.,0.8
C_037_1000_heating_livingroom_LAO,C_037,A nagyszobában húzd fel a fűtés.,A nátszalában az elsőtés.,0.8333333333333334
C_037_0001_vacuum_livingroom_LAO,C_037,A nagyszobában kapcsold ki a porszívót.,A megtemárom a kávcsolát ki a pár szévót.,0.8333333333333334
C_037_1000_shutter_corridor_AOL,C_037,Húzd fel a redőnyt a folyosón.,Most felrendenj de a folyáson.,0.8333333333333334
C_037_0001_toaster_kitchen_LAO,C_037,A konyhában kapcsold ki a kenyérpirítót.,"Akkor nyhábban kapcsolatja, kenyépp jelé tot.",1.0
C_037_0001_window_livingroom_AOL,C_037,Nyisd ki az ablakot a nagyszobában.,"Nincs kell számom, ha tennem számom.",1.0
C_037_0010_radio_smallroom_AOL,C_037,Kapcsold be a rádiót a kisszobában.,Kapcsolat be a rádióta kész tabában.,0.6666666666666666
C_037_0010_dishwasher_kitchen_LAO,C_037,A konyhában kapcsold be a mosogatógépet.,Akkor nyelvankam tőnbe a masakató vétel.,1.0
C_037_0001_window_livingroom_LAO,C_037,A nagyszobában nyisd ki az ablakot.,Análtalán van nincs gyerze a bánfot.,1.0
C_037_0100_electricity_smallroom_AOL,C_037,Kapcsold le a villanyt a kisszobában.,"Kaptam a minent, aki is szabályamam.",1.0
C_037_0100_heating_livingroom_LAO,C_037,A nagyszobában kapcsold le a fűtés.,A nátszolámon kácsoljával hültes.,0.8333333333333334
C_037_0001_heating_corridor_LAO,C_037,A folyosón kapcsold ki a fűtés.,A folyamatosan kaptam a piációt ezt.,0.8333333333333334
C_037_1000_heating_corridor_LAO,C_037,A folyosón húzd fel a fűtés.,A folyasan óta a főtés.,0.6666666666666666
C_037_0010_curtain_kitchen_AOL,C_037,Húzd be a függönyt a konyhában.,Ozzban a főgönt a kanyelman.,0.6666666666666666
C_037_0100_heating_livingroom_AOL,C_037,Kapcsold le a fűtést a nagyszobában.,Kartsan be a főtésd a nagy szaláman.,0.8333333333333334
C_037_0001_curtain_room_AOL,C_037,Húzd szét a függönyt a szobában.,"Hon szeretem, fűnjön teszem el, man!",1.0
C_037_1000_electricity_bathroom_AOL,C_037,Kapcsold fel a villanyt a fürdőszobában.,"Kaptam, ha minen te fűnös a mamon.",1.0
C_037_0001_curtain_smallroom_LAO,C_037,A kisszobában húzd szét a függönyt.,"Oké, szemályban hosszázzá a fűnget.",0.8333333333333334
C_037_0010_computer_room_AOL,C_037,Kapcsold be a számítógépet a szobában.,Kaptam el számíntok egy pedig a szobáma.,1.0
C_037_0010_fan_corridor_AOL,C_037,Kapcsold be a ventilátort a folyosón.,Kacsozni a mentirátort a folyóson.,0.6666666666666666
C_037_1111_radio_kitchen_AOL,C_037,Válcs csatornát a rádión a konyhában.,"Vágy, csatornát a ládiónakonyában.",0.6666666666666666
C_037_0001_door_bathroom_AOL,C_037,Nyisd ki az ajtót a fürdőszobában.,"Nincs ki az, amit az a főn, de szabályban.",1.1666666666666667
C_037_0001_computer_smallroom_LAO,C_037,A kisszobában kapcsold ki a számítógépet.,Aki szabályban kapcsolat kioszámit olyan pedig.,1.0
C_037_0010_fan_bathroom_AOL,C_037,Kapcsold be a ventilátort a fürdőszobában.,"Kaptam a momentiát, hogy őt a főnlész, hogy van.",1.3333333333333333
C_037_0001_computer_bathroom_AOL,C_037,Kapcsold ki a számítógépet a fürdőszobában.,"kapcsolat kiasz, hát mint a gaypazács, hogy ne szól be, ha nem.",1.8333333333333333
C_037_0010_vacuum_corridor_LAO,C_037,A folyosón kapcsold be a porszívót.,A fődős van gátsodná a postjánat.,0.6666666666666666
C_037_1000_TV_smallroom_LAO,C_037,A kisszobában hangosítsd fel a tévét.,Akképpen már maga is is feltejved.,1.0
C_037_0001_window_smallroom_AOL,C_037,Nyisd ki az ablakot a kisszobában.,Nincs kell ne vakad a készt a mámán.,1.1666666666666667
C_037_0100_heating_kitchen_AOL,C_037,Húzd le a fűtést a konyhában.,A csondáll fél tésztakonyában.,1.0
C_037_0001_radio_room_LAO,C_037,A szobában kapcsold ki a rádiót.,Aztán már van kamcsolát kérnél.,1.0
C_037_0010_vacuum_kitchen_LAO,C_037,A konyhában kapcsold be a porszívót.,a konyhában kapcsoloddák vorszégot.,0.8333333333333334
C_037_0010_curtain_smallroom_LAO,C_037,A kisszobában húzd be a függönyt.,Akkor ezt a bármán húzbál főngeint.,1.0
C_037_0001_computer_bathroom_LAO,C_037,A fürdőszobában kapcsold ki a számítógépet.,"A finnésző le van kátszott játszáment, ugye?",1.0
C_037_0001_vacuum_smallroom_AOL,C_037,Kapcsold ki a porszívót a kisszobában.,"Kaptam, hogy ki a polszi, voltak is a mamán.",1.0
C_037_0100_TV_kitchen_LAO,C_037,A konyhában csendesítsd a tévét.,A konyhámon csendesen időt kívül.,0.8
C_038_1000_TV_kitchen_LAO,C_038,Konyhában hangosít a tévét.,Konyhában hangosít a tépét.,0.25
C_038_0100_electricity_kitchen_LAO,C_038,Konyhában kapcsold le a villanyt.,konyhában kaptolda a villánt.,0.8
C_038_0001_window_room_LAO,C_038,A szobában nyisd ki az ablakot.,A szobában nyisd ki az ablakot.,0.0
C_038_0010_washing machine_bathroom_LAO,C_038,A fürdőszobában kapcsold be a mosógépet hatvan fokon.,"A függő szobában kapcsol be a mozsogébe, hat van fogod.",0.875
C_038_0001_heating_room_AOL,C_038,Kapcsold ki a fűtést a szobában.,Kaptzót ki a füttés a szobában.,0.3333333333333333
C_038_0100_shutter_kitchen_AOL,C_038,Húzde a redőnyt a konyhában.,Úzdre a redönt a konyhában.,0.4
C_038_1111_radio_bathroom_AOL,C_038,Válcs csatornát a rádión fürdőszobában.,Vágy sikertonnárt a rádión füldő szobában.,0.8
C_038_1111_TV_room_LAO,C_038,A szobában válcs csatornát a tévén.,A szubában bárcs csatonát ott évin.,0.8333333333333334
C_038_0001_curtain_bathroom_LAO,C_038,A fürdőszobában húzd szét a függönyt.,"A földösz a baban húz, szét, a függönt.",1.0
C_038_1000_heating_smallroom_AOL,C_038,Húzd föl a fűtést a kisszobában.,Húz föl a füttést a kiszobában.,0.5
C_038_0010_window_bathroom_LAO,C_038,A fürdőszobában zárd be az ablakot.,A fődő szobában zár be az ablakot.,0.5
C_038_0001_door_corridor_LAO,C_038,A folyosón nyisd ki az ajtót.,"Afjáljunk semmi is, ki az ajtót.",0.5
C_038_1111_radio_corridor_LAO,C_038,A folyosón válcs csatornát a rádión.,A folyosom bács tartonnát a ládion.,0.6666666666666666
C_038_0001_curtain_bathroom_AOL,C_038,Húzd szét a függönyt a fürdőszobában.,hútszít a függönt a függös a baban.,0.8333333333333334
C_038_0010_heating_bathroom_LAO,C_038,Fürdőszobába kapcsold be a fűtés.,"Fütösz a babá, kapcsolat bár a fütést.",1.2
C_038_0001_fan_kitchen_LAO,C_038,Konyhában kapcsold ki a ventillátort.,Konyhában kapcsolj ki a bentillátót.,0.4
C_038_0010_vacuum_smallroom_LAO,C_038,Kisszobában kapcsold be a porszívót.,kiszobában kapcsol be a poszívot.,0.6
C_038_0001_vacuum_corridor_AOL,C_038,Kapcsold ki a porsziszívót am folyosón.,"kapcsolat ki a porfizivot, amely folyasom.",0.6666666666666666
C_038_0100_TV_kitchen_LAO,C_038,Konyhában csendesíd a tévén.,Konyjamban szenlesi a tévény.,0.75
C_038_0010_fan_bathroom_LAO,C_038,Asz fürdőszobában kapcsold be a ventillátort.,A sűdő szobában kapcsolta a venti látot.,1.0
C_038_0001_door_livingroom_LAO,C_038,A nagyszobában nyisd ki az ajtót.,A nagy szobában nyízt ké a zajtot.,1.0
C_038_0100_electricity_livingroom_LAO,C_038,Nagyszobába kapcsold le a villanyt.,"Na, tűn babon, kapcsolde, abban leint.",1.2
C_038_1000_heating_corridor_AOL,C_038,Húzd fel a fűtést a folyosón.,Húsz fel a füttést a folyason.,0.5
C_038_0001_vacuum_smallroom_LAO,C_038,Kisszobában kapcsold ki a porszívó.,Kis szobában kapcsolat kiporszívó.,1.0
C_038_0001_window_room_AOL,C_038,Nyisd kí az ablakot a szobában.,Nyszd ki az ablakot a szobában.,0.3333333333333333
C_038_0001_vacuum_bathroom_AOL,C_038,Kapcsold ki a porszívót a fürdőszobában.,"kapcsolatki, poszívot a földössobban.",0.8333333333333334
C_038_0100_shutter_livingroom_AOL,C_038,Húzd le a rebdőnyt a nagyszobában.,"húsz, de a rebe dönt a nagy szobában.",1.0
C_038_0001_curtain_room_AOL,C_038,Húzd szét a függönyt a szobában.,Húzzét a fugunt a sobabon.,0.6666666666666666
C_038_0001_computer_kitchen_AOL,C_038,Kapcsold ki a számítógépet a konyhában.,kapszolt ki a számítógépet a konyhában.,0.16666666666666666
C_038_1000_heating_bathroom_LAO,C_038,A fürdőszobában húzd fel a fűtést.,A füttöszöbbámban húzt fel a fütést.,0.5
C_038_0001_radio_corridor_LAO,C_038,A folyosón kapcsold ki a ládiót.,Fogyáson kapcsolatki a lágyot.,0.8333333333333334
C_038_0010_heating_smallroom_AOL,C_038,Kapcsold be a fűtést a kisszobában.,kakcsolat bár a fűtésd a kis szabában.,0.8333333333333334
C_038_0001_door_kitchen_AOL,C_038,Nyisd ki az ajtót a konyhában.,nyiszt ké az ajtót a konyhában.,0.3333333333333333
C_038_1000_shutter_livingroom_LAO,C_038,Nagyszobában húzd föl a redőnyt.,nagy szobában húsz föl a redőint.,0.8
C_040_1000_shutter_bathroom_AOL,C_040,Húzd fel a redőnyt a fürdőszobába.,Hósz fel a rádőint a fürlő szavába.,0.6666666666666666
C_040_0001_computer_kitchen_LAO,C_040,A konyhába kapcsold ki a számítógépet.,A konyhába kapcsolatka a számidolgiaját.,0.5
C_040_0010_fan_bathroom_LAO,C_040,A fürdőszobába kapcsold be a ventilátort.,a füldő szabábok kapcsolatba a bandiláthort.,0.8333333333333334
C_040_0001_door_corridor_LAO,C_040,A folyosón nyisd ki az ajtót.,"A fővse van is, hogy őt gondolja.",1.0
C_040_0100_shutter_room_AOL,C_040,Húzd le a redőnyt a szobába.,Just the old red and the sobaapa.,1.1666666666666667
C_040_0001_dishwasher_kitchen_LAO,C_040,A konyhába kapcsold ki a mosogatógépet.,a konjába kapcsolat kell muszolatólyéppet.,1.0
C_040_0100_TV_room_LAO,C_040,A szobában csendesítsd a televíziót.,A szabában csendelségy a televíziót.,0.4
C_040_0010_heating_smallroom_LAO,C_040,A kisszobába kapcsold be a fűtést.,a kis szobába kapcsolatban fűtést.,0.8333333333333334
C_040_0010_window_corridor_LAO,C_040,A folyosón zárd be az ablakot.,A folyos vonzát az ablakod.,0.6666666666666666
C_040_0010_curtain_livingroom_AOL,C_040,Húzd be a függönyt a nagyszobába.,Húzba a figyelőt az atomába.,0.8333333333333334
C_040_0001_vacuum_kitchen_AOL,C_040,Kapcsold ki a porszívót a konyhába.,Kaptott kell porcívot a konyhába.,0.6666666666666666
C_040_0010_radio_room_AOL,C_040,Kapcsold be a rádiót a szobába.,Kapszott barát jövőt a szobába.,0.6666666666666666
C_040_0010_vacuum_bathroom_AOL,C_040,Kapcsold be a porszívót a fürdőszobába.,"Kaptam, hogy bárpár szép volt a félő szobába.",1.1666666666666667
C_040_0100_TV_livingroom_LAO,C_040,A nagyszobában csendesítsd a televíziót.,A naszobában csáldási így a televíziót.,0.6
C_040_1111_TV_smallroom_AOL,C_040,Válcs csatornát a televízión a kisszobába.,"Vács, gyöntön át a televíción ki a szobába.",1.0
C_040_0010_window_kitchen_LAO,C_040,A konyhába zárd be az ablakot.,A gondjába zállt bázal brakott.,0.8333333333333334
C_040_1111_radio_room_AOL,C_040,Vál csatornát a rádión a szobába.,Bárcsak tónat rád érnőszt a babá.,0.8333333333333334
C_040_1111_radio_kitchen_AOL,C_040,Vál csatornát a rádión a konyhába.,"Bársod, tornát, a rádéod a konyhába.",0.5
C_040_0001_fan_livingroom_LAO,C_040,A nagyszobába kapcsold ki a ventilátort.,a nagy szobábok kapcsolat kell vendé leáthatott.,1.1666666666666667
C_040_0010_door_livingroom_LAO,C_040,A nagyszobába zárd be az ajtót.,a nagyszer bába zárom fel az artót.,1.0
C_040_0010_vacuum_corridor_LAO,C_040,A folyosón kapcsold be a porszívót.,A folyasom kapcsolatbapot ér volt.,0.8333333333333334
C_040_0001_computer_corridor_AOL,C_040,Kapcsold ki a számítógépet a folyosón.,"Kaptott ki a számítógép, hogy tapörsvón.",0.6666666666666666
C_040_0001_fan_corridor_LAO,C_040,A folyosón kapcsold ki a ventilátort.,a fősón kapcsolat kevendi rától.,1.0
C_040_0001_vacuum_bathroom_AOL,C_040,Kapcsold ki a porszívót a fürdőszobába.,"kapcsolat kell portfévolta, főző szobába.",1.0
C_040_0001_radio_smallroom_AOL,C_040,Kapcsold ki a rádiót a kisszobába.,Kaptott ki a rádjót a későbába.,0.5
C_040_1000_electricity_corridor_LAO,C_040,A folyosón kapcsold fel a villanyt.,A fősőm kapcsolatokat vélják.,0.8333333333333334
C_040_1000_heating_room_AOL,C_040,Húzd fel a fűtést a szobába.,Húsz fel a füteisztot szabából.,0.6666666666666666
C_040_0001_radio_livingroom_LAO,C_040,A nagyszobába kapcsold ki a rádiót.,"A nagy szobába kapcsolott, hogy a rádió volt.",1.0
C_040_0100_heating_livingroom_AOL,C_040,Húzd le a fűtést a nagyszobába.,Újzlább ülték a nájszabába.,0.8333333333333334
C_040_1000_heating_room_LAO,C_040,A szobába húzd fel a fűtést.,a szabába a húszpele fűtést.,0.8333333333333334
C_040_1000_heating_corridor_AOL,C_040,Húzd fel a fűtést a folyosón.,Húszt felapültés tapős van.,1.0
C_040_0001_vacuum_smallroom_AOL,C_040,Kapcsold ki a porszívót a kisszobába.,"Kapszolt kell, posztív volt a kész a bába.",1.0
C_040_1000_shutter_bathroom_LAO,C_040,A fürdőszobába húzd fel a redőnyt.,a földösobába hóst fel a levend.,0.6666666666666666
C_040_0010_heating_kitchen_AOL,C_040,Kapcsold be a fűtést a konyhába.,kapcsolatba fűtét a konyhába.,0.6666666666666666
C_041_0010_heating_livingroom_AOL,C_041,Kapcsold be a fűtést a nagyszobában.,Katszabbá függésznál szóval.,1.0
C_041_0001_heating_smallroom_LAO,C_041,Kisszobában kapcsold ki a fűtést.,Kiszóbaban katol kevfigézt.,1.0
C_041_0010_fan_bathroom_AOL,C_041,Kapcsold be a ventillátort a fürdőszobában.,"Kötőbb, barban, tülátott a fütteszeabban.",0.8333333333333334
C_041_0010_vacuum_bathroom_LAO,C_041,A fürdőszobában kapcsold be a porszívót.,"Füldető babban, kaptő babot szépen.",1.0
C_041_0010_fan_livingroom_LAO,C_041,A nagyszobaban kapcsoldbe ventillátort.,Azt a babon kacodik ventilátot.,1.25
C_041_0010_window_livingroom_LAO,C_041,A nagyszobában zárd be az ablakot.,"Na, csomába, szárva, szárba kutatok.",1.0
C_041_0010_curtain_bathroom_LAO,C_041,A fürdőszobán húzd be a függönyt.,A függészett valamit bafugyatt.,0.8333333333333334
C_041_1000_TV_kitchen_LAO,C_041,Konyhában hangosíts tévét.,"Konyállóan az volt, és éjsztevet.",1.6666666666666667
C_041_1111_radio_livingroom_AOL,C_041,Vál csatornát a rádión a nagyszobában.,"Fátcsózó naht, radeó naht, csupapon.",1.0
C_041_0010_curtain_bathroom_AOL,C_041,Húzd be a függönyt a fürdőszobon.,"Húzba, függönt a függönteszőből.",0.8333333333333334
C_041_0001_curtain_room_AOL,C_041,Húzd szét a függönyt a szobaban.,"Kuszt hétem, hogy gondolkodnak szobában van.",1.0
C_041_0001_window_corridor_AOL,C_041,Nyisd ki az a ablakot a folyosón.,"Nincs tetszett, abban kutap főszul.",1.0
C_041_0001_vacuum_room_LAO,C_041,Szobában kapcsold ki a porszívót.,szubabál kaptott ki a pati volt.,0.8
C_041_0010_computer_corridor_AOL,C_041,Kapcsold be a számítógépet a folyosón.,"Köszönöm, hogy a fél színtok előtt.",0.8333333333333334
C_041_0001_computer_kitchen_LAO,C_041,A konyhában kappcsold ki a számítógép.,A konjában kaptott készen a togép.,0.6666666666666666
C_041_0001_stove_kitchen_AOL,C_041,Kapcsold ki a tűzhelyet a konyhában.,Kájtunk érte is el a konyában.,0.8333333333333334
C_041_0001_door_bathroom_AOL,C_041,Nyisd ki az ajtót a fürdőszobában.,"Nincs kezelt, úgyhogy fédre szobában.",1.0
C_041_0001_radio_corridor_AOL,C_041,Kapcsold ki a rádiót a folyosón.,"Hát, 2 kérdázió szoppolyája.",1.0
C_041_0010_heating_corridor_AOL,C_041,Kapcsold be a fűtést a folyosón.,"Plátta a bárfiutásra, preszál.",0.8333333333333334
C_041_0001_heating_bathroom_AOL,C_041,Kapcsold ki a fűtést a fürdőszobában.,"Kosszú kérfi desztály, hűreszőbárban.",1.0
C_041_0010_window_smallroom_AOL,C_041,Zárd be az ablakot a kisszobában.,Szállpennz a blokot a kétszer baban.,1.0
C_041_0010_washing machine_kitchen_AOL,C_041,Kapcsold be hatvan fokon a a mosógépet a konyhában.,"Kert a be, ha tett van fronassza, és most úgy éppetett, hogy van járban.",1.5555555555555556
C_041_0001_curtain_corridor_AOL,C_041,Húzd szét a függönyt a folyosón.,"Húzzá, ez a figyelten főzőről.",0.8333333333333334
C_041_0001_computer_smallroom_LAO,C_041,Kisszobában kapcsold ki a számítógépet.,"készen bármunt, kosszú, a gyölt számító gépett.",1.2
C_041_0001_radio_smallroom_AOL,C_041,Kapcsold ki a rádiót a kisszobában.,"kicsit kérdádi, hogy kicsit szobában.",1.0
C_041_0010_radio_room_AOL,C_041,Kapcsold be rádiót a szobában.,"Kötő brátni, óta szó papány.",1.0
C_041_0010_window_bathroom_LAO,C_041,A fürdőszobában zárd be az ablakot.,"Vídezsem babban, hogy albergzablokkut.",1.0
C_041_0001_computer_livingroom_LAO,C_041,A nagyszobában kapcsold ki a számítógépet.,"Na, te vármátkod, trókja, számítógép.",1.0
C_041_NULL_shutter_room_FAULTY_LAO,C_041,Szobában húzzad redőnyt.,Subvábott húzott adőt.,1.0
C_041_1000_heating_corridor_AOL,C_041,Húzd fel a fűtést a folyosón.,"Húzra, füttest a főső!",0.8333333333333334
C_041_0010_radio_room_LAO,C_041,A szobában kapcsold be rádiót.,A szobában a kapitól beledják a teóttal.,1.0
C_041_0001_curtain_livingroom_AOL,C_041,Húzd szét a függönyt a nagyszobaban.,"Köszönöm a gyertő, a nácsolóból.",0.6666666666666666
C_041_0001_computer_room_AOL,C_041,Kapcsold ki a számítógépet a szobában.,"Gratulkozom, itt ugye pedig tetszett a baban.",1.0
C_041_0100_electricity_corridor_LAO,C_041,Folyosón kapcsold le a villanyt.,Főszón kaptad a világ.,0.8
C_041_0010_vacuum_corridor_AOL,C_041,Kapcsold be a porszívót az folyosón.,Kácsapját pastig volt az feső.,0.8333333333333334
C_041_0001_computer_bathroom_ALO,C_041,Kapcsold ki a fürdőszobába számítógép.,Szóval számtok.,1.0
C_042_0001_vacuum_corridor_AOL,C_042,Kápcsold ki á porcsivót á fojjosón.,"Hát, zöldi, áppó tipp volt áppó jövő.",1.1666666666666667
C_042_0001_vacuum_livingroom_LAO,C_042,A nagyszobában kápcsold ki á porcsivót.,a nőttobában ápp törkei a pocsi volt.,1.1666666666666667
C_042_0010_curtain_bathroom_AOL,C_042,Húzgy be a függönyt a fürdőszobában.,Hogy bár a függentő videót bár?,0.8333333333333334
C_042_0100_electricity_smallroom_AOL,C_042,Kapcsold le a villányt a kisszobábá.,"Gondolom, legyen törbát ma.",1.0
C_042_1000_TV_room_AOL,C_042,Hangosítsd a tévét a szobában.,"Hát, nem tudom, hogy a kicsit kéne megjelni.",1.4
C_042_0001_computer_smallroom_LAO,C_042,A kisszobábá kápcsold ki á számítógépet.,"A ticsit szobá, a bánk, abszokt, állszámítok éppet.",1.1666666666666667
C_042_0001_heating_bathroom_AOL,C_042,Kapcsold ki a fűtést a fürdőszobában.,"Kaptam ki a fétét, a fétét, a bátbát.",0.8333333333333334
C_042_0010_radio_livingroom_AOL,C_042,Kapcsold be a rádiót a nagyszobában.,"Kaptam a helyre, de a tennősége van.",1.0
C_042_0001_computer_bathroom_AOL,C_042,Kapcsold ki a számítógépet a fürdőszobábá.,"Kapszott gyer, ötszámított gyer, pár tábbi, dösszöbbába.",1.1666666666666667
C_042_0001_vacuum_corridor_LAO,C_042,A fojjosón kapcsold ki á porcsivót.,"A folyó, sőmkápp, sőt, ki a folyó, sőmkápp.",1.0
C_042_0010_vacuum_smallroom_LAO,C_042,A kisszobában kapcsold be a porcsivót.,A kész várpán kapcsolj várpácsom volt.,0.8333333333333334
C_042_0100_heating_smallroom_LAO,C_042,Á kisszobába húzd le a fütést.,"abgyi szóbábá, húláá, füttes.",1.0
C_042_0010_radio_kitchen_LAO,C_042,Á konyhábá kapcsold be a rádiót.,akonj hábát kaptjunk be a rádjót.,0.6666666666666666
C_042_1000_shutter_room_AOL,C_042,Húzd fell a redőnyt a szobábán.,"Pulsz, te bellállj, de a gyönt, azt mondva a bán.",1.3333333333333333
C_042_0100_electricity_corridor_LAO,C_042,A fojjosón kapcsold le a vilányt.,"Hát, ha a félre is kaptál a lábány.",1.1666666666666667
C_042_0001_radio_kitchen_LAO,C_042,A konyhában khapcsold ki a rádiót.,a gondhábbon kormutatok a lányához.,0.8333333333333334
C_042_1000_shutter_smallroom_LAO,C_042,A kisszobábá húzd fel a redőny.,A kicsit szobába út szobállal adod.,0.8333333333333334
C_042_0100_electricity_room_LAO,C_042,A szobában kápcsold le a villánt.,"Azt találhatunk, kaptad a láblin.",0.8333333333333334
C_042_1000_TV_bathroom_AOL,C_042,Hangosítsd a tévét a fürdőszobábán.,"Hát most jövődőbb, de így beidnál, hogy benned a továbbant.",1.8
C_042_0001_door_bathroom_LAO,C_042,A fürdőszobábán nyiss ki az ajtót.,A füldőtől várban éjszke az utóft.,0.6666666666666666
C_042_0010_computer_kitchen_LAO,C_042,A konyhában khapcsold be a számítógépet.,"A konyhában kaptam, csalváltam, így a gépett.",0.6666666666666666
C_042_1111_radio_livingroom_LAO,C_042,A nagyszobában válcs csatornát a rádión.,"A nősdőbbá bombát, teltenetetél.",0.8333333333333334
C_042_1000_heating_smallroom_AOL,C_042,Húzd fel a fütés a kisszobában.,Kovuti fel a füte is a géterbábán.,0.6666666666666666
C_042_0100_heating_livingroom_LAO,C_042,A nagyszobába húzd le a fütés.,A nyastok bármát kutya a főtét.,0.6666666666666666
C_042_0010_window_bathroom_AOL,C_042,Zárd be az ablakot a fürdőszobábá.,"Zsádbárzabb lakotővédőtől, párpár.",1.0
C_042_0001_vacuum_bathroom_LAO,C_042,A fürdőszobában kápcsold ki á porszívót.,a fődőcsönbár bár kapszóz ki a posztúk volt.,1.1666666666666667
C_042_1000_heating_bathroom_AOL,C_042,Húzd fel a fütés a fürdőszobában.,A belállfidés elvindőt a párn.,0.8333333333333334
C_042_1000_electricity_corridor_LAO,C_042,A fojjosón kapcsold fel a villant.,"A folygyozsón kárcsőt fel, abban látni.",0.8333333333333334
C_042_0001_washing machine_kitchen_AOL,C_042,Kapcsold be harminc fokon a mosógépet a konyhába.,"Kovtubá, hámi fúkon, a bontja, gebert, a gonyába.",0.875
C_042_0100_shutter_corridor_AOL,C_042,Húzd le a ledőnyt a fojjosón.,"Hú, lá, le, döndáll, pár értson.",1.0
C_042_0100_TV_corridor_LAO,C_042,Á fojjosón csendesítsd a tévét.,A folyóftong tanlást is a update piece.,1.2
C_042_0100_heating_corridor_LAO,C_042,A fojjosón húzd le a fűtést.,"Hát folyos, tovább idős.",1.0
C_042_0001_window_corridor_AOL,C_042,Nyisd ki az ablakot a fojjo són.,"Nyszke az ablakodás, vagy függs, és onnan.",1.0
C_042_0010_door_kitchen_LAO,C_042,A konyhában zárd be az ajtó.,A konyságban tett bárzatok.,0.8333333333333334
