utt_id,speaker,reference,prediction,wer
C_001_0001_stove_NULL_AO,C_001,Kapcsold ki a hűtő ő villanytűzhelyt,Kapcsold ki a tűzhelyet a villanyt és helyt,0.8333333333333334
C_001_0010_heating_NULL_AO,C_001,Kapcsold be a rá radiátort,Kapcsold be a radiátort,0.2
C_001_0001_computer_NULL_AO_2,C_001,Kikapcsoltad a monitort,Vikapcsoltad a ventilátort,0.6666666666666666
C_001_0100_shutter_kitchen_AOL,C_001,Ereszd le a zsala zsalut a konyhába,A redőnyt a szobába szobába konyhában,0.8571428571428571
C_002_0010_window_smallroom_AOL,C_002,Zárjuk be az ablakot a kisszobába,Csendesícsd a tévét a kisszobában,0.8333333333333334
C_002_0001_vacuum_room_LAO,C_002,Szobába kapcsoljuk ki a porszívót,Szobába kapcsoljuk ki a porszívót,0.0
C_002_0100_TV_NULL_AO,C_002,Vegyük halkabbra a televíziót,Vegyük halkok a televíziót,0.25
C_002_0001_door_smallroom_LAO,C_002,Kisszobába nyissuk ki az ajtót,Szobába nyissuk ki az ajtót,0.2
C_002_0010_fan_smallroom_AOL,C_002,Kapcsoljuk be a ventilátorokat a kisszobába,Kapcsoljuk be a ventilátorokat a kisszobában,0.16666666666666666
C_002_0001_vacuum_smallroom_LAO,C_002,Kisszobába kapcsoljuk ki a porszívót,Kisszobába kapcsoljuk ki a porszívót,0.0
C_002_0010_heating_corridor_LXAO,C_002,A folyosón hideg a radiátor ezért be kell kapcsolni a termosztátot,Folyosó nyit meg a radiátort nyit be kell kapcsoldni a termosztátot,0.5454545454545454
C_002_1000_electricity_kitchen_LAO,C_002,Konyhába kapcsoljuk fel a villanyt,Konyhában kapcsoljuk fel a villanyt,0.2
C_002_0001_window_NULL_XAO,C_002,Jó idő van nyissuk ki az ablakokat,A redőnyő nyissuk ki az ablakot,0.5714285714285714
C_002_0001_window_smallroom_AOL,C_002,Nyissuk ki az ablakot a kisszobába,Nyissuk ki az ablakot a kisszobában,0.16666666666666666
C_002_0010_door_livingroom_LAO,C_002,Nagyszobába csukjuk be az ajtót,Nagyszobába csukjuk be az ajtót,0.0
C_003_0001_fan_kitchen_AOL,C_003,Kapcsold ki a ventilátort a konyhába,Kapcsold ki a ventilátort a konyhában,0.16666666666666666
C_003_0010_fan_livingroom_AOL,C_003,Kapcsold be a ventilátort a nagyszobába,Kapcsold be ventillátort a nagyszobába,0.3333333333333333
C_003_0001_window_bathroom_LAO,C_003,Fürdőszobába nyisd ki az ablakot,Fürdőszobába nyisd ki az ablakot,0.0
C_003_0010_radio_smallroom_LAO,C_003,Kisszobába kapcsold be a rádiót,Kisszobába kapcsold be a rádiót.,0.2
C_003_0001_fan_smallroom_AOL,C_003,Kapcsold ki a ventilátort a kisszobába,Kapcsold ki a ventillátort a kisszobába,0.16666666666666666
C_003_0001_radio_kitchen_OAL,C_003,A rádiót kapcsold ki a konyhán,A rádiót kapcsold ki a konyhába.,0.16666666666666666
C_003_0010_curtain_room_LAO,C_003,Szobába húzd be a függönyt,Szobába húzd be a függönyt,0.0
C_003_0010_vacuum_room_AOXL,C_003,Kapcsold be a porszívót légyszi a szobába,Kapcsold be a porszívót légy szobában.,0.42857142857142855
C_003_0010_door_room_LAO,C_003,A szobába zárd be az ajtót,A szobába zárd be az ajtót,0.0
C_003_0001_washingmachine_NULL_AO,C_003,A mosógépet indítsd el és állítsd be a harminc fok melegre,A mosógépet indítsd le és állítsd be a harminc fokra.,0.2727272727272727
C_003_0010_curtain_kitchen_LAO,C_003,Konyhába húzd be a függönyt,Konyhába húzd be a függönyt.,0.2
C_003_0001_door_smallroom_AOL,C_003,Nyisd ki a ajtót a kisszobába,Nyisd ki a ajtót a kisszobába,0.0
C_003_0010_radio_room_LAO,C_003,A szobába kapcsold be a rádiót,Szobában a kapcsold be a rádiót,0.3333333333333333
C_003_0010_heating_corridor_AXOL,C_003,Kapcsold be légy szíves a termosztátot a folyosón,Kapcsold be légy szíves a mosá a folyosón,0.125
C_004_0001_door_smallroom_LAO,C_004,Kisszoba nyit ajtom,Fürdőszobába nyit ajtom,0.3333333333333333
C_004_0100_electricity_room_LAO,C_004,Szoban le lekapcsolol lámpam,Szoban le lekapcsolni lámpam,0.25
C_004_1111_NULL_kitchen_LA,C_004,Konyha csatornat válni,Konyhába csatorna válni,0.6666666666666666
C_004_0001_vacuum_kitchen_OAL,C_004,Porszívót ki konyha,Porcívót ki konyhába,0.6666666666666666
C_004_0010_window_smallroom_LAO,C_004,Kisszoba bezárni a nap ablakokat,Kisszoban bezzárni a nagy a a plokotan,1.2
C_004_0001_vacuum_bathroom_OAL,C_004,Porszivo ki fürdőszob,Porcibo ki fürdőszobába,0.6666666666666666
C_004_1111_NULL_room_LA,C_004,Szoban csatornát válni,Szoban csatornát válni,0.0
C_004_NULL_toaster_kitchen_OL,C_004,Piritos konyhában,Pirítós konyhában,0.5
C_004_0001_curtain_room_LAO,C_004,Szoba felhúz függöny,Szoba fel húzd függöny,0.6666666666666666
C_004_0001_door_bathroom_LAO,C_004,Fürdőszoban nyit ajton,Fürdőszoban nyit ajtom,0.3333333333333333
C_004_0001_curtain_livingroom_LAO,C_004,Nagyszoban felhuz függöny,Nagyszoban felhúz függöny,0.3333333333333333
C_004_0010_curtain_kitchen_LAO,C_004,Konyhába húz be a függönyt,Konyhában húzd be a függöny,0.6
C_004_NULL_fan_smallroom_LO,C_004,Kisszoban telendilátor,Kisszoban fel lentilátor,1.0
C_005_0010_computer_room_AOL,C_005,Kapcsold be a számítógép et a szobában,Kapcsold be a számítógép  ret a szobában,0.14285714285714285
C_005_0010_radio_room_AOL,C_005,Kapcsold be a rádiót a szobában,Kapcsold be a rádiót a szobában,0.0
C_005_0010_door_livingroom_AOL,C_005,Zárd be a ajtót a nagyszobában ,Zárd be a für a ajtót a nagyszobában,0.3333333333333333
C_005_1000_shutter_room_AOL,C_005,Húzd fel a redőnyöket a szobában,Húzd fel a redőnyöket a szobában,0.0
C_005_0010_stove_kitchen_LAO,C_005,A konyhában kapcsold be a gázt,A konyhában kapcsold be a gázt,0.0
C_005_1000_electricity_smallroom_LAO,C_005,A kisszobában kapcsold fel a lámpát,A kisszobában kapcsold fel a lámpát,0.0
C_005_0001_window_room_LAO,C_005,A szobában kinyitjuk a a ablakot,A szobában kinyitjuk a aj a ablakot,0.16666666666666666
C_005_0100_electricity_livingroom_AOL,C_005,Kapcsold le a villanyt a nagyszobában,Kapcsold le a villany a nagyszobában,0.16666666666666666
C_005_1111_radio_kitchen_AOL,C_005,Kapcsold át a rádiót a konyhában,Kapcsold át a rádiót a konyhában,0.0
C_005_0010_fan_room_AOL,C_005,Kapcsold be a ventillátort a szobában,Kapcsold be a le a ventilátort a szobában,0.5
C_005_0001_window_livingroom_AOL,C_005,Kinyityuk a ablakot a nagyszobában,Kinyitjuk a ablakot a nagyszobában,0.2
C_005_1000_TV_smallroom_AOL,C_005,Hangosídd fel a tévét a kisszobában,Hangosítsd fel a tévét a kisszobában,0.16666666666666666
C_006_0001_curtain_smallroom_AOL,C_006,Húzd szét a függönyt a kisszobában,Húzd szét a függönyt a kisszobában,0.0
C_006_0010_vacuum_livingroom_AOL,C_006,Kapcsold be a porszívót a nagyszobában,Kapcsold be a porszívót a nagyszobában,0.0
C_006_0100_shutter_room_LAO,C_006,A szobában húzd le a redőnyt,A szobában húzd le a redőnyt,0.0
C_006_1000_TV_livingroom_AOL,C_006,Vedd feljebb a televíziót a nagyszobában,Vedd feljebb a televíziót a nagyszobában,0.0
C_006_0010_curtain_smallroom_AOL,C_006,Húzd be a függönyt a kisszobában,Húzd be a függönyt a kisszobában,0.0
C_006_0100_dishwasher_kitchen_LAO,C_006,A konyhában kapcsold be a mosogatógépet,A konyhában kapcsold be a mosogatógépet,0.0
C_006_1000_heating_smallroom_LAO,C_006,A kisszobában húzd fel a radiátort,A kisszobába húzd fel a radiátort,0.16666666666666666
C_006_0001_vacuum_room_LAO,C_006,A szobában kapcsold ki a porszívót,A szobában kapcsold ki a porszívót,0.0
C_006_0001_curtain_livingroom_AOL,C_006,Húzd szét a függönyt a nagyszobában,Húzd szét a függönyt a nagyszobában,0.0
C_006_1000_heating_bathroom_LAO,C_006,Fürdőszobában húzd fel a radiátort,Fürdőszobában húzd fel a radiátort,0.0
C_006_1000_shutter_room_LAO,C_006,A szobában hihúsz fel a redőnyt,A szobába nyícsd fel a redőnyt.,0.5
C_006_0100_electricity_bathroom_LAO,C_006,A fürdőszobában kapcsold le a villanyt,A fürdőszobában kapcsold be a villanyt,0.16666666666666666
C_006_0001_heating_kitchen_LAO,C_006,A konyhában kapcsold ki a radiátort,A konyhában kapcsold ki a radiátort,0.0
C_006_0001_curtain_bathroom_LAO,C_006,A fürdőszobábn húzd szét a függönyt,A fürdőszobában húzd szét a függönyt.,0.3333333333333333
C_006_0100_shutter_corridor_AOL,C_006,Húzd le a redőnyt a folyosón,Húzd le a redönyt a folyosón,0.16666666666666666
C_006_0001_computer_room_LAO,C_006,A szobában kapcsold ki a számítógépet,A szobában kapcsold ki a számítógépet,0.0
C_006_1000_electricity_livingroom_LAO,C_006,A nagyszobában kapcsold fel a villanyt,A nagyszobában kapcsold fel a villanyt,0.0
C_006_0001_fan_smallroom_AOL,C_006,Kapcsold ki a ventillárot a kisszobában,Kapcsold ki a ventillátort a kisszobában,0.16666666666666666
C_006_0010_heating_livingroom_AOL,C_006,Kapcsold be a radiátort a nagyszobában,Kapcsold be a radiátort a nagyszobában,0.0
C_006_0001_curtain_smallroom_LAO,C_006,A kisszöbában húzd szét a függönyt,A kisszobában húzd szét a függönyt,0.16666666666666666
C_006_0100_heating_kitchen_LAO,C_006,A konyhában húzd le a radiátort,A konyhában húzd le a radiátort,0.0
C_006_0100_heating_bathroom_LAO,C_006,A fürdőszobában húzd le a radiátort,A fürdőszobában húzd le a radiátort,0.0
C_006_0001_heating_livingroom_LAO,C_006,A nagyszobában kapcsold ki a radiátort,A nagyszobában kapcsold ki a radiátort,0.0
C_006_0001_window_corridor_LAO,C_006,A folyosón nyisd ki az ablakot,A folyosón nyisd ki az ablakot,0.0
C_006_0100_electricity_bathroom_AOL,C_006,Kapcsold le a villanyt a fürdőszobában,Kapcsold le a villanyt a fürdőszobában,0.0
C_006_0001_washingmaschine_bathroom_LAO,C_006,A fürdőszobábana kapcsold be a mosást harminc fokon,A fürdőszobában kapcsold be a mosást harminc fokra,0.25
C_006_1000_shutter_kitchen_LAO,C_006,A konyhában húzd fel a redőnyt,A konyhában húzd fel a redőnyt,0.0
C_007_0010_door_livingroom_AOL,C_007,Zárd be az ajtót a nagyszobában,Zárd be az ajtót a nagyobában.,0.16666666666666666
C_007_0001_curtain_kitchen_LAO,C_007,A konyhában húzd szét a függönyt,A konyhában húzd szét a függönyt,0.0
C_007_0010_toaster_kitchen_LAO,C_007,A konyhába kapcold be a pirítósz,A konyhában kapcsold be a pirítós.,0.5
C_007_1111_radio_kitchen_ALO,C_007,Vál csatornát a konyhában a rádión,Válts csatornát a konyhában a rádión,0.16666666666666666
C_007_0010_curtain_bathroom_LAO,C_007,A fürdőszobába húzd be a függönyt,A fürdőszobába húzd be a függönyt,0.0
C_007_0100_heating_smallroom_AOL,C_007,Húzd le ladiátort a kisszobában,Húzd le a radiátort a kisszobában,0.4
C_007_0001_heating_corridor_LAO,C_007,A folyoszon kapcsold ki a radiátort,Az folyosón kapcsold ki a radiátort,0.3333333333333333
C_007_1000_shutter_bathroom_LAO,C_007,A fürdőszobába húzd fel a redőnyt,A fürdőszobába húzd fel a a ledőnyt,0.3333333333333333
C_007_0010_washingmaschine_kitchen_AOL,C_007,Kapcsold be a mo mosógépet a konyhában hatvan fokon,Kapcsold be a múl mosógépet a konyhában hatvan fokon,0.1111111111111111
C_007_1000_heating_livingroom_LAO,C_007,A nagyszobában húzd fel a iladitátort,A nagycobában húzd fel a villaniátort,0.3333333333333333
C_007_0100_TV_livingroom_LAO,C_007,A nagyszobában halkítsd a tévét,A nagyszobában halkíts a tévét,0.2
C_007_0001_heating_room_LAO,C_007,A szobába kapcsold ki a radiátort,A szobában kapcsold ki a radiátort,0.16666666666666666
C_007_0001_door_bathroom_AOL,C_007,Nyiszd ki az ajtót a fürdőszobába,Nyiszd ki az ajtót a fürdőszobában,0.16666666666666666
C_007_1000_electricity_corridor_AOL,C_007,Kapcsold fel a villanyt a folyosón,Kapcsold fel a villany a folyosón,0.16666666666666666
C_007_0010_window_smallroom_AOL,C_007,Zárd be az ablakot a kisszubában,Zárd be az ablakot a kisszobában,0.16666666666666666
C_007_0010_window_livingroom_LAO,C_007,A nagyszobában zárd be a ablakot,Az nagyszobába zárd be a ablakot,0.3333333333333333
C_007_0001_heating_livingroom_AOL,C_007,Kapcsold ki a radiátort a nagyszobában,Kapcsold ki a radiátort a nagycobában,0.16666666666666666
C_007_0001_fan_livingroom_AOL,C_007,Kapcsold ki a ventillátort a nagyszobában,Kapcsold ki a ventillátort a nagycobában,0.16666666666666666
C_007_1000_electricity_bathroom_AOL,C_007,Kapcsold föl a villanyt a fürdőszobában,Kapcsold föl a villanyt a fürdőszobában,0.0
C_007_1000_TV_livingroom_AOL,C_007,Hangosíd a tévét a nagyszobában,Hangosít a tévét a nagycobában,0.4
C_007_0001_door_kitchen_AOL,C_007,Nyisd k iaz ajtot a konyhában,Nyisd ki az ajtót a konyhában,0.5
C_007_1000_heating_smallroom_AOL,C_007,Húzd fel a radiátort a kisszobában,Húzd fel a radiátort a kis szobában,0.3333333333333333
C_007_0100_electricity_corridor_AOL,C_007,Kapcsold le a villanyt a folyosón,Kapcsold le a villanyt a folyosón,0.0
C_007_0001_window_livingroom_AOL,C_007,Nyisd ki a a ablakot a nagyszobában,Nyisd ki a ablakot a nagyszobában,0.14285714285714285
C_007_0010_computer_smallroom_LAO,C_007,A kisszobában kapcsold be a számítógépet,A kisszobában kapcsold be a számítógépet,0.0
C_007_0100_electricity_bathroom_AOL,C_007,Kapcsold be a villanyt a fürdőszobába,Kapcsold be a villanyt a fürdőszobában,0.16666666666666666
C_007_0010_window_bathroom_LAO,C_007,A fürdőszobában zárd be az ablakot,A fürdőszobában zár be az ablakot,0.16666666666666666
C_008_1000_electricity_livingroom_AOL,C_008,Kapcsold fel a villanyt a nagyszobában,Kapcsold fel a villanyt a nagycobában,0.16666666666666666
C_008_1111_TV_livingroom_ALO,C_008,Válts csatornát a nagyszobában a tévén,Zvál csatornát a nagyszobában a kívín,0.3333333333333333
C_008_1000_TV_smallroom_AOL,C_008,Angosítsd fel a tévét a kisszobában,Angosítsd fel a tévét a kisszobában,0.0
C_008_0001_heating_kitchen_LAO,C_008,Konyhában kapcsold ki a radiátor,A konyhában kapcsold ki a radirátort,0.6
C_008_0001_curtain_corridor_AOL,C_008,Húzd szét a függöny a folyosón,Húzd szét a függönyt a folyosón,0.16666666666666666
C_008_0010_dishwasher_kitchen_LAO,C_008,A konyhában kapcsold be a mosogatógépet,A konyhában kapcsold be a mosogatógépet,0.0
C_008_0010_heating_kitchen_AOL,C_008,Kapcsold be a anitátor a konyhában,Kapcsold be a radirátor a konyhában,0.16666666666666666
C_008_0100_heating_livingroom_ALO,C_008,Úzd lejjebb a nagyszobában a radirátor,Húzd lejjebb a nagycobában a a  eh a nadirátort,1.0
C_008_0010_washingmaschine_bathroom_LOA,C_008,Fürdőszobában kapcsold be a mosógépet haszvan fokon,Fürdőszobában kapcsold be a mosógépet az van fokon,0.2857142857142857
C_008_0001_computer_room_LAO,C_008,A szobádon kikapcsolom szeámítógépet,A szobándort kikapcsorrom az elmítógépett,1.0
C_008_0010_fan_bathroom_LAO,C_008,A fürdőszobában kapcold be a ventilátor,A fürdőszobában kapcsold be a ventillátor,0.3333333333333333
C_008_0010_curtain_bathroom_AOL,C_008,Húzd be a függönyt a fürdőszobában,Húzd be a függönyt a fürdőszobában,0.0
C_008_0001_vacuum_bathroom_LAO,C_008,A fürdőszobában kapcsold ki a porszívót,A fürdőszobában kapcsold ki a porszívót,0.0
C_008_0001_curtain_kitchen_AOL,C_008,Húzd szét a függönyöket a konyhában,Úzd szét a függönyöket a konyhában,0.16666666666666666
C_008_1000_heating_room_AOL,C_008,Húzd feljebb a radidátort a szobában,Ózd feljebb a nadirátort a szobámban,0.5
C_008_0010_curtain_livingroom_LAO,C_008,A nagyszobában húzd be a függöny,A nagyszobában húzd be a függöny,0.0
C_008_1000_TV_livingroom_LAO,C_008,A nagyszobában angosítsd fel a tévét,A nagyszobámban angosítsd fel a tévét,0.16666666666666666
C_008_0100_electricity_smallroom_AOL,C_008,Kapcsold le a villanyt ké kisszobában,Kapcsold le a villanyt kisszobában,0.16666666666666666
C_008_0010_NULL_livingroom_AL,C_008,Kapcsold be a nagyszobában,Kapcsold be a nagycobában,0.25
C_008_0001_curtain_kitchen_LAO,C_008,A konyhában húzd két a függöny,A konyhában húzd szét a függöny,0.16666666666666666
C_008_1000_electricity_kitchen_AOL,C_008,Katvold fel a villanyt a konyhában,Kapcsold fel a villanyt a konyhában,0.16666666666666666
C_008_0010_computer_livingroom_ALO,C_008,Kapcsold be a nagyszobában a számítógépet,Csapcsold be a nagyszobában a számítógéplet,0.3333333333333333
C_008_0010_curtain_bathroom_LAO,C_008,A fürdőszobában húz be a függönyt,A fürdőszobában húzd be a függönyt,0.16666666666666666
C_008_0100_heating_room_LAO,C_008,A szobában hőzd lejjebb a radidátor,A szobában húzd eljjebb a radidátor,0.3333333333333333
C_008_0010_vacuum_bathroom_AOL,C_008,Kapcsold be a porszívót a fürdőszobában,Kapcsold be a porszívót a fürdőszobában,0.0
C_008_0010_radio_livingroom_AOL,C_008,Kapcsold be a rádiód a nagyszobában,Kapcsold be a rádiót a nagyszobában,0.16666666666666666
C_008_0010_curtain_smallroom_LAO,C_008,A kisszobában húz be a függönyt,A kisszobában húzd be a függönyt,0.16666666666666666
C_008_0010_heating_corridor_LAO,C_008,A folyojot kapcsold be a radidátort,A fojjót kapcsold be a radidátort,0.16666666666666666
C_009_1000_shutter_bathroom_AOL,C_009,Huzd fel a redönyt fürdőszobaban,Húzd fel a redőnyt fürdőszobában.,0.6
C_009_0010_fan_bathroom_AOL,C_009,Kapcsold be a ventillatort a fürdőszobaban,Csapcsold be a ventilátort a fürdőszobában,0.5
C_009_1000_electricity_livingroom_AOL,C_009,Kapcsold fel a villanyt a nagyszobaban,Kapcsold fel a világítást a gombót.,0.3333333333333333
C_009_0100_electricity_smallroom_AOL,C_009,Kapcsold le a villant a kisszobaban,Kapcsold le a villanyt a kisszobában.,0.3333333333333333
C_009_0100_electricity_corridor_AOL,C_009,Kapcsold le a villant a folyosón,Kapcsold le a villanyt a folyosón.,0.3333333333333333
C_009_0010_window_bathroom_LAO,C_009,A fürdőszobaban zárd be az ablakot,A fürdőszobaban zárd be az ablakot,0.0
C_009_0010_window_smallroom_LAO,C_009,A kisszobaban zárd az ablakot,A kisszobában az ajtót a folyosón.,1.0
C_009_0010_window_kitchen_AOL,C_009,Zárd be az ablakot a konyhában,Zárd be az ablakot a konyhában.,0.16666666666666666
C_009_0010_window_corridor_AOL,C_009,Zárd be az ablakot a folyosón,Zárd be az ablakot a nagyszobában.,0.16666666666666666
C_009_0100_shutter_smallroom_AOL,C_009,Huzd le a redönyt a kisszobaban,Húzd le a redőnyt kisszobában.,0.6666666666666666
C_009_0010_radio_room_AOL,C_009,Kapcsold a rádet a szobaban,Kapcsold be a rádiót a szobában.,0.6
C_009_0100_electricity_room_LAO,C_009,A szobaban kapcsold le a villanyt,A szobában kapcsold le a rádiot,0.3333333333333333
C_009_1000_TV_room_LAO,C_009,A szobába hangosítsd fel a tévét,A szobaban hangosítsd fel a tévét,0.16666666666666666
C_009_0001_computer_smallroom_LAO,C_009,A kisszobában kapcsold ki a zámítógépet,A kisszobában hangapcsold ki a rádiót a nagyszobába.,0.6666666666666666
C_010_0010_fan_room_LAO,C_010,A szobában kapcsold be a ventilátort,A szobában kapcsold be a ventilátor,0.16666666666666666
C_010_0001_computer_smallroom_LAO,C_010,A kisszobába kapcsold ki a számítógépet,A kisszobában kapcsold ki a számítógépet,0.16666666666666666
C_010_0001_curtain_corridor_LAO,C_010,A folyosón húzd szét a függönyt,A folyosón húzd szét a függönyt,0.0
C_010_0010_curtain_bathroom_AOL,C_010,Húzd be a függönyt a füldőszobába,Húzd be a ventallítót a lányom,0.3333333333333333
C_010_0010_window_bathroom_LAO,C_010,A fürdőszobában zárd be az ablakot,A sütőszobába nyisd ki az ablakot,0.5
C_010_0001_radiator_room_AOL,C_010,Kapcsold ki a radiátort a szobába,Kapcsold fel a radiátort a szobában,0.3333333333333333
C_010_0010_fan_kitchen_LAO,C_010,A konyhába kapcsold be a ventilátort,A konyhában kapcsold be a ventilátort,0.16666666666666666
C_010_1000_electricity_corridor_AOL,C_010,Kapcsold fel a villanyt a folyosón,Kapcsold fel a villanyt a folyosón,0.0
C_010_0001_curtain_kitchen_AOL,C_010,Húzd szét a függönyt a konyhába,Húzd szét a függönyt a lányom,0.16666666666666666
C_010_0010_window_corridor_AOL,C_010,Zárd be az ablakot a folyosón,Zárd be az ablakot a folyosón,0.0
C_010_1000_radiator_livingroom_AOL,C_010, Húzd fel a radiátort a nagycobába,Húzd fel a radiátort a nagyszobába,0.16666666666666666
C_010_0100_electricity_bathroom_LAO,C_010,A füldőszobában kapcsold le a villanyt,A fürdőszobában kapcsold le a villanyt,0.16666666666666666
C_010_0010_door_room_AOL,C_010,Zárd be az ajtót a szobába,Számd az ajtószobába,0.8333333333333334
C_010_0100_radiator_livingroom_AOL,C_010,Húzd le a radiátort a nagycobába,Húzd le a radiátort a nagycobába,0.0
C_010_0100_electricity_kitchen_LAO,C_010,A konyhában kapcsold le a villanyt,A konyhában kapcsold le a villanyt,0.0
C_010_0010_toaster_kitchen_OAL,C_010,A kenyérpirítót kapcsold be a konyhába,Kenyérpirítót kapcsold be konyhában,0.6666666666666666
C_010_0010_curtain_corridor_LAO,C_010,A folyosón húzd be a fügönyt,A folyosón húzd le a fűtést,0.3333333333333333
C_010_0010_vacuum_livingroom_AOL,C_010,Kapcsold be a porszívót a nagycobába,Kapcsold be a porszívót a nagycobában,0.16666666666666666
C_010_0010_door_kitchen_AOL,C_010,Zárd be az ajtót a konyhában,Huzárd be az ajtót a konyhába hangosítsd,0.5
C_010_0010_window_room_LAO,C_010,A szobában zárd be az ablakot,A szobában zárd be az ablakot,0.0
C_010_0001_vacuum_livingroom_AOL,C_010,Kapcsold ki a porszívót a nagycobába,Csapcsold ki a porszívót a nagycobában,0.3333333333333333
C_010_1111_radio_corridor_AOL,C_010,Válts csatornát a rádión a folyosón,Válts csatornát a rádión a folyosón,0.0
C_010_0010_radiator_bathroom_AOL,C_010,Kapcsold be a radiátort a fühldőszobába,Csatord be a radiátort a fürdőszobába,0.3333333333333333
C_010_0100_radiator_room_AOL,C_010,Húzd le a radiátort a szobába,Húzd le a radiátort a szobába,0.0
C_010_0100_radiator_bathroom_AOL,C_010,Húzd le a radiátort a fühldőszobába,Zárd be a radiátort a fürdőszobába húzd,0.6666666666666666
C_010_1000_electricity_kitchen_AOL,C_010,Kapcsold fel a villanyt a konyhában,Kapcsold fel a villanyt a konyhában,0.0
C_010_0010_curtain_room_AOL,C_010,Húzd be a függönyt a szobában,Húzd le a fűtést a szobába,0.5
C_010_1000_shutter_corridor_LAO,C_010,A folyosón húzd fel a ledőnyöket,A folyosón húzd fel a redőnyöket,0.16666666666666666
C_011_1000_electricity_kitchen_AOL,C_011,Kapcsold fel a villanyt a konyhába,Kapcsold fel a villanyt a konyhába,0.0
C_011_1111_TV_smallroom_AOL,C_011,Csatornát váltson a tévében a kisszobában,Csatornát váltson a tévénben a kisszobában,0.16666666666666666
C_011_0001_fan_livingroom_AOL,C_011,Kapcsold ki a ventilátort a nagyszobába,Kapcsold ki a ventillátort a nagyszobába,0.16666666666666666
C_011_0001_fan_smallroom_AOL,C_011,Kapcsold ki a ventilátört a kisszobába,Kapcsold ki a ventilátort a kisszobába,0.16666666666666666
C_011_0001_door_room_LAO,C_011,A szobába nyisd ki az ajtót,A szobába nyisd ki az ajtót,0.0
C_011_1000_TV_corridor_AOL,C_011,Hangosítsd fel a tévét a folyosóba,Hangosítsd fel a tévét a folyosón van,0.3333333333333333
C_011_0010_curtain_bathroom_AOL,C_011,Húzd be a függönyt a fürdőszobába,Húzd be a függönyt a fürdőszobába,0.0
C_011_0001_TV_room_AOL,C_011,Hangosítsd ki a tévét a szobába,Hangosítsd ki a tévét a szobába,0.0
C_011_0100_TV_livingroom_LAO,C_011,A nagyszobában hangosítsd le a tévét,A nagyszobában hangosítsd le a tévét,0.0
C_011_1000_shutter_corridor_AOL,C_011,Húzd fel a redőnyt a folyosóra,Húzd fel a redőnyt a folyosóra,0.0
C_011_0100_shutter_room_LAO,C_011,A szobába engedd le a redőnyt,A szobában engedd le a redőnyt,0.16666666666666666
C_011_0100_shutter_bathroom_AOL,C_011,Húzd le a redőnyt a fürdőszobába,Húzd le a redőnyt a fürdőszobába,0.0
C_011_0010_door_bathroom_AOL,C_011,Zárd ki az ajtót a fürdőszobába,Zár ki az ajtót a fürdőszobába,0.16666666666666666
C_011_0100_shutter_kitchen_AOL,C_011,Húzd le a redőnyt a konyhába,Húzd le a redőnyt a konyhába,0.0
C_011_0001_oven_kitchen_LAO,C_011,A konyhában kapcsold ki a sütőt,A konyhában kapcsold ki a sütőt,0.0
C_011_0100_electricity_bathroom_AOL,C_011,Kapcsold le a villanyt a fürdőszobában,Kapcsold le a villanyt a fürdőszobában,0.0
C_011_0100_electricity_smallroom_AOL,C_011,Kapcsold le a villanyt a kisszobába,Kapcsold le a villanyt a kisszobába,0.0
C_013_1000_corridor_electricity_LAO,C_013,A folyosóban kapcsold fel a villanyt,A mosóban kapcsold fel a villanyt,0.16666666666666666
C_013_0001_bathroom_washingmachine_LAO,C_013,A fürdőszobában kapcsold be a mosógépet harminc fokon,A fürdőszobában kapcsold be a mosógép hetet harminc fokra,0.375
C_013_0001_livingroom_curtain_AOL,C_013,Húzd szét a függönyt a nagyszobában,Húzd szét a függönyt a nagyszobában,0.0
C_013_0010_smallroom_curtain_AOL,C_013,Húzd be a függönyt a kisszobában,Húzd be a függönyt a kisszobában,0.0
C_013_0001_corridor_fan_AOL,C_013,Kapcsold ki a ventilátort a folyosóban,Kapcsold ki a ventilátort a folyosóban,0.0
C_013_0100_bathroom_radiator_LAO,C_013,Fürdőszobában vedd lejjebb a radiátort,Fürdőszobában vedd lejjebb a radiátort,0.0
C_013_0010_smallroom_window_LAO,C_013,Kisszobában zárjuk be az ablakot,Kisszobában zárjuk be az ablakot,0.0
C_013_1111_bathroom_TV_AOL,C_013,Váltsd csatornát a tévén a fürdőszobába,Váltsd csatornát a tévén a fürdőszobában,0.16666666666666666
C_013_0010_room_curtain_LAO,C_013,Szobában húzd be a függönyt,Szobában húzd be a függönyt.,0.2
C_013_0001_livingroom_fan_AOL,C_013,Kapcsold ki a ventilátort a nagyszobában ,Kapcsold ki a ventillátort a nagyszobában,0.16666666666666666
C_013_0001_kitchen_radiator_LAO,C_013,Konyhában kapcsold ki a a radiátort,Konyhában kapcsold ki a radiátor.,0.3333333333333333
C_013_1111_room_TV_AOL,C_013,Váltsd csatornát a tévén a szobába,Válts csatornát a tévén szobában,0.5
C_013_0001_livingroom_curtain_LAO,C_013,Nagyszobában húzd szét a függönyt,Nagyszobában húzd szét a függönyt,0.0
C_013_0100_livingroom_radiator_LAO,C_013,Nagyszobában vedd lejjebb a radiátort,Nagyszobában emeld lejjebb a radiátort.,0.4
C_013_0010_smallroom_computer_AOL,C_013,Kapcsold be a számítógépet a kisszobában,Kapcsold be a számítógépet a kisszobában,0.0
C_013_0001_livingroom_computer_AOL,C_013,Kapcsold ki a számítógépet a nagyszobában,Kapcsold ki a számítógépet a nagyszobában,0.0
C_013_0010_room_curtain_AOL,C_013,Húzd be a függönyt a szobában,Húzd be a függönyt a szobában,0.0
C_013_0001_livingroom_vacuum_LAO,C_013,Nagyszobában kapcsold ki a porszívót,Nagyszobában kapcsold ki a porszívót.,0.2
C_013_0001_room_curtain_LAO,C_013,Szobában húzd szét a függönyt,Szobában húzd összét a függöny,0.4
C_013_0001_kitchen_fan_LAO,C_013,A konyhában kapcsold ki a ventilátort,Konyhában kapcsold ki a ventillátort.,0.5
C_013_0010_room_radio_LAO,C_013,Szobában kapcsold be a rádiót,Szobában kapcsold be a rádió,0.2
C_013_0001_room_radio_AOL,C_013,Kapcsold ki a rádiót a szobában,Kapcsold ki a rádiót a szobába,0.16666666666666666
C_013_0101_NULL_NULL_A,C_013,Tárcsázd a fiamat,Váltsál sz t a fiamat,1.0
C_013_1000_room_radiator_LAO,C_013,Szobában húzd fel a radiátort,Szobában húzd fel a radiátor,0.2
C_013_0100_smallroom_radiator_LAO,C_013,Kisszobában vedd lejjebb a radiátort,Kisszobában a vedd lejjebb a radiátort.,0.4
C_013_1111_corridor_TV_AOL,C_013,Váltsd csatornát a tévén a folyo folyosóba,Válts csatornát a tévén a szob soly folyosón van,0.7142857142857143
C_013_1000_smallroom_shutter_LAO,C_013,Kisszobában húzd fel a redőnyt,Kisszobában húzd fel a redőnyt,0.0
C_013_1000_livingroom_shutter_AOL,C_013,Húzd fel a redőnyt a nagyszobában,Húzd fel a redőnyt a nagyszobában,0.0
C_014_1000_electricity_smallroom_LAO,C_014,Kisszobába kapcsold fel a villanyt,Kisszobába kapcsold fel a villanyt,0.0
C_014_0001_heating_livingroom_AOL,C_014,Kapcsold ki a hőmérsékletet a nagyszobába,Kapcsold ki a nyisdkdt a nagyszobában,0.3333333333333333
C_014_0001_fan_smallroom_LAO,C_014,Kisszobába kapcsold ki a ventilátorokat,A kisszobába kapcsold ki a ventilátor,0.6
C_014_1000_TV_smallroom_AOL,C_014,Hangosítsd fel a tévét a kisszobába,Hangosítsd a tévét kisszobába,0.3333333333333333
C_014_0010_fan_room_LAO,C_014,A szobába kapcsold be a ventilátorokat,A szobába kapcsold be a ventilátort,0.16666666666666666
C_014_0010_toaster_kitchen_LAO,C_014,A konyhába kapcsold be a pirítógépet,A konyhába kapcsold be a villanyt a villanyt a szobába,0.8333333333333334
C_014_0010_vacuum_smallroom_AOL,C_014,Kapcsold be a porszívót a kisszobába,Kapcsold be a porszívót a kisszobába,0.0
C_014_0001_door_corridor_LAO,C_014,Folyosón nyisd ki az ajtót,Folyosó nyisd ki az ajtót,0.2
C_014_0100_electricity_kitchen_LAO,C_014,Konyhába kapcsold le a villanyt,A konyhába kapcsold le a villanyt,0.4
C_014_0001_door_smallroom_LAO,C_014,Kisszobába nyisd ki a ajtót,Kisszobába nyisd ki az ajtót,0.2
C_014_0001_vacuum_corridor_AOL,C_014,Kapcsold ki a porszívót a folyosón,Kapcsold ki a porszívót a folyosón,0.0
C_014_0010_vacuum_room_AOL,C_014,Kapcsold be a porszívót a szobába,Kapcsold be a porszívót a szobában,0.16666666666666666
C_014_0010_window_kitchen_LAO,C_014,Konyhába zárd be az ablakot,A konyhába zárd be az ablakot,0.4
C_014_0010_heating_room_LOA,C_014,Szoba hőmérsékletét kapcsold be,Szoba jöjcség pedig kapcsold be,0.5
C_014_0001_washingmachine_bathroom_AOXL,C_014,Kapcsold be a mosógépet harminc fok fölötti hőmérséklet esetén a fürdőszobába,Kapcsold be a sütőt harminc fokra ki hőmérsékleteset nyil,0.6363636363636364
C_014_0001_computer_livingroom_AOL,C_014,Kapcsold ki a számítógépet a nagyszobába,Kapcsold ki a számítógépet a nagyszobába,0.0
C_014_0001_vacuum_kitchen_AOL,C_014,Kapcsold ki a porszívót a konyhába,Kapcsold ki a porszívót a konyhába,0.0
C_014_0010_radio_smallroom_LAO,C_014,Kisszobába kapcsold be a rádiót,Kisszobába kapcsold be a rádiót szobába húz,0.4
C_014_0001_window_kitchen_AOL,C_014,Nyisd ki az ablakot a konyhába,Nyisd ki az ablakot a konyhába,0.0
C_014_0100_heating_smallroom_AOL,C_014,Kapcsold le a hőmérsékletet a kisszobába,Kapcsold a redőnyt kisszobába a,0.6666666666666666
C_014_0001_computer_livingroom_LAO,C_014,Nagyszobába kapcsold ki a számítógépet,Nagyszobába kapcsold ki a számítógépet,0.0
C_014_0001_oven_kitchen_AOL,C_014,Kapcsold ki a sütőt a konyhába,Kapcsold ki a sütőt a konyhába,0.0
C_014_1000_heating_kitchen_ALO,C_014,Kapcsold fel a konyhába a hőmérsékletet,Ki kapcsold fel a konyhába a fürdőségétet,0.5
C_015_0010_computer_smallroom_LOAX,C_015,A kisszobai számítógépet kapcsold be légy szíves,A kisszobai számítógépet kapcsold lejgy szíves,0.2857142857142857
C_015_0001_computer_smallroom_AXLO,C_015,Kapcsold ki légy szíves a kisszobai számítógépet,Kapcsold ki szíves a kisszobai számítógépet,0.14285714285714285
C_015_0010_curtain_smallroom_ALO,C_015,Húzd be a kisszobai függönyt,Húzd be a kisszobai függönyt,0.0
C_015_1111_dishwasher_kitchen_LAXO,C_015,A konyhában kapcsold már be légy szíves a mosogatógépet,A konyhában kapcsold be a légy szíves mosogatógépet,0.3333333333333333
C_015_0001_oven_kitchen_AOL,C_015,Kapcsold ki a sütőt a konyhában,Kapcsold ki a sütőt a konyhában,0.0
C_015_0100_heating_smallroom_LOA,C_015,Kisszoba fűtését öö vegyük már lejjebb,Kisszoba fűtést szítsd le a villanyt önyönyöny önyök harminc följjebb,1.5
C_015_0001_window_bathroom_ALOX,C_015,Nyisd ki a fürdőszoba ablakot légy szíves,Nyisd ki fürdőszobába a két villanyt,0.7142857142857143
C_015_0001_vacuumcleaner_kitchen_ALO,C_015,Kapcsold ki a konyhai porszívót,Kapcsold ki a konyhai porszívót,0.0
C_015_0010_vacuumcleaner_corridor_ALO,C_015,Kapcsold be a folyosón a porszívót,Kapcsold a folyosón a porszívót.,0.3333333333333333
C_015_0100_TV_room_LAO,C_015,A szobában halkítsd le a tévét,Szobában halkítsd le a tévét,0.3333333333333333
C_015_0010_vacuumcleaner_bathroom_LAO_II,C_015,A fürdőszobában kapcsold ki a porszívót,A fürdőszobában kapcsold ki a porszívót,0.0
C_015_0001_door_kitchen_ALO,C_015,Nyisd ki a konyha ajtót,Nyisd ki a konyha ajtót,0.0
C_015_1000_radiator_corridor_AOL,C_015,Vedd föl a radiátort a folyosón,Vedd fel a radiátort a folyosón,0.16666666666666666
C_015_0010_computer_room_LAO,C_015,Szobában kapcsold be a számítógépet,A szobában kapcsold be számítógépet,0.6
C_015_0010_fan_livingroom_ALO,C_015,Kapcsold be a nagyszobai ventilátort,Kapcsold be a szobai ventillátort,0.4
C_015_0001_vacuumcleaner_kitchen_LA,C_015,A konyhát kiporszívóznád,A konyhába porszívó zárd,1.0
C_015_0010_door_livingroom_LOA,C_015,A nagyszoba ajtót zárd már be,A nagyszobáltót zárd be az ér,0.8333333333333334
C_015_1111_TV_kitchen_LAO,C_015,A konyhába váltsunk csatornát a tévén,A konyhába váltson csatornát a tévén,0.16666666666666666
C_015_0100_electricity_smallroom_AOL,C_015,Kapcsold le a villanyt a kisszobában,Kapcsold le a villanyt a kisszobában,0.0
C_015_0010_curtain_room_ALO,C_015,Húzd be a szobai függönyt,Húzd be a szobai függönyt,0.0
C_015_0010_window_corridor_LOAX,C_015,Folyosó ablakát csukd be légy szíves,Folyosóba kapcsold be légy szíves,0.5
C_015_0010_computer_room_LOA,C_015,Szobai számítógépet bekapcsolnád,Szobai számítógépet ö be a csatornát,1.3333333333333333
C_015_0010_radiator_kitchen_ALO,C_015,Kapcsold be a konyhai fűtést,Kapcsold be konyhai fűtést,0.2
C_015_1000_shutter_kitchen_ALO,C_015,Húzd föl a konyhai redőnyt,Húzd fel a konyhai redőnyt,0.2
C_015_0001_vacuumcleaner_livingroom_LAX,C_015,A nagyszobában fejezd be légy szíves a porszívózást,A nagyszobában nyomd feljebb és így a porszívózás,0.625
C_015_0001_washingmachine_kitchen_AXOL,C_015,Harminc fokon indítsd már el légy szíves a mosógépet a konyhába,Harvinc fokon indítsd fel a légy szíves a mosógépet a konyhába,0.2727272727272727
C_015_0010_window_kitchen_ALOX,C_015,Zárd be a konyha ablakot légy szíves,Zárd a konyhában a tévét is,0.7142857142857143
C_015_0001_door_corridor_LOAX,C_015,Folyosó ajtót nyisd ki légy szíves,Folyosó ajtót nyisd ki az irádi,0.3333333333333333
C_015_0001_window_smallroom_ALO,C_015,Nyisd ki a kisszoba ablakát,Nyisd ki a kisszobába a kárcsi,0.6
C_015_0001_window_corridor_LAO,C_015,A folyosón nyisd ki az ablakot,A folyosón nyisd ki az ablakot,0.0
C_015_0100_shutter_bathroom_ALOX,C_015,Húzd le a fürdőszobai redőnyt légy szíves,Húzd le földőszobai redőnyt légy szíves,0.2857142857142857
C_015_0001_door_corridor_ALO,C_015,Nyisd ki a folyosó ajtaját,Nyisd ki a folyosói villanyt,0.4
C_016_0100_shutter_kitchen_LAO_II,C_016,Konyhába húzd le a redőnyt,Konyhába húzd lejjebb,0.6
C_016_0001_heating_kitchen_LAO,C_016,Konyhában kapcsold ki a fűtést,Konyhában kapcsold ki fűtést,0.2
C_016_1000_heating_smallroom_LAO,C_016,Kisszobába kapcsold fel a fűtést,A kisszobába kapcsold fel a fűtést,0.4
C_016_0010_fan_bathroom_ALO,C_016,Kapcsold be a fürdőszobába a ventilátort,Kapcsold a fürdőszobába a ventilátort,0.16666666666666666
C_016_0001_vacuum_bathroom_AOL,C_016,Kapcsold ki a porszívót a fürdőszobába,Kapcsold ki a porszívót a fürdőszobába,0.0
C_016_1000_TV_livingroom_AOL,C_016,Hangosítsd föl a tévét a nagyszobába,Hangosítsd föl a tévét a szobába,0.16666666666666666
C_016_0010_radio_livingroom_AOL,C_016,Kapcsold be a rádiót a nagyszobába,Kapcsold be a rádió nagyszobába,0.3333333333333333
C_016_0001_door_corridor_LAO,C_016,A folyosón nyisd ki a ajtót,Hangosícsd ki az ajtót.,0.8333333333333334
C_016_0001_fan_corridor_AOL,C_016,Kapcsold ki a ventilátort a folyosón,Kapcsold ki a tévét a folyosón,0.16666666666666666
C_016_0001_shutter_corridor_LAO,C_016,Folyosón húzd szét a redőnyt,Folyosón húzd szét a redőt,0.2
C_016_0001_computer_livingroom_LAO,C_016,Nagyszobába kapcsold ki a számítógépet,Nagyszobába kapcsold ki a számítógépet,0.0
C_016_0001_door_bathroom_AOL,C_016,Nyisd ki az ajtót a fürdőszobába,Nyisd ki az a fürdőszobába,0.16666666666666666
C_016_1111_NULL_kitchen_AL,C_016,Válts csatornát a konyhában,Válts csatornát a ablakot konyhában,0.25
C_016_0100_shutter_corridor_LAO,C_016,Folyosón húzd le a redőnyt,Folyosón zárd be,0.8
C_016_0001_window_kitchen_AOL,C_016,Nyisd ki az ablakot a konyhába,Nyisd ki az a konyhában,0.3333333333333333
C_016_0010_computer_room_AOL,C_016,Kapcsold be a számítógépet a szobába,Kapcsold be a számítógépet szobába,0.16666666666666666
C_016_0001_computer_livingroom_AOL,C_016,Kapcsold ki a számítógépet a nagyszobába,Kapcsold ki a számítógépet a szobába.,0.16666666666666666
C_016_0010_curtain_kitchen_AOL,C_016,Húzd be a függönyt a konyhába,Húzd le a fűtést a konyhába,0.3333333333333333
C_016_1111_TV_livingroom_LAO,C_016,Nagyszobában válts tévé csatornát,Nagyszobába válts tévén a tévét a számítógépet,1.5
C_016_1111_TV_room_AOL,C_016,Válts csatornát a tévén a szobában,Halkoász le a tévét,0.8333333333333334
C_016_0100_TV_smallroom_LAO,C_016,Kisszobában halkítsd le a tévét,Kisszobába halkítsd a tévét,0.4
C_016_0100_TV_room_LAO,C_016,Szobában halkítsd le a tévét,Szobába halkítsd a tévét,0.4
C_016_1000_shutter_corridor_AOL,C_016,Húzd fel a redőnyt a folyosón,Húzd fel a red a fü fölönyt,0.5
C_016_0001_door_smallroom_LAO,C_016,Kisszobába nyisd ki az ajtót,Kisszobába nyisd ki az ablakot,0.2
C_016_0001_window_smallroom_AOL,C_016,Nyisd ki az ablakot a kisszobába,Nyisd ki az ablakot a kisszobába,0.0
C_016_0001_fan_livingroom_ALO,C_016,Kapcsold ki a nagyszobába a ventilátort,Kapcsold ki a villanyt,0.5
C_016_0001_curtain_room_AOL,C_016,Húzd szét a függönyt a szobába,Húzd szét a függönyt a szobában,0.16666666666666666
C_016_1000_heating_kitchen_LAO,C_016,Konyhába kapcsold fel a fűtést,Konyhába kapcsold fűtést,0.4
C_016_0001_radio_livingroom_LAO,C_016,Nagyszobába kapcsold ki a rádiót,Nagyszobába tutk el a rádiót,0.4
C_017_0001_oven_kitchen_LAO,C_017,A konyhába kapcsold ki a sütőt,A konyhába kapcsold ki a sütőt,0.0
C_017_1111_NULL_kitchen_LA,C_017,Konyhába válts csatornát,A konyhába válts csatornát,0.6666666666666666
C_017_0001_door_corridor_LAO,C_017,A folyosón nyisd ki az ajtót,Folyosón nyisd ki az ajtót,0.3333333333333333
C_017_0001_computer_room_AOL,C_017,Kapcsold ki a számítógépet a szobába,Kapcsold ki a számítógépet a szobában,0.16666666666666666
C_017_0100_electricity_livingroom_LAO,C_017,A nagyszobába kapcsold le a villanyt,A nagyszobába kapcsold le a villanyt,0.0
C_017_1111_radio_kitchen_LAO,C_017,A konyhába váltsál csatornát a rádión,A konyhába váltsál csatornát a rádión,0.0
C_017_0100_shutter_bathroom_LAO,C_017,Fürdőszobába húzd le a redőnyt,Fürdőszobába húzd le a redőnyt,0.0
C_017_1000_TV_kitchen_AOL,C_017,Hangosítsd fel a tévét a konyhába,Hangosítsd fel a tévét a konyhába,0.0
C_017_0100_TV_bathroom_AOL,C_017,Halkítsd le a tévét a fürdőszobába,Halkítsd a tévét a fürdőszobában,0.3333333333333333
C_017_0001_computer_smallroom_LAO,C_017,A kisszobába kapcsold ki a számítógépet,A kisszobába kapcsold ki számítógépet,0.16666666666666666
C_017_0010_kettle_kitchen_AOL,C_017,Kapcsold be a vízforralót a konyhába,Kapcsold be a vízforralót a konyhába,0.0
C_017_0001_window_bathroom_LAO,C_017,A fürdőszobába nyisd ki az ablakot,A fürdőszobába nyisd ki az ablakot,0.0
C_017_1000_TV_room_LAO,C_017,A szobába hangosítsd fel a tévét,A szobába hangosítsd a tévét,0.16666666666666666
C_017_0010_radiator_corridor_LAO,C_017,A folyosón kapcsold be a radiátort,A folyosón kapcsold be a radiátort,0.0
C_017_0010_computer_smallroom_LAO,C_017,A kisszobába kapcsold be a számítógépet,A kisszobába kapcsold be a számítógépet,0.0
C_017_0010_fan_bathroom_AOL,C_017,Kapcsold be a ventilátorokat a fürdőszobába,Kapcsold be a ventilátorokat a fürdőszobában,0.16666666666666666
C_017_0100_TV_corridor_LAO_II,C_017,Folyosón halkítsd le a tévét,Folyosón halkítsd a tévét,0.2
C_017_0010_radio_livingroom_AOL,C_017,Kapcsold be a rádiót a nagyszobába,Kapcsold be a rádiót a nagyszobába,0.0
C_017_0100_shutter_livingroom_LAO,C_017,A nagyszobába húzd le a redőnyt,A nagyszobába húzd le a redőnyt,0.0
C_017_1000_electricity_room_AOL,C_017,Kapcsold föl a villanyt a szobába,Kapcsold föl a villanyt a szobába,0.0
C_017_0001_fan_livingroom_LAO,C_017,Nagyszobába kapcsold ki a ventilátorokat,Nagyszobába kapcsold ki ventilátorokat,0.2
C_017_1000_electricity_livingroom_LAO,C_017,A nagyszobába kapcsold fel a villanyt,A nagyszobába kapcsold fel a villanyt,0.0
C_017_0010_vacuum_bathroom_LAO,C_017,A fürdőszobába kapcsold be a porszívót,Fürdőszobába kapcsold be a porszívót,0.3333333333333333
C_017_0010_vacuum_kitchen_AOL,C_017,Kapcsold be a porszívót a konyhába,Kapcsold be a porszívót a konyhába,0.0
C_017_0001_computer_livingroom_AOL,C_017,Kapcsold ki a számítógépet a nagyszobába,Kapcsold ki a számítógépet a nagyszobába,0.0
C_017_0100_TV_kitchen_AOL,C_017,Halkítsd le a tévét a konyhába,Halkítsd le a tévét a konyhába,0.0
C_017_0001_fan_corridor_LAO,C_017,A folyosón kapcsold ki a ventilátorokat,A folyosón kapcsold ki ventilátorokat,0.16666666666666666
C_017_1000_TV_bathroom_LAO,C_017,Fürdőszobába hangosítsd fel a tévét,Fürdőszobába hangosítsd a tévét,0.2
C_017_0001_curtain_room_LAO,C_017,Szobába húzd szét a függönyt,Szobába húzd szét a függönyt,0.0
C_017_0010_fan_smallroom_AOL,C_017,Kapcsold be a ventilátorokat a kisszobába,Kapcsold be a ventilátorokat a kisszobába,0.0
C_017_0001_fan_room_AOL,C_017,Kapcsold ki a ventilátorokat a szobába,Kapcsold ki a ventilátorokat a szobában,0.16666666666666666
C_018_0100_TV_smallroom_AOL,C_018,Vedd lejjebb a tévét a kisszobába,Vedd lejjebb a tévét a kisszobába,0.0
C_018_0010_computer_livingroom_LAO,C_018,A nagyszobába kapcsold be a számítógép,A nagyszobába kapcsold be a számítógépet,0.16666666666666666
C_018_0001_window_corridor_AOL,C_018,Nyisd ki az ablakot a folyosón,Nyisd ki az ablakot a folyosón,0.0
C_018_0010_toaster_kitchen_LAO,C_018,A konyhába kapcsold be a pirítógépet,A konyhába kapcsold be a kenyérpirító,0.16666666666666666
C_018_0010_window_bathroom_LAO,C_018,Fürdőszobába zárd be az ablakot,Fürdőszobába zárd be az ablakot,0.0
C_018_0001_curtain_smallroom_LAO,C_018,Kisszobába húzd szét a függönyt,Kisszobába húzd szét a függönyt,0.0
C_018_0010_washingmachine_bathroom_LAO,C_018,A fürdőszobába kapcsold be a mosógépet állítsd hatvan fokra,A fürdőszobába kapcsold be a mosógépet haris hatvan fokra,0.1111111111111111
C_018_0010_radio_room_OAL,C_018,A rádiót kapcsold be a szobába,A rádiót kapcsold be a szobába,0.0
C_018_0001_door_room_LAO,C_018,A szobában nyisd ki az ajtót,A szobába nyisd ki az ajtót,0.16666666666666666
C_018_1000_shutter_bathroom_LAO,C_018,Fürdőszobába húzd fel a redőnyt,Fürdőszobába húzd fel a redőnyt,0.0
C_018_0001_fan_corridor_LAO,C_018,Folyosón kapcsold ki a ventilátor ,Folyosón kapcsold ki a ventilátort,0.2
C_018_0001_window_kitchen_LAO,C_018,Konyhába nyisd ki az ablakot,Konyhába nyisd ki az ablakot,0.0
C_018_0010_radio_livingroom_LAO,C_018,A nagyszoba kapcsold be a rádiót,Nagyszobába kapcsold be a rádió,0.5
C_018_0100_radiator_livingroom_LAO,C_018,Nagyszobába vedd le a radiátort,Nagyszobába vedd le a radiátort,0.0
C_018_0010_kettle_kitchen_AOL,C_018,Kapcsold be a vízforraló a konyhába,Kapcsold be a vízforralót konyhában,0.5
C_018_0001_toaster_kitchen_LAO,C_018,A konyhába kapcsold ki a pirítógépet,A konyhába kapcsold ki a vízszobában,0.16666666666666666
C_018_0100_shutter_kitchen_AOL,C_018,És húzd le a redőnyt a konyhába,És húzd le a redőnyt a konyhában,0.14285714285714285
C_018_0001_washingmachine_kitchen_AOL,C_018,Kapcsold be a mosógépet állítsd harminc fokra a konyhába,Kapcsold be a mosógépet 30 fokra a konyhában,0.3333333333333333
C_018_0100_electricity_kitchen_LAO,C_018,A konyhába kapcsold le a  villanyt,A konyhába kapcsold le villany,0.3333333333333333
C_018_0100_shutter_room_AOL,C_018,Húzd le a redőnyt a szobába,Húzd be a redőnyt a szobába,0.16666666666666666
C_018_0001_fan_room_LAO,C_018,Szobába kapcsold ki a ventilátort,Szobába kapcsold ki a ventilátort,0.0
C_018_0100_shutter_livingroom_LAO,C_018,Nagyszobába húzd le a redőny,Nagyszobába húzd le a redőnyt,0.2
C_018_1000_TV_kitchen_LAO,C_018,A konyhába vedd feljebb a tévét,A konyhába vedd feljebb a tévét,0.0
C_018_0100_electricity_room_AOL,C_018,Kapcsold le a villanyt a szobába,Kapcsold a villanyt a szobába,0.16666666666666666
C_018_0010_fan_room_AOL,C_018,Kapcsold be a ventilátort szoba,Kapcsold be a ventilátort szoba,0.0
C_018_0010_vacuum_kitchen_OAL,C_018,A porszívót kapcsold be a konyhába,A porszívót kapcsold be a konyhában,0.16666666666666666
C_018_0010_fan_bathroom_LAO,C_018,Fürdőszobába kapcsold be a ventilátort,Fürdőszobába kapcsold be a ventilátort,0.0
C_018_1000_electricity_corridor_LAO,C_018,Folyosón kapcsold fel a villany,Folyosón kapcsold be a villanyt,0.4
C_018_0010_computer_smallroom_OAL,C_018,A számítógépet kapcsold be a kisszobába,A számítógépet kapcsold be kisszobába,0.16666666666666666
C_020_0001_TV_corridor_AOL,C_020,Kapcsold ki a tévét a folyosón,Csendesítsd föl a srb,0.8333333333333334
C_020_0010_heating_smallroom_LAO,C_020,A kiszzobámban ö kapcsold be a fűtés,A kisszobában ööö kapcsold a fűtést,0.5714285714285714
C_020_0010_door_corridor_AOL,C_020,Zárd be az ajtót a szo a folyosón,Zárd be az ajtót a a folyosón,0.125
C_020_0001_computer_livingroom_LAO,C_020,A nagyszobában kapcsold ki a számítógépet,Nagyszobában ööö kapcsold ki a számítógépet,0.3333333333333333
C_020_0010_radio_room_AOL,C_020,Kapcsold be rádiót a szobában,Kapcsold be a rádiót a szobában,0.2
C_020_0100_TV_bathroom_AOL,C_020,Csendesítsd a tévét a fürdőszobában,Csendesítsd a tévét a fürdőszobában,0.0
C_020_0010_vacuum_kitchen_OLA,C_020,Porszívót a konyhában kapcsold be,A porszívót a konyhában kapcsold be,0.4
C_020_0001_vacuum_room_OLA,C_020,Porszívót a szobában is kapcsold ki,A porszívót szobában nyis kapcsold ki,0.5
C_020_0001_door_bathroom_LAO,C_020,A fürdőszobában nyisd ki az ajtót,Fürdőszobába nyisd ki az ajtót,0.3333333333333333
C_020_0001_TV_room_AOL,C_020,Kapcsold ki a tévét a szobában,Kapcsold ki a tévét a szobában,0.0
C_020_0100_electricity_room_AOL,C_020,Kapcsold be a villanyt a szobában,Kapcsold le a villanyt a szobában,0.16666666666666666
C_020_0001_vacuum_room_AOL,C_020,Kapcsold ki a porszívót a szobában,Kapcsold ki a porszívó szobában,0.3333333333333333
C_020_0010_TV_room_AOL,C_020,Kapcsold be a tévét a szobában,Kapcsold be tévét a szobában,0.16666666666666666
C_020_0001_radio_kitchen_LAO,C_020,A konyhában kapcsold ki a rádiót,A konyhában kapcsold ki a rádiót,0.0
C_020_1000_shutter_kitchen_OLA,C_020,A redőnyt a konyhában és a függőfolyosó és a konyhában húzd fel,A redőnyt a konyhában váltsd a fürdőfölös a harminc se konyhában húzd fel a,0.5
C_020_0010_window_room_LAO,C_020,A szobában zárd be az ablakot,A szobában zárd be az ablakot,0.0
C_020_0100_electricity_corridor_AOL,C_020,Kapcsold le a villanyt a folyosón,Kapcsold le a villanyt a folyosón,0.0
C_020_0001_radio_smallroom_LAO,C_020,A kisszobában kapcsold ki a rádiót,A kisszobában kapcsold ki a rádiót,0.0
C_020_1111_TV_livingroom_LAO,C_020,A nagyszobában válts csatornát a tévén,Nagyszobába válts csatornát a tévén,0.3333333333333333
C_020_1111_TV_kitchen_AOL,C_020,Válts csatornát a tévén a konyhában,Válts csatornát a tévén a konyhában,0.0
C_020_0100_TV_room_LAO,C_020,Szobában csendesítsd ki csendesítsd a tévét,Szobában csendesítsd ki csendesítsd a tévét,0.0
C_020_0100_TV_smallroom_AOL,C_020,Csendesítsd a tévét a kisszobában,Csendesítsd a tévét a kisszobában,0.0
C_020_0001_fan_smallroom_AOL,C_020,Kapcsold ö ki a ventilátort a kisszobában,Kapcsold fel a villanyt a kisszobában,0.42857142857142855
C_020_0001_washingmaschine_bathroom_AOL,C_020,Kapcsold be harminc fokon ö mosógépet a fürdőszobában,Kapcsold be harminc fokon mosógépet a fürdőszobában,0.125
C_020_1000_shutter_corridor_LAO,C_020,Folyosón húzd fel a redőnyt,A folyosón húzd fel a redőnyt,0.4
C_020_0001_door_smallroom_LAO,C_020,A kisszobában nyisd ki az ajtót,Kisszobában nyisd ki az ajtót.,0.5
C_020_0001_TV_smallroom_LAO,C_020,A kisszobában kapcsold ki a tévét,A kisszobában kapcsold ki a rádiót,0.16666666666666666
C_020_0010_door_kitchen_AOL,C_020,Konyhában zárd be a ajtót,Konyhában zárd be a fojjosón,0.2
C_020_0010_window_corridor_AOL,C_020,Zárd be az ablakot a folyosón,Zárd be az ablakot a folyosón,0.0
C_021_0010_radio_bathroom_AOL,C_021,Kapcsold be a rádiót a fürdőszobában,Kapcsold be a rádiót a fürdőszobában,0.0
C_021_0010_vacuum_corridor_AOL,C_021,Kapcsold be a porszívót a folyosón,Kapcsold be a porszívót a folyosón,0.0
C_021_0001_radio_room_LAO,C_021,A szobában kapcsold ki a rádiot,A szobában kapcsold ki a rádiót,0.16666666666666666
C_021_1000_shutter_livingroom_LAO,C_021,A nagyszobában húzd föl a redőnyt,A nagyszobába húzd föl a redőny,0.3333333333333333
C_021_0001_washingmaschine_bathroom_AOL,C_021,Kapcsold be harminc fokon a mosógépet a fürdőszobában,Kapcsold be harminc fokon a mosógépet a fürdőszobában,0.0
C_021_0100_TV_livingroom_AOL,C_021,Csendesítsd a tévét a nagyszobában,Csendesítsd a tévét a nagycobában,0.2
C_021_0001_curtain_kitchen_AOL,C_021,Húzd szét a függönyt a konyhában,Húzd szét a függönyt a konyhába,0.16666666666666666
C_021_1000_TV_bathroom_LAO,C_021,A fürdőszobában hangosítsd a tévét,A fürdőszobába hangosítsd a tévét,0.2
C_021_1000_heating_room_AOL,C_021,Húzd fel a fűtést a szobában,Húzd föl a fűtést a szobában,0.16666666666666666
C_021_0100_TV_room_LAO,C_021,A szobában csendesítsd a tévé,A szobában csendesítsd a tévét,0.2
C_021_0001_TV_kitchen_LAO,C_021,A konyhában kapcsold ki a tévét,A konyhában kapcsold ki a tévét,0.0
C_021_0001_vacuum_livingroom_LAO,C_021,A nagyszobában kapcsold ki a porszívót,A nagyszobában kapcsold ki a porszívót,0.0
C_021_0010_vacuum_kitchen_AOL,C_021,Kapcsold be a porszívót a konyhába,Kapcsold be a porszívót a konyhában,0.16666666666666666
C_021_0010_window_bathroom_LAO,C_021,A fürdőszobába zárd be az ablakot,A fürdőszobába az árd be az ablakot,0.3333333333333333
C_021_0001_TV_kitchen_AOL,C_021,Kapcsold ki a tévét a konyhában,Kapcsold ki a tévét a konyhában,0.0
C_021_0100_electricity_livingroom_LAO,C_021,A nagyszobában kapcsold le a villanyt,A nagyszobában kapcsold le a villanyt,0.0
C_021_0010_curtain_livingroom_AOL,C_021,Húzd be a függönyt a nagyszobába,Húzd le függönyt a nagy nagyszobába,0.5
C_021_1000_electricity_livingroom_LAO,C_021,A nagyszobában kapcsold fel a villanyt,A nagyszobában kapcsold fel a villanyt,0.0
C_021_1111_TV_corridor_LAO,C_021,A folyosón válts csatornát a tévén,A folyosón válts csatornát a tévén.,0.16666666666666666
C_021_0001_window_livingroom_LAO,C_021,A nagyszobába nyisd ki az ablakot,A nagyszobába nyisd ki az ablakot,0.0
C_021_0001_fan_bathroom_AOL,C_021,Kapcsold ki a ventillátort a fürdőbe,Kapcsold ki a ventilátort a fürdőbe.,0.3333333333333333
C_021_1111_radio_livingroom_AOL,C_021,Válts csatornát a rádión a nagyszobába,Válts csatornát a rádión a nagycobában,0.16666666666666666
C_021_0010_vacuum_smallroom_AOL,C_021,Kapcsold be a porszívót a kisszobába,Kapcsold be a porszívót a kisszobába,0.0
C_021_0001_washingmaschine_kitchen_LAO,C_021,A konyhában kapcsold be harminc fokon a mosógépe,A konyhában kapcsold be harminc fokon a mosógépet,0.125
C_021_0100_electricity_room_LAO,C_021,A szobában kapcsold le a villanyt,A szobában kapcsold le a villanyt,0.0
C_021_1000_TV_kitchen_AOL,C_021,Hangosítsd a tévét a konyhában,Hangosítsd tévét a konyhába,0.4
C_021_0010_fan_room_LAO,C_021,A szobában kapcsold be a ventilátort,A szobában kapcsold be a ventilátort,0.0
C_021_1000_electricity_smallroom_AOL,C_021,Kapcsold föl a villanyt a kisszobába,Kapcsold fel villanyt a kisszobába,0.3333333333333333
C_021_0010_vacuum_kitchen_LAO,C_021,A konyhában kapcsold be a porszívót,A konyhában kapcsold be a porszívó,0.16666666666666666
C_021_0001_door_livingroom_LAO,C_021,A nagyszobában nyisd ki az ajtót,A nagycobába nyisd ki az ajtó.,0.3333333333333333
C_021_0001_heating_corridor_AOL,C_021,Kapcsold ki a fütést a folyoson,Kapcsold ki a fűtést a folyosón,0.3333333333333333
C_021_1111_radio_corridor_LAO,C_021,A folyosón válts csatornát a rádión,A folyosón válcs csatornát a rádión.,0.3333333333333333
C_021_0100_shutter_smallroom_LAO,C_021,A kisszobában húzd le a redőny,A kisszobába húzd le a redőny,0.16666666666666666
C_021_0001_radio_kitchen_AOL,C_021,Kapcsold ki a rádiot a konyhában,Kapcsold ki a rádiót a konyhában,0.16666666666666666
C_021_0010_heating_kitchen_LAO,C_021,A konyhában kapcsold be a fütést,A konyhában kapcsold a fűtést.,0.3333333333333333
C_022_0010_door_kitchen_AOL,C_022,Zárd be az ant a konyhában,Zárd be az ajtót a konyhában,0.16666666666666666
C_022_1111_TV_smallroom_AOL,C_022,Válts csatornát a tévén a kisszobában,Válts csatornát tévén a kisszobába,0.3333333333333333
C_022_1111_radio_room_AOL,C_022,Válts csatornát a rádión a szobában,Válts csatornát a rádión a szobában,0.0
C_022_0001_door_kitchen_AOL,C_022,Nyisd ki ajtót a konyhában,Nyisd ki ajtót a konyhába,0.2
C_022_0001_window_corridor_LAO,C_022,Folyosón nyisd ki az ablakot,Húzd följ ki az ablakot,0.4
C_022_0010_computer_smallroom_LAO,C_022,Kisszobában kapcsold be a számítógépet,Kisszobába kapcsold be a számítógépet,0.2
C_022_1000_heating_bathroom_AOLL,C_022,Húzd fel a fűtést a konyhában vagy fürdőszobában,Húzd fel a fűtést a konyhába fűrdőszobába,0.375
C_022_0010_dishwasher_kitchen_LAO,C_022,Konyhába kapcsold be a mosogatógépet,Konyhában kapcsold be a mosfatorító,0.4
C_022_0001_TV_livingroom_AOL,C_022,Kapcsold ki a tévét a nagyszobában,Kapcsold ki a nagyszobában,0.3333333333333333
C_022_0010_fan_kitchen_AOL,C_022,Kapcsold be a ventillátort a konyhában,Kapcsold be a számítógónyában,0.5
C_022_0100_heating_smallroom_AOL,C_022,Húzd le a fűtést a kisszobába,Húzd le a fűtést a kisszobába,0.0
C_022_0010_vacuum_room_AOL,C_022,Kapcsold be a porszívót a szobában,Kapcsold be a porszívót szobába,0.3333333333333333
C_022_0010_curtain_smallroom_AOL,C_022,Húzd be a függönyt a kisszobába,Húzd le a redőnyt a kisszobába,0.3333333333333333
C_022_0001_vacuum_livingroom_LAO,C_022,A nagyszobába kapcsold ki a porszívót,A nagyszobába kapcsold ki a porszívó,0.16666666666666666
C_022_0001_heating_room_LAO,C_022,Szobá szobában kapcsold ki a fűtést,A szobába kapcsold ki a fűtést.,0.5
C_022_0010_vacuum_corridor_AOL,C_022,Kapcsold be a porszívót a folyoson,Kapcsold be a porszívót a foly,0.16666666666666666
C_022_0001_window_livingroom_AOL,C_022,Nyisö nyisd ki az ablakom a nagyszobába,Nyisd ki az ablak a nagyszobába,0.42857142857142855
C_022_1000_TV_kitchen_AOL,C_022,Hangosítsd a tévén a konyhában,Hangosítsd a tévét a konyhába,0.4
C_022_0100_shutter_kitchen_LAO,C_022,A konyhába húzd le a redőnyt,Konyhába húzd le a redőnyt,0.3333333333333333
C_022_0100_TV_room_AOL,C_022,Csendesítsd a tévét a szobában,Csendesítsd lejjebb a szobában,0.4
C_022_1000_heating_room_AOL,C_022,Húzd fel a fűdést a szobában,Húzd fel a fűtést a szobában,0.16666666666666666
C_022_0010_door_corridor_AOL,C_022,Zárd az ajt a folyoson,Ár az ajtót folyosón,0.8
C_022_0001_door_kitchen_LAO,C_022,Konyhába nyisd ki az ajtó,Konyhába nyisd föl,0.6
C_022_0010_TV_bathroom_AOL,C_022,Kapcsuld a tévét a fürdőszavan,Kapcsold a tévét fürdőszobába,0.6
C_022_1000_TV_bathroom_LAO,C_022,Fürdőszobába hangosíd a tévét,Fürdőszobába húzd a tévét,0.25
C_022_0100_electricity_room_AOL,C_022,Kapcsold le a villanyt a szobában,Kapcsold le a villanyt a szobába,0.16666666666666666
C_022_0001_curtain_room_AOL,C_022,Húz szét a függönyt a szobában,Húzd szét a függönyt szobában,0.3333333333333333
C_022_0100_electricity_livingroom_AOL,C_022,Kapcsold le a villanyt a nagyszobában,Kapcsold a villanyt a szobába,0.3333333333333333
C_022_0001_curtain_kitchen_AOL,C_022,Húzd szét a függönyt a konyhába,Húzd szét a a függönyt a konyhába,0.16666666666666666
C_022_0010_curtain_livingroom_LAO,C_022,A nagyszobába húzd be a függöny,A nagyszobába húzd le fűtés,0.5
C_022_1000_shutter_kitchen_AOL,C_022,Húzd a redőnyt a könyhában,Húzd fel a redőny a k a konyhában,1.0
C_022_1111_radio_kitchen_AOL,C_022,Válts csatornát a rádión a konyhában,Válts csatornát a rádión a konyhában,0.0
C_022_0100_electricity_kitchen_AOL,C_022,Kapcsold le a villanyt a konyhában,Kapcsold le a villanyt a konyhában,0.0
C_023_0010_dishwasher_bathroom_AOL,C_023,Kapcsold be a mosogatógépet a fürdőszobában,Kapcsold be a mosfatornát a fürdőszobában,0.16666666666666666
C_023_0010_door_bathroom_AOL,C_023,Zárd be az ajtót a fürdőszobában,Cszéhába be az ajtót a fürdőszobában,0.16666666666666666
C_023_0001_radio_room_LAO,C_023,Szobában kapcsold ki a rádiot,Szobában kapcsold ki a rádiót,0.2
C_023_0010_kettle_kitchen_LAO,C_023,A konyhában kapcsold be a vízforralót,A konyhában kapcsold be a vízforralót,0.0
C_023_1000_shutter_bathroom_AOL,C_023,Húzd föl a redőnyt a fúrdőszobában,Húzd föl a redőnyt a fürdőszobában,0.16666666666666666
C_023_0001_computer_smallroom_LAO,C_023,A kisszobában kapcsold ki a zámítógépet,Kisszobában kapcsold ki a lánycsógépet,0.5
C_023_1000_shutter_kitchen_AOL,C_023,Húzd föl a redőnyt a konyhában,Húzd föl a redőnyt a konyhában,0.0
C_023_0001_heating_livingroom_AOL,C_023,Kapcsold ki a fűtést a nagyszobában,Kapcsold ki a fűtést a nagyszobában,0.0
C_023_1000_TV_smallroom_LAO,C_023,Kisszobában hangosítsd fel a telvíziót,Kisszobában hangosítsd fel a televíziót,0.2
C_023_0010_door_corridor_AOL,C_023,Zárd be az ajtót folyosón,Zárd be az ajtót folyosón,0.0
C_023_0010_window_room_LAO,C_023,Szobában zárd be az ablakot,Szobában az ajd az ablakot,0.4
C_023_0100_heating_smallroom_LAO,C_023,Kisszobában kapcsold lejjebb a fűtést,Kisszobában kapcsold lejjebb a fűtést,0.0
C_023_0010_curtain_bathroom_AOL,C_023,Húzd be a függönyt a fürdőszobában,Húzd be a függönyt a a fürdőszobában,0.16666666666666666
C_023_0010_window_bathroom_LAO,C_023,Fürdőszobaban zárd be az ablakot,Fürdőszobában az ajgében van,1.0
C_023_0001_window_room_LAO,C_023,Szobában nyisd ki az ablakot,Szobában nyisd ki az ablakot,0.0
C_023_0010_door_smallroom_AOL,C_023,Zárd be az ajtót kisszobában,Az árd be az ajtót kisszobában,0.4
C_023_0010_heating_livingroom_AOL,C_023,Kapcsold be a fűtést a nagyszobában,Kapcsold be a fűtést a nagyszobában,0.0
C_023_0001_toaster_kitchen_LAO,C_023,A konyhában kapcsold ki a porítóst,A konyhában kapcsold ki a pirítóst,0.16666666666666666
C_023_0001_vacuum_livingroom_AOL,C_023,Hapcsold ki a porszívót a nagyszobában,Kapcsold ki a porszívót a nagycobában,0.3333333333333333
C_023_1000_electricity_livingroom_AOL,C_023,Kapcsold fel a villanyt a nagyszobában,Kapcsold föl a villanyt a nagycobában,0.3333333333333333
C_023_1000_shutter_room_AOL,C_023,Húzd föl a redőnyt a szobában,Húzd föl a redőnyt a szobában,0.0
C_023_0010_washingmaschine_kitchen_AOL,C_023,Hatvan fokra állítsd be a mosógépet a konyhában,Hatvan fokra állítsd a mosógépet a konyhában,0.125
C_023_1000_heating_room_LAO,C_023,Szobában kapcsold feljebb a fűtést,Szobában kapcsold feljebb a fűtést,0.0
C_023_0001_fan_room_LAO,C_023,Szobában kapcsold ki a ventillátort,Szobában kapcsold ki a ventilátort,0.2
C_023_1111_TV_room_LAO,C_023,Szobában váltsál csatornát a televízióban,Szobában váltsál csatornát és a világon,0.4
C_023_0100_shutter_smallroom_AOL,C_023,Engedd le a redőnyt a kisszobában,Engedd le a redőnyt a kisszobában,0.0
C_023_0001_washingmaschine_bathroom_AOLAL,C_023,Kapcsold fel a mosógépet a fürdőszobában harminc fokra a fürdőszobában,Kapcsold fel a mosógépet a fürdőszobában harminc fokra a fürdőszobában,0.0
C_023_0001_door_corridor_LAO,C_023,Folyosón nyisd ki az ajtot,Folyosón nyisd ki az ajtót,0.2
C_023_0001_door_kitchen_AOL,C_023,Nyisd ki az ajtót a konyhában,Nyisd ki az ajtót a konyhában,0.0
C_024_0010_radio_room_LAO,C_024,A szobába kapcsold be a rádiót,A szobában kapcsold be a rádió,0.3333333333333333
C_024_0100_TV_room_LAO,C_024,A szobában halkítsd a tévét,A szobában halkítsd a tévét.,0.2
C_024_0010_heating_livingroom_LAO,C_024,A nagyszobába kapcsold be a radiátor,A nagyszobába kapcsold be a radiátort,0.16666666666666666
C_024_1000_electricity_kitchen_AOL,C_024,Kapcsold gel a villanyt a konyhában,Kapcsold fel a villanyt a konyhában.,0.3333333333333333
C_024_0100_TV_kitchen_AOL,C_024,Halkítsuk a tévét a konyhában,Halkítsuk a tévét a konyhában,0.0
C_024_0001_heating_livingroom_LAO,C_024,Nagyszobába kapcsold ki a radiátor,Nagyszobába kapcsold ki a radiátort,0.2
C_024_0001_heating_bathroom_AOL,C_024,Kapcsold ki a radiátort a fürdőszobába,Kapcsold ki a radiátort a fürdőszobába,0.0
C_024_1000_TV_corridor_LAO,C_024,A folyosón hangosítsuk a tévét,A folyosón hangosítsd a tévét,0.2
C_024_1000_heating_kitchen_LAO,C_024,A konyhába kapcs fel a fűtést,A konyhába kapcsold fel a fűtést,0.16666666666666666
C_024_1000_TV_kitchen_AOL,C_024,Hangosítsuk a tévét a konyhában,Hangosítsd föl a tévét a konyhába.,0.6
C_024_0001_curtain_corridor_AOL,C_024,Húzd szét a függöny a folyoson,Húzd szét a függönyt a folyosó,0.3333333333333333
C_024_0010_door_smallroom_AOL,C_024,Zárd be az ajtót a kisszobában,Zárd be az ajtót a kisszobában,0.0
C_024_0100_electricity_smallroom_ALO,C_024,Kapcsoljuk le a szobában a kisszobában a villanyt,Kapcsold ki le a szobában a kisszobában a villanyt,0.25
C_024_0010_vacuum_livingroom_AOL,C_024,Kapcsold be a porszívót a nagyszobába,Kapcsold be a porszívót a nagyszobába,0.0
C_024_0001_window_kitchen_LAO,C_024,Konyhába nyisd ki az ablakot,Konyhába nyisd ki az ablakot.,0.2
C_024_0001_window_smallroom_LAO,C_024,A kisszobában nyisd ki az ablakot,A kisszobába nyisd ki az ablakot.,0.3333333333333333
C_024_1000_TV_livingroom_LAO,C_024,Nagyszobába hangosítsuk a tévét,Nagyszobába hangosítsd föl a tévét,0.5
C_024_0001_fan_livingroom_LAO,C_024,Nagyszobába kapcsold ki a vnetillátort,A nagyszobába kapcsold ki a ventillát,0.6
C_024_0100_shutter_smallroom_LAO,C_024,A kisszobába húzd le a red,A kisszobába húzd fel a redő,0.3333333333333333
C_024_0001_stove_kitchen_AOL,C_024,Kapcsold ki a sütőt a konyhába,Kapcsold ki a sütőt a konyhában.,0.16666666666666666
C_024_0001_vacuum_room_LAO,C_024,A szobába kapcsold ki a porszívót,A szobában kapcsold ki a porszívó,0.3333333333333333
C_024_0010_vacuum_room_AOL,C_024,Kapcsold be a porszívót a szobába,Kapcsold be a porszívót a szobába,0.0
C_024_0100_electricity_bathroom_ALO,C_024,Kapcsoljuk le a folyosón a villanyt,Kapcsoldjuk le a folyosón a villanyt,0.16666666666666666
C_024_1111_radio_corridor_AOL,C_024,Válts csatornát a rádión a folyoson,Válts csatornát a rádión a folyosón,0.16666666666666666
C_024_0010_vacuum_corridor_AOL,C_024,Kapcsold be a fürdör a porszívót a folyosón,Kapcsold be a fűtést a porszívót a folyosón,0.125
C_024_0010_window_kitchen_LAO,C_024,A konyhába zárd be az ablakot,A konyhában zárd be az ablakot,0.16666666666666666
C_024_0001_curtain_bathroom_AOL,C_024,Húzd szét a függönyt a fürdőszobába,Húzd szét a függönyt a fürdőszobába,0.0
C_024_0010_heating_corridor_LAO,C_024,Folyosón kapcsold be a vagyiátort,Folyosón kapcsold be a radiátor,0.2
C_024_0100_shutter_bathroom_LAO,C_024,A fürdőszobába húzd le a regöny,A fürdőszobába húzd le a redőny,0.16666666666666666
C_024_0010_curtain_kitchen_AOL,C_024,Húzd be a függöny a konyhában,Húzd be a függönyt a konyhába,0.3333333333333333
C_025_0010_door_room_LAO,C_025,A szobába zárd be az ajtot,A szobába zárd be az ajtót,0.16666666666666666
C_025_0001_heating_bathroom_AOL,C_025,Kapcsold ki a fűtést a fürdőszobába,Kapcsold ki a fűtést a fürdőszobába,0.0
C_025_0100_TV_corridor_LAO,C_025,Folyoson halkítsd le a tévét,Folyosón halkítsd le a tévét,0.2
C_025_0010_fan_smallroom_AOL,C_025,Kapcsold fel a ventillátort a kisszobába,Kapcsold be a ventilátort a kisszobában.,0.5
C_025_0010_window_smallroom_AOL,C_025,Zárd be az ablakot a kisszobába,Zárd be az ablakot a kisszobába,0.0
C_025_1000_shutter_livingroom_LAO,C_025,Nagyszobába húzd fel a redőnyt,A nagyszobában húzd fel a redőnyt,0.4
C_025_0010_toaster_kitchen_ALO,C_025,Kapcsold be a konyhába a kenyérpirítót,Kapcsold be a konyhában a kenyérpirítót,0.16666666666666666
C_025_1000_shutter_kitchen_AOL,C_025,Huzd fel a redonyt a konyhába,Húzd fel a redőnyt a konyhába,0.3333333333333333
C_025_0001_window_smallroom_OAL,C_025,Az ablakot nyisd ki a kiszobába,A szobába nyisd ki a kisszobába,0.5
C_025_1000_electricity_bathroom_LAO,C_025,Fürdőszobába kapcsold fel a villany,Fürdőszobába kapcsold fel a villanyt,0.2
C_025_1111_NULL_room_AL,C_025,Válts csatornát a szobába,Válts csatornát a szobába,0.0
C_025_0010_vacuum_livingroom_LAO,C_025,Nagyszobába kapcsold be a porszívót,Nagycobába a kapcsold be a porszívót,0.4
C_025_0010_window_bathroom_AOL,C_025,Zárd be az ablakot a fürdőszobába,Zárd be az ablakot a fürdőszobában,0.16666666666666666
C_025_0010_fan_corridor_LAO,C_025,Folyoson kapcsold be a ventilátort,Folyosón kapcsold be a ventillátort,0.4
C_025_0001_door_corridor_LAO,C_025,Folyoson nyisd ki az ajtót,Folyosón nyisd ki az ajtót,0.2
C_025_0001_radio_livingroom_AOL,C_025,Kapcsold ki a radiót a nagyszobába,Kapcsold ki a rádiót a nagycobába,0.3333333333333333
C_025_0100_electricity_room_LAO,C_025,A szobába kapcsold le a villanyt,A szobába kapcsold le a villanyt,0.0
C_025_0010_radio_livingroom_LAO,C_025,Nagyszobába kapcsold be a rádiot,A nagyszobában kapcsold be a rádiót,0.6
C_025_0010_curtain_room_LAO,C_025,Szobába húzd be a függöny,Szobába húzd be a függöny,0.0
C_025_0010_door_livingroom_AOL,C_025,Zárd be az ajtót a nagyszobába,Zárd be az ajtót a nagyszobában.,0.16666666666666666
C_025_1000_TV_smallroom_AOL,C_025,Hangosítsd fel a tévét a kisszobába,Hangosítsd le a tévét a kisszobában,0.3333333333333333
C_025_0010_heating_smallroom_LAO,C_025,Kissszobába kapcsold be a fűtés,Kisszobába kapcsold be a fűtés,0.2
C_025_0010_dishwasher_kitchen_AOL,C_025,Kapcold be a mosogatógépet a konyhába,Kapcsold be a mosogatógépet a konyhában,0.3333333333333333
C_025_0001_radio_smallroom_AOL,C_025,Kapcsold ki a rádiót a kisszobába,Kapcsold ki a rádiót a kisszobába,0.0
C_025_1000_electricity_room_AOL,C_025,Kapcsold fel a villany asz sz szobában,Kapcsold le a villanyt a sz szobába,0.5714285714285714
C_025_0010_fan_corridor_AOL,C_025,Kapcsold fel a ventilátort a folyoson,Kapcsold fel a ventillátort a folyosón,0.3333333333333333
C_025_1000_TV_corridor_LAO,C_025,A folyoson hangosítsd fel a tévét,A folyosón hangosítsd fel a tévét,0.16666666666666666
C_025_0001_door_smallroom_AOL,C_025,Nyisd ki az ajtót a kisszobába,Nyisd ki az ajtót a kisszobában.,0.16666666666666666
C_025_0010_computer_room_LAO,C_025,A szobába kapcsold be a számítógépet,A szobában kapcsold be a számítógépet,0.16666666666666666
C_025_1000_shutter_smallroom_LAO,C_025,Kisszobába húzd fel a redőny,Kisszobába húzd fel a redőnyt,0.2
C_025_1111_TV_room_AOL,C_025,Válts csatornát a tévén a szobába,Válts csatornát a tévén a szobába,0.0
C_025_1000_shutter_corridor_AOL,C_025,Huzd fel a redönyt a folyoson,Húzd fel a redőnyt a folyosón,0.5
C_026_0100_heating_room_AOL,C_026,Lekapcsoljuk a fűtést a szobában,Lekapcsoljuk a fűtést a szobában,0.0
C_026_0001_fan_livingroom_AOL,C_026,Kapcsold ki a ventillátor a nagyszobában,Kapcsold ki a ventillátort a nagycobában,0.3333333333333333
C_026_0001_heating_livingroom_LAO,C_026,A nagycobában kapcsold ki a fűtést,A nagycobában kapcsold ki a fűtést,0.0
C_026_0001_door_corridor_LAO,C_026,A folyosón nyissuk ki az ajtó,A folyosón nyissuk ki az ajtón,0.16666666666666666
C_026_0100_electricity_smallroom_AOL,C_026,Kapcsold le a villant a kisszobában,Kapcsold le a villany a kisszobában,0.16666666666666666
C_026_1111_TV_smallroom_AOL,C_026,Válts a tévén csatornát a kisszobában,Válts a tévén csatornát a kisszobában,0.0
C_026_0001_window_smallroom_OAL,C_026,Az ablakon nyisd ki a kisszobában,Az ablakon nyisd ki a kisszobában,0.0
C_026_0001_vacuum_smallroom_LAO,C_026,A kisszobában kapcsold ki a porszívót,A kisszobában kapcsold ki a porszívót,0.0
C_026_0010_fan_smallroom_LAO,C_026,A kisszobában kapcsold be a ventillátort,A kisszobában kapcsold be a ventillátort,0.0
C_026_0001_vacuum_corridor_AOL,C_026,Kapcsold ki a porszívót a folyosón,Kapcsold ki a porszívót a folyosón,0.0
C_026_1111_radio_livingroom_LOA,C_026,A nagycobában a rádión válts csatornát,A nagyszobában a rádión válts csatornát,0.16666666666666666
C_026_0010_window_kitchen_AOL,C_026,Zárd be az ablakot a konyhában,Zárd be az ablakot a konyhában,0.0
C_026_0100_electricity_room_AOL,C_026,Kapcsold le a villany a szobában,Kapcsold le a villany a szobában,0.0
C_026_1111_TV_room_AOL,C_026,Válts csatornát a tévén a szobában,Válts csatornát a tévén a szobában,0.0
C_026_0001_washingmaschine_kitchen_LOA,C_026,A konyhában a mosógépet harminc fokon kapcsold be,A konyhában a mosógépben harminc fokon kapcsold be,0.125
C_026_0001_toaster_kitchen_AOL,C_026,Kapcsold ki a piritósütőt a konyhában,Kapcsold ki a pirítóssütőt a konyhában,0.16666666666666666
C_026_0001_curtain_livingroom_AOL,C_026,Huzzunk szén a függön a nagyszobában,Húzzuk szét a függöny a nagycobában,0.6666666666666666
C_026_1000_electricity_room_LAO,C_026,A szobában kapcsold fel a villany,A szobában kapcsold be a villanyt,0.3333333333333333
C_026_0100_shutter_room_LAO,C_026,A szobában engedd le a redőnyt,A szobában engedd le a redőny,0.16666666666666666
C_026_0010_vacuum_smallroom_LAO,C_026,A kisszobában kapcsold be a porszívót,A kisszobában kapcsold be a porszívót,0.0
C_026_0010_kettle_kitchen_AOL,C_026,Kapcsold be a vízmelegítőt a konyhában,Kapcsold be a vízmelegítőt a konyhában,0.0
C_026_0010_door_livingroom_LAO,C_026,Nagyszobában zárjuk be az ajtón,A nagycobában zárjuk be az ajtón,0.4
C_026_0010_window_room_AOL,C_026,Zárd be az ablakon a szobában,Zárd be az ablakot a szobában,0.16666666666666666
C_026_0010_window_livingroom_LOA,C_026,A nagycobában az ablakon csukd be,A nagyszobában az ablakon csukn be,0.3333333333333333
C_026_0100_heating_livingroom_AOL,C_026,Lekapcsoldjuk a fűtést a nagycobában,Lekapcsoljuk a fűtést a nagycobában,0.2
C_026_0010_window_bathroom_LAO,C_026,A fürdőszobában csunk be az ablakot,A fürdőszobában csinálj a ablakon,0.6666666666666666
C_026_1000_TV_room_AOL,C_026,Hangosítsd fel a tévét a szobában,Hangosítsd fel a tévét a szobában,0.0
C_026_1000_electricity_smallroom_OAL,C_026,A villant kapcsold fel a kisszobában,A villany kapcsold fel a kisszobában,0.16666666666666666
C_026_0001_radio_corridor_AOL,C_026,Kapcsold ki a rádiót a folyosón,Kapcsold ki a rádiót a folyosón.,0.16666666666666666
C_026_0001_heating_bathroom_LAO,C_026,A fürdőszobában kapcsold ki a fűtész,A fürdőszobában kapcsold ki a fűtés,0.16666666666666666
C_026_1000_shutter_livingroom_LAO,C_026,A nagycobában húzd fel a redőny,A nagycobában húzd fel a redőny.,0.16666666666666666
C_027_0001_radio_bathroom_OAL,C_027,A rádiót kapcsold ki a fűrdőszobába,A rádiót kapcsold ki a fürdőszobába,0.16666666666666666
C_027_0010_curtain_livingroom_ALO,C_027,Húzd be a nagyszobai függönyt,Húzd be a nagyszobai függönyt,0.0
C_027_0010_heating_bathroom_AOL,C_027,Kapcsold be a fűtést a fürdőszobába,Kapcsold be a fűtést a fürdőszobába,0.0
C_027_0010_toaster_NULL_XOA,C_027,Tegyél be két kenyeret a pirítósba és kapcsold be,Te gyerd be kép kenyérpet a pirítósba és kapcsold be,0.4444444444444444
C_027_0010_curtain_bathroom_LOA,C_027,Fürdőszobai függönyt húzd be,Fürdőszobai függönyt húzd be,0.0
C_027_1111_TV_corridor_ALO,C_027,Válts csatornát a folyosón a tévén,Válts csatornát a folyosón a tévén,0.0
C_027_0001_vacuum_kitchen_LAO,C_027,A konyhába kapcsold ki a porszívót,A konyhába kapcsold ki a porszívót,0.0
C_027_0010_radio_bathroom_OLA,C_027,A rádiót a fürdőszobába kapcsold be,A rádiót a fürdőszobába kapcsold be,0.0
C_027_0001_stove_kitchen_LOA,C_027,Konyhába gáztűzhelyet kapcsold ki,A konyhába a gáztűzhelyet kapcsold ki,0.75
C_027_0010_waschingmaschine_kitchen_ALO,C_027,Hatvan most ki a ruhákat amiket odakészítettem a konyhába a mosógépbe,Hatvan fokon mosd ki a ruhákat amiket az a készített a konyhában a mosógépet,0.6363636363636364
C_027_0001_curtain_corridor_LOA,C_027,A folyosói függönyt húzd szét,A folyosói függönyt húzd szét,0.0
C_027_0100_shutter_livingroom_LOA,C_027,Nagyszobai redúnyt engedd le,A nagyszobai redőnyt engedd le,0.75
C_027_0010_radio_smallroom_LAO,C_027,A kisszobába kapcsold be a rádiót,A kisszobába kapcsold be a rádiót,0.0
C_027_0010_vacuum_room_LAO,C_027,A szobába kapcsold be a porszívót,A szobába kapcsold be a porszívót,0.0
C_027_1111_TV_livingroom_ALO,C_027,Legyen valami más a nagyszobába a tévén,Legyenghában válts csatába a tévén,0.7142857142857143
C_027_0001_stove_kitchen_LAO,C_027,A konyhába kapcsold ki a gáztűzhelyet,A konyhába kapcsold ki a gáztűzhelyet,0.0
C_027_0001_window_bathroom_AOL,C_027,Nyisd ki az ablakot a fürdőszobába,Nyisd ki az ablakot a fürdőszobába.,0.16666666666666666
C_027_0010_radio_kitchen_LAO,C_027,A konyhába kapcsold be a rádiót,A konyhába kapcsold be a rádiót,0.0
C_027_1111_radio_corridor_LOA,C_027,A folyosói rádión váltsál csatornát,A folyosói rádiót váltsál csatornát,0.2
C_027_1000_TV_smallroom_LAO,C_027,A kisszobába hangosítsd fel a tévét,A kisszobába hangosítsd fel a tévét,0.0
C_027_0010_door_corridor_LAO,C_027,Folyosón zárd be az ajtót,Folyosó zárd be az ajtót,0.2
C_027_0010_computer_room_ALO,C_027,Kapcsold be a szobába a számítógépet,Kapcsold be a szobába a számítógépet,0.0
C_027_1111_TV_corridor_LOA,C_027,A folyosón lévő tévén váltsál csatornát,A folyosón lejjebb évehálcsa csatornát,0.5
C_027_0001_washingmaschine_NULL_OA,C_027,Most ki azokat a ruhákat a mosógéppel amit odakészítettem harminc fokra állítsd be,Most ki azokat a ruhába a mosógép fel a vill oda készítettem harminc fokra állítsd be,0.5384615384615384
C_027_0010_window_room_LAO,C_027,A szobába zárd be az ablakot,A szobába zárd be az ablakot,0.0
C_027_0001_fan_room_LAO,C_027,A szobába kapcsold ki a ventillátorokat,A szobába kapcsold ki a ventilátorokat,0.16666666666666666
C_027_1000_heating_smallroom_ALO,C_027,Nyomd fel a kisszobába a fűtést,Nyomd fel a kisszobába a fűtést,0.0
C_027_0010_computer_livingroom_LOA,C_027,A nagyszobába a számítógépet kapcsold be,A nagyszobába a számítógépet kapcsold be,0.0
C_027_0001_curtain_bathroom_AOL,C_027,Húzd szét a függönyt a fürdőszobába,Húzd szét a függönyt a fürdőszobában,0.16666666666666666
C_027_0001_radio_smallroom_OAL,C_027,A rádiót kapcsold ki a kisszobába,A szobába a rádiót kapcsold ki a kisszobába,0.3333333333333333
C_027_0010_heating_corridor_LAO,C_027,A folyosón kapcsold be a fűtést,A folyosón kapcsold be a fűtést,0.0
C_027_0010_curtain_smallroom_LOA,C_027,A kisszobai függönyt húzd be,A kisszobai függönyt húzd be,0.0
C_028_0010_fan_room_OAL,C_028,A ventillátort kapcsold be a szobába.,A ventillátort kapcsold be a szobában.,0.16666666666666666
C_028_0010_fan_livingroom_LAO,C_028,A nagycobában kapcsold be a ventillátort.,A nagycobában kapcsold be a ventillátort.,0.0
C_028_0001_curtain_kitchen_LAO,C_028,Konyhában húzd tét a függönyt.,Konyhában húzd szét a függönyt.,0.2
C_028_1000_TV_room_AOL,C_028,Hangosítál tévét a szobában.,Csint húzd fel a tévét a szobában.,1.0
C_028_0001_radio_corridor_AOL,C_028,Kapcsold ki a rádió a folyosón.,Kapcsold ki a rádiót a folyosón.,0.16666666666666666
C_028_0001_heating_room_LAO,C_028,A szobába kapcsold ki a fűtés.,A cobában kapcsold ki a fűtést.,0.3333333333333333
C_028_0001_heating_livingroom_LAO,C_028,A nagytabába kapcsold ki a fűtést.,A nagyobába kapcsold ki a fűtést.,0.16666666666666666
C_028_1111_radio_bathroom_AOL,C_028,Válcs csatornát a rádión a fürdőszobában.,Vál csatornát a rádión a fürdőszobában.,0.16666666666666666
C_028_0001_vacuum_room_LAO,C_028,A szobában kapcsold ki a porszívót.,A szobámban kapcsold ki a porszívót.,0.16666666666666666
C_028_0010_fan_smallroom_LAO,C_028,Kisszobába kapcsold be a ventillátort.,Kiccobában kapcsold be a ventillátor.,0.4
C_028_1000_heating_bathroom_LAO,C_028,Fürdőszobába húzd fel a fűtés.,A fürdőszobába húzd fel a fűtés.,0.4
C_028_1000_shutter_kitchen_AOL,C_028,Húzd fel a lollót a konyhában.,Húzd fel a rolót a konyhában.,0.16666666666666666
C_028_0001_heating_livingroom_AOL,C_028,Kapcsold ki a fűtőt a nagycobában.,Kapcsold ki a fűtést a nocsobában.,0.3333333333333333
C_028_1000_heating_livingroom_AOL,C_028,Húzd fel a fűtést a nagycobában.,Húzd fel a fűtést a nagyszobában.,0.16666666666666666
C_028_0010_heating_corridor_AOL,C_028,Kapcsold be a fűtést a folyosón.,Kapcsold be a fűtést a folyosón.,0.0
C_028_0001_fan_smallroom_LAO,C_028,Kisszobámban kapcsold ki a ventillátort.,Kisszobámban kapcsold ki a ventillátort.,0.0
C_028_0100_electricity_corridor_AOL,C_028,Kapcsold le a villant a folyosón.,Kapcsold le a villant a folyosón.,0.0
C_028_0010_vacuum_livingroom_LAO,C_028,A naccobában kapcsold be a porszívót.,A nagycobában kapcsold be a porszívót.,0.16666666666666666
C_028_0001_radio_room_LAO,C_028,A szobában kapcsold ki a rádiót.,A szobában kapcsold ki a rádió.,0.16666666666666666
C_028_0010_computer_kitchen_OAL,C_028,A számítógépet kapcsold be a konyhán.,A számítógépet kapcsold be a konyhában.,0.16666666666666666
C_028_0001_window_smallroom_AOL,C_028,Nyicsiki az ablakot a kiszobába.,Nyiss ki az ablakot a kisszobában.,0.6
C_028_0100_heating_corridor_LAO,C_028,A folyosón húzd le a fűtés.,A fojjosón húzd le a fűtés.,0.16666666666666666
C_028_0001_window_kitchen_AOL,C_028,Nyisd ki az ablakot a konyhában.,Nyiszd ki az ablakot a konyhában.,0.16666666666666666
C_028_1000_heating_corridor_LAO,C_028,A folyosón húzd fel a fűtés.,A folyosó húzd fel a fűtés.,0.16666666666666666
C_028_0010_washing machine_kitchen_LAO,C_028,A konyhában kapcsold be hatvan fokon a mosógépet.,A konyhában kapcsold be hatvan fokon a mosógépet.,0.0
C_028_0100_shutter_kitchen_LAO,C_028,A konyhában engedd le a redőnt.,A konyhában engedd le a redőnt.,0.0
C_028_0001_vacuum_corridor_AOL,C_028,Kapcsold ki a porszívót a fölyösón.,Kapcsold ki a porszívót a folyosón.,0.16666666666666666
C_028_0001_stove_kitchen_LAO,C_028,A konyhába kapcsold ki a tűzhelye.,A konyhában kapcsold ki a tűzhelyet.,0.3333333333333333
C_028_0010_radio_kitchen_AOL,C_028,Kapcsold be a rádiót a konyhában.,Kapcsold be a rádiót a konyhában.,0.0
C_028_0001_radio_bathroom_LAO,C_028,Fürdőszobában kapcsold ki a rádiót.,Fürdőszobában kapcsold ki a rádiót.,0.0
C_029_0010_vacuum_kitchen_AOL,C_029,Kapcsold be a porszívót a konyhában.,Kapcsold be a porszívót a konyhában.,0.0
C_029_0001_toaster_kitchen_AOL,C_029,Kapcsold ki a kenyérpirítót a konyhában.,Kapcsold ki a kenyérpirítót a konyhában.,0.0
C_029_0100_electricity_bathroom_AOL,C_029,Kapcsold le a villant a fürdőszobában.,Kapcsold le a villant a fürdőszobában.,0.0
C_029_0100_TV_livingroom_LAO,C_029,A nagyszobában csendesícsd le a tévét.,A nagyszobában halkítsd le a tévét.,0.16666666666666666
C_029_0010_toaster_kitchen_AOL,C_029,Kapcsold be a pirítóst a konyhában.,Kapcsold be a pirítóst a konyhában.,0.0
C_029_0001_washing machine_kitchen_AOL,C_029,Kapcsold be a mosógépet a harminc fokra a konyhában.,Állícs a mosógépet harminc fokra a konyhában.,0.3333333333333333
C_029_0001_vacuum_corridor_AOL,C_029,Kapcsold ki a porszívót a folyosón.,Kapcsold ki a porszívót a folyosón.,0.0
C_029_1000_TV_livingroom_LAO,C_029,A nagyszobában hangosícsd fel a tévét.,A nagycobában hangosítsd fel a tévét.,0.3333333333333333
C_029_0001_vacuum_kitchen_AOL,C_029,Kapcsold ki a porszívót a konyhában.,Kapcsold ki a porszívót a konyhában.,0.0
C_029_0010_kettle_kitchen_AOXL,C_029,Kapcsold be a vízmelegítőt a fü konyhában.,Kapcsold be a vízforralót a kik konyhában.,0.2857142857142857
C_029_0001_computer_kitchen_AOL,C_029,Kapcsold ki a számítógépet a konyhában.,Kapcsold ki a számítógépet a konyhában.,0.0
C_029_0001_curtain_smallroom_LAO,C_029,A kisszobában húzd szét a függönt.,A kisszobában húzd szét a függönt.,0.0
C_029_0100_TV_room_AOL,C_029,Csendesícsd le a tévét a szobában.,Halkítsd le a tévét a szobában.,0.16666666666666666
C_029_1111_TV_room_LAO,C_029,A szobában válcs csatornát a tévén.,A szobában válcs csatornát a tévén.,0.0
C_029_0010_washing machine_bathroom_AOL,C_029,Kapcsold be a mosógépet hatvan fokra a kofürdőszobába.,Kapcsold be a mosógépet hatvan fokra a fürdőszobában.,0.125
C_029_0010_vacuum_smallroom_LAO,C_029,A kisszobában kapcsold be a porszívót.,A kisszobában kapcsold be a porszívót.,0.0
C_029_0010_heating_room_LAO,C_029,A szobában kapcsold be a fűtést.,A szobában kapcsold be a fűtést.,0.0
C_029_0100_TV_kitchen_AOL,C_029,Halkícsd le a tévét a konyhában.,Halkítsd a tévét a konyhában.,0.3333333333333333
C_029_0010_window_livingroom_AOL,C_029,Zárd be az ablakot a nagyszobában.,Zárd be az ablakot a nagyszobában.,0.0
C_029_0010_window_kitchen_AOL,C_029,Zárd be a zablakot a konyhában.,Zárd be a szobátót a konyhában.,0.16666666666666666
C_029_0001_fan_kitchen_LAO,C_029,A konyhában kapcsold ki a ventillátor.,A konyhában kapcsold ki a ventillátort.,0.16666666666666666
C_029_0001_heating_livingroom_LAO,C_029,A nagyszobában kapcsold ki a fűtést.,A nagycobában kapcsold ki a fűtés.,0.3333333333333333
C_029_0001_washing machine_kitchen_LAO,C_029,A konyhában kapcsold be a mosógépet harminc fokra.,A konyhában kapcsold be a mosógépet harminc fokra.,0.0
C_029_0010_heating_room_AOL,C_029,Kapcsold be a fűtést a szobában.,Kapcsold be a fűtést a szobában.,0.0
C_029_1000_heating_room_LAO,C_029,A szobában húzd fel a fűtés.,A szobában húzd fel a fűtést.,0.16666666666666666
C_029_0001_radio_livingroom_AOL,C_029,Kapcsold ki a rádiót a nagyszobában.,Kapcsold ki a rádiót a nagyszobában.,0.0
C_029_0010_door_bathroom_AOL,C_029,Zárd be az ajtót a fürdőszobában.,Zárd be az ajtót a fürdőszobában.,0.0
C_029_0001_heating_livingroom_AOL,C_029,Kapcsold ki a fűtést a nagycobában.,Kapcsold ki a fűtést a nagycobában.,0.0
C_029_0010_computer_smallroom_OAL,C_029,A számítgéégépet kapcsold be a kisszobában.,A számítógépet kapcsold be a kisszobában.,0.16666666666666666
C_029_0010_vacuum_smallroom_AOL,C_029,Kapcsold be a porszívót a kisszobában.,Kapcsold be a porszívót a kisszobában.,0.0
C_029_0100_electricity_room_LAO,C_029,A szobában kapcsold le a villanyt.,A szobába kapcsold le a villanyt.,0.16666666666666666
C_029_0010_fan_room_LAO,C_029,A szobában kapcsold be a ventillátort.,A szobában kapcsold be a ventillátor.,0.16666666666666666
C_030_0010_vacuum_bathroom_AOL,C_030,Kapcsold be a porszívót a fürdőszobába.,Kapcsold be a porszívót a fürdőszobában.,0.16666666666666666
C_030_0010_fan_room_AOL,C_030,Kapcsojja a ventillátort a szobában.,Kapcsold be a ventillátort a kisszobában.,0.6
C_030_0100_electricity_livingroom_AOL,C_030,Kapcsold le a világítást a nagyszobában.,Kapcsold le a rádiót a nagyszobában.,0.16666666666666666
C_030_0100_TV_livingroom_AOL,C_030,Csendesícsd a tévét a nagyszobában.,Csendesítsd a tévét a nagyszobában.,0.2
C_030_0010_toaster_kitchen_LAO,C_030,A konyhában kapcsold be a pirítót.,A konyhában kapcsold be a pirítót.,0.0
C_030_0001_washing machine_kitchen_AOL,C_030,Állícsd harminc fokra a mosógépet a konyhában.,Hárítsd harminc fokra a mosógépet konyhában.,0.2857142857142857
C_030_0001_vacuum_smallroom_AOL,C_030,Kapcsold ki a porszívót a kisszobába.,Kapcsold ki a porszívót a kisszobában.,0.16666666666666666
C_030_1000_TV_kitchen_AOL,C_030,Hangosícsd a tévét a konyhában.,Csendesícsd a tévét a konyhában.,0.2
C_030_0001_vacuum_bathroom_AOL,C_030,Kapcsold ki a porszívót a fürdőszobába.,Kapcsold ki a porszívót a fürdőszobába.,0.0
C_030_0001_kettle_kitchen_AOL,C_030,Kapcsold ki a vízforralót a konyhában.,Kapcsold ki a vízforralót a konyhában.,0.0
C_030_0001_computer_kitchen_LAO,C_030,A konyhában kapcsold ki a számítógépet.,A konyhában kapcsold ki a számítógépet.,0.0
C_030_1000_shutter_kitchen_LAO,C_030,A konyhában húzd föl a redőnyt.,A konyhában húzd fel a redőnyt.,0.16666666666666666
C_030_0100_TV_kitchen_LAO,C_030,A konyhában halkícsd a tévét.,Konyhában hangosítsd a tévét.,0.6
C_030_1111_TV_livingroom_LAO,C_030,A nagyszobában válcs csatornát a tévén.,A nagyszobában válcs csatornát a tévén.,0.0
C_030_0001_washing machine_bathroom_LAO,C_030,A fürdőszobában kapcsold be a mosógépet harminc fokon.,A fürdőszobában kapcsold be mosógépet harminc fokon.,0.125
C_030_0001_vacuum_kitchen_LAO,C_030,A konyhában kapcsold ki a porszívót.,A konyhában kapcsold ki a porszívót.,0.0
C_030_0010_heating_livingroom_AOL,C_030,Kapcsold be a fűtést a nagyszobában.,Kapcsold be a fűtést a nagyszobában.,0.0
C_030_1000_TV_room_LAO,C_030,A szobában hangosícsd a tévét.,A szobában hangosítsd a tévét.,0.2
C_030_0010_window_room_LAO,C_030,Szobában zárd be az ablako.,A szobában zárd be az ablakot.,0.6
C_030_0010_window_kitchen_AOL,C_030,Zárd be a tetőablakot a konyhában.,Számítóában kapcsold ki a konyhában.,0.6666666666666666
C_030_0001_fan_livingroom_LAO,C_030,A nagyszobában kapcsold ki a ventillátort.,A nagyszobában kapcsold ki a ventillátor.,0.16666666666666666
C_030_0001_heating_corridor_AOL,C_030,Kapcsold ki a fűtést a folyosón.,Kapcsold ki a fűtést a folyosón.,0.0
C_030_0010_washing machine_kitchen_LAO,C_030,A konyhában kapcsold be a mosó gépet.,A konyhában kapcsold be a mosógépet fűtést.,0.2857142857142857
C_030_0010_heating_room_LAO,C_030,A szobában kapcsold be a fűtés.,A szobában kapcsold be a fűtés.,0.0
C_030_1000_heating_livingroom_LAO,C_030,A nagyszobában húzd fel a fűtés.,A nagyszobában húzd fel a fűtés.,0.0
C_030_0001_radio_corridor_LAO,C_030,A folyosón kapcsold ki a rádió.,A folyosón kapcsold ki a rádiót.,0.16666666666666666
C_030_0010_door_bathroom_AOL,C_030,Zárd be az ajtót a fürdőszobáb.,Zárd be az ajtót a fürdőszobában.,0.16666666666666666
C_030_0001_heating_livingroom_LAO,C_030,A nagyszobában kapcsold ki a fűtés.,A nagyszobában kapcsold be a hűtés.,0.3333333333333333
C_030_0010_computer_smallroom_AOL,C_030,Kapcsold be a számítógépet a kisszobában.,Kapcsold be a számítógépet a kisszobában.,0.0
C_030_0001_vacuum_kitchen_AOL,C_030,Kapcsold ki a porszívót a konyhában.,Kapcsold ki a porszívót a konyhába.,0.16666666666666666
C_030_0100_electricity_corridor_LAO,C_030,Folyosón kapcsold le a világítás.,A folyosón kapcsold le a világítást.,0.6
C_030_0010_fan_smallroom_LAO,C_030,A kisszobában kapcsold be a ventillátor.,A kisszobában kapcsold be a villanyt.,0.16666666666666666
C_031_0001_curtain_kitchen_AOL,C_031,Húzd szét a függönyt a konyhában.,Húzd szét a függönyt a konyhában.,0.0
C_031_1000_shutter_bathroom_LAO,C_031,A fürdőszobába húzd fel a redőny.,A fürdőszobába húzd fel a redőny.,0.0
C_031_0010_heating_room_AOL,C_031,Kapcsold be a fűtést a tobába.,Kapcsold be a fűtést a szobába.,0.16666666666666666
C_031_0001_fan_room_AOL,C_031,Kapcsold ki a ventillátor a szobában.,Kapcsold ki a ventillátort a szobában.,0.16666666666666666
C_031_0001_curtain_bathroom_AOL,C_031,Húzd szét a függöny a fürdőszobában.,Húzd szét a függöny a fürdőszobában.,0.0
C_031_1000_electricity_kitchen_AOL,C_031,Kapcsold fell a villanyt a konyhában.,Kapcsold fel a villanyt a konyhában.,0.16666666666666666
C_031_0010_door_livingroom_LAO,C_031,A nagyszobában zárd be az ajtót.,A nagycobában zsát balkot.,0.8333333333333334
C_031_1000_heating_corridor_AOL,C_031,Húzd fel a fűtés a fojjosón.,Húzd fel a fűtést a folyosón.,0.3333333333333333
C_031_1000_heating_kitchen_LAO,C_031,A konyhában húzd fel a fűtés.,A konyhába húzd fel a fűté.,0.3333333333333333
C_031_0010_computer_room_LAO,C_031,A szobában kapcsold be a számítógépet.,A szobában kapcsold be a számítógépet.,0.0
C_031_0001_toaster_kitchen_LAO,C_031,A konyhában kapcsold ki a pirivasalót.,A konyhában kapcsold ki a vízforraló.,0.16666666666666666
C_031_0010_fan_livingroom_AOL,C_031,Kapcsold be a ventillátort a nagyszobában.,Kapcsold be a ventillátort a nagyszobában.,0.0
C_031_1000_TV_room_LAO,C_031,A szobában hangosícs a tévét.,A szobába hangosícsd a tévét.,0.4
C_031_1000_shutter_smallroom_LAO,C_031,A kisszobába húzd fel a redőny.,A kisszobába húzd fel a redőny.,0.0
C_031_0010_radio_kitchen_AOL,C_031,Kapcsold be a rádijót a konyhában.,Kapcsold be a rádijót a konyhában.,0.0
C_031_1000_heating_livingroom_LAO,C_031,A nagyszobába húzd fela fűté.,A nagycobába húzd fel a fűtés.,0.8
C_031_0010_fan_room_AOL,C_031,Kapcsold be a ventillátort a szobában.,Kapcsold föl a ventillátor a szobában.,0.3333333333333333
C_031_0010_dishwasher_kitchen_AOL,C_031,Kapcsold be a mosogatógépet a konyhában.,Kapcsold fel a mosogatógépet a konyhában.,0.16666666666666666
C_031_0001_window_room_AOL,C_031,Nyiszd ki az ablakot a szobában.,Nyisd ki az ablakot a szobában.,0.16666666666666666
C_031_0010_heating_room_LAO,C_031,A szobában kapcsold be a fűté.,A szobában kapcsold be a fűté.,0.0
C_031_0001_door_smallroom_LAO,C_031,A kisszobában nyisd ki az ajtót.,A kisszobába nyisd ki az ajtót.,0.16666666666666666
C_031_1000_shutter_smallroom_AOL,C_031,Húzd fel a redőnyt a kisszobába.,Húzd fel a redőnyt a kisszobába.,0.0
C_031_0100_TV_livingroom_LAO,C_031,A nagyszobában csendesícsd a tévét.,A nagyszobában engeddícsd a tévét.,0.2
C_031_0010_vacuum_bathroom_AOL,C_031,Kapcsold be a porszivót a fürdőszobába.,Kapcsold fel a porszivót a fürdőszobába.,0.16666666666666666
C_031_1111_TV_kitchen_LAO,C_031,Konyhában válcs csatornát a tévén.,Konyhába válcs csatornát a tévén.,0.2
C_031_0100_shutter_livingroom_LAO,C_031,A nagyszobába húzd le a redőny.,A nagyszobába húzd le a redőnyt.,0.16666666666666666
C_031_0001_door_corridor_AOL,C_031,Nyisd ki az ajtót a fojjosón.,Nyisd ki az ajtót a folyosón.,0.16666666666666666
C_031_0001_toaster_kitchen_AOL,C_031,Kapcsold ki a kennyérpirítót a konyhában.,Kapcsold ki a vízforralót a konyhában.,0.16666666666666666
C_031_0010_door_room_AOL,C_031,Zárd be az ajtót a szobában.,Zárd be az ajtót a szobában.,0.0
C_031_0010_door_smallroom_LAO,C_031,A kisszobában zárd be az ajtót.,A kis ablakban zárd be az ajtót.,0.3333333333333333
C_031_0001_vacuum_livingroom_AOL,C_031,Kapcsold ki a porszivót a nagyszobába.,Kapcsold ki a porszívót a nagyszobába.,0.16666666666666666
C_031_0010_fan_smallroom_LAO,C_031,Kisszobába kapcsold be a ventillátor.,Kisszobába kapcsold be a ventillátor.,0.0
C_032_0100_shutter_room_LAO,C_032,Szobába engedd le a redőnyt.,Szobába engedd a redőnyt.,0.2
C_032_0010_vacuum_kitchen_AOL,C_032,Kapcsold be a porszívót a konyhába.,Kapcsold be a porszívót a konyhába.,0.0
C_032_0001_vacuum_kitchen_AOL,C_032,Kapcsold ki a porszívót a konyhába.,Kapcsold ki a porszívót a konyhába.,0.0
C_032_0001_radio_kitchen_OAL,C_032,A rádiót kapcsold ki a konyhába.,A rádiót kapcsold ki a konyhába.,0.0
C_032_0001_door_smallroom_AOL,C_032,Nyisd ki az ajtót a kisszobába.,Nyisd ki az ajtót a kisszobába.,0.0
C_032_0001_window_corridor_LAO,C_032,Folyosón nyisd ki az ablakot.,Folyosó nyisd ki az ablakot.,0.2
C_032_0010_curtain_room_LAO,C_032,Szobába húzd be a függönyt.,Szobában húzd be függönyt.,0.4
C_032_0001_heating_livingroom_LAO,C_032,Nagyszobába kapcsold ki a fűtést.,Nagyszobába kapcsold ki a hűtést.,0.2
C_032_0001_computer_livingroom_OAL,C_032,A számítógépet kapcsold ki a nagyszobába.,A számítógépet hat kapcsold ki a nagyszobába.,0.16666666666666666
C_032_0010_heating_smallroom_AOL,C_032,Kapcsold be a fűtést a kisszobába.,Kapcsold be a fűtést a kisszobába.,0.0
C_032_1000_shutter_room_LAO,C_032,Szobába húzd föl a redőnyt.,Szobába húzd föl a redőnyt.,0.0
C_032_0010_vacuum_bathroom_AOL,C_032,Kapcsold be a porszívót a fürdőszobába.,Kapcsold be a porszívót a fürdőszobába.,0.0
C_032_0010_washing machine_kitchen_LAO,C_032,Konyhába kapcsold be a mosógépet hatvan fokon.,Konyhába kapcsold be a szobábítót hat fokon.,0.2857142857142857
C_032_0001_curtain_bathroom_LAO,C_032,Fürdőszobába húzd szét a függönt.,Fürdőszobába húzd szét a függönyt.,0.2
C_032_0001_heating_smallroom_AOL,C_032,Kapcsold ki a fűtést a kisszobába.,Kapcsold ki a fűtést a kisszobába.,0.0
C_032_0010_fan_corridor_AOL,C_032,Kapcsold be a ventilátort a folyosón.,Kapcsold be a ventillátort a folyosón.,0.16666666666666666
C_032_0010_radio_smallroom_LAO,C_032,Kisszobába kapcsold be a rádiót.,Kisszobába kapcsold be a rádiót.,0.0
C_032_0001_window_bathroom_AOL,C_032,Nyisd ki az ablakot a fürdőszobába.,Nyisd ki az ablakot a fürdőszobába.,0.0
C_032_0001_door_corridor_AOL,C_032,Nyisd ki az ajtót a folyosón.,Nyisd ki az ajtót a folyosón.,0.0
C_032_0100_heating_room_LAO,C_032,Szobába húzd le a fűtést.,Szobába húzd le fűtést.,0.2
C_032_1111_TV_room_AOL,C_032,Válcsatornát a tévén a szobába.,Vál csatornát a tévén a szobába.,0.4
C_032_0100_heating_bathroom_LAO,C_032,Fürdőszobába húzd le a fűtést.,Fürdőszobába húzd le a fűtést.,0.0
C_032_0001_curtain_kitchen_AOL,C_032,Húzd szét a függönyt a konyhába.,Húzd szét a függönyt a konyhába.,0.0
C_032_0010_curtain_smallroom_LAO,C_032,Kisszobába húzd be a függönt.,Kisszobába húzd be függönyt.,0.4
C_032_0010_heating_bathroom_LAO,C_032,Fürdőszobába kapcsold be a fűtést.,Fürdőszobába kapcsold be a fűtést.,0.0
C_032_0010_window_smallroom_AOL,C_032,Zárd be az az ablakot a kisszobába.,Zárd be az ablakot a kisszobába.,0.14285714285714285
C_032_0001_washing machine_bathroom_LAO,C_032,Fürdőszobába kapcsold be a mosógépet harminc fokon.,Fürdőszobába kapcsold be a szobábát harminc fokon.,0.14285714285714285
C_032_0001_fan_room_AOL,C_032,Kapcsold ki a ventilátort a szobába.,Kapcsold ki a ventilátort a szobába.,0.0
C_032_0001_vacuum_livingroom_LAO,C_032,Nagyszobába kapcsold ki a porszívót.,Nagyszobába kapcsold ki a porszívót.,0.0
C_032_0010_vacuum_livingroom_AOL,C_032,Kapcsold be a porszívót a nagyszobába.,Kapcsold be a porszívót a nagyszobába.,0.0
C_032_0010_window_smallroom_LAO,C_032,Kisszobába zárd be az ablakot.,Kisszobába zár az ablakot.,0.4
C_033_0010_washing machine_bathroom_LAO,C_033,A fürdőszobában kapcsold be hatvan fokon a mosógépet.,A fürdőszobába kapcsold be a szobában a mosogépet.,0.5
C_033_0010_curtain_room_LAO,C_033,A szobában húzd be a függöny.,A szobában húzd le a fűrdőny.,0.3333333333333333
C_033_0100_TV_bathroom_LAO,C_033,A fürdőszobában csendesicsd a tévét.,A fürdőszobába nyisd ki a tévét.,0.6
C_033_0010_radio_livingroom_LAO,C_033,A nagyszobában kapcsold be a rádjó.,A nagyszobába nyisd ki az ablakot a rádjón.,1.0
C_033_1000_TV_bathroom_LAO,C_033,A fürdőszobában hangosicsd a tévét.,A fürdőszobában húzd le a fűtés.,0.6
C_033_0010_heating_smallroom_AOL,C_033,Kapcsold be a fűtés a kijjobában.,Válcs csatornát a fűtést a fürdőszobában.,0.6666666666666666
C_033_0001_computer_room_LAO,C_033,A szobában kapcsold ki a számítógépet.,A szobában kapcsold ki a számítógépet.,0.0
C_033_1000_TV_smallroom_LAO,C_033,A kisszobában hangosicsd a tévét.,A kisszobában húzd szét a függöny.,0.6
C_033_1000_electricity_smallroom_LAO,C_033,A kisszobában kapcsold fel a villany.,A kisszobába húzd fel a föl a villany.,0.6666666666666666
C_033_0100_TV_kitchen_LAO,C_033,A konyhában csendesícsd a tévé.,A konyhában csináljunk a tévét.,0.4
C_033_0001_fan_bathroom_AOL,C_033,Kapcsold ki a ventillátort a fürdőszobában.,Kapcsold ki a ventillátor a fürdőszobában.,0.16666666666666666
C_033_1000_electricity_corridor_LAO,C_033,A folyosón kapcsold fel a villanyt.,A fojjosón kapcsold fel a villany.,0.3333333333333333
C_033_0001_vacuum_kitchen_LAO,C_033,A konyhában kapcsold ki a porszivó.,A konyhába húzd le a fűtés a fojjosón.,1.0
C_033_1000_electricity_corridor_AOL,C_033,Komojan vel a villanyt a fojjosón.,Kapcsold fel a villanyt a folyosón.,0.5
C_033_0100_TV_smallroom_AOL,C_033,Csendesícsd a tévét a kisszobában.,Csendesítsd a tévét a kisszobában.,0.2
C_033_1000_heating_kitchen_LAO,C_033,A konyhábn húzd meg a fűnő.,A konyhába húzd be a fűtés.,0.5
C_033_1000_shutter_smallroom_AOL,C_033,Húzd fel a redőnyt a kisszobában.,Húzd le a redőnyt a fürdőszobában.,0.3333333333333333
C_033_0001_window_corridor_LAO,C_033,A folyosón nyisd ki az ablakot.,A folyosón nyisd ki az ablakot.,0.0
C_033_1000_shutter_bathroom_LAO,C_033,A fürdőszobában húzd fel a redőnyt.,A fürdőszobában húzd lejjebb a redőnyt.,0.16666666666666666
C_033_1111_TV_livingroom_LAO,C_033,A nagyszobában válcs csatornát a tévén.,A nagyszobában válcs csatornát a tévén.,0.0
C_033_1000_heating_smallroom_AOL,C_033,Húzd mel a fűtés a mzobába,Húzd fel a fűtést a fürdőszobában.,0.5
C_033_1111_TV_corridor_LAO,C_033,A fojjosón válcs csatornát a tévén.,A fojjosón van föl a tévét.,0.5
C_033_1000_heating_room_AOL,C_033,Húzd fel a fűtés a szobába.,Húzd fel a fűtést a nagyszobában.,0.3333333333333333
C_033_0001_fan_smallroom_AOL,C_033,Kapcsold ki a ventillátort a nyisszobában.,Kapcsold ki a ventillátort a kisszobában.,0.16666666666666666
C_033_0010_NULL_bathroom_AXL,C_033,Kapcsold be hatvan fokon amijen a fürdőszobában.,Kapcsold be hatvan fokon a konyhában a fürdőszobában.,0.2857142857142857
C_033_0100_TV_corridor_LAO,C_033,A fojjosón csendesícsd a tévét.,A folyosón engedd lejjebb a tévén.,0.8
C_033_0001_TV_room_AOL,C_033,Kapcsold ki a tévét a szobában.,Kapcsold ki a tévén a szobában.,0.16666666666666666
C_033_1111_TV_bathroom_LAO,C_033,A fürdőszobában válcs csatornát a tévén.,A fürdőszobában van csatornát a tévén.,0.16666666666666666
C_033_0001_toaster_kitchen_AOL,C_033,Kapcsold ki a kenyérpirítót a konyhában.,Kapcsold ki a kenyérpirítót a konyhában.,0.0
C_033_0001_curtain_kitchen_LAO,C_033,A konyhában húzd szét a függöny.,A konyhában húzd szét a függönyt.,0.16666666666666666
C_033_1000_electricity_livingroom_LAO,C_033,A nagyszobában kapcsold fel a villanyt.,A nagyszobában nyisd ki az ajtót a villanyt.,0.6666666666666666
C_033_1111_radio_kitchen_AOL,C_033,Válcs csatornát a rádjón a konyhában.,Válcs csatornát a rádijón a konyhában.,0.16666666666666666
C_033_0001_heating_smallroom_AOL,C_033,Kapcsold ki a fűtés a nyiszobában.,Kapcsold ki a fűtést a fürdőszobában.,0.3333333333333333
C_033_0010_TV_bathroom_AOL,C_033,Kapcsold be a tévét a fürdőszobában.,Kapcsold át tévét a fürdőszobában.,0.3333333333333333
C_033_0010_window_room_AOL,C_033,Zárd be az ablakhot a szobában.,A számítógépet húzd le a függönyönyöbában.,0.8333333333333334
C_036_0001_radio_corridor_LAO,C_036,A fojjosón kapcsold ki a rádió.,A folyosón kapcsold ki a rádió.,0.16666666666666666
C_036_0100_heating_kitchen_AOL,C_036,Húzd le a fűtést a konyhában.,Húzd le a fűtést a konyhában.,0.0
C_036_0001_fan_room_LAO,C_036,A szobában kapcsold ki a ventillátor.,A szobában kapcsold ki a inviátor.,0.16666666666666666
C_036_0001_window_bathroom_AOL,C_036,Nyisd ki az ablakot a fürdőszobában.,Nyisd ki az ablakot a fürdőszobában.,0.0
C_036_0001_fan_livingroom_LAO,C_036,A nagyszobában kapcsold ki a ventillátor.,A nagyszobában kapcsold ki a ventillátor.,0.0
C_036_0001_radio_room_LAO,C_036,A szobában kapcsold ki a rádió.,A szobában kapcsold ki a rádió.,0.0
C_036_0001_door_bathroom_AOL,C_036,Nyisd ki az ajtót a fürdőszobában.,Nyisd ki az ajtót a fürdőszobába.,0.16666666666666666
C_036_0001_door_livingroom_LAO,C_036,A nagyszobában nyisd ki az ajtót.,A nagyszobába nyiss ki az ajtó.,0.5
C_036_0001_fan_smallroom_LAO,C_036,A kisszobában kapcsold ki a ventillátor.,A kisszobában kapcsold ki a ventillátor.,0.0
C_036_0001_fan_smallroom_AOL,C_036,Kapcsold ki a ventillátort a kisszobában.,Kapcsold ki a ventillátort a kisszobában.,0.0
C_036_1000_electricity_kitchen_AOL,C_036,Kapcsold fel a villanyt a konyhában.,Kapcsold fel a villanyt a konyhában.,0.0
C_036_0001_fan_kitchen_LAO,C_036,A konyhában kapcsold ki a ventillátor.,A konyhában kapcsold ki a ventillátor.,0.0
C_036_0001_window_corridor_LAO,C_036,A fojjosón nyisd ki az ablakot.,A folyosón nyisd ki az ablakot.,0.16666666666666666
C_036_0001_door_corridor_AOL,C_036,Nyisd ki az ajtót a fojosón.,Nyisd ki az ajtót a folyosón.,0.16666666666666666
C_036_1000_electricity_kitchen_LAO,C_036,A konyhában kapcsold fel a villany.,A konyhában kapcsold fel a villan.,0.16666666666666666
C_036_1111_NULL_kitchen_AL,C_036,Válcs csatornát a konyhában.,Válcs csatornát a konyhában.,0.0
C_036_0001_fan_corridor_AOL,C_036,Kapcsold ki a ventillátort a fojjosón.,Kapcsold ki a ventillátort a folyosón.,0.16666666666666666
C_036_0001_curtain_bathroom_LAO,C_036,A fürdőszobában húzd szét a függöny.,A fürdőszobában húzd szét a fűtés.,0.16666666666666666
C_036_0001_vacuum_kitchen_LAO,C_036,A konyhában kapcsold ki a porszívó.,A konyhában kapcsold ki a porszívó.,0.0
C_036_1000_heating_corridor_AOL,C_036,Húzd fel a fűtést a fojjosón.,Húzd fel a fűtést a folyosón.,0.16666666666666666
C_036_0001_fan_corridor_LAO,C_036,A fojjosón kapcsold ki a ventillátor.,A folyosón kapcsold ki a ventillátor.,0.16666666666666666
C_036_0001_curtain_bathroom_AOL,C_036,Húzd szét a függönyt a fürdőszobában.,Húzd szét a függönyt a fürdőszobában.,0.0
C_036_1000_electricity_bathroom_LAO,C_036,A fürdőszobában kapcsold fel a villany.,A fürdőszobában kapcsold fel a villanyt.,0.16666666666666666
C_036_0100_shutter_room_LAO,C_036,A szobában húzd le a redőnyt.,A szobába húzd le a redőnyt.,0.16666666666666666
C_036_0001_window_kitchen_LAO,C_036,A konyhában nyisd ki az ablakot.,A konyhában nyisd ki az ablakot.,0.0
C_036_0001_curtain_smallroom_AOL,C_036,Húzd szét a függönyt a kisszobában.,Húzd szét a függönyt a kisszobában.,0.0
C_036_0001_heating_smallroom_AOL,C_036,Kapcsold ki a fűtést a kisszobában.,Kapcsold ki a fűtést a kisszobában.,0.0
C_036_1111_TV_kitchen_AOL,C_036,Válcs csatornát a tévén a konyhába.,Válcs csatornát a tévén a konyhába.,0.0
C_036_0001_computer_kitchen_AOL,C_036,Kapcsold ki a számítógépet a konyhában.,Kapcsold ki a számítógépet a konyhában.,0.0
C_036_0010_door_smallroom_AOL,C_036,Zárd be az ajtót a kisszobában.,Zárd be az ajtót a kisszobában.,0.0
C_036_0001_heating_bathroom_LAO,C_036,A fürdőszobában kapcsold ki a fűtés.,A fürdőszobában kapcsold ki a fűtés.,0.0
C_036_0001_vacuum_smallroom_LAO,C_036,A kisszobában kapcsold ki a porszívó.,A kisszobában kapcsold ki a porszívó.,0.0
C_036_0010_computer_kitchen_AOL,C_036,Kapcsold be a számítógépet a konyhában.,Kapcsold be a számítógépet a konyhában.,0.0
C_037_0100_TV_corridor_LAO,C_037,A folyosón csendesítsd a tévét.,A folyosón csendesítsd a tévét.,0.0
C_037_1000_heating_livingroom_LAO,C_037,A nagyszobában húzd fel a fűtés.,A nagyszobában húzd le a fűtés.,0.16666666666666666
C_037_0001_vacuum_livingroom_LAO,C_037,A nagyszobában kapcsold ki a porszívót.,A nagycobában kapcsold ki a porszívót.,0.16666666666666666
C_037_1000_shutter_corridor_AOL,C_037,Húzd fel a redőnyt a folyosón.,Húzd fel a redőnyt a folyosón.,0.0
C_037_0001_toaster_kitchen_LAO,C_037,A konyhában kapcsold ki a kenyérpirítót.,A konyhában kapcsold ki a kenyérpirítót.,0.0
C_037_0001_window_livingroom_AOL,C_037,Nyisd ki az ablakot a nagyszobában.,Nyisd ki az ablakot a nagyszobában.,0.0
C_037_0010_radio_smallroom_AOL,C_037,Kapcsold be a rádiót a kisszobában.,Kapcsold be a rádiót a kisszobában.,0.0
C_037_0010_dishwasher_kitchen_LAO,C_037,A konyhában kapcsold be a mosogatógépet.,A konyhában kapcsold be mosogatógépet.,0.16666666666666666
C_037_0001_window_livingroom_LAO,C_037,A nagyszobában nyisd ki az ablakot.,A nagyszobában nyisd ki az ablakot.,0.0
C_037_0100_electricity_smallroom_AOL,C_037,Kapcsold le a villanyt a kisszobában.,Kapcsold le a villanyt a szobában.,0.16666666666666666
C_037_0100_heating_livingroom_LAO,C_037,A nagyszobában kapcsold le a fűtés.,A nagyszobában kapcsold be a fűtés.,0.16666666666666666
C_037_0001_heating_corridor_LAO,C_037,A folyosón kapcsold ki a fűtés.,A folyosón kapcsold ki a fűtést.,0.16666666666666666
C_037_1000_heating_corridor_LAO,C_037,A folyosón húzd fel a fűtés.,A folyosón húzd fel a fűtés.,0.0
C_037_0010_curtain_kitchen_AOL,C_037,Húzd be a függönyt a konyhában.,Húzd be a függönyt a konyhában.,0.0
C_037_0100_heating_livingroom_AOL,C_037,Kapcsold le a fűtést a nagyszobában.,Kapcsold be a fűtést a nagyszobában.,0.16666666666666666
C_037_0001_curtain_room_AOL,C_037,Húzd szét a függönyt a szobában.,Húzd szét a függönyt a szobában.,0.0
C_037_1000_electricity_bathroom_AOL,C_037,Kapcsold fel a villanyt a fürdőszobában.,Kapcsold fel a villant a fürdőszobában.,0.16666666666666666
C_037_0001_curtain_smallroom_LAO,C_037,A kisszobában húzd szét a függönyt.,A kisszobában húzd szét a függönyt.,0.0
C_037_0010_computer_room_AOL,C_037,Kapcsold be a számítógépet a szobában.,Kapcsold be a számítógépet a szobában.,0.0
C_037_0010_fan_corridor_AOL,C_037,Kapcsold be a ventilátort a folyosón.,Kapcsold be a ventilátort a folyosón.,0.0
C_037_1111_radio_kitchen_AOL,C_037,Válcs csatornát a rádión a konyhában.,Válcs csatornát a rádión a konyhában.,0.0
C_037_0001_door_bathroom_AOL,C_037,Nyisd ki az ajtót a fürdőszobában.,Nyisd ki az ajtót a fürdőszobában.,0.0
C_037_0001_computer_smallroom_LAO,C_037,A kisszobában kapcsold ki a számítógépet.,A kisszobában kapcsold ki a számítógépet.,0.0
C_037_0010_fan_bathroom_AOL,C_037,Kapcsold be a ventilátort a fürdőszobában.,Kapcsold be a ventilátort a fürdőszobában.,0.0
C_037_0001_computer_bathroom_AOL,C_037,Kapcsold ki a számítógépet a fürdőszobában.,Kapcsold ki a számítógépet a fürdőszobában.,0.0
C_037_0010_vacuum_corridor_LAO,C_037,A folyosón kapcsold be a porszívót.,A folyosón kapcsold be a porszívót.,0.0
C_037_1000_TV_smallroom_LAO,C_037,A kisszobában hangosítsd fel a tévét.,A kisszobában hangosícsd fel a tévét.,0.16666666666666666
C_037_0001_window_smallroom_AOL,C_037,Nyisd ki az ablakot a kisszobában.,Nyisd ki az ablakot a szobában.,0.16666666666666666
C_037_0100_heating_kitchen_AOL,C_037,Húzd le a fűtést a konyhában.,Kapcsold be a fűtést a konyhában.,0.3333333333333333
C_037_0001_radio_room_LAO,C_037,A szobában kapcsold ki a rádiót.,A szobában kapcsold ki a rádiót.,0.0
C_037_0010_vacuum_kitchen_LAO,C_037,A konyhában kapcsold be a porszívót.,A konyhában kapcsold be a porszívót.,0.0
C_037_0010_curtain_smallroom_LAO,C_037,A kisszobában húzd be a függönyt.,A kisszobában húzd le a függönyt.,0.16666666666666666
C_037_0001_computer_bathroom_LAO,C_037,A fürdőszobában kapcsold ki a számítógépet.,A fürdőszobában kapcsold ki a számítógépet.,0.0
C_037_0001_vacuum_smallroom_AOL,C_037,Kapcsold ki a porszívót a kisszobában.,Kapcsold ki a porszívót a kisszobában.,0.0
C_037_0100_TV_kitchen_LAO,C_037,A konyhában csendesítsd a tévét.,A konyhában csendesítsd a tévét.,0.0
C_038_1000_TV_kitchen_LAO,C_038,Konyhában hangosít a tévét.,Konyhában hangosítsd a tévét.,0.25
C_038_0100_electricity_kitchen_LAO,C_038,Konyhában kapcsold le a villanyt.,Konyhában kapcsold le a villanyt.,0.0
C_038_0001_window_room_LAO,C_038,A szobában nyisd ki az ablakot.,A szobában nyisd ki az ablakot.,0.0
C_038_0010_washing machine_bathroom_LAO,C_038,A fürdőszobában kapcsold be a mosógépet hatvan fokon.,A fürdőszobában kapcsold be a mosógépet hatvan fokon.,0.0
C_038_0001_heating_room_AOL,C_038,Kapcsold ki a fűtést a szobában.,Kapcsold ki a fűtést a szobában.,0.0
C_038_0100_shutter_kitchen_AOL,C_038,Húzde a redőnyt a konyhában.,Húzd le a redőnyt a konyhában.,0.4
C_038_1111_radio_bathroom_AOL,C_038,Válcs csatornát a rádión fürdőszobában.,Válcs csatornát a rádión fürdőszobában.,0.0
C_038_1111_TV_room_LAO,C_038,A szobában válcs csatornát a tévén.,A fojjában válts csatornát a tévén.,0.3333333333333333
C_038_0001_curtain_bathroom_LAO,C_038,A fürdőszobában húzd szét a függönyt.,A fürdőszobában húzd szét a függönyt.,0.0
C_038_1000_heating_smallroom_AOL,C_038,Húzd föl a fűtést a kisszobában.,Húzd föl a fűtést a kisszobában.,0.0
C_038_0010_window_bathroom_LAO,C_038,A fürdőszobában zárd be az ablakot.,A fürdőszobában zár be az ablakot.,0.16666666666666666
C_038_0001_door_corridor_LAO,C_038,A folyosón nyisd ki az ajtót.,A folyosón nyisd ki az ajtót.,0.0
C_038_1111_radio_corridor_LAO,C_038,A folyosón válcs csatornát a rádión.,A folyosón válcs csatornát a rádión.,0.0
C_038_0001_curtain_bathroom_AOL,C_038,Húzd szét a függönyt a fürdőszobában.,Húzd szét a függönyt a fürdőszobában.,0.0
C_038_0010_heating_bathroom_LAO,C_038,Fürdőszobába kapcsold be a fűtés.,Fürdőszobába kapcsold be a fűtést.,0.2
C_038_0001_fan_kitchen_LAO,C_038,Konyhában kapcsold ki a ventillátort.,Konyhában kapcsold ki a ventillátort.,0.0
C_038_0010_vacuum_smallroom_LAO,C_038,Kisszobában kapcsold be a porszívót.,Kisszobában kapcsold be a porszívót.,0.0
C_038_0001_vacuum_corridor_AOL,C_038,Kapcsold ki a porsziszívót am folyosón.,Kapcsold ki a porszívót a folyosón.,0.3333333333333333
C_038_0100_TV_kitchen_LAO,C_038,Konyhában csendesíd a tévén.,Konyhában csendesítsd a tévét.,0.5
C_038_0010_fan_bathroom_LAO,C_038,Asz fürdőszobában kapcsold be a ventillátort.,A fürdőszobában kapcsold be a ventillátort.,0.16666666666666666
C_038_0001_door_livingroom_LAO,C_038,A nagyszobában nyisd ki az ajtót.,A nagyszobában nyisd ki az ajtót.,0.0
C_038_0100_electricity_livingroom_LAO,C_038,Nagyszobába kapcsold le a villanyt.,A nagyszobában kapcsold le a villanyt.,0.4
C_038_1000_heating_corridor_AOL,C_038,Húzd fel a fűtést a folyosón.,Húzd fel a fűtést a folyosón.,0.0
C_038_0001_vacuum_smallroom_LAO,C_038,Kisszobában kapcsold ki a porszívó.,Kisszobában kapcsold ki a porszívó.,0.0
C_038_0001_window_room_AOL,C_038,Nyisd kí az ablakot a szobában.,Nyisd ki az ablakot a szobában.,0.16666666666666666
C_038_0001_vacuum_bathroom_AOL,C_038,Kapcsold ki a porszívót a fürdőszobában.,Kapcsold ki a porszívót a fürdőszobában.,0.0
C_038_0100_shutter_livingroom_AOL,C_038,Húzd le a rebdőnyt a nagyszobában.,Húzd le a redőnyt a nagyszobában.,0.16666666666666666
C_038_0001_curtain_room_AOL,C_038,Húzd szét a függönyt a szobában.,Húzd szét a függönyt a szobában.,0.0
C_038_0001_computer_kitchen_AOL,C_038,Kapcsold ki a számítógépet a konyhában.,Kapcsold ki a számítógépet a konyhában.,0.0
C_038_1000_heating_bathroom_LAO,C_038,A fürdőszobában húzd fel a fűtést.,A fürdőszobában húzd fel a fűtést.,0.0
C_038_0001_radio_corridor_LAO,C_038,A folyosón kapcsold ki a ládiót.,A folyosón kapcsold ki a rádiót.,0.16666666666666666
C_038_0010_heating_smallroom_AOL,C_038,Kapcsold be a fűtést a kisszobában.,Kapcsold be a fűtést a kisszobában.,0.0
C_038_0001_door_kitchen_AOL,C_038,Nyisd ki az ajtót a konyhában.,Nyisd ki az ajtót a konyhában.,0.0
C_038_1000_shutter_livingroom_LAO,C_038,Nagyszobában húzd föl a redőnyt.,Nagyszobában húzd föl a redőnyt.,0.0
C_040_1000_shutter_bathroom_AOL,C_040,Húzd fel a redőnyt a fürdőszobába.,Húzd fel a redőnyt a fürdőszobába.,0.0
C_040_0001_computer_kitchen_LAO,C_040,A konyhába kapcsold ki a számítógépet.,A konyhába kapcsold ki a számítógépet.,0.0
C_040_0010_fan_bathroom_LAO,C_040,A fürdőszobába kapcsold be a ventilátort.,A fürdőszobába kapcsold be a ventilátor.,0.16666666666666666
C_040_0001_door_corridor_LAO,C_040,A folyosón nyisd ki az ajtót.,A folyosón nyisd ki az ajtót.,0.0
C_040_0100_shutter_room_AOL,C_040,Húzd le a redőnyt a szobába.,Húzd be a redőnyt a szobába.,0.16666666666666666
C_040_0001_dishwasher_kitchen_LAO,C_040,A konyhába kapcsold ki a mosogatógépet.,A konyhába kapcsold ki a mosogatógépet.,0.0
C_040_0100_TV_room_LAO,C_040,A szobában csendesítsd a televíziót.,A szobába hangosítsd a televíziót.,0.4
C_040_0010_heating_smallroom_LAO,C_040,A kisszobába kapcsold be a fűtést.,A kisszobába kapcsold be a fűtést.,0.0
C_040_0010_window_corridor_LAO,C_040,A folyosón zárd be az ablakot.,A folyosón zárd be az ablakot.,0.0
C_040_0010_curtain_livingroom_AOL,C_040,Húzd be a függönyt a nagyszobába.,Húzd be a függönyt a nagycobába.,0.16666666666666666
C_040_0001_vacuum_kitchen_AOL,C_040,Kapcsold ki a porszívót a konyhába.,Kapcsold ki a porszívót a konyhába.,0.0
C_040_0010_radio_room_AOL,C_040,Kapcsold be a rádiót a szobába.,Kapcsold be a rádiót a szobába.,0.0
C_040_0010_vacuum_bathroom_AOL,C_040,Kapcsold be a porszívót a fürdőszobába.,Kapcsold be a porszívót fürdőszobába.,0.16666666666666666
C_040_0100_TV_livingroom_LAO,C_040,A nagyszobában csendesítsd a televíziót.,A nagyszobába csendesítsd a televíziót.,0.2
C_040_1111_TV_smallroom_AOL,C_040,Válcs csatornát a televízión a kisszobába.,Válcs csatornát a televízión a kisszobába.,0.0
C_040_0010_window_kitchen_LAO,C_040,A konyhába zárd be az ablakot.,A konyhába zárd be az ablakot.,0.0
C_040_1111_radio_room_AOL,C_040,Vál csatornát a rádión a szobába.,Vál csatornát a rádión a szobába.,0.0
C_040_1111_radio_kitchen_AOL,C_040,Vál csatornát a rádión a konyhába.,Vál csatornát a rádión konyhába.,0.16666666666666666
C_040_0001_fan_livingroom_LAO,C_040,A nagyszobába kapcsold ki a ventilátort.,A nagyszobába kapcsold ki a ventilátor.,0.16666666666666666
C_040_0010_door_livingroom_LAO,C_040,A nagyszobába zárd be az ajtót.,A nagyszobába zárd be az ajtót.,0.0
C_040_0010_vacuum_corridor_LAO,C_040,A folyosón kapcsold be a porszívót.,A folyosón kapcsold be a porszívót.,0.0
C_040_0001_computer_corridor_AOL,C_040,Kapcsold ki a számítógépet a folyosón.,Kapcsold ki a számítógépet a folyosón.,0.0
C_040_0001_fan_corridor_LAO,C_040,A folyosón kapcsold ki a ventilátort.,A folyosón kapcsold ki a radiátort.,0.16666666666666666
C_040_0001_vacuum_bathroom_AOL,C_040,Kapcsold ki a porszívót a fürdőszobába.,Kapcsold ki a porszívót fürdőszobába.,0.16666666666666666
C_040_0001_radio_smallroom_AOL,C_040,Kapcsold ki a rádiót a kisszobába.,Kapcsold ki a rádiót a kisszobába.,0.0
C_040_1000_electricity_corridor_LAO,C_040,A folyosón kapcsold fel a villanyt.,A folyosón kapcsold fel a villanyt.,0.0
C_040_1000_heating_room_AOL,C_040,Húzd fel a fűtést a szobába.,Húzd fel a fűtést a szobába.,0.0
C_040_0001_radio_livingroom_LAO,C_040,A nagyszobába kapcsold ki a rádiót.,A nagyszobába kapcsold ki a rádiót.,0.0
C_040_0100_heating_livingroom_AOL,C_040,Húzd le a fűtést a nagyszobába.,Húzd le fűtést a nagyszobába.,0.16666666666666666
C_040_1000_heating_room_LAO,C_040,A szobába húzd fel a fűtést.,A szobába húzd fel a fűtést.,0.0
C_040_1000_heating_corridor_AOL,C_040,Húzd fel a fűtést a folyosón.,Húzd fel a fűtést a folyosón.,0.0
C_040_0001_vacuum_smallroom_AOL,C_040,Kapcsold ki a porszívót a kisszobába.,Kapcsold ki a porszívót a kisszobába.,0.0
C_040_1000_shutter_bathroom_LAO,C_040,A fürdőszobába húzd fel a redőnyt.,A fürdőszobába húzd fel a redőnyt.,0.0
C_040_0010_heating_kitchen_AOL,C_040,Kapcsold be a fűtést a konyhába.,Kapcsold be a fűtést a konyhába.,0.0
C_041_0010_heating_livingroom_AOL,C_041,Kapcsold be a fűtést a nagyszobában.,Kapcsold be fűtést a nagyszobában.,0.16666666666666666
C_041_0001_heating_smallroom_LAO,C_041,Kisszobában kapcsold ki a fűtést.,Kisszobában kapcsold ki a fűtést.,0.0
C_041_0010_fan_bathroom_AOL,C_041,Kapcsold be a ventillátort a fürdőszobában.,A szobába vál csatornát a fürdőszobában.,0.6666666666666666
C_041_0010_vacuum_bathroom_LAO,C_041,A fürdőszobában kapcsold be a porszívót.,Fürdőszobába vannak csatornát a porszívót.,0.6666666666666666
C_041_0010_fan_livingroom_LAO,C_041,A nagyszobaban kapcsoldbe ventillátort.,A nagyszobában kapcsold le a villantót.,1.25
C_041_0010_window_livingroom_LAO,C_041,A nagyszobában zárd be az ablakot.,A nagyszobában zárd be az ablakot.,0.0
C_041_0010_curtain_bathroom_LAO,C_041,A fürdőszobán húzd be a függönyt.,A fürdőszobában húzd a függönyt.,0.3333333333333333
C_041_1000_TV_kitchen_LAO,C_041,Konyhában hangosíts tévét.,Konyhában hangosítsd tévét.,0.3333333333333333
C_041_1111_radio_livingroom_AOL,C_041,Vál csatornát a rádión a nagyszobában.,Kapcsold föl a számítógépet a nagyszobában.,0.5
C_041_0010_curtain_bathroom_AOL,C_041,Húzd be a függönyt a fürdőszobon.,Húzd be a függönyt a fürdőszobában.,0.16666666666666666
C_041_0001_curtain_room_AOL,C_041,Húzd szét a függönyt a szobaban.,Húzd szét a függönyt a szobában.,0.16666666666666666
C_041_0001_window_corridor_AOL,C_041,Nyisd ki az a ablakot a folyosón.,Nyiss az ablakot a folyosón.,0.42857142857142855
C_041_0001_vacuum_room_LAO,C_041,Szobában kapcsold ki a porszívót.,A szobában kapcsold ki a porszívót.,0.4
C_041_0010_computer_corridor_AOL,C_041,Kapcsold be a számítógépet a folyosón.,Kapcsold be a számítógépet a folyosón.,0.0
C_041_0001_computer_kitchen_LAO,C_041,A konyhában kappcsold ki a számítógép.,A konyhában kapcsold ki számítógépet.,0.5
C_041_0001_stove_kitchen_AOL,C_041,Kapcsold ki a tűzhelyet a konyhában.,Kapcsold ki a tűzhelyet a konyhában.,0.0
C_041_0001_door_bathroom_AOL,C_041,Nyisd ki az ajtót a fürdőszobában.,Nyisd ki az ajtót a fürdőszobában.,0.0
C_041_0001_radio_corridor_AOL,C_041,Kapcsold ki a rádiót a folyosón.,Átokd a rádiót a folyosón.,0.3333333333333333
C_041_0010_heating_corridor_AOL,C_041,Kapcsold be a fűtést a folyosón.,Kapcsold be a fűtést a folyosón.,0.0
C_041_0001_heating_bathroom_AOL,C_041,Kapcsold ki a fűtést a fürdőszobában.,Kapcsold ki a fűtést a fürdőszobában.,0.0
C_041_0010_window_smallroom_AOL,C_041,Zárd be az ablakot a kisszobában.,Zárd be az ablakot a kisszobában.,0.0
C_041_0010_washing machine_kitchen_AOL,C_041,Kapcsold be hatvan fokon a a mosógépet a konyhában.,Kapcsold be hatvan föl a számítógépet a mosógépet a konyhában.,0.2222222222222222
C_041_0001_curtain_corridor_AOL,C_041,Húzd szét a függönyt a folyosón.,Húzd szét a függönyt a folyosón.,0.0
C_041_0001_computer_smallroom_LAO,C_041,Kisszobában kapcsold ki a számítógépet.,Kisszobában kapcsold ki a számítógépet.,0.0
C_041_0001_radio_smallroom_AOL,C_041,Kapcsold ki a rádiót a kisszobában.,Kapcsold ki a rádiót kisszobában.,0.16666666666666666
C_041_0010_radio_room_AOL,C_041,Kapcsold be rádiót a szobában.,Kapcsold be rádiót a szobában.,0.0
C_041_0010_window_bathroom_LAO,C_041,A fürdőszobában zárd be az ablakot.,A fürdőszobában zárd be az ablakot.,0.0
C_041_0001_computer_livingroom_LAO,C_041,A nagyszobában kapcsold ki a számítógépet.,A nagyszobában kapcsold ki a átogépet.,0.16666666666666666
C_041_NULL_shutter_room_FAULTY_LAO,C_041,Szobában húzzad redőnyt.,Szobában húzd le a redőnyt.,1.0
C_041_1000_heating_corridor_AOL,C_041,Húzd fel a fűtést a folyosón.,Húzd fel a fűtést a folyosón.,0.0
C_041_0010_radio_room_LAO,C_041,A szobában kapcsold be rádiót.,A szobában kapcsold be rádiót.,0.0
C_041_0001_curtain_livingroom_AOL,C_041,Húzd szét a függönyt a nagyszobaban.,Húzd szét a függönyt a nagyszobában.,0.16666666666666666
C_041_0001_computer_room_AOL,C_041,Kapcsold ki a számítógépet a szobában.,Kapcsold ki a számítógépet a szobába.,0.16666666666666666
C_041_0100_electricity_corridor_LAO,C_041,Folyosón kapcsold le a villanyt.,Fürdőszobában kapcsold le a villanyt.,0.2
C_041_0010_vacuum_corridor_AOL,C_041,Kapcsold be a porszívót az folyosón.,Kapcsold be a porszívót a folyosón.,0.16666666666666666
C_041_0001_computer_bathroom_ALO,C_041,Kapcsold ki a fürdőszobába számítógép.,Kapcsold ki a fürdőszobába a számítógépet.,0.4
C_042_0001_vacuum_corridor_AOL,C_042,Kápcsold ki á porcsivót á fojjosón.,Kapcsold ki a porcsivót a fojjosón.,0.5
C_042_0001_vacuum_livingroom_LAO,C_042,A nagyszobában kápcsold ki á porcsivót.,A nagyszobában kapcsold ki a porsítót.,0.5
C_042_0010_curtain_bathroom_AOL,C_042,Húzgy be a függönyt a fürdőszobában.,Húzd be a függönyt a fürdőszobában.,0.16666666666666666
C_042_0100_electricity_smallroom_AOL,C_042,Kapcsold le a villányt a kisszobábá.,Kapcsold le a villanyt a kisszobába.,0.3333333333333333
C_042_1000_TV_room_AOL,C_042,Hangosítsd a tévét a szobában.,Hangosítsd a tévét a szobában.,0.0
C_042_0001_computer_smallroom_LAO,C_042,A kisszobábá kápcsold ki á számítógépet.,A kisszobába válcs csatornát a számítógépet.,0.6666666666666666
C_042_0001_heating_bathroom_AOL,C_042,Kapcsold ki a fűtést a fürdőszobában.,Kapcsold ki a fűtés a fürdőszobában.,0.16666666666666666
C_042_0010_radio_livingroom_AOL,C_042,Kapcsold be a rádiót a nagyszobában.,Kapcsold be a rádiót a nagyszobában.,0.0
C_042_0001_computer_bathroom_AOL,C_042,Kapcsold ki a számítógépet a fürdőszobábá.,Kapcsold ki a számítógépet a fürdőszobábán.,0.16666666666666666
C_042_0001_vacuum_corridor_LAO,C_042,A fojjosón kapcsold ki á porcsivót.,A fojjosón válcs csatornát a fojjosón.,0.6666666666666666
C_042_0010_vacuum_smallroom_LAO,C_042,A kisszobában kapcsold be a porcsivót.,A kisszobában kapcsold be a porcsivót.,0.0
C_042_0100_heating_smallroom_LAO,C_042,Á kisszobába húzd le a fütést.,A kisszobábá a füldő a fűtést.,0.8333333333333334
C_042_0010_radio_kitchen_LAO,C_042,Á konyhábá kapcsold be a rádiót.,A konyhába kapcsold be a rádiót.,0.3333333333333333
C_042_1000_shutter_room_AOL,C_042,Húzd fell a redőnyt a szobábán.,Húzd fel a redőnyt a szobában.,0.3333333333333333
C_042_0100_electricity_corridor_LAO,C_042,A fojjosón kapcsold le a vilányt.,A folyosó kapcsold le a villanyt.,0.3333333333333333
C_042_0001_radio_kitchen_LAO,C_042,A konyhában khapcsold ki a rádiót.,A konyhában kapcsold ki a rádiót.,0.16666666666666666
C_042_1000_shutter_smallroom_LAO,C_042,A kisszobábá húzd fel a redőny.,A kisszobábá húzd fel a redőny.,0.0
C_042_0100_electricity_room_LAO,C_042,A szobában kápcsold le a villánt.,A szobában kapcsold le a villanyt.,0.3333333333333333
C_042_1000_TV_bathroom_AOL,C_042,Hangosítsd a tévét a fürdőszobábán.,Hangosítsd a tévét a fürdőszobában.,0.2
C_042_0001_door_bathroom_LAO,C_042,A fürdőszobábán nyiss ki az ajtót.,A fürdőszobába nyisd ki az ajtót.,0.3333333333333333
C_042_0010_computer_kitchen_LAO,C_042,A konyhában khapcsold be a számítógépet.,A konyhában csendesícsd a tévét.,0.5
C_042_1111_radio_livingroom_LAO,C_042,A nagyszobában válcs csatornát a rádión.,A nagyszobábában válcs csatornát a rádijón.,0.3333333333333333
C_042_1000_heating_smallroom_AOL,C_042,Húzd fel a fütés a kisszobában.,Húzd fel a fűtés a kisszobában.,0.16666666666666666
C_042_0100_heating_livingroom_LAO,C_042,A nagyszobába húzd le a fütés.,A nagyszobába húzd le a fűtés.,0.16666666666666666
C_042_0010_window_bathroom_AOL,C_042,Zárd be az ablakot a fürdőszobábá.,Zárd be az ablakot a fürdőszobába.,0.16666666666666666
C_042_0001_vacuum_bathroom_LAO,C_042,A fürdőszobában kápcsold ki á porszívót.,A fürdőszobábába kapcsold ki a porsítót.,0.6666666666666666
C_042_1000_heating_bathroom_AOL,C_042,Húzd fel a fütés a fürdőszobában.,Húzd fel a fűtést a fürdőszobában.,0.16666666666666666
C_042_1000_electricity_corridor_LAO,C_042,A fojjosón kapcsold fel a villant.,A fojjosón kapcsold fel a villanyt.,0.16666666666666666
C_042_0001_washing machine_kitchen_AOL,C_042,Kapcsold be harminc fokon a mosógépet a konyhába.,Kapcsold be harminc fokon a mosógépet a konyhába.,0.0
C_042_0100_shutter_corridor_AOL,C_042,Húzd le a ledőnyt a fojjosón.,Húzd le a redőnyt a fojjosón.,0.16666666666666666
C_042_0100_TV_corridor_LAO,C_042,Á fojjosón csendesítsd a tévét.,A fojjosón csinálcsítsd a tévét.,0.4
C_042_0100_heating_corridor_LAO,C_042,A fojjosón húzd le a fűtést.,A fojjosón húzd le a fűtés.,0.16666666666666666
C_042_0001_window_corridor_AOL,C_042,Nyisd ki az ablakot a fojjo són.,Nyiss ki az ablakot a fürdősző függöny.,0.42857142857142855
C_042_0010_door_kitchen_LAO,C_042,A konyhában zárd be az ajtó.,A konyhába zárd be az ajtó.,0.16666666666666666
